sql,tipo_imovel,bloco,y_ln,yhat_ln
00102004854,apartment,0,8.9719,9.093283653259277
00102101671,apartment,0,8.6618,8.876669883728027
00102102295,apartment,0,8.4412,8.745216369628906
00102310815,apartment,0,8.8957,8.969354629516602
00102600996,apartment,0,8.0155,8.400979995727539
00103705041,apartment,0,8.67,9.018119812011719
00103705201,apartment,0,8.7307,9.018119812011719
00103705538,apartment,0,8.7022,9.018119812011719
00103705740,apartment,0,8.8571,8.904881477355957
00103705953,apartment,0,8.8651,9.008562088012695
00103706208,apartment,0,8.7522,9.02043342590332
00103706216,apartment,0,8.6754,9.007445335388184
00103706569,apartment,0,8.8314,8.909940719604492
00103706674,apartment,0,8.7885,9.002840995788574
00103707158,apartment,0,8.7076,9.005949020385742
00104800593,apartment,0,8.0789,9.00760269165039
00204900964,apartment,0,8.525,8.462848663330078
00205301010,apartment,0,8.0985,8.725652694702148
00206600232,apartment,0,8.2388,8.428850173950195
00207100901,apartment,0,8.1956,8.409782409667969
00207401446,apartment,0,8.0819,8.485729217529297
00208003584,apartment,0,8.3187,8.604621887207031
00208004041,apartment,0,8.4338,8.604056358337402
00208005137,apartment,0,8.6183,8.695815086364746
00301107394,apartment,0,8.3904,8.761923789978027
00301109222,apartment,0,8.9179,9.003186225891113
00301109656,apartment,0,8.9562,8.881119728088379
00301110964,apartment,0,8.9118,8.890836715698242
00301200671,apartment,0,7.8648,8.30095100402832
00301302316,apartment,0,8.2064,8.428571701049805
00301504210,apartment,9,8.3323,8.367488861083984
00301602085,apartment,9,8.1506,8.387934684753418
00301604053,apartment,9,8.7803,8.478815078735352
00301605051,apartment,9,8.7802,8.525582313537598
00301610010,apartment,9,8.6254,8.56147289276123
00301612064,apartment,9,8.5817,8.50326919555664
00301614148,apartment,9,8.716,8.616944313049316
00301903247,apartment,0,8.4702,8.4368896484375
00301906238,apartment,0,8.6198,8.761245727539062
00302901337,apartment,9,8.3679,8.27279281616211
00302901442,apartment,9,8.3705,8.277057647705078
00302901965,apartment,9,8.3705,8.272079467773438
00303400560,apartment,0,8.0396,8.36639404296875
00304202428,apartment,9,8.4584,8.42799186706543
00304206342,apartment,9,8.6662,8.629073143005371
00304206458,apartment,9,8.9872,8.938085556030273
00306001608,apartment,9,8.1807,8.41775894165039
00306009821,apartment,9,8.6995,8.801616668701172
00306012464,apartment,9,8.578,8.584267616271973
00306013045,apartment,9,9.1536,8.810198783874512
00306019000,apartment,9,8.7905,8.807470321655273
00306019231,apartment,9,8.6754,8.806506156921387
00306800421,apartment,0,8.3901,8.463207244873047
00306800713,apartment,0,8.5009,8.462636947631836
00306800810,apartment,0,8.2359,8.462636947631836
00306900580,apartment,9,8.5332,8.377659797668457
00400501066,apartment,0,8.0558,8.379215240478516
00400502828,apartment,0,8.1918,8.43885612487793
00401501531,apartment,9,8.4007,8.321325302124023
00401601595,apartment,9,8.3688,8.385198593139648
00401604462,apartment,9,8.3489,8.42296314239502
00401900118,apartment,0,8.1456,8.473820686340332
00401900290,apartment,0,8.406,8.589144706726074
00401900487,apartment,0,8.1944,8.472790718078613
00401902862,apartment,0,8.366,8.590315818786621
00401903001,apartment,0,8.256,8.473820686340332
00403402883,apartment,0,8.3517,8.457365036010742
00403704863,apartment,0,7.7088,8.366203308105469
00403705517,apartment,0,8.1321,8.551604270935059
00404301541,apartment,0,7.8625,8.357135772705078
00404800696,apartment,9,8.2594,8.334762573242188
00404803271,apartment,9,8.196,8.342653274536133
00404805061,apartment,9,8.1918,8.349239349365234
00404808301,apartment,9,8.1658,8.415943145751953
00404903241,apartment,9,8.6928,8.39491081237793
00405100906,apartment,9,8.5448,8.637689590454102
00405202156,apartment,0,8.6667,8.571569442749023
00405209551,apartment,0,8.5454,8.566021919250488
00405210191,apartment,0,8.3434,8.679744720458984
00405217791,apartment,0,8.5678,8.562536239624023
00405700415,apartment,9,8.0317,7.984927177429199
00406106762,apartment,0,8.4864,8.494989395141602
00406301581,apartment,9,8.3974,8.54572868347168
00501701788,apartment,0,8.262,8.424585342407227
00501709053,apartment,0,8.6713,8.682229042053223
00502306262,apartment,0,8.9548,8.790584564208984
00503406295,apartment,0,9.1659,9.34596061706543
00503509442,apartment,0,8.5002,8.663976669311523
00504400398,apartment,0,8.419,8.442037582397461
00504400665,apartment,0,8.1456,8.453800201416016
00504604783,apartment,0,8.9401,8.86224365234375
00506300900,apartment,0,8.5172,8.634843826293945
00506401839,apartment,0,8.0652,8.488436698913574
00506805018,apartment,0,8.7002,9.000299453735352
00507104218,apartment,0,8.3349,8.50496768951416
00507626788,apartment,0,8.1526,8.475736618041992
00507633598,apartment,0,8.6226,8.939632415771484
00507810783,apartment,0,8.3165,8.533464431762695
00507811690,apartment,0,8.5829,8.55368709564209
00508602009,apartment,0,8.2679,8.586769104003906
00601102428,apartment,0,9.1114,8.619486808776855
00601305469,apartment,0,8.8834,8.650094032287598
00601321545,apartment,0,9.1548,8.995786666870117
00602008239,apartment,0,8.6744,8.940214157104492
00602013909,apartment,0,8.9561,8.888788223266602
00602201187,apartment,0,8.6765,8.83594036102295
00602406153,apartment,0,8.6226,8.7902193069458
00603003311,apartment,0,8.3131,8.636730194091797
00603003400,apartment,0,8.2788,8.623720169067383
00603006329,apartment,0,8.3066,8.482553482055664
00603007864,apartment,0,8.9978,9.025251388549805
00603803024,apartment,0,8.6338,8.676170349121094
00604004419,apartment,0,8.4711,8.576000213623047
00604006306,apartment,0,8.2577,8.576862335205078
00604014325,apartment,0,8.294,8.449054718017578
00604202679,apartment,0,8.1417,8.465389251708984
00604207638,apartment,0,8.1199,8.63059139251709
00604401507,apartment,0,8.5598,8.595169067382812
00605107025,apartment,0,8.5277,8.62489128112793
00605111227,apartment,0,8.3572,8.385482788085938
00605113882,apartment,0,8.6291,8.678327560424805
00605302162,apartment,0,8.5549,8.582722663879395
00605306311,apartment,0,8.2785,8.407842636108398
00605314675,apartment,0,8.326,8.519702911376953
00606002839,apartment,0,8.3786,8.505300521850586
00606202870,apartment,0,8.6145,8.382158279418945
00606301798,apartment,0,8.8049,8.536832809448242
00606404562,apartment,0,8.7813,8.643373489379883
00606503188,apartment,0,8.2683,8.665639877319336
00606800867,apartment,0,8.5172,8.684328079223633
00606803106,apartment,0,8.2489,8.61699104309082
00607008172,apartment,0,8.9195,8.704469680786133
00700102361,apartment,0,8.7064,8.6661376953125
00700203257,apartment,0,8.7424,8.711711883544922
00700501770,apartment,0,9.0106,8.443490982055664
00700501843,apartment,0,8.9826,8.693643569946289
00700800654,apartment,0,8.3894,8.610712051391602
00700900616,apartment,0,8.2861,8.584885597229004
00700900829,apartment,0,8.6995,8.86720085144043
00701104139,apartment,0,8.4544,8.53061294555664
00701107294,apartment,0,8.5346,8.473980903625488
00701203196,apartment,0,8.4057,8.423568725585938
00701204990,apartment,0,8.6036,8.752249717712402
00701302631,apartment,0,8.4844,9.04085922241211
00701502703,apartment,0,8.2334,8.515602111816406
00701600853,apartment,0,8.3016,8.600117683410645
00701701625,apartment,0,8.8888,8.558892250061035
00701801654,apartment,0,8.9632,8.466837882995605
00702002682,apartment,0,8.5557,8.77018928527832
00702003859,apartment,0,8.8309,8.772550582885742
00702005088,apartment,0,8.8049,8.817474365234375
00702300950,apartment,0,8.5929,8.521073341369629
00702301558,apartment,0,8.8799,8.842361450195312
00702302392,apartment,0,8.8739,8.781827926635742
00702303429,apartment,0,8.8739,8.635461807250977
00702603521,apartment,0,8.6359,8.489099502563477
00703001191,apartment,0,7.9576,8.552865028381348
00703304704,apartment,0,8.993,8.680750846862793
00703407351,apartment,0,9.1281,9.023845672607422
00703500392,apartment,0,8.4876,8.517532348632812
00703604953,apartment,0,8.3413,8.477998733520508
00704102481,apartment,0,8.4788,8.538389205932617
00704106531,apartment,0,8.4878,8.776665687561035
00704108097,apartment,0,9.1822,9.02226448059082
00704109549,apartment,0,8.6476,8.806798934936523
00704109621,apartment,0,8.8888,9.029969215393066
00704304511,apartment,0,8.62,8.54350757598877
00704702916,apartment,0,8.4514,8.557422637939453
00704704978,apartment,0,8.641,8.490523338317871
00704801272,apartment,0,8.5962,8.625232696533203
00704802422,apartment,0,8.597,8.678056716918945
00704802791,apartment,0,8.7891,8.834394454956055
00704906511,apartment,0,8.862,9.174952507019043
00705102467,apartment,0,8.6272,8.837181091308594
00705106810,apartment,0,8.5716,8.47354507446289
00705108589,apartment,0,8.3862,8.696977615356445
00705201767,apartment,0,8.5172,8.98159408569336
00705603245,apartment,0,8.8739,8.614913940429688
00705702030,apartment,0,8.6835,8.632790565490723
00705704181,apartment,0,8.9714,8.932926177978516
00706007220,apartment,0,8.1432,8.620173454284668
00706105079,apartment,0,8.2097,8.668899536132812
00706105478,apartment,0,8.392,8.667364120483398
00706203429,apartment,0,7.8841,8.413801193237305
00706300629,apartment,0,8.9227,8.944732666015625
00706311205,apartment,0,8.8467,9.001550674438477
00706311582,apartment,0,8.7881,8.949697494506836
00706312023,apartment,0,8.8953,9.056676864624023
00706312082,apartment,0,8.5172,8.806198120117188
00706400429,apartment,0,8.7045,8.428300857543945
00706700589,apartment,0,8.6449,8.759262084960938
00706801105,apartment,0,8.3453,8.513233184814453
00706801288,apartment,0,8.5755,8.77830696105957
00706803833,apartment,0,8.7685,8.957296371459961
00707013461,apartment,0,8.8093,8.77631950378418
00707101530,apartment,0,8.8169,8.719983100891113
00707102693,apartment,0,8.7285,8.74557113647461
00707102911,apartment,0,8.9161,8.838491439819336
00707105439,apartment,0,9.1515,9.107625961303711
00707200261,apartment,0,8.3517,8.60263442993164
00707604206,apartment,0,8.9577,8.69882869720459
00707701627,apartment,0,8.4727,8.588789939880371
00707714184,apartment,0,9.5925,9.164505004882812
00707718971,apartment,0,9.0608,9.126374244689941
00708101437,apartment,0,8.4219,8.452180862426758
00708101461,apartment,0,8.4402,8.448328971862793
00708103480,apartment,0,8.6006,8.785612106323242
00708104347,apartment,0,8.6164,8.571889877319336
00708107036,apartment,0,8.7573,8.697579383850098
00708108407,apartment,0,8.7571,8.711139678955078
00708110738,apartment,0,9.187,8.925066947937012
00708112366,apartment,0,9.0433,8.923054695129395
00708702104,apartment,0,8.6507,8.95677661895752
00709101651,apartment,0,8.4631,8.875527381896973
00709601492,apartment,0,8.6243,8.413055419921875
00709700865,apartment,0,8.6226,8.817169189453125
00800403193,apartment,0,8.5578,8.797560691833496
00800403266,apartment,0,8.5564,8.815804481506348
00800502345,apartment,0,8.0843,8.813167572021484
00800502531,apartment,0,7.9749,8.342206001281738
00800801040,apartment,0,8.5172,8.563243865966797
00800802438,apartment,0,8.4192,8.485212326049805
00801200601,apartment,0,8.4379,8.380916595458984
00801303419,apartment,0,8.3894,8.752252578735352
00801304768,apartment,0,8.276,8.742935180664062
00801306124,apartment,0,8.414,8.736366271972656
00801306264,apartment,0,8.4287,8.73643970489502
00801400546,apartment,0,8.2371,8.405145645141602
00801500702,apartment,0,8.7413,8.712504386901855
00803102976,apartment,0,7.893,8.422737121582031
00803303106,apartment,0,7.9576,8.41767406463623
00804402663,apartment,0,8.4466,8.570290565490723
00804911071,apartment,0,8.0247,8.822667121887207
00805000615,apartment,0,7.9909,8.518610000610352
00805300368,apartment,0,9.028,8.812605857849121
00805400941,apartment,0,8.3862,8.672687530517578
00805401040,apartment,0,8.3862,8.680497169494629
00806101369,apartment,0,8.1605,8.401042938232422
00806103434,apartment,0,8.061,8.56402587890625
00806300681,apartment,0,8.0523,8.48284912109375
00807300659,apartment,0,8.8049,8.841804504394531
00807802999,apartment,0,8.33,8.839599609375
00807804444,apartment,0,7.8122,8.418380737304688
00807903760,apartment,0,8.2703,8.55169677734375
00807904864,apartment,0,8.2396,8.586681365966797
00807905089,apartment,0,8.4317,8.606534957885742
00808705016,apartment,0,8.3517,8.611066818237305
00808901494,apartment,0,8.4844,8.965821266174316
00809202549,apartment,0,8.5446,8.727951049804688
00809203820,apartment,0,8.3181,8.726167678833008
00900501065,apartment,0,8.4318,8.398242950439453
00900901772,apartment,0,8.3075,8.531719207763672
00901301671,apartment,0,9.0619,8.707623481750488
00901306010,apartment,0,8.5558,8.575382232666016
00901404152,apartment,0,8.6931,8.689313888549805
00901417688,apartment,0,8.5557,8.552640914916992
00901601055,apartment,0,8.8503,8.843278884887695
00901601081,apartment,0,8.8356,8.5243558883667
00901604641,apartment,0,8.668,8.563812255859375
00901702250,apartment,0,8.8049,8.577449798583984
00901807192,apartment,0,9.036,8.789219856262207
00901809446,apartment,0,8.5893,8.37857723236084
00901903930,apartment,0,8.6217,8.660089492797852
00901907812,apartment,0,8.9645,8.633892059326172
00901909548,apartment,0,8.9214,8.594048500061035
00902602810,apartment,0,8.716,8.724905967712402
00902603655,apartment,0,8.5942,8.719390869140625
00903203685,apartment,0,8.1851,8.446115493774414
00903503476,apartment,0,9.2103,9.317723274230957
00903503621,apartment,0,9.2442,9.306740760803223
00904500446,apartment,0,8.571,8.651485443115234
00904600572,apartment,0,9.0644,8.86166763305664
00904609987,apartment,0,9.2699,8.74887466430664
00904906205,apartment,0,9.2569,8.545663833618164
00905109961,apartment,0,8.792,8.715620994567871
00905112301,apartment,0,9.0123,8.752239227294922
00905201361,apartment,0,8.2224,8.590441703796387
00905202287,apartment,0,8.618,8.739973068237305
00905205057,apartment,0,8.8618,8.77893352508545
00905300629,apartment,0,8.8899,8.431694984436035
00905500334,apartment,0,8.7179,8.449628829956055
00905602234,apartment,0,8.8273,8.541642189025879
00905810384,apartment,0,9.5096,9.261795043945312
00906401496,apartment,0,8.7327,8.819271087646484
00906500206,apartment,0,8.0682,8.482816696166992
00906500303,apartment,0,8.1732,8.54197883605957
00907004954,apartment,0,8.7633,8.708075523376465
00907009395,apartment,0,9.4223,9.180869102478027
00907305474,apartment,0,9.6593,9.423336029052734
00907503403,apartment,0,8.5284,8.65526008605957
00907600964,apartment,0,8.8971,8.627429962158203
00908305028,apartment,0,8.7311,8.570480346679688
00908508212,apartment,0,8.6868,8.694686889648438
00908700741,apartment,0,8.6603,8.685102462768555
00908700830,apartment,0,9.1092,8.696666717529297
00908700881,apartment,0,9.0926,8.737955093383789
00908801051,apartment,0,8.7269,8.700357437133789
00908804555,apartment,0,8.955,8.7543363571167
00908902476,apartment,0,9.059,8.728385925292969
00908902913,apartment,0,8.9502,8.842931747436523
00909102481,apartment,0,8.9088,8.697027206420898
00909400989,apartment,0,8.4553,8.72105884552002
00909501327,apartment,0,8.1787,8.462100982666016
00909702527,apartment,0,8.1934,8.518471717834473
01000100251,apartment,0,8.9015,8.53544807434082
01000400700,apartment,0,9.0363,8.611838340759277
01001001141,apartment,0,8.8668,8.553030014038086
01001105699,apartment,0,8.4229,8.670757293701172
01001202910,apartment,0,8.6692,8.632322311401367
01001209419,apartment,0,8.8457,8.900729179382324
01001301633,apartment,0,8.5172,8.618453979492188
01001501101,apartment,0,8.6995,8.647141456604004
01001700562,apartment,0,8.8821,8.543453216552734
01001801601,apartment,0,8.8049,8.764673233032227
01002311756,apartment,0,8.637,8.686088562011719
01002410118,apartment,0,8.8711,8.594865798950195
01002410381,apartment,0,8.7955,8.606435775756836
01002414415,apartment,0,8.9561,8.691917419433594
01002421543,apartment,0,9.2238,9.08344841003418
01002421683,apartment,0,9.3794,9.083447456359863
01002421691,apartment,0,9.4061,9.097532272338867
01002510181,apartment,0,8.9851,8.923749923706055
01002514770,apartment,0,8.7129,8.737754821777344
01002701491,apartment,0,8.6272,8.516265869140625
01002902037,apartment,0,8.8114,8.846221923828125
01002903459,apartment,0,7.8829,8.481456756591797
01003212980,apartment,0,8.7179,8.700732231140137
01003303404,apartment,0,8.5352,8.732662200927734
01003405096,apartment,0,8.187,8.581680297851562
01003405126,apartment,0,8.363,8.540340423583984
01003523080,apartment,0,8.5172,8.438091278076172
01003529267,apartment,0,8.9227,8.901018142700195
01003537741,apartment,0,9.2298,8.780503273010254
01003541623,apartment,0,8.7242,8.78968620300293
01003701191,apartment,0,8.9582,8.634469985961914
01003702538,apartment,0,8.4368,8.6568021774292
01003702880,apartment,0,8.8322,8.6568021774292
01004803907,apartment,0,8.5267,8.583495140075684
01004804644,apartment,0,8.2369,8.590800285339355
01004807384,apartment,0,8.6365,8.646252632141113
01004815433,apartment,0,8.3951,8.463400840759277
01005003904,apartment,0,9.1448,8.720213890075684
01005800251,apartment,0,9.0211,8.828962326049805
01005800758,apartment,0,8.8155,8.716068267822266
01006002685,apartment,0,8.7526,8.795473098754883
01006202587,apartment,0,8.7275,8.808771133422852
01006700455,apartment,0,8.8018,8.712638854980469
01007501499,apartment,0,8.7349,8.695581436157227
01007900547,apartment,0,9.1834,8.83493423461914
01008900753,apartment,0,8.8238,8.781645774841309
01009400657,apartment,0,9.1839,8.662961959838867
01009600753,apartment,0,9.0372,8.930130958557129
01102302376,apartment,0,8.3723,8.700796127319336
01106906373,apartment,0,9.1324,9.108705520629883
01106908511,apartment,0,9.1209,9.187742233276367
01107401070,apartment,0,9.0191,8.838170051574707
01112306481,apartment,0,8.7445,8.621724128723145
01201602963,apartment,7,8.3564,8.49619197845459
01201603986,apartment,7,8.1727,8.445051193237305
01201605954,apartment,7,9.0213,8.731361389160156
01202003321,apartment,7,8.6619,8.881843566894531
01202100961,apartment,0,8.645,8.599522590637207
01202101038,apartment,0,8.635,8.601699829101562
01202302671,apartment,7,8.7064,8.6134033203125
01202302726,apartment,7,8.6144,8.607934951782227
01202701371,apartment,0,8.2908,8.411089897155762
01203301601,apartment,0,8.5719,8.860946655273438
01203301642,apartment,0,8.7992,8.862241744995117
01203401701,apartment,0,8.7403,8.49553108215332
01203503997,apartment,0,8.6901,8.647405624389648
01204500762,apartment,0,8.2515,8.7227783203125
01205104631,apartment,0,9.08,9.006061553955078
01205701321,apartment,0,8.5775,8.603599548339844
01205903313,apartment,0,8.4818,8.362021446228027
01205905758,apartment,0,8.92,8.819864273071289
01206801387,apartment,0,8.7354,8.7445650100708
01206803411,apartment,0,8.6882,8.744924545288086
01207001376,apartment,0,8.2331,8.692748069763184
01207405566,apartment,0,8.5392,8.638023376464844
01207503290,apartment,0,8.8482,8.930302619934082
01207503762,apartment,0,8.9353,8.940267562866211
01207805580,apartment,0,9.3034,9.074609756469727
01207805688,apartment,0,9.5905,9.074481964111328
01207806099,apartment,0,9.3739,9.077842712402344
01208302523,apartment,0,8.7034,8.858734130859375
01208500333,apartment,0,8.729,8.738441467285156
01209000849,apartment,0,8.7998,8.65908432006836
01209201720,apartment,0,8.6125,8.580102920532227
01209303248,apartment,0,9.0852,8.631954193115234
01209303272,apartment,0,8.6096,8.635189056396484
01209603136,apartment,0,8.657,8.606220245361328
01210000709,apartment,0,8.576,8.641018867492676
01210203847,apartment,0,8.5652,8.496914863586426
01210503905,apartment,0,9.0045,8.878454208374023
01210605732,apartment,0,8.6926,8.635631561279297
01210607875,apartment,0,8.5251,8.608647346496582
01210609959,apartment,0,8.81,8.782384872436523
01210903131,apartment,0,8.6634,8.815929412841797
01211300821,apartment,0,9.1616,9.018683433532715
01211703101,apartment,0,9.0123,8.91227912902832
01211706583,apartment,0,9.3382,9.003474235534668
01214201776,apartment,7,8.7238,8.498403549194336
01214202012,apartment,7,8.4858,8.517786026000977
01216100756,apartment,0,8.6144,8.648006439208984
01216802912,apartment,0,8.3741,8.442342758178711
01217304266,apartment,0,8.3402,8.673646926879883
01300602597,apartment,0,8.9421,8.72050666809082
01300603054,apartment,0,8.8714,8.777482032775879
01300610301,apartment,0,9.1947,9.071393966674805
01300905239,apartment,0,8.8137,8.712211608886719
01301102075,apartment,0,8.8997,8.864910125732422
01301206512,apartment,0,9.1856,8.910049438476562
01301305261,apartment,0,8.6548,8.6683349609375
01301306436,apartment,0,8.4503,8.56956958770752
01301401943,apartment,0,8.7163,8.63481616973877
01301505218,apartment,0,9.1631,8.918832778930664
01301700568,apartment,0,9.2035,8.702045440673828
01301703176,apartment,0,9.5819,9.179645538330078
01301804231,apartment,0,9.2758,8.72318172454834
01302004832,apartment,0,9.0801,9.000236511230469
01302005261,apartment,0,9.2027,8.999107360839844
01302302809,apartment,0,8.8739,8.78154468536377
01302302868,apartment,0,8.8793,8.793136596679688
01302906887,apartment,0,9.0576,8.812928199768066
01303003511,apartment,0,8.8323,8.916463851928711
01303101858,apartment,0,8.9029,8.779584884643555
01303102528,apartment,0,8.7035,8.761171340942383
01303104601,apartment,0,8.9952,8.710284233093262
01303110253,apartment,0,9.3439,9.330099105834961
01303301768,apartment,0,8.4974,8.888717651367188
01303504911,apartment,0,8.8169,8.867267608642578
01303602571,apartment,0,8.775,8.657609939575195
01303608006,apartment,0,8.974,8.826377868652344
01303807009,apartment,0,9.028,8.624353408813477
01304002241,apartment,0,8.8875,8.735673904418945
01304109356,apartment,0,9.3666,9.312742233276367
01304200388,apartment,0,8.9519,8.817934036254883
01304804623,apartment,0,9.2333,8.778440475463867
01304804674,apartment,0,9.0255,8.803235054016113
01305502523,apartment,0,8.6308,8.794634819030762
01305900987,apartment,0,8.73,8.648433685302734
01306001511,apartment,0,8.5536,8.803608894348145
01306003180,apartment,0,8.6695,8.656715393066406
01306102448,apartment,0,8.5517,8.681009292602539
01306105722,apartment,0,8.9544,8.564973831176758
01306200431,apartment,0,8.9067,8.649011611938477
01306401951,apartment,0,8.6325,8.758646011352539
01306502446,apartment,0,8.7863,8.618639945983887
01402801947,apartment,0,9.3768,8.79006576538086
01403002177,apartment,0,9.4731,8.859411239624023
01403911568,apartment,0,9.6846,9.466766357421875
01403911622,apartment,0,9.6789,9.472452163696289
01404802088,apartment,0,9.2904,8.631765365600586
01404902309,apartment,0,9.1561,8.790607452392578
01405010495,apartment,0,9.2416,9.131242752075195
01406801240,apartment,0,9.2736,8.820170402526855
01407802623,apartment,0,9.1926,8.757326126098633
01408601273,apartment,0,8.7875,8.745981216430664
01408610086,apartment,0,9.3157,9.138114929199219
01408801043,apartment,0,9.2305,8.732272148132324
01408805510,apartment,0,8.7129,9.028765678405762
01410203174,apartment,0,8.731,8.89912223815918
01410203867,apartment,0,9.0885,8.948091506958008
01500302503,apartment,0,9.0027,8.710694313049316
01500502405,apartment,0,8.9785,8.810567855834961
01500602795,apartment,0,8.5878,8.6466703414917
01500604003,apartment,0,8.9429,8.5966157913208
01500709174,apartment,0,8.978,8.701848030090332
01500801410,apartment,0,8.6656,8.744010925292969
01501601377,apartment,0,8.7525,8.870357513427734
01504401751,apartment,0,8.9905,8.681695938110352
01504501926,apartment,0,8.7403,8.707405090332031
01505803896,apartment,0,8.7156,8.671457290649414
01507600811,apartment,0,8.7051,8.537471771240234
01509100776,apartment,6,8.9785,8.972270965576172
01604601671,apartment,6,9.0718,8.933633804321289
01604800739,apartment,6,9.6014,8.891247749328613
01604801247,apartment,6,8.7374,8.990083694458008
01606504037,apartment,6,8.7216,8.908926010131836
01606506668,apartment,6,9.0877,8.96638011932373
01606507036,apartment,6,9.2374,8.956005096435547
01608004090,apartment,6,9.4442,8.938945770263672
01608008037,apartment,6,8.76,8.896869659423828
01608011951,apartment,6,9.1303,8.970751762390137
01608018261,apartment,6,9.7046,9.001544952392578
01611903191,apartment,6,9.2922,8.892457008361816
01612002579,apartment,6,8.9823,8.829021453857422
01613602359,apartment,6,9.3724,8.902796745300293
01613602499,apartment,6,9.0391,8.91360855102539
01614702829,apartment,6,8.8204,8.899551391601562
01614703442,apartment,6,9.2339,8.865723609924316
01615303049,apartment,6,9.1065,9.032684326171875
01615901264,apartment,0,9.1341,9.02768325805664
01616305673,apartment,6,9.0745,8.893376350402832
01616502584,apartment,6,9.2442,9.01174545288086
01616701854,apartment,6,8.9709,8.954710006713867
01616702605,apartment,6,9.4409,8.955511093139648
01701705273,apartment,9,8.6074,8.448873519897461
01800602383,apartment,0,8.6061,8.60820198059082
01803202416,apartment,0,8.0878,8.272468566894531
01803301430,apartment,0,8.5304,8.6973876953125
01804501042,apartment,0,8.2382,8.431587219238281
01804501123,apartment,0,8.4021,8.4249267578125
01804801437,apartment,0,7.7212,8.40640926361084
01804805246,apartment,0,7.8028,8.370916366577148
01805000373,apartment,0,7.887,8.331265449523926
01901001520,apartment,0,8.2795,8.451072692871094
01903300673,apartment,0,8.0985,8.422033309936523
01904503950,apartment,0,8.5019,8.50613784790039
01905305648,apartment,0,8.6538,8.656978607177734
01905308000,apartment,0,8.6108,8.687536239624023
01906100438,apartment,0,8.3033,8.790164947509766
01906101027,apartment,0,8.4662,8.789515495300293
01906106525,apartment,0,8.6978,8.74921989440918
01906111944,apartment,0,8.7403,8.744104385375977
01906112916,apartment,0,8.5627,8.697627067565918
01906116016,apartment,0,8.5325,8.72150993347168
01906116660,apartment,0,8.7091,8.72481632232666
01906116660,apartment,0,8.7091,8.729667663574219
01906118361,apartment,0,8.7706,8.730411529541016
01907801601,apartment,0,8.5152,8.41289234161377
01908100982,apartment,0,7.9047,8.448320388793945
01909800368,apartment,0,7.6756,8.29743766784668
01910501409,apartment,0,8.844,8.80683708190918
01910503088,apartment,0,8.7285,8.80589485168457
01910505609,apartment,0,8.8468,8.809589385986328
01910514292,apartment,0,8.5621,8.779373168945312
02000202675,apartment,0,8.0376,8.854812622070312
02000202871,apartment,0,8.0376,8.854812622070312
02000203371,apartment,0,8.0376,8.853416442871094
02000305581,apartment,0,8.6667,8.898662567138672
02000306322,apartment,0,8.6173,8.860154151916504
02000307531,apartment,0,8.7026,8.785942077636719
02000308376,apartment,0,8.8334,8.955789566040039
02000309496,apartment,0,8.7437,8.778047561645508
02000310885,apartment,0,8.5614,8.861730575561523
02000310966,apartment,0,8.54,8.855822563171387
02000312187,apartment,0,8.6329,8.843193054199219
02000312977,apartment,0,8.7324,8.789188385009766
02000313922,apartment,0,8.6708,8.870844841003418
02000314325,apartment,0,8.4802,8.757394790649414
02000401392,apartment,0,8.7369,8.748804092407227
02000800750,apartment,0,7.8522,8.447010040283203
02001101414,apartment,0,8.7803,8.861244201660156
02001101759,apartment,0,8.7729,8.948135375976562
02001400128,apartment,0,8.4118,8.805004119873047
02001400829,apartment,0,8.4727,8.878532409667969
02001401711,apartment,0,8.3972,8.877302169799805
02001402236,apartment,0,8.5925,8.877673149108887
02001403526,apartment,0,8.1924,8.826705932617188
02001405898,apartment,0,9.0394,8.964887619018555
02001505132,apartment,0,8.6376,8.775728225708008
02001602774,apartment,0,8.164,8.699455261230469
02001702507,apartment,0,8.1399,8.382437705993652
02001704593,apartment,0,8.0754,8.515595436096191
02002401871,apartment,0,8.9761,8.987964630126953
02003100921,apartment,0,8.6085,8.846060752868652
02004604174,apartment,0,8.626,8.797696113586426
02004701285,apartment,0,8.5366,8.748126029968262
02004701315,apartment,0,8.645,8.814935684204102
02004701846,apartment,0,8.2854,8.700054168701172
02004702494,apartment,0,8.6254,8.643396377563477
02004706775,apartment,0,8.7373,8.759790420532227
02004901063,apartment,0,8.5768,8.787347793579102
02004902604,apartment,0,8.5999,8.793701171875
02004902779,apartment,0,8.5437,8.869629859924316
02006003739,apartment,0,8.3602,8.552796363830566
02006004522,apartment,0,8.7308,8.507806777954102
02006102631,apartment,0,8.6531,8.505043029785156
02006201638,apartment,0,8.4462,8.551538467407227
02006203037,apartment,0,8.4043,8.591862678527832
02006206222,apartment,0,8.6048,8.487804412841797
02006305786,apartment,0,8.5637,8.65277099609375
02006305883,apartment,0,7.9429,8.60479736328125
02006404377,apartment,0,8.0937,8.645111083984375
02006501526,apartment,0,8.2811,8.440439224243164
02006502573,apartment,0,8.4276,8.522275924682617
02006503855,apartment,0,8.4461,8.673822402954102
02006504703,apartment,0,8.7285,8.454105377197266
02006506951,apartment,0,8.4712,8.531866073608398
02006510800,apartment,0,8.7796,8.730094909667969
02006604147,apartment,0,8.7536,8.728717803955078
02006904541,apartment,0,8.7883,8.605396270751953
02007303949,apartment,0,8.406,8.54738998413086
02007303973,apartment,0,8.4631,8.549680709838867
02007704390,apartment,0,8.9395,8.728023529052734
02007704633,apartment,0,8.5958,8.543844223022461
02007805006,apartment,0,8.673,8.7679443359375
02007904381,apartment,0,8.9393,8.580623626708984
02008004155,apartment,0,8.4381,8.725041389465332
02008004181,apartment,0,8.6631,8.72406005859375
02008004570,apartment,0,8.9652,8.725041389465332
02008901491,apartment,0,8.7692,8.682066917419434
02008903478,apartment,0,8.3331,8.645830154418945
02008905217,apartment,0,8.8953,8.661489486694336
02009102800,apartment,0,8.3143,8.603214263916016
02009401301,apartment,0,8.8183,8.757532119750977
02100603515,apartment,0,8.6875,8.638076782226562
02100605925,apartment,0,8.3837,8.695629119873047
02100702068,apartment,0,8.7139,8.637454986572266
02100705751,apartment,0,8.7096,8.925458908081055
02100717561,apartment,0,8.9336,8.866596221923828
02100719785,apartment,0,8.7998,8.808937072753906
02100901184,apartment,0,8.7008,8.903213500976562
02100902229,apartment,0,8.6107,8.946895599365234
02101601567,apartment,0,8.5172,8.637962341308594
02102104826,apartment,0,8.9787,8.749654769897461
02102105301,apartment,0,8.9445,8.671028137207031
02102202984,apartment,0,8.488,8.480110168457031
02102301532,apartment,0,8.6424,8.65550422668457
02102503860,apartment,0,9.281,8.974637985229492
02102503925,apartment,0,9.477,9.032419204711914
02102503951,apartment,0,9.3981,9.04255199432373
02102601145,apartment,0,9.0227,8.853479385375977
02102604136,apartment,0,9.1828,8.911127090454102
02103502817,apartment,0,8.6146,8.642224311828613
02104001552,apartment,0,8.4143,8.612281799316406
02104202965,apartment,0,9.4545,9.17225170135498
02104802784,apartment,0,8.9711,8.83616828918457
02105001750,apartment,0,9.2793,9.212259292602539
02105400418,apartment,0,9.298,9.107030868530273
02105507743,apartment,0,8.5788,8.863094329833984
02105602339,apartment,0,8.9815,8.845561027526855
02105702147,apartment,0,8.6848,8.475496292114258
02105801552,apartment,0,9.4175,9.08460807800293
02105802982,apartment,0,9.2753,8.898362159729004
02105803024,apartment,0,9.246,8.905657768249512
02106502273,apartment,0,8.4404,8.735180854797363
02106504179,apartment,0,8.7038,8.614704132080078
02106602634,apartment,0,9.0698,8.732998847961426
02106705719,apartment,0,8.6924,8.832965850830078
02106705794,apartment,0,8.8206,8.833044052124023
02106801637,apartment,0,8.5462,8.651334762573242
02106808135,apartment,0,9.5114,9.06932258605957
02107201579,apartment,0,8.9496,8.779153823852539
02107401659,apartment,0,8.7865,8.751806259155273
02107406421,apartment,0,8.5584,8.58161735534668
02108503889,apartment,0,8.8008,8.503393173217773
02109104351,apartment,0,9.0742,8.625955581665039
02109104600,apartment,0,8.7765,8.625955581665039
02109104880,apartment,0,8.61,8.549947738647461
02110201401,apartment,0,8.7675,8.57723331451416
02110404906,apartment,0,8.8099,8.813531875610352
02110406402,apartment,0,9.454,9.080291748046875
02110407050,apartment,0,9.5227,9.057744979858398
02110407077,apartment,0,9.6241,8.905263900756836
02110407727,apartment,0,9.4823,8.936331748962402
02111404578,apartment,0,8.872,9.054773330688477
02200503644,apartment,7,8.9687,8.833930969238281
02200504896,apartment,7,9.1209,8.940652847290039
02200600771,apartment,0,9.0049,8.61907958984375
02200604319,apartment,0,8.9029,8.906999588012695
02200613768,apartment,0,8.947,9.048084259033203
02201400717,apartment,7,8.5454,8.703132629394531
02203102004,apartment,0,8.5713,8.550029754638672
02203202939,apartment,0,9.3945,8.813325881958008
02203300736,apartment,0,8.7971,8.717639923095703
02203400714,apartment,0,8.9435,8.790233612060547
02203700866,apartment,0,8.3894,8.558246612548828
02203700912,apartment,0,8.4929,8.562042236328125
02203702771,apartment,0,8.8845,9.014627456665039
02204101974,apartment,0,8.6261,8.473919868469238
02204402958,apartment,0,8.9792,8.765443801879883
02204500690,apartment,0,8.9145,8.550053596496582
02204601578,apartment,0,8.7838,8.565542221069336
02204801781,apartment,0,8.7208,8.785360336303711
02204804703,apartment,0,9.0086,8.913912773132324
02204904112,apartment,0,9.2982,8.935441970825195
02205102192,apartment,7,8.5222,8.769735336303711
02205200828,apartment,0,8.7855,8.380767822265625
02205204191,apartment,0,9.0141,8.90194320678711
02205205145,apartment,0,8.8036,8.80605411529541
02205301519,apartment,0,8.7248,8.563880920410156
02205603299,apartment,0,8.6244,8.509147644042969
02205700782,apartment,0,8.6185,8.637020111083984
02205702688,apartment,0,8.4985,8.559510231018066
02205804626,apartment,0,8.4437,8.511213302612305
02205901052,apartment,0,8.447,8.531292915344238
02205901249,apartment,0,8.5929,8.613003730773926
02205902717,apartment,0,8.6959,8.523758888244629
02206601168,apartment,0,8.5707,8.440286636352539
02206602741,apartment,0,8.8164,8.553583145141602
02206605341,apartment,0,8.7541,8.735919952392578
02206700999,apartment,0,8.5903,8.53077507019043
02206801043,apartment,0,8.7902,8.555410385131836
02206803259,apartment,0,8.7119,8.492606163024902
02206903334,apartment,0,8.5472,8.40290641784668
02206903717,apartment,0,8.5505,8.41252326965332
02207001504,apartment,0,8.5458,8.709207534790039
02207003191,apartment,0,8.3623,8.383947372436523
02207401121,apartment,0,8.4045,8.511096954345703
02207403459,apartment,0,8.4341,8.549236297607422
02207701522,apartment,0,8.5681,8.522698402404785
02207702057,apartment,0,8.7441,8.55697250366211
02208101162,apartment,0,8.6146,8.522459983825684
02208107322,apartment,0,9.2328,8.848843574523926
02208600932,apartment,0,8.2861,8.448860168457031
02301902587,apartment,7,8.9541,8.884103775024414
02302403551,apartment,7,8.8379,9.161319732666016
02302501527,apartment,7,8.7096,8.81502914428711
02302504925,apartment,7,9.1021,9.07918930053711
02303200415,apartment,7,7.9699,8.458353042602539
02303203007,apartment,7,8.9332,8.903319358825684
02304600794,apartment,7,8.6975,8.570378303527832
02304701851,apartment,7,8.8854,8.888261795043945
02305800673,apartment,7,8.2804,8.549177169799805
02305801254,apartment,7,8.6819,8.758828163146973
02306401217,apartment,7,8.9952,8.77171802520752
02307907491,apartment,7,8.8799,8.781801223754883
02309000949,apartment,7,8.7705,8.798584938049316
02309401587,apartment,7,9.0134,9.009025573730469
02309401625,apartment,7,8.9502,9.010566711425781
02400103569,apartment,7,8.5692,8.717708587646484
02400501068,apartment,7,8.3561,8.44447135925293
02400603251,apartment,7,8.5346,8.417784690856934
02401501673,apartment,7,9.0263,8.534034729003906
02401900500,apartment,7,8.534,8.700889587402344
02402504129,apartment,7,8.645,8.428085327148438
02402508256,apartment,7,8.7957,8.670196533203125
02402602627,apartment,7,8.7511,8.458187103271484
02403803499,apartment,7,9.0335,8.89259147644043
02404004611,apartment,7,8.6968,8.535585403442383
02404005707,apartment,7,8.323,8.707518577575684
02404005715,apartment,7,8.6797,8.726400375366211
02404005790,apartment,7,8.7248,8.703863143920898
02404900544,apartment,7,8.4631,8.805498123168945
02406102386,apartment,7,8.4122,8.385086059570312
02406102963,apartment,7,8.6076,8.628488540649414
02406200671,apartment,7,9.2221,8.499726295471191
02407106113,apartment,7,8.1851,8.385912895202637
02407203569,apartment,7,8.4074,8.445837020874023
02407900928,apartment,7,8.8417,8.797229766845703
02407900952,apartment,7,8.6882,8.795906066894531
02408300541,apartment,7,8.5786,8.599542617797852
02601601353,apartment,9,8.2245,8.283278465270996
02700205431,apartment,9,8.497,8.376995086669922
02700205820,apartment,9,8.4403,8.380943298339844
02700207866,apartment,9,8.2095,8.428067207336426
02701201586,apartment,9,8.3941,8.261504173278809
02701201950,apartment,9,8.4751,8.296579360961914
02702303749,apartment,9,8.7343,8.424501419067383
02702400884,apartment,9,8.5848,8.414497375488281
02702401694,apartment,9,8.4258,8.413130760192871
02702500625,apartment,9,8.8144,8.688302993774414
02702501516,apartment,9,8.8339,8.693988800048828
02702501788,apartment,9,8.8144,8.687768936157227
02702502237,apartment,9,8.6104,8.593299865722656
02702502555,apartment,9,8.8144,8.688302993774414
02702502598,apartment,9,8.8001,8.691147804260254
02703202873,apartment,9,8.5392,8.6510009765625
02703206380,apartment,9,8.4266,8.649712562561035
02703300751,apartment,9,8.5926,8.655828475952148
02703302061,apartment,9,8.5994,8.650848388671875
02705300511,apartment,9,8.294,8.185405731201172
02705700587,apartment,9,8.371,8.137726783752441
02706502207,apartment,9,8.7553,8.715744018554688
02706505893,apartment,9,8.4974,8.651728630065918
02707100749,apartment,9,8.2721,8.194501876831055
02707101613,apartment,9,8.1417,8.220441818237305
02707805750,apartment,9,8.6846,8.857795715332031
02707901407,apartment,9,8.5505,8.398874282836914
02707905542,apartment,9,8.7727,8.525315284729004
02707906018,apartment,9,8.7391,8.530004501342773
02707906891,apartment,9,8.7285,8.520451545715332
02707917419,apartment,9,8.9158,8.676018714904785
02708702823,apartment,9,8.5797,8.327917098999023
02708704291,apartment,9,8.5797,8.270851135253906
02708705253,apartment,9,8.3814,8.329779624938965
02708800353,apartment,9,8.5885,8.333314895629883
02708802674,apartment,9,8.5637,8.319296836853027
02801001430,apartment,9,8.1789,8.168088912963867
02801101885,apartment,9,8.0869,8.106466293334961
02802404581,apartment,9,8.2821,8.33915901184082
02802901761,apartment,9,7.9418,8.12822151184082
02803707314,apartment,9,8.8302,8.866519927978516
02803803798,apartment,9,8.6638,8.355605125427246
02805100956,apartment,9,8.3737,7.987443447113037
02805502159,apartment,9,8.6243,8.590177536010742
02805801814,apartment,9,8.6418,8.939695358276367
02806100828,apartment,9,8.3303,8.797639846801758
02806901111,apartment,9,8.7041,8.86956787109375
02806903343,apartment,9,8.6248,8.754300117492676
02806914851,apartment,9,8.4479,8.643974304199219
02806915341,apartment,9,8.55,8.637619972229004
02806915554,apartment,9,8.5598,8.776029586791992
02900205891,apartment,9,8.6934,8.43437385559082
02900207355,apartment,9,8.4722,8.390828132629395
02900401410,apartment,9,8.285,8.193119049072266
02900908299,apartment,9,8.5825,8.766067504882812
02901001300,apartment,9,8.2295,8.211447715759277
02902200821,apartment,9,8.4108,8.055591583251953
02904006060,apartment,9,8.7123,8.515993118286133
02904403108,apartment,9,8.5889,8.754461288452148
02904902937,apartment,9,8.7654,8.422675132751465
02904904301,apartment,9,8.9174,8.471668243408203
02904908919,apartment,9,8.9196,8.71029281616211
02904909001,apartment,9,8.8336,8.707165718078613
02905201649,apartment,9,8.3862,8.619412422180176
03000303731,apartment,9,8.3176,8.189352035522461
03000304411,apartment,9,8.4276,8.255666732788086
03000308172,apartment,9,8.4133,8.682720184326172
03000308571,apartment,9,8.5948,8.559768676757812
03000308865,apartment,9,8.5558,8.567005157470703
03002401447,apartment,9,8.7614,8.833130836486816
03003001361,apartment,9,8.2274,8.275470733642578
03003001833,apartment,9,8.191,8.280830383300781
03005203239,apartment,9,8.0934,8.687995910644531
03005401693,apartment,9,8.4879,8.32489013671875
03006503759,apartment,9,8.7036,8.518067359924316
03006802063,apartment,9,8.9697,8.783958435058594
03008601091,apartment,9,8.7556,8.202016830444336
03010500696,apartment,9,8.4499,8.276008605957031
03010702711,apartment,9,8.6797,8.60961627960205
03011701199,apartment,9,7.8277,8.299850463867188
03011900744,apartment,9,7.8789,8.143930435180664
03012500774,apartment,9,8.3053,8.262836456298828
03012906835,apartment,9,8.4457,8.44312858581543
03100301676,apartment,9,8.8855,8.788675308227539
03101402891,apartment,9,8.9035,8.691112518310547
03102301010,apartment,9,8.9002,8.306946754455566
03107400866,apartment,9,8.0652,8.205942153930664
03108501208,apartment,9,8.5387,8.502248764038086
03109000784,apartment,9,8.3994,8.235677719116211
03109001659,apartment,9,8.5957,8.539679527282715
03110202093,apartment,9,8.2808,8.29266357421875
03110800810,apartment,9,8.6785,8.433174133300781
03110803178,apartment,9,9.0634,8.908400535583496
03110804867,apartment,9,8.3829,8.908400535583496
03111005488,apartment,9,8.6507,8.523664474487305
03200201169,apartment,9,8.4746,8.192926406860352
03200801182,apartment,9,8.5033,8.704140663146973
03202001401,apartment,9,8.3432,8.271221160888672
03203301164,apartment,9,8.1571,8.18310832977295
03204301206,apartment,9,8.3453,8.039654731750488
03204400948,apartment,9,8.0228,8.100192070007324
03204601072,apartment,9,8.6533,8.073722839355469
03205001508,apartment,9,8.4306,8.229652404785156
03205201868,apartment,9,8.6934,8.488767623901367
03205501047,apartment,9,8.3751,8.583930015563965
03206200301,apartment,9,8.2751,8.199970245361328
03212701307,apartment,9,8.1683,8.051542282104492
03213502121,apartment,9,8.3377,8.043389320373535
03213505153,apartment,9,8.5598,8.5743408203125
03213602035,apartment,9,7.824,7.81892728805542
03213602493,apartment,9,8.5664,8.636968612670898
03217402839,apartment,9,8.3183,8.024251937866211
03300504430,apartment,0,8.2409,8.553276062011719
03300504635,apartment,0,8.1028,8.57241439819336
03300605911,apartment,0,9.1258,9.136704444885254
03301102298,apartment,0,8.6973,8.691143035888672
03301102891,apartment,0,8.6661,8.691162109375
03301403761,apartment,0,8.5913,8.832191467285156
03301900429,apartment,0,8.447,8.586906433105469
03303104034,apartment,0,8.6398,8.771076202392578
03303106444,apartment,0,8.2694,8.413151741027832
03303602298,apartment,0,8.1956,8.217142105102539
03303605890,apartment,0,7.667,8.112945556640625
03303702217,apartment,0,8.096,8.32229232788086
03303702810,apartment,0,7.7351,8.376873016357422
03303705240,apartment,0,8.2627,8.353412628173828
03303708436,apartment,0,8.3102,8.350521087646484
03303903107,apartment,0,8.0995,8.240976333618164
03303905711,apartment,0,8.7614,8.690132141113281
03303906122,apartment,0,8.6924,8.691511154174805
03303907145,apartment,0,8.8567,8.691511154174805
03304003886,apartment,0,8.896,8.53861141204834
03304604375,apartment,0,8.1435,8.395841598510742
03304605118,apartment,0,8.1773,8.420242309570312
03304609113,apartment,0,8.3529,8.394807815551758
03304616284,apartment,0,9.1429,8.90289306640625
03304702131,apartment,0,8.0387,8.50295639038086
03304709991,apartment,0,8.9433,8.642438888549805
03305601493,apartment,0,8.2808,8.351844787597656
03305703733,apartment,0,8.5041,8.522928237915039
03305708311,apartment,0,8.5619,8.5015869140625
03305709235,apartment,0,8.5231,8.484731674194336
03305709383,apartment,0,8.6018,8.484546661376953
03306201111,apartment,0,8.8717,8.479388236999512
03306202290,apartment,0,8.7376,8.545680046081543
03400102407,apartment,0,8.8899,8.648406982421875
03400200522,apartment,0,8.1727,8.15947151184082
03400700231,apartment,9,8.6858,8.696155548095703
03400702498,apartment,9,8.8982,8.710226058959961
03402301342,apartment,9,8.7171,8.73354721069336
03403201414,apartment,0,8.2171,8.419561386108398
03403203239,apartment,0,8.3787,8.37739372253418
03403501809,apartment,9,8.5172,8.597166061401367
03403507904,apartment,9,8.4331,8.496843338012695
03403904369,apartment,1,8.4621,8.387179374694824
03404801717,apartment,1,8.1952,8.050357818603516
03405100690,apartment,1,8.4102,8.384449005126953
03405700566,apartment,1,8.7279,8.33387565612793
03405900603,apartment,1,8.4988,8.265484809875488
03405900621,apartment,1,8.6178,8.356500625610352
03406001432,apartment,1,8.5411,8.766459465026855
03406501419,apartment,1,8.3915,8.272624015808105
03407701306,apartment,1,8.6457,8.655780792236328
03407701535,apartment,1,8.6873,8.6553955078125
03408200874,apartment,1,8.1089,8.291830062866211
03408302421,apartment,1,8.7643,8.688502311706543
03500105858,apartment,9,8.4566,8.424951553344727
03500106757,apartment,9,8.4533,8.428150177001953
03500109251,apartment,9,8.7125,8.709335327148438
03500501494,apartment,9,8.6032,8.52895736694336
03500502873,apartment,9,8.6412,8.507556915283203
03500901921,apartment,9,8.7403,8.819278717041016
03504401419,apartment,9,8.1213,8.429122924804688
03504801646,apartment,9,8.2295,8.618475914001465
03507302276,apartment,9,8.8236,8.64069652557373
03508202623,apartment,9,8.8018,8.699512481689453
03508304612,apartment,9,8.3682,8.362951278686523
03508802698,apartment,9,8.5839,8.483232498168945
03508805069,apartment,9,8.5862,8.655710220336914
03509805143,apartment,9,8.5874,8.636880874633789
03509805259,apartment,9,8.489,8.57899284362793
03509805275,apartment,9,8.6042,8.639806747436523
03510303539,apartment,9,8.6316,8.885493278503418
03600504101,apartment,0,9.1362,8.609846115112305
03601100479,apartment,0,9.0401,8.572793960571289
03601300699,apartment,0,8.5811,8.671863555908203
03601300923,apartment,0,8.6553,8.676109313964844
03601301172,apartment,0,8.8273,8.73238468170166
03601301229,apartment,0,8.6192,8.654800415039062
03601901692,apartment,0,8.6949,8.537786483764648
03602202771,apartment,0,8.9678,8.76447868347168
03602203042,apartment,0,8.5653,8.49127197265625
03602203433,apartment,0,8.5172,8.536287307739258
03602701441,apartment,0,8.6863,8.718868255615234
03602703371,apartment,0,8.5942,8.615718841552734
03603001540,apartment,0,8.9319,8.462723731994629
03603102614,apartment,0,9.0768,8.685250282287598
03603105931,apartment,0,9.4531,9.12414264678955
03603106059,apartment,0,9.2213,9.120771408081055
03603700546,apartment,0,9.0525,8.642937660217285
03604001201,apartment,0,8.9172,8.670991897583008
03604503353,apartment,0,8.7769,8.691884994506836
03604504007,apartment,0,8.6975,8.802257537841797
03605800823,apartment,0,9.7098,9.171555519104004
03609401133,apartment,6,9.1672,8.928497314453125
03611706957,apartment,6,9.3225,9.29638385772705
03611707015,apartment,6,9.2753,9.296483039855957
03612801635,apartment,6,8.8187,8.9228515625
03613802708,apartment,0,9.0975,8.757390975952148
03700500874,apartment,0,8.4391,8.472441673278809
03700501323,apartment,0,8.833,8.625360488891602
03700602170,apartment,0,9.3534,9.300786972045898
03700801645,apartment,0,9.262,8.627342224121094
03700804466,apartment,0,8.4219,8.721961975097656
03700804751,apartment,0,9.1067,8.618091583251953
03701209464,apartment,0,8.1342,8.710894584655762
03701300933,apartment,0,8.5803,8.64692211151123
03701418411,apartment,0,9.1659,9.143543243408203
03701900884,apartment,0,8.1173,8.40373420715332
03701901139,apartment,0,8.7875,8.716684341430664
03702102371,apartment,1,8.3912,8.6507568359375
03702202587,apartment,1,9.0325,8.749493598937988
03702301046,apartment,1,8.0155,8.7401123046875
03702301062,apartment,1,8.5213,8.726186752319336
03702401555,apartment,1,8.63,8.702957153320312
03702401733,apartment,1,8.7841,8.69378662109375
03702405186,apartment,1,8.9353,8.646463394165039
03702602798,apartment,1,8.971,9.048316955566406
03703301600,apartment,1,8.8858,8.640060424804688
03703302690,apartment,1,8.7734,8.53328800201416
03703500591,apartment,1,8.5012,8.613363265991211
03703605057,apartment,1,8.8247,8.647662162780762
03703605960,apartment,1,8.9661,8.742412567138672
03703606398,apartment,1,8.5642,8.4724760055542
03704014516,apartment,1,8.8984,8.890613555908203
03704308900,apartment,1,8.763,8.593094825744629
03704311065,apartment,1,8.9192,8.509211540222168
03704402877,apartment,1,9.0849,9.016414642333984
03704408883,apartment,1,9.1658,9.075175285339355
03704409812,apartment,1,9.3738,9.030804634094238
03705001752,apartment,1,8.7101,8.588791847229004
03705609602,apartment,1,9.6841,9.146282196044922
03706402610,apartment,1,8.7712,8.617637634277344
03707103366,apartment,1,8.6819,8.66705322265625
03707107493,apartment,1,8.8147,8.856858253479004
03707107663,apartment,1,9.064,8.859197616577148
03708100840,apartment,1,8.3442,8.476127624511719
03709100615,apartment,1,9.1291,9.234203338623047
03709302005,apartment,0,8.6881,8.822837829589844
03709800986,apartment,0,8.7623,8.78530502319336
03710302382,apartment,1,8.9872,8.753840446472168
03710304210,apartment,1,8.8318,8.706016540527344
03800104261,apartment,0,9.405,8.866867065429688
03800901528,apartment,0,8.7527,8.78952407836914
03800902672,apartment,0,8.7113,8.848920822143555
03800904020,apartment,0,8.7668,8.721807479858398
03800913690,apartment,0,9.2263,9.37051773071289
03802105291,apartment,0,8.6637,8.485027313232422
03802300531,apartment,0,8.4467,8.35264778137207
03802301617,apartment,0,8.7403,8.809898376464844
03802400178,apartment,0,7.8813,8.273336410522461
03802904389,apartment,0,8.9685,8.946001052856445
03802904461,apartment,0,9.1957,8.945550918579102
03803204542,apartment,0,8.7945,8.95427417755127
03803401054,apartment,0,8.2967,8.36465072631836
03803800722,apartment,0,8.9111,8.823955535888672
03804404871,apartment,0,8.6687,8.819375038146973
03804405851,apartment,0,8.6618,8.593255043029785
03804406637,apartment,0,8.7403,8.843174934387207
03804407242,apartment,0,8.633,8.883295059204102
03804407501,apartment,0,8.8164,8.748953819274902
03804407560,apartment,0,8.4995,8.875785827636719
03804407749,apartment,0,8.7072,8.749980926513672
03804418678,apartment,0,8.6651,8.735097885131836
03804425291,apartment,0,8.6442,8.797046661376953
03804437192,apartment,0,9.1397,9.309246063232422
03805303246,apartment,0,8.8919,8.975364685058594
03805501161,apartment,0,8.8079,8.708471298217773
03805904967,apartment,1,8.3155,8.431753158569336
03807206205,apartment,1,9.4371,9.147926330566406
03807303529,apartment,1,9.1751,8.879294395446777
03807304541,apartment,1,9.1119,8.928426742553711
03808200741,apartment,1,8.0761,8.350847244262695
03808401826,apartment,1,9.4452,9.174095153808594
03808503157,apartment,1,9.1483,8.899726867675781
03810300306,apartment,1,8.3774,8.716707229614258
03810701361,apartment,1,8.641,8.492446899414062
03902501332,apartment,1,8.6722,8.834430694580078
03902601027,apartment,1,9.024,8.495179176330566
03902801697,apartment,1,8.1665,8.479281425476074
03904100981,apartment,1,8.7808,8.382570266723633
03907104234,apartment,1,9.1776,8.682518005371094
03907608399,apartment,1,8.9114,8.671234130859375
03907702123,apartment,1,8.2727,8.356402397155762
03907703669,apartment,1,8.5918,8.458126068115234
03907707222,apartment,1,8.8149,8.869826316833496
03907707397,apartment,1,8.85,8.869826316833496
03908003032,apartment,1,8.7959,8.451594352722168
03913700765,apartment,1,8.6995,8.312726974487305
03914501383,apartment,1,8.6758,8.260890007019043
03915803057,apartment,1,8.7898,8.432458877563477
03915809349,apartment,1,8.8823,8.559688568115234
03916300751,apartment,1,8.3294,8.199539184570312
03916301403,apartment,1,8.2009,8.32005786895752
03916402031,apartment,1,8.9959,8.653034210205078
03917100436,apartment,1,8.3305,8.340011596679688
03917102757,apartment,1,8.5313,8.392782211303711
03917700824,apartment,1,8.5952,8.449142456054688
03917801043,apartment,1,8.5546,8.30266284942627
03917801329,apartment,1,8.5172,8.294567108154297
03917802511,apartment,1,8.6624,8.530571937561035
03917902028,apartment,1,8.3653,8.262262344360352
03918101282,apartment,1,8.5564,8.372078895568848
03918602257,apartment,1,8.6433,8.398985862731934
03918700852,apartment,1,8.4635,8.315327644348145
03919100468,apartment,1,8.5093,8.50815200805664
04000200720,apartment,1,8.0846,8.169698715209961
04000202138,apartment,1,8.6248,8.79874324798584
04001101483,apartment,9,8.872,8.692174911499023
04002601153,apartment,9,8.3183,8.348203659057617
04005100341,apartment,1,8.4399,8.266744613647461
04006800991,apartment,1,8.7435,8.508346557617188
04007400857,apartment,1,8.5542,8.218810081481934
04007600521,apartment,1,8.641,8.25560188293457
04008201319,apartment,1,8.294,8.334096908569336
04008201327,apartment,1,8.3586,8.33432674407959
04008203516,apartment,1,8.7322,8.670510292053223
04008600515,apartment,1,8.5954,8.273335456848145
04009201398,apartment,1,8.2782,8.2131929397583
04010700688,apartment,1,8.3946,8.298280715942383
04012001787,apartment,1,8.0135,8.255088806152344
04012201034,apartment,1,8.8199,8.532455444335938
04013000873,apartment,1,8.4086,8.35015869140625
04016101565,apartment,1,8.6319,8.50051498413086
04020002908,apartment,1,8.4654,8.209907531738281
04102902333,apartment,6,8.8597,8.957051277160645
04103402563,apartment,6,9.4222,9.011398315429688
04105802161,apartment,6,8.9906,8.988665580749512
04108002385,apartment,6,9.2506,8.986226081848145
04108600843,apartment,6,8.9672,8.645118713378906
04109100690,apartment,6,8.8162,9.03518295288086
04109500702,apartment,6,8.7081,8.572412490844727
04109500982,apartment,6,8.6022,8.659072875976562
04109704901,apartment,6,9.0504,8.668214797973633
04109707511,apartment,6,9.2698,8.772350311279297
04109803411,apartment,6,8.8499,8.668851852416992
04110201055,apartment,6,8.1679,8.505346298217773
04110303291,apartment,6,9.5009,9.264825820922852
04110304490,apartment,6,9.6327,9.263628005981445
04110403863,apartment,6,9.3029,9.059301376342773
04111202144,apartment,6,9.1486,8.700821876525879
04111505333,apartment,6,9.1036,8.692519187927246
04111600751,apartment,6,8.7189,8.704492568969727
04111601839,apartment,6,9.0859,8.70805549621582
04111704247,apartment,6,9.2503,8.983545303344727
04111801692,apartment,6,9.121,8.987871170043945
04112301960,apartment,6,8.9872,8.706930160522461
04112302320,apartment,6,8.5731,8.624658584594727
04112603770,apartment,6,8.9412,9.095663070678711
04112604777,apartment,6,9.1607,9.103666305541992
04113501300,apartment,6,8.6207,8.558465957641602
04113809771,apartment,6,8.7275,8.713093757629395
04114200940,apartment,6,8.9724,8.601605415344238
04114201769,apartment,6,9.028,8.581962585449219
04115205733,apartment,6,8.745,8.603403091430664
04115206111,apartment,6,8.8164,8.607526779174805
04115901160,apartment,6,8.5435,8.541735649108887
04116201881,apartment,6,8.8077,8.647971153259277
04116203750,apartment,6,9.2994,8.520271301269531
04116203955,apartment,6,9.294,8.641304016113281
04116800503,apartment,6,8.7267,8.48181438446045
04118202778,apartment,6,9.1481,9.106517791748047
04118801353,apartment,6,8.8928,8.643007278442383
04118803305,apartment,6,9.2197,8.913751602172852
04120301095,apartment,6,9.5665,9.322911262512207
04120301826,apartment,6,9.4967,9.324297904968262
04120303561,apartment,6,9.2725,9.097047805786133
04120303616,apartment,6,9.4488,9.097047805786133
04120800733,apartment,6,8.5646,8.569040298461914
04120800792,apartment,6,8.7345,8.56403636932373
04120900924,apartment,6,8.8,8.589637756347656
04120902307,apartment,6,9.2512,8.967164993286133
04122405734,apartment,6,9.3848,9.224431991577148
04122405785,apartment,6,9.4274,9.202859878540039
04122405904,apartment,6,9.3774,9.210739135742188
04123001033,apartment,6,8.4727,8.486754417419434
04123700942,apartment,6,8.9252,8.555986404418945
04123902960,apartment,6,9.3843,9.05086898803711
04123903029,apartment,6,9.4335,9.062736511230469
04123903746,apartment,6,9.4418,9.06754207611084
04125601070,apartment,6,8.9362,8.693500518798828
04127300531,apartment,6,8.8503,8.633402824401855
04128600474,apartment,6,9.2563,8.73328971862793
04129103938,apartment,6,8.2859,8.678085327148438
04200100959,apartment,1,8.6323,8.667827606201172
04201102424,apartment,1,8.898,8.462589263916016
04201307751,apartment,1,9.4582,9.113651275634766
04201701581,apartment,1,8.2918,8.563920021057129
04201900657,apartment,1,8.5733,8.648700714111328
04202301031,apartment,1,8.7375,8.52096939086914
04203400546,apartment,1,8.4727,8.523688316345215
04204000983,apartment,1,8.6553,8.373968124389648
04204501168,apartment,1,8.668,8.660350799560547
04204600921,apartment,1,8.631,8.683887481689453
04205103891,apartment,1,9.027,9.079724311828613
04207300457,apartment,1,8.9453,9.120637893676758
04207701826,apartment,1,8.6873,8.573963165283203
04208401427,apartment,1,8.6169,8.375313758850098
04210703605,apartment,1,8.9665,8.654247283935547
04210801887,apartment,1,8.3816,8.375568389892578
04211201131,apartment,1,9.0225,8.635799407958984
04211503571,apartment,1,8.507,8.307056427001953
04211801511,apartment,1,8.8014,8.629335403442383
04211801643,apartment,1,8.9408,8.583810806274414
04212506254,apartment,1,8.3155,8.513243675231934
04213201325,apartment,1,8.6485,8.317316055297852
04213900975,apartment,1,8.36,8.626363754272461
04214202775,apartment,1,8.7633,8.566877365112305
04214309251,apartment,1,8.9095,8.865082740783691
04214401557,apartment,1,8.5317,8.540613174438477
04216405592,apartment,1,8.5744,8.415691375732422
04218100578,apartment,1,9.0078,8.579890251159668
04218101213,apartment,1,9.0893,8.759893417358398
04218102651,apartment,1,9.1344,8.756571769714355
04218103836,apartment,1,8.8459,8.877419471740723
04218104506,apartment,1,8.7109,8.842414855957031
04218500649,apartment,1,8.4291,8.265188217163086
04219102477,apartment,1,9.0775,8.791435241699219
04219803238,apartment,1,9.1298,9.308370590209961
04300500878,apartment,1,8.8722,8.739578247070312
04300501297,apartment,1,8.8506,8.728933334350586
04300501327,apartment,1,8.8405,8.741046905517578
04300501610,apartment,1,8.8363,8.735795974731445
04300501750,apartment,1,8.8677,8.678314208984375
04300501777,apartment,1,8.8521,8.743490219116211
04300501785,apartment,1,8.8597,8.652772903442383
04300501841,apartment,1,8.7494,8.652019500732422
04300501858,apartment,1,8.7935,8.733236312866211
04300502846,apartment,1,8.8837,8.739578247070312
04301400461,apartment,1,9.1375,8.8460054397583
04301401458,apartment,1,8.8739,8.77145004272461
04303402605,apartment,1,8.5378,8.306554794311523
04303403075,apartment,1,8.3955,8.306554794311523
04305101092,apartment,1,8.9406,8.60250473022461
04305901862,apartment,1,8.5862,8.229692459106445
04306600971,apartment,1,8.294,8.113816261291504
04306601013,apartment,1,8.32,8.111152648925781
04306701761,apartment,1,8.4885,8.437990188598633
04306704963,apartment,1,8.9648,8.719590187072754
04307101006,apartment,1,8.7156,8.473258972167969
04308001463,apartment,1,8.8615,8.590949058532715
04308001730,apartment,1,8.7948,8.604104042053223
04308200822,apartment,1,7.9866,8.078510284423828
04308300614,apartment,1,8.5006,8.234355926513672
04308400953,apartment,1,8.6712,8.219743728637695
04309200583,apartment,1,8.3576,8.14940357208252
04309501133,apartment,1,9.2377,8.783248901367188
04309503039,apartment,1,9.3157,8.783788681030273
04309700659,apartment,1,8.2798,8.159135818481445
04310204252,apartment,1,9.0484,8.695631980895996
04310204899,apartment,1,9.0257,8.75497055053711
04310205240,apartment,1,8.8357,8.711557388305664
04310601731,apartment,1,8.8207,8.669843673706055
04310701175,apartment,1,8.6528,8.41775131225586
04310702821,apartment,1,8.7118,8.589583396911621
04310703380,apartment,1,8.6839,8.541099548339844
04310704255,apartment,1,8.7197,8.535091400146484
04311301707,apartment,1,8.7298,8.64205265045166
04311901100,apartment,1,8.3774,8.282515525817871
04315400572,apartment,1,8.2489,8.226991653442383
04315401390,apartment,1,8.6456,8.381034851074219
04315800686,apartment,1,8.5259,8.325550079345703
04317901651,apartment,1,8.2538,8.072478294372559
04320002822,apartment,1,8.7934,8.697661399841309
04320300718,apartment,1,8.7361,8.579474449157715
04320302125,apartment,1,8.6464,8.575441360473633
04320400593,apartment,1,8.5172,8.454492568969727
04320401670,apartment,1,8.5172,8.452862739562988
04320402197,apartment,1,8.5607,8.45688533782959
04320402480,apartment,1,8.5459,8.475090026855469
04402200611,apartment,9,8.6507,8.816873550415039
04402202477,apartment,9,8.7033,8.822046279907227
04404001282,apartment,9,8.7226,8.56380844116211
04404005652,apartment,9,8.7859,8.725418090820312
04404400527,apartment,9,8.5297,8.514524459838867
04404401851,apartment,9,8.8135,8.58371353149414
04407800488,apartment,9,8.561,8.501524925231934
04408700754,apartment,9,8.605,8.705559730529785
04408801305,apartment,9,8.4637,8.675453186035156
04409302183,apartment,9,8.722,8.504020690917969
04409302795,apartment,9,8.4888,8.516616821289062
04413001321,apartment,9,8.6458,8.494281768798828
04501801158,apartment,1,8.7881,8.670225143432617
04503902091,apartment,1,8.2997,8.410135269165039
04504001731,apartment,1,8.8012,8.705089569091797
04506302486,apartment,1,8.8304,8.730789184570312
04506702603,apartment,6,8.4829,8.51409912109375
04507901111,apartment,1,8.538,8.582042694091797
04508403166,apartment,1,8.7248,8.360055923461914
04508801579,apartment,6,8.9102,8.70764446258545
04510402449,apartment,6,8.6954,8.608765602111816
04510601034,apartment,6,9.1127,8.862268447875977
04512001204,apartment,1,8.3223,8.361751556396484
04514001023,apartment,1,8.4952,8.350223541259766
04514101524,apartment,1,8.4833,8.57179069519043
04514106161,apartment,1,8.8088,8.807455062866211
04515900609,apartment,1,8.3915,8.51264476776123
04516602865,apartment,6,8.4386,8.464557647705078
04518202953,apartment,6,8.7915,8.585222244262695
04518401573,apartment,6,8.5317,8.49243450164795
04519804302,apartment,6,8.6462,8.47624397277832
04520100402,apartment,6,8.9105,8.617391586303711
04520100712,apartment,6,8.7351,8.453191757202148
04521400914,apartment,6,8.4085,8.429153442382812
04524001808,apartment,6,8.78,8.48519515991211
04524002200,apartment,6,8.5992,8.71580696105957
04524002596,apartment,6,8.6539,8.709869384765625
04528600390,apartment,1,9.197,9.089080810546875
04529803236,apartment,1,7.9729,8.076499938964844
04600600762,apartment,1,8.1817,8.129473686218262
04601102057,apartment,1,8.5359,8.447126388549805
04602011365,apartment,1,8.5429,8.281364440917969
04602011578,apartment,1,8.4734,8.272096633911133
04602014283,apartment,1,8.7734,8.39944076538086
04602014291,apartment,1,8.7661,8.389512062072754
04602303773,apartment,1,8.7806,8.851802825927734
04602902944,apartment,1,7.9436,8.047353744506836
04602906885,apartment,1,8.284,8.10163688659668
04602907164,apartment,1,7.9503,8.107933044433594
04602912044,apartment,1,8.7518,8.392374992370605
04602912109,apartment,1,8.6372,8.366692543029785
04603001381,apartment,1,8.2596,8.29371166229248
04603002149,apartment,1,8.6473,8.404003143310547
04603002157,apartment,1,8.7347,8.39052963256836
04603303165,apartment,1,8.6759,8.415999412536621
04603400969,apartment,1,8.6066,8.361759185791016
04603501978,apartment,1,8.1807,8.279205322265625
04605801391,apartment,1,8.1391,8.137999534606934
04606000971,apartment,1,8.294,8.135494232177734
04606012341,apartment,1,8.8388,8.64192008972168
04606012846,apartment,1,8.7245,8.644821166992188
04606013184,apartment,1,8.8571,8.649593353271484
04606102195,apartment,1,8.8128,8.496147155761719
04610804468,apartment,1,8.2808,8.081609725952148
04611301931,apartment,1,8.905,8.571333885192871
04611600602,apartment,1,7.8775,7.960031986236572
04615000571,apartment,1,8.4118,8.28535270690918
04615101600,apartment,1,8.406,8.051010131835938
04615200781,apartment,1,8.4118,8.11660385131836
04615901321,apartment,1,8.2192,7.7251176834106445
04615902107,apartment,1,8.3536,8.046799659729004
04616500282,apartment,1,8.5664,8.579562187194824
04618500875,apartment,1,8.3484,8.29085922241211
04619102997,apartment,1,7.8168,7.986238479614258
04619104523,apartment,1,8.2109,8.198236465454102
04619701254,apartment,1,8.3813,8.3392915725708
04620204048,apartment,1,8.7494,8.619117736816406
04620701351,apartment,1,8.2643,8.108699798583984
04620702285,apartment,1,8.4925,8.223621368408203
04621800639,apartment,1,8.4326,8.286675453186035
04621803621,apartment,1,8.8504,8.735471725463867
04621804022,apartment,1,8.7508,8.751363754272461
04621903004,apartment,1,8.4805,8.617319107055664
04621904000,apartment,1,8.7723,8.619548797607422
04621904167,apartment,1,9.0944,8.619215965270996
04621905295,apartment,1,8.7372,8.648808479309082
04621905554,apartment,1,8.8398,8.652315139770508
04621905813,apartment,1,8.7725,8.650205612182617
04621905831,apartment,1,9.1537,8.65164566040039
04621905988,apartment,1,8.783,8.648808479309082
04621906305,apartment,1,9.0942,8.627033233642578
04621906321,apartment,1,8.7219,8.632568359375
04621906569,apartment,1,9.0387,8.625985145568848
04621906631,apartment,1,9.1252,8.647870063781738
04621907115,apartment,1,8.7679,8.647870063781738
04621907239,apartment,1,9.1329,8.632568359375
04621907506,apartment,1,8.7588,8.648477554321289
04621907549,apartment,1,8.7588,8.648477554321289
04621907727,apartment,1,8.4412,8.677456855773926
04622502313,apartment,1,8.4288,8.521822929382324
04624101219,apartment,1,8.8138,8.668516159057617
04624202554,apartment,1,8.6813,8.798190116882324
04624203348,apartment,1,8.8575,8.797611236572266
04624301171,apartment,1,8.269,8.177531242370605
04700401176,apartment,1,8.6682,8.423820495605469
04701701122,apartment,1,8.1951,8.174102783203125
04701702943,apartment,1,8.6849,8.228639602661133
04701802239,apartment,1,8.2351,8.207756042480469
04701805998,apartment,1,8.6277,8.51449966430664
04703102331,apartment,1,8.6885,8.413724899291992
04703502194,apartment,1,8.5972,8.37076187133789
04703601265,apartment,1,8.3766,8.14294147491455
04703603039,apartment,1,8.4882,8.14166259765625
04703603683,apartment,1,8.2013,8.147333145141602
04703803747,apartment,1,8.5265,8.330204963684082
04704002535,apartment,1,7.8604,8.20684814453125
04705001885,apartment,1,8.24,8.296996116638184
04705005821,apartment,1,8.8231,8.771280288696289
04705006194,apartment,1,8.7891,8.767715454101562
04705501969,apartment,1,8.903,8.851082801818848
04705801873,apartment,1,8.3827,8.116640090942383
04705902920,apartment,1,8.8866,8.295195579528809
04706100836,apartment,1,8.7571,8.367574691772461
04706101050,apartment,1,8.8006,8.360206604003906
04706601908,apartment,1,8.5523,8.350248336791992
04707702279,apartment,1,8.4844,8.239511489868164
04707702880,apartment,1,8.2901,8.172407150268555
04708006128,apartment,1,8.8841,8.439545631408691
04708601328,apartment,1,8.6467,8.310606002807617
04708601492,apartment,1,8.3432,8.321614265441895
04709707588,apartment,1,8.71,8.298877716064453
04710301123,apartment,1,8.4607,8.167497634887695
04710301522,apartment,1,8.3822,8.161192893981934
04710407134,apartment,1,8.7612,8.339004516601562
04710508240,apartment,1,8.46,8.09002685546875
04710508615,apartment,1,8.5887,8.095938682556152
04710701172,apartment,1,8.4556,8.339349746704102
04715901439,apartment,1,8.3103,8.118124008178711
04716000974,apartment,1,8.1654,8.016828536987305
04716003248,apartment,1,8.8467,8.267105102539062
04716101381,apartment,1,8.4239,8.114616394042969
04716201511,apartment,1,8.9685,8.263814926147461
04716601706,apartment,1,8.3837,8.231186866760254
04716800334,apartment,1,8.6125,8.21810245513916
04716800687,apartment,1,8.3994,8.222834587097168
04717003179,apartment,1,8.2275,8.281089782714844
04717302710,apartment,1,8.5797,8.046581268310547
04717407733,apartment,1,8.8109,8.4678955078125
04719301614,apartment,1,8.3054,7.974122047424316
04719402951,apartment,1,8.4431,8.246408462524414
04719500900,apartment,1,8.1763,8.081315040588379
04719600972,apartment,1,8.0758,8.061147689819336
04719604056,apartment,1,8.6689,8.214315414428711
04719604692,apartment,1,8.607,8.211307525634766
04720201814,apartment,1,7.977,7.950494766235352
04720203833,apartment,1,9.0269,8.776985168457031
04720204287,apartment,1,8.8585,8.496295928955078
04720204635,apartment,1,8.8544,8.7811861038208
04720301630,apartment,1,8.3853,8.048177719116211
04720301851,apartment,1,8.5172,8.407424926757812
04720306527,apartment,1,8.5756,7.943424701690674
04720401201,apartment,1,8.408,8.071014404296875
04720502121,apartment,1,8.2423,7.977551460266113
04720803229,apartment,1,8.4335,8.166913986206055
04720803369,apartment,1,8.6248,8.218963623046875
04721302169,apartment,1,8.3741,8.266011238098145
04721901178,apartment,1,8.4239,8.241646766662598
04721901208,apartment,1,8.4664,8.239718437194824
04722002411,apartment,1,8.2962,8.034412384033203
04722002479,apartment,1,8.2777,8.053138732910156
04722002711,apartment,1,8.2668,8.037812232971191
04724000937,apartment,1,8.3536,8.12972640991211
04726400517,apartment,1,8.4402,8.268877029418945
04726401416,apartment,1,8.7786,8.962272644042969
04727805448,apartment,1,8.2079,8.140093803405762
04727901056,apartment,1,8.2548,8.27680492401123
04728507361,apartment,1,8.0525,8.214736938476562
04728509729,apartment,1,8.9072,8.835884094238281
04803701903,apartment,1,8.3669,8.14547061920166
04805903457,apartment,1,8.6096,8.340463638305664
04810009726,apartment,1,8.0505,8.031072616577148
04812300525,apartment,1,8.1926,8.249176979064941
04812402506,apartment,1,8.2769,8.229992866516113
04824803667,apartment,1,8.3385,8.311103820800781
04827801320,apartment,1,7.8512,8.129210472106934
04841200479,apartment,1,8.1987,7.998447895050049
04843100641,apartment,1,8.4931,8.210029602050781
04900601292,apartment,1,8.1569,8.088054656982422
04900603821,apartment,1,8.6578,8.356161117553711
04901000578,apartment,1,8.2792,8.000704765319824
04901000632,apartment,1,8.4144,7.931802749633789
04904800923,apartment,1,7.9442,8.063261032104492
04905202892,apartment,1,8.4737,8.311481475830078
04905203228,apartment,1,8.4047,8.315611839294434
04905203783,apartment,1,8.569,8.311481475830078
04906003540,apartment,1,8.1481,8.293252944946289
04906005543,apartment,1,8.3425,8.329612731933594
04906600816,apartment,1,8.9872,8.34980583190918
04906601375,apartment,1,8.7403,8.34524154663086
04906701124,apartment,1,8.055,7.947863578796387
04906801927,apartment,1,8.5103,8.267097473144531
04907900589,apartment,1,8.3868,8.261950492858887
04909406026,apartment,1,7.835,8.333901405334473
04910201629,apartment,1,8.0268,7.945398330688477
04910700811,apartment,1,8.1238,8.233804702758789
04911503270,apartment,1,8.3007,8.28020191192627
04911503416,apartment,1,8.1356,8.286274909973145
04911503912,apartment,1,8.4157,8.28354549407959
04911901985,apartment,1,8.6148,8.359214782714844
04912105619,apartment,1,8.5451,8.269935607910156
04912107549,apartment,1,8.4981,8.269766807556152
04912200425,apartment,1,8.1117,8.05429458618164
04914310317,apartment,1,8.2468,8.090301513671875
04914311631,apartment,1,8.0208,8.085054397583008
04914313881,apartment,1,8.1225,8.088199615478516
04914328372,apartment,1,7.9866,8.153614044189453
04914331063,apartment,1,8.2253,8.202880859375
04914337614,apartment,1,8.3986,8.313886642456055
04914501945,apartment,1,8.6965,8.270257949829102
04914502739,apartment,1,8.7096,8.291102409362793
04915200841,apartment,1,7.7475,8.137304306030273
04919703041,apartment,1,8.1964,8.168985366821289
04919705107,apartment,1,8.2199,8.278768539428711
04919705972,apartment,1,8.1751,8.27534294128418
04919803958,apartment,1,8.7469,8.229368209838867
04920401124,apartment,1,8.0217,8.106632232666016
04922201882,apartment,1,8.565,8.325159072875977
04922900871,apartment,1,8.476,8.256380081176758
04926501406,apartment,1,8.2714,8.35530948638916
04926502240,apartment,1,8.238,8.35312557220459
04928606124,apartment,1,8.3715,8.206768035888672
04928612736,apartment,1,8.6638,8.5413818359375
04942100569,apartment,1,8.2808,8.012374877929688
04945401144,apartment,1,8.2137,8.25238037109375
04946600851,apartment,1,8.1385,8.046996116638184
04946603212,apartment,1,7.9619,8.0809326171875
04948100668,apartment,1,7.5844,7.789980411529541
04948100897,apartment,1,7.6193,7.850704193115234
05000801512,apartment,1,8.7343,8.5399808883667
05001302153,apartment,1,8.4877,8.557140350341797
05001303982,apartment,1,8.4417,8.55772590637207
05001304636,apartment,1,8.5575,8.474327087402344
05002402283,apartment,1,8.6583,8.390729904174805
05007201375,apartment,1,8.3119,8.182229995727539
05007202118,apartment,1,8.7113,8.44518756866455
05007202185,apartment,1,8.7308,8.441845893859863
05007203361,apartment,1,8.3165,8.401729583740234
05009200945,apartment,1,8.3124,8.263412475585938
05012100182,apartment,1,8.4154,8.390108108520508
05012101308,apartment,1,8.3413,8.389829635620117
05013601479,apartment,1,8.392,8.020560264587402
05013900591,apartment,1,8.0856,8.11564826965332
05013901936,apartment,1,8.4631,8.283010482788086
05015402368,apartment,1,8.2771,8.352180480957031
05015403356,apartment,1,8.2334,8.367500305175781
05016403295,apartment,1,8.5862,8.415353775024414
05016404305,apartment,1,8.6971,8.418844223022461
05016602476,apartment,1,8.3615,8.321432113647461
05021902301,apartment,1,7.9749,8.130794525146484
05022205416,apartment,1,8.6498,8.468456268310547
05023802140,apartment,1,8.387,7.994061470031738
05023807568,apartment,1,8.3473,8.23452377319336
05023808769,apartment,1,8.3324,8.235374450683594
05023809358,apartment,1,8.183,8.04550838470459
05023812103,apartment,1,7.9911,8.045639991760254
05023814386,apartment,1,8.2659,8.397090911865234
05023815137,apartment,1,8.3059,8.326604843139648
05023816729,apartment,1,7.9184,8.29701042175293
05100906881,apartment,9,8.6246,8.270198822021484
05101100404,apartment,9,8.6495,8.197660446166992
05101705322,apartment,9,8.5603,8.309823989868164
05101708356,apartment,9,7.769,8.317466735839844
05102302698,apartment,9,8.8226,8.51956558227539
05103702940,apartment,9,8.209,8.235394477844238
05103703424,apartment,9,8.1128,8.238683700561523
05104603369,apartment,9,8.1729,8.08598518371582
05106101255,apartment,9,8.534,8.3947114944458
05106102464,apartment,9,8.37,8.229950904846191
05106300479,apartment,9,7.9866,7.890275955200195
05106501245,apartment,9,8.1668,7.873537063598633
05108900783,apartment,9,8.0878,8.43198299407959
05115503700,apartment,9,8.746,8.675189971923828
05117300701,apartment,9,8.5885,8.521472930908203
05117300718,apartment,9,8.6006,8.522407531738281
05125701602,apartment,9,7.9212,8.06583309173584
05125901202,apartment,9,7.9434,8.26915168762207
05126000462,apartment,9,8.2978,8.29122257232666
05126100912,apartment,9,8.1358,8.148780822753906
05126205129,apartment,9,8.3994,7.98643684387207
05126205331,apartment,9,8.6763,8.335393905639648
05126205803,apartment,9,8.9692,8.541818618774414
05126206214,apartment,9,8.8998,8.507119178771973
05126800248,apartment,9,8.5774,8.095315933227539
05130602196,apartment,9,8.2659,8.300497055053711
05130605993,apartment,9,8.3712,8.301767349243164
05130610385,apartment,9,8.2816,8.301224708557129
05130617134,apartment,9,8.2329,8.330886840820312
05130620135,apartment,9,8.4978,8.345998764038086
05130620380,apartment,9,8.478,8.345998764038086
05130622367,apartment,9,8.5869,8.319832801818848
05130622545,apartment,9,8.4219,8.339542388916016
05131500990,apartment,9,8.7628,8.751775741577148
05131701473,apartment,9,8.381,8.595806121826172
05131701971,apartment,9,8.3383,8.392570495605469
05133805950,apartment,9,8.2749,8.210091590881348
05134102384,apartment,9,8.6785,8.212202072143555
05134102661,apartment,9,8.5684,8.21298599243164
05200204313,apartment,9,8.7615,8.522631645202637
05201200941,apartment,9,8.4034,8.329855918884277
05202401590,apartment,9,8.087,8.10634708404541
05202901542,apartment,9,8.3328,8.20464038848877
05203200841,apartment,9,8.5952,8.396932601928711
05203302431,apartment,9,8.1951,8.344924926757812
05203602441,apartment,9,8.566,8.499287605285645
05204801227,apartment,9,8.8571,8.449422836303711
05205401427,apartment,9,8.2124,8.197515487670898
05205601213,apartment,9,8.3728,8.39467716217041
05205802456,apartment,9,8.643,8.591697692871094
05206100862,apartment,9,8.3205,8.253864288330078
05206600903,apartment,9,8.0997,8.174450874328613
05208114461,apartment,9,8.8049,8.710092544555664
05208201062,apartment,9,7.9849,8.215858459472656
05209002632,apartment,9,8.4267,8.53978157043457
05209002667,apartment,9,8.3563,8.536096572875977
05209201813,apartment,9,8.646,8.714228630065918
05209205452,apartment,9,8.7424,8.43777084350586
05210601781,apartment,9,7.9875,8.15726089477539
05211900413,apartment,9,7.9303,8.102254867553711
05211901282,apartment,9,8.7243,8.552891731262207
05215800731,apartment,9,8.635,8.669086456298828
05223004000,apartment,9,8.566,8.654335021972656
05223005481,apartment,9,8.5511,8.70523738861084
05224604060,apartment,9,8.7275,8.569957733154297
05224604133,apartment,9,8.7323,8.533681869506836
05302202506,apartment,9,8.372,8.751067161560059
05303303101,apartment,3,8.5086,8.449265480041504
05303305491,apartment,3,8.4219,8.397564888000488
05328900839,apartment,3,8.7465,8.44940185546875
05333904456,apartment,9,8.5698,8.490570068359375
05400500765,apartment,9,8.2714,8.218696594238281
05401601591,apartment,9,8.3139,8.23718547821045
05401803605,apartment,9,8.612,8.559417724609375
05402906378,apartment,9,8.7029,8.557546615600586
05404201568,apartment,9,8.6972,8.381175994873047
05404907207,apartment,9,8.5778,8.564352035522461
05405101907,apartment,9,8.294,8.36905288696289
05405203270,apartment,9,8.7916,8.621593475341797
05407301385,apartment,9,8.6166,8.459512710571289
05407301644,apartment,9,8.0546,8.51521110534668
05407301717,apartment,9,8.6432,8.455644607543945
05410602498,apartment,9,8.8474,8.463557243347168
05410602668,apartment,9,8.7139,8.45788860321045
05411312892,apartment,9,8.8796,8.463281631469727
05411401674,apartment,9,8.5839,8.64617919921875
05411503760,apartment,9,8.6961,8.684860229492188
05412201431,apartment,9,8.4295,8.223276138305664
05412503411,apartment,9,8.98,8.934954643249512
05412601121,apartment,9,8.0247,8.216630935668945
05412601510,apartment,9,8.3404,8.116580963134766
05414001677,apartment,9,8.4374,8.350086212158203
05414400921,apartment,9,7.7266,8.024827003479004
05415804188,apartment,9,8.8004,8.054542541503906
05416400501,apartment,3,8.5952,8.709068298339844
05417702722,apartment,9,8.6192,8.776800155639648
05419901218,apartment,9,7.5213,8.131420135498047
05420001705,apartment,9,8.9453,8.82480239868164
05420806304,apartment,9,8.6858,8.718894958496094
05423601487,apartment,9,8.8075,8.521865844726562
05501400839,apartment,3,8.7072,8.601778030395508
05501900629,apartment,3,8.6398,8.571386337280273
05504401305,apartment,3,7.9782,8.124114990234375
05505100880,apartment,3,7.9335,8.099475860595703
05509201630,apartment,3,8.9128,8.64645767211914
05509201975,apartment,3,8.9362,8.63742733001709
05512500430,apartment,3,8.2463,8.28593635559082
05512501828,apartment,3,8.3349,8.34027099609375
05512503839,apartment,3,8.3897,8.317438125610352
05518201486,apartment,3,8.1706,8.312297821044922
05519701245,apartment,3,8.5172,8.572574615478516
05519901015,apartment,3,8.3716,8.496095657348633
05520103445,apartment,3,8.3205,8.484989166259766
05520601003,apartment,9,8.8043,8.464250564575195
05525801371,apartment,3,8.2126,8.112771987915039
05527102398,apartment,3,8.3497,8.435514450073242
05537300885,apartment,3,8.0341,8.310041427612305
05538001105,apartment,3,8.3774,8.290960311889648
05604003751,apartment,3,8.3243,8.507909774780273
05605101080,apartment,3,8.2212,8.518424987792969
05605103474,apartment,3,8.2889,8.487563133239746
05606800713,apartment,9,8.4584,8.405879020690918
05606802937,apartment,9,8.5913,8.463546752929688
05607905195,apartment,3,8.7881,8.637260437011719
05609001676,apartment,3,8.6288,8.541581153869629
05609001781,apartment,3,8.6552,8.621545791625977
05609002451,apartment,3,8.5778,8.541581153869629
05609002532,apartment,3,8.6627,8.53763198852539
05609004330,apartment,3,8.6467,8.586332321166992
05609004438,apartment,3,8.5356,8.581623077392578
05609804019,apartment,9,8.3578,8.367330551147461
05609804299,apartment,9,8.3862,8.367330551147461
05609805724,apartment,9,8.3961,8.366486549377441
05609813379,apartment,9,8.7536,8.538176536560059
05611403174,apartment,3,8.2903,8.241416931152344
05612305532,apartment,9,8.8961,8.541101455688477
05614800352,apartment,9,8.2346,8.163202285766602
05615201436,apartment,9,8.4188,8.316556930541992
05616402222,apartment,9,8.0962,8.075382232666016
05617300660,apartment,3,8.5374,8.597627639770508
05617501003,apartment,9,8.1578,8.203584671020508
05617703943,apartment,3,8.3075,8.511021614074707
05617704540,apartment,3,8.3326,8.519739151000977
05619901531,apartment,3,8.9497,8.675248146057129
05620603806,apartment,3,8.3933,8.211345672607422
05620606104,apartment,3,8.311,8.294981002807617
05621600721,apartment,9,8.3423,8.286006927490234
05623802761,apartment,3,8.4431,8.508685111999512
05700201208,apartment,3,8.3413,8.466126441955566
05700701294,apartment,3,8.7068,8.377090454101562
05700701529,apartment,3,8.6115,8.377090454101562
05700703971,apartment,3,8.5172,8.48501205444336
05700704196,apartment,3,8.4764,8.520891189575195
05700704226,apartment,3,8.5817,8.521471977233887
05700704641,apartment,3,8.5172,8.522090911865234
05700705427,apartment,3,8.2752,8.451436996459961
05700706032,apartment,3,8.8049,8.476728439331055
05700706733,apartment,3,8.9394,8.469505310058594
05700707111,apartment,3,9.028,8.543561935424805
05701702170,apartment,3,8.7675,8.499217987060547
05702002776,apartment,3,8.686,8.81219482421875
05702201698,apartment,3,8.7201,8.683540344238281
05702203003,apartment,3,8.8888,8.681644439697266
05702301056,apartment,3,8.6638,8.474820137023926
05704801137,apartment,3,7.9817,8.199377059936523
05704902308,apartment,3,8.3265,8.240691184997559
05708501278,apartment,3,8.2481,8.295698165893555
05724301210,apartment,3,8.316,8.31070327758789
05724900629,apartment,3,8.1577,8.319700241088867
05726601254,apartment,3,8.2199,8.343353271484375
05728900372,apartment,3,8.1377,8.274681091308594
05800601194,apartment,3,7.6669,8.065166473388672
05800601283,apartment,3,8.0508,8.069580078125
05800800936,apartment,3,8.2338,8.185742378234863
05801601392,apartment,3,8.1837,8.340248107910156
05801901035,apartment,3,8.5913,8.369277954101562
05802601396,apartment,3,8.4285,8.518854141235352
05802602791,apartment,3,8.4678,8.539363861083984
05804401734,apartment,3,8.2563,8.186698913574219
05804402481,apartment,3,8.2673,8.406347274780273
05805101130,apartment,3,8.6148,8.679706573486328
05805600625,apartment,3,8.4839,8.487028121948242
05805600651,apartment,3,8.4494,8.487909317016602
05806101495,apartment,3,8.4293,8.353462219238281
05807500482,apartment,3,8.6424,8.476418495178223
05808301521,apartment,3,8.5352,8.562970161437988
05809501648,apartment,3,8.0709,8.193809509277344
05809900941,apartment,3,8.1325,8.144733428955078
05810301010,apartment,3,8.129,8.166635513305664
05810302874,apartment,3,8.2653,8.406578063964844
05815802141,apartment,3,8.6082,8.398797988891602
05815804770,apartment,3,8.665,8.636255264282227
05815805696,apartment,3,8.5499,8.675607681274414
05815808741,apartment,3,8.8239,8.708255767822266
05816101544,apartment,3,7.9706,8.177483558654785
05816401025,apartment,3,8.4317,8.399900436401367
05818901696,apartment,3,8.4882,8.479082107543945
05819601017,apartment,3,8.4616,8.298660278320312
05821900557,apartment,3,8.342,8.494434356689453
05821900654,apartment,3,8.3385,8.509634017944336
05822700772,apartment,3,8.0472,8.338101387023926
05902904412,apartment,3,8.6507,8.413740158081055
05903601073,apartment,3,7.8937,8.066690444946289
05904100973,apartment,3,8.0221,8.044794082641602
05904902727,apartment,3,8.4519,8.248086929321289
05905204713,apartment,3,8.2465,8.199518203735352
05905205434,apartment,3,8.3133,8.209959030151367
05906302565,apartment,3,8.4254,8.409797668457031
05907704411,apartment,3,8.0766,8.240385055541992
05911001314,apartment,3,8.5791,8.488565444946289
05912001271,apartment,3,8.2149,8.345335006713867
05916501171,apartment,3,8.7355,8.543749809265137
05916501579,apartment,3,8.7362,8.556610107421875
05922401319,apartment,3,8.3439,8.201601028442383
05923101904,apartment,3,8.3252,8.27625846862793
05923104652,apartment,3,8.2836,8.208343505859375
05927703143,apartment,3,8.397,8.448570251464844
06003405066,apartment,3,8.1007,8.219917297363281
06004500585,apartment,3,7.9503,8.024272918701172
06006001462,apartment,3,8.1124,8.32187271118164
06006001608,apartment,3,8.0766,8.32187271118164
06006001640,apartment,3,8.0178,8.321576118469238
06006001659,apartment,3,8.1117,8.314973831176758
06008801741,apartment,3,8.294,8.349481582641602
06008801903,apartment,3,8.388,8.350564956665039
06020003302,apartment,3,7.4757,8.025369644165039
06024206305,apartment,3,8.3413,8.320030212402344
06026001506,apartment,3,8.0472,8.072277069091797
06029905341,apartment,3,8.3516,8.009283065795898
06029909703,apartment,3,8.2795,8.160232543945312
06032800547,apartment,3,7.8545,8.025224685668945
06100101254,apartment,3,8.101,8.119863510131836
06103201756,apartment,3,8.1117,8.15181827545166
06103602890,apartment,3,8.0934,8.459441184997559
06103803098,apartment,3,8.0555,8.169206619262695
06107801057,apartment,3,8.0882,8.242122650146484
06109502332,apartment,3,8.503,8.460588455200195
06110301205,apartment,3,8.435,8.361937522888184
06111702319,apartment,3,8.5322,8.491958618164062
06114803973,apartment,3,8.3007,8.368016242980957
06115606357,apartment,3,8.6732,8.4462251663208
06116000479,apartment,3,8.2667,8.07076644897461
06202501881,apartment,9,8.6847,8.287875175476074
06202502312,apartment,9,8.5836,8.289104461669922
06203200417,apartment,9,8.2019,8.152568817138672
06204302310,apartment,9,8.5076,8.431258201599121
06206107681,apartment,9,7.9804,8.204992294311523
06206110168,apartment,9,8.2267,8.213979721069336
06206111288,apartment,9,7.9795,8.295425415039062
06206111733,apartment,9,7.9825,8.290796279907227
06206113833,apartment,9,8.3441,8.500239372253418
06206121631,apartment,9,8.534,8.546731948852539
06206126994,apartment,9,8.2553,8.543062210083008
06208007364,apartment,9,8.8524,8.65017318725586
06208007712,apartment,9,8.6876,8.646854400634766
06208014115,apartment,9,8.7371,8.694424629211426
06208014123,apartment,9,8.7606,8.70143985748291
06210517196,apartment,9,9.1334,8.63956356048584
06211400985,apartment,9,8.1413,7.960384368896484
06211602413,apartment,9,8.3822,8.364700317382812
06211603827,apartment,9,8.6446,8.62663459777832
06211801742,apartment,9,8.6378,8.525016784667969
06211803176,apartment,9,8.535,8.522872924804688
06212001014,apartment,9,8.0796,8.102548599243164
06212102031,apartment,9,8.507,8.176924705505371
06212204225,apartment,9,8.8251,8.670371055603027
06212300501,apartment,9,8.9833,8.733870506286621
06212605361,apartment,9,8.534,8.55902099609375
06212605890,apartment,9,8.3019,8.67402458190918
06212606455,apartment,9,8.6443,8.559455871582031
06217204691,apartment,9,8.5495,8.597881317138672
06219002202,apartment,9,8.1759,8.223004341125488
06219201671,apartment,9,8.3198,8.480289459228516
06221001889,apartment,9,8.7614,8.54047966003418
06221203821,apartment,9,8.1435,8.108449935913086
06224202613,apartment,9,8.7685,8.68918228149414
06224204349,apartment,9,8.8061,8.795917510986328
06224404747,apartment,3,8.6284,8.445417404174805
06224405621,apartment,3,8.6148,8.395186424255371
06224405727,apartment,3,8.392,8.444124221801758
06224405751,apartment,3,8.6671,8.43989372253418
06224409129,apartment,3,8.0218,8.35862922668457
06224415315,apartment,3,8.1213,8.375513076782227
06224415358,apartment,3,8.2431,8.445262908935547
06224417350,apartment,3,7.9844,8.356345176696777
06224421587,apartment,3,8.2727,8.377254486083984
06224422516,apartment,3,8.1006,8.380359649658203
06302500370,apartment,9,8.1987,7.818568229675293
06307001666,apartment,9,8.2548,8.339771270751953
06307001674,apartment,9,8.3618,8.345945358276367
06307703857,apartment,9,8.3576,8.290746688842773
06307704292,apartment,9,8.3183,8.291482925415039
06307707828,apartment,9,8.2199,8.239614486694336
06307708158,apartment,9,8.294,8.239461898803711
06307708336,apartment,9,8.2683,8.361869812011719
06307709170,apartment,9,8.2365,8.226991653442383
06308702021,apartment,9,8.1468,8.307816505432129
06308702765,apartment,9,8.2295,8.282038688659668
06310202448,apartment,9,8.3261,8.346038818359375
06310901966,apartment,9,8.1043,8.436532974243164
06410903316,apartment,4,8.294,8.532246589660645
06417402681,apartment,9,8.2567,8.433311462402344
06422301618,apartment,4,8.7529,8.459564208984375
06422401957,apartment,4,8.2217,8.396477699279785
06503200757,apartment,4,7.9514,8.127067565917969
06510000792,apartment,4,8.7403,8.567981719970703
06510502488,apartment,4,8.4912,8.284539222717285
06510502704,apartment,4,8.5172,8.284539222717285
06510504456,apartment,4,8.7725,8.20229434967041
06512200721,apartment,4,8.2182,8.203310012817383
06512200756,apartment,4,8.6237,8.216564178466797
06609402851,apartment,4,8.323,8.204784393310547
06609403600,apartment,4,8.2059,8.126132011413574
06612703628,apartment,4,8.5288,8.094862937927246
06615301679,apartment,4,8.3888,8.121734619140625
06629400631,apartment,4,8.5027,8.193593978881836
06629400641,apartment,4,8.6507,8.353769302368164
06663103008,apartment,4,8.3517,8.125049591064453
06663200305,apartment,4,8.3688,8.158126831054688
06706102040,apartment,4,8.4991,8.072843551635742
06713400841,apartment,4,8.6059,8.12424087524414
06715303096,apartment,4,8.4024,8.18801212310791
06716901701,apartment,4,8.3547,8.199203491210938
06716902392,apartment,4,8.3115,8.23710823059082
06718206466,apartment,4,8.0879,8.098341941833496
06718206997,apartment,4,8.0997,8.09880256652832
06718401821,apartment,4,8.5001,8.301961898803711
06718601845,apartment,4,8.2035,7.9632086753845215
06718604852,apartment,4,8.8049,8.189311981201172
06718607835,apartment,4,8.3913,8.193103790283203
06719101048,apartment,4,8.0905,7.954312801361084
06719101323,apartment,4,8.0905,7.954643249511719
06721401071,apartment,4,8.3593,7.918414115905762
06722408779,apartment,4,8.7767,8.287582397460938
06722601935,apartment,4,7.6557,7.871565341949463
06722702839,apartment,4,8.7536,8.483044624328613
06724701171,apartment,4,8.6392,8.579533576965332
06725400485,apartment,4,8.0943,7.942696571350098
06726201206,apartment,4,8.0098,7.956070899963379
06726803591,apartment,4,8.609,8.365585327148438
06727800332,apartment,4,8.6744,8.454313278198242
06728001409,apartment,4,8.4717,8.14450740814209
06728004629,apartment,4,8.4244,8.222762107849121
06734700909,apartment,4,8.4171,8.246326446533203
06735200500,apartment,4,8.0038,7.998744487762451
06738301537,apartment,4,8.4547,8.261935234069824
06738502672,apartment,4,8.0331,8.014751434326172
06747500512,apartment,4,8.0375,7.820842266082764
06800802891,apartment,4,8.8634,8.531150817871094
06801100866,apartment,4,8.1622,8.05576229095459
06801101331,apartment,4,8.342,8.416719436645508
06801504037,apartment,4,8.6924,8.482872009277344
06802301105,apartment,4,8.5042,8.7625150680542
06802701154,apartment,4,8.5172,8.483577728271484
06802701162,apartment,4,8.478,8.45838451385498
06802701197,apartment,4,8.5172,8.483577728271484
06802701219,apartment,4,8.478,8.45838451385498
06803501035,apartment,4,8.5905,8.159135818481445
06803800970,apartment,4,7.8584,7.8864288330078125
06803905357,apartment,4,8.5949,8.490139961242676
06804002237,apartment,4,8.6995,8.646671295166016
06804100549,apartment,4,8.5043,8.247361183166504
06804100948,apartment,4,8.5045,8.248495101928711
06804104366,apartment,4,8.9227,8.442394256591797
06809501061,apartment,4,8.5024,8.053155899047852
06809601260,apartment,4,8.5473,8.337540626525879
06816201401,apartment,4,8.6006,8.550291061401367
06816600894,apartment,4,8.6484,8.189437866210938
06816800796,apartment,4,8.5805,8.50980281829834
06819400861,apartment,4,7.502,7.991269111633301
06823000538,apartment,4,8.0577,8.178668975830078
06837100971,apartment,4,8.3664,8.118159294128418
06837101056,apartment,4,8.3907,8.117755889892578
06843200664,apartment,4,8.6197,8.45366096496582
06843200699,apartment,4,8.7796,8.45366096496582
06843401058,apartment,4,8.5994,8.679536819458008
06844201052,apartment,4,8.4151,8.124078750610352
06845001121,apartment,4,8.3459,8.1638765335083
06850701126,apartment,4,8.1918,8.204170227050781
06900601170,apartment,4,8.7968,8.742241859436035
06901702124,apartment,4,8.107,7.999890327453613
06903300945,apartment,4,8.4547,8.028599739074707
06904901101,apartment,4,8.3647,7.99056339263916
06905900508,apartment,4,8.3853,7.90825080871582
06905902012,apartment,4,8.2594,7.972253322601318
06906501089,apartment,4,7.9771,7.951562881469727
06907101671,apartment,4,8.2295,7.95884370803833
06907804263,apartment,4,8.6713,8.392932891845703
06907804549,apartment,4,8.6835,8.355606079101562
06908201181,apartment,4,9.2883,8.625141143798828
06909501233,apartment,4,8.1448,7.913084983825684
06909502175,apartment,4,8.0965,7.944268703460693
06909800788,apartment,4,8.1586,8.088099479675293
06912300839,apartment,4,8.4188,8.103343963623047
06915802223,apartment,4,8.1361,7.870861053466797
06916302781,apartment,4,8.1971,7.877063751220703
06916306246,apartment,4,8.0381,8.118598937988281
06916306513,apartment,4,7.972,8.056282043457031
06916309431,apartment,4,8.442,8.078344345092773
06916402741,apartment,4,8.5442,8.124131202697754
06916502703,apartment,4,8.5092,8.341461181640625
06916603135,apartment,4,8.3453,8.001607894897461
06916801336,apartment,4,8.1532,7.92233943939209
06917500887,apartment,4,8.213,8.222984313964844
06917701955,apartment,4,8.7429,8.330329895019531
06919001764,apartment,4,8.4089,8.076425552368164
06920400901,apartment,4,8.3862,8.197264671325684
06920504790,apartment,4,7.7231,8.000748634338379
06920506432,apartment,4,8.5869,8.079684257507324
06920514427,apartment,4,8.3774,8.286320686340332
06920800764,apartment,4,8.0413,8.035024642944336
07004304272,apartment,4,8.4616,8.262226104736328
07004602117,apartment,4,8.4727,8.303508758544922
07004602176,apartment,4,8.4575,8.303695678710938
07004602230,apartment,4,8.4584,8.406490325927734
07004602265,apartment,4,8.4878,8.30286979675293
07009101469,apartment,4,8.1084,7.986314296722412
07011600736,apartment,4,8.7767,8.372065544128418
07013100552,apartment,4,8.5359,8.373821258544922
07014800566,apartment,4,8.2973,8.173718452453613
07015000873,apartment,4,8.5826,7.887351989746094
07015006650,apartment,4,7.9353,7.940993309020996
07016102742,apartment,4,8.1315,7.967704772949219
07016104087,apartment,4,8.1467,7.94236421585083
07016110966,apartment,4,8.089,8.045294761657715
07016111563,apartment,4,8.2314,7.930222511291504
07016500993,apartment,4,8.1435,7.9829607009887695
07021901763,apartment,4,8.0554,7.860893726348877
07022304211,apartment,4,8.4289,8.059493064880371
07022304300,apartment,4,8.3349,8.052109718322754
07022304531,apartment,4,8.3245,8.062250137329102
07023009167,apartment,4,8.0743,7.9516448974609375
07023010785,apartment,4,8.1117,7.996836185455322
07023013067,apartment,4,8.6624,8.305076599121094
07023013202,apartment,4,8.7443,8.415864944458008
07030000439,apartment,4,8.0426,7.9631500244140625
07030000811,apartment,4,8.0775,7.964587211608887
07030001461,apartment,4,8.045,8.00580883026123
07030100344,apartment,4,8.0317,7.849794387817383
07030100611,apartment,4,8.1213,7.848729133605957
07030501063,apartment,4,7.9753,7.887966156005859
07030904370,apartment,4,8.1178,7.9423675537109375
07030905105,apartment,4,8.0725,7.9347944259643555
07030905385,apartment,4,8.2456,7.9417805671691895
07032500366,apartment,4,8.4619,7.910785675048828
07032609821,apartment,4,8.2453,8.155076026916504
07032611508,apartment,4,8.2409,8.139335632324219
07032613128,apartment,4,8.6618,8.156001091003418
07032615392,apartment,4,8.6144,8.118207931518555
07036800186,apartment,4,7.8753,7.998053550720215
07041302008,apartment,4,8.5405,8.355897903442383
07041700712,apartment,4,7.8911,7.895382404327393
07103701679,apartment,4,7.8025,7.840032577514648
07105203781,apartment,4,7.9749,7.916508197784424
07105204532,apartment,4,7.8823,8.107616424560547
07106001511,apartment,4,7.8539,7.872810363769531
07106301574,apartment,4,7.6323,7.846968650817871
07106405711,apartment,4,8.3994,8.211593627929688
07106405868,apartment,4,8.4821,8.316863059997559
07108301393,apartment,4,8.253,8.270801544189453
07108305641,apartment,4,7.9406,8.013347625732422
07108306441,apartment,4,8.0529,7.924871444702148
07110700879,apartment,4,7.9014,8.057821273803711
07114301081,apartment,4,8.3665,8.159806251525879
07114403860,apartment,4,7.6857,7.872164249420166
07118803601,apartment,4,8.0923,7.943844318389893
07118807362,apartment,4,8.4545,7.866025447845459
07118807524,apartment,4,8.2954,7.870915412902832
07121101564,apartment,4,8.2515,7.952686309814453
07122002888,apartment,4,8.4514,8.196471214294434
07131004472,apartment,4,7.9971,7.854310989379883
07133902117,apartment,4,8.7218,8.14993667602539
07133902710,apartment,4,8.6837,8.177473068237305
07133904101,apartment,4,8.6546,8.164278030395508
07136002370,apartment,4,8.1775,8.036115646362305
07136003075,apartment,4,8.3253,8.037199974060059
07136807867,apartment,4,8.0225,8.020386695861816
07136812461,apartment,4,8.6713,8.314526557922363
07136826578,apartment,4,8.3391,8.46549129486084
07136900921,apartment,4,8.0141,7.925408363342285
07137401244,apartment,4,8.1328,7.92980432510376
07137604005,apartment,4,7.7877,7.970463752746582
07141601457,apartment,4,8.1588,8.033185958862305
07141605592,apartment,4,8.7082,8.410797119140625
07142000880,apartment,4,7.8649,8.005697250366211
07142300426,apartment,4,8.4427,8.07917594909668
07142500638,apartment,4,7.9194,7.970673084259033
07143106674,apartment,4,8.0932,8.167072296142578
07143111368,apartment,4,8.2861,8.23058032989502
07143114197,apartment,4,8.5329,8.228911399841309
07143116157,apartment,4,8.2861,8.228911399841309
07143122191,apartment,4,8.3444,8.237652778625488
07143500585,apartment,4,8.0598,8.040385246276855
07143802565,apartment,4,8.4454,8.119864463806152
07143802964,apartment,4,7.9796,8.120576858520508
07143802972,apartment,4,8.0765,8.119940757751465
07143802980,apartment,4,8.0765,8.120880126953125
07143803138,apartment,4,8.0195,8.121068954467773
07144001681,apartment,4,7.9552,8.064922332763672
07144008617,apartment,4,7.9552,8.266334533691406
07144202707,apartment,4,8.5172,8.33635425567627
07144300415,apartment,4,7.9168,7.928213119506836
07145002183,apartment,4,8.2777,8.218727111816406
07145002396,apartment,4,8.2509,8.213800430297852
07146403262,apartment,4,7.902,7.9775495529174805
07146406921,apartment,4,8.2035,8.011032104492188
07146415627,apartment,4,8.7531,8.505147933959961
07146601366,apartment,4,7.7733,7.907394886016846
07150200397,apartment,4,8.2118,8.027511596679688
07150300413,apartment,4,7.9225,7.92519474029541
07150700901,apartment,4,8.2548,8.33203125
07150702661,apartment,4,8.5017,8.331415176391602
07151804768,apartment,4,8.4192,8.366846084594727
07151805918,apartment,4,8.4518,8.36622142791748
07151807252,apartment,4,8.4077,8.372577667236328
07151807295,apartment,4,8.4219,8.373699188232422
07202201186,apartment,4,8.4475,8.179925918579102
07202305534,apartment,4,8.357,8.339811325073242
07202504774,apartment,4,8.9227,8.465773582458496
07203800652,apartment,4,8.8521,8.549385070800781
07204705343,apartment,4,8.7502,8.277341842651367
07205201462,apartment,4,8.1213,8.005032539367676
07205302102,apartment,4,8.8503,8.292951583862305
07205400848,apartment,4,8.3439,7.924518585205078
07206404723,apartment,4,7.966,8.02415657043457
07206405381,apartment,4,8.0232,8.024542808532715
07206405398,apartment,4,8.4151,8.053503036499023
07206416527,apartment,4,8.4462,8.436300277709961
07206416616,apartment,4,8.4314,8.439759254455566
07207001363,apartment,4,8.4356,8.19863224029541
07207201826,apartment,4,8.1689,7.922347545623779
07210403841,apartment,4,7.8692,7.9396233558654785
07210802029,apartment,4,8.2677,8.057518005371094
07210902287,apartment,4,8.3389,8.064801216125488
07211903491,apartment,4,8.6226,8.432270050048828
07212201235,apartment,4,8.2708,7.975826263427734
07212702323,apartment,4,8.8739,8.450560569763184
07212802344,apartment,4,8.4578,7.988715648651123
07212803189,apartment,4,8.1944,8.15110969543457
07212904716,apartment,4,8.3214,8.055789947509766
07213001973,apartment,4,7.9999,8.057304382324219
07213202669,apartment,4,7.9594,7.923810005187988
07213603698,apartment,4,8.0186,8.032727241516113
07214702576,apartment,4,8.1319,7.923047065734863
07216804252,apartment,4,8.7197,8.608733177185059
07216806670,apartment,4,8.7657,8.698922157287598
07218502954,apartment,4,8.2267,8.082143783569336
07218803237,apartment,4,8.4161,8.03934097290039
07301004176,apartment,4,8.8739,8.623310089111328
07301006071,apartment,4,8.8105,8.611167907714844
07301802897,apartment,4,8.8967,8.273214340209961
07302204446,apartment,4,8.3672,8.101990699768066
07304602309,apartment,4,8.0109,8.03719425201416
07305100692,apartment,4,7.9964,7.951543807983398
07305801119,apartment,4,8.3462,8.095492362976074
07315600612,apartment,4,8.7855,8.673297882080078
07316101164,apartment,4,8.333,8.352054595947266
07326613354,apartment,4,8.2523,8.129087448120117
07326613400,apartment,4,8.3023,8.1305513381958
07326709890,apartment,4,8.4776,8.090716361999512
07329700568,apartment,0,8.7659,8.55595588684082
07404304512,apartment,7,8.4157,8.495465278625488
07407603766,apartment,7,8.5172,8.239866256713867
07408903615,apartment,7,8.6938,8.445611953735352
07420500274,apartment,7,8.207,8.590725898742676
07421300481,apartment,7,8.6144,8.869155883789062
07421400990,apartment,7,8.8379,8.525634765625
07422001275,apartment,7,8.4589,8.585704803466797
07422102160,apartment,7,8.3837,8.467456817626953
07437801248,apartment,7,8.4118,8.65469741821289
07503900989,apartment,4,8.558,8.493762016296387
07504500879,apartment,4,8.7156,8.639577865600586
07504500992,apartment,4,8.668,8.612189292907715
07509000841,apartment,4,8.6024,8.589530944824219
07509000866,apartment,4,8.633,8.605232238769531
07509000955,apartment,4,8.633,8.605232238769531
07510101948,apartment,4,8.0789,8.138298988342285
07510700779,apartment,4,8.7136,8.341438293457031
07510701503,apartment,4,8.6813,8.339750289916992
07510801273,apartment,4,8.7721,8.366055488586426
07510903084,apartment,4,9.28,8.563057899475098
07510903475,apartment,4,9.0708,8.563589096069336
07521702352,apartment,4,8.4785,8.545574188232422
07521702611,apartment,4,8.9029,8.846693992614746
07525405395,apartment,4,8.5801,8.297884941101074
07534101816,apartment,7,8.2623,8.271376609802246
07534203201,apartment,7,8.1665,8.290306091308594
07534203945,apartment,7,8.3816,8.285992622375488
07534404207,apartment,7,8.1117,8.096128463745117
07535000452,apartment,4,8.0943,8.094083786010742
07600905345,apartment,7,8.4102,8.606386184692383
07601201651,apartment,7,8.3837,8.640921592712402
07602403991,apartment,7,8.5817,8.46882438659668
07602405471,apartment,7,8.5567,8.480484962463379
07606001855,apartment,4,7.8139,7.918704986572266
07606700885,apartment,4,7.9964,7.951428413391113
07607800646,apartment,7,7.9,8.491035461425781
07607800867,apartment,7,8.0725,8.47793960571289
07611002181,apartment,4,7.9442,7.988457679748535
07611002260,apartment,4,8.1636,7.990499496459961
07615503388,apartment,4,7.9394,8.09872817993164
07618301336,apartment,7,8.5907,8.452322006225586
07618602549,apartment,7,8.254,8.50118350982666
07618700591,apartment,7,8.294,8.540541648864746
07618700656,apartment,7,8.294,8.552413940429688
07629003625,apartment,7,8.193,8.295010566711426
07630200595,apartment,7,8.1281,8.431188583374023
07630200773,apartment,7,8.2323,8.427831649780273
07632802177,apartment,7,8.0691,8.300935745239258
07634500283,apartment,7,8.0882,8.134833335876465
07646302074,apartment,7,8.5034,8.3003511428833
07651302478,apartment,7,8.1526,8.305106163024902
07677404847,apartment,4,8.0766,8.113882064819336
07677405207,apartment,4,8.2102,8.129660606384277
07677406076,apartment,4,8.1622,8.122207641601562
07677800904,apartment,7,7.9844,8.244915008544922
07701400664,apartment,7,8.2459,8.473508834838867
07703801666,apartment,7,8.0721,8.360101699829102
07707302540,apartment,7,8.2118,8.327467918395996
07711601395,apartment,7,7.8141,8.372912406921387
07713900756,apartment,7,8.3179,8.756365776062012
07737202668,apartment,7,7.6355,8.408563613891602
07747100639,apartment,7,8.3374,8.474098205566406
07749301917,apartment,7,8.5523,8.619765281677246
07801200780,apartment,7,8.0403,8.296299934387207
07803701736,apartment,7,8.1017,8.324156761169434
07809201867,apartment,7,8.5267,8.448118209838867
07822800698,apartment,7,8.7387,8.641250610351562
07822804383,apartment,7,8.6305,8.641250610351562
07824900819,apartment,7,8.1893,8.583470344543457
07826803179,apartment,7,8.9002,8.497295379638672
07835105063,apartment,7,8.2263,8.310096740722656
07835105497,apartment,7,8.1591,8.309530258178711
07835106541,apartment,7,8.1591,8.308664321899414
07835106914,apartment,7,8.4258,8.30931282043457
07835107023,apartment,7,7.9768,8.309288024902344
07835107449,apartment,7,8.1196,8.339408874511719
07835107821,apartment,7,8.1557,8.340599060058594
07835118191,apartment,7,8.0864,8.355161666870117
07835118335,apartment,7,8.2295,8.353418350219727
07835121875,apartment,7,8.1605,8.371271133422852
07835122332,apartment,7,8.3561,8.453791618347168
07835123924,apartment,7,8.294,8.440582275390625
07835123959,apartment,7,8.294,8.44355583190918
07835125171,apartment,7,8.3768,8.513893127441406
07835128896,apartment,7,8.4425,8.531702041625977
07837104791,apartment,7,8.4611,8.514244079589844
07837107888,apartment,7,8.5913,8.549386978149414
07837112611,apartment,7,8.2659,8.530665397644043
07837112725,apartment,7,8.4241,8.535748481750488
07837113731,apartment,7,8.3724,8.52950668334961
07837114000,apartment,7,8.398,8.52415657043457
07840102352,apartment,7,8.0362,8.200538635253906
07841201907,apartment,7,8.4752,8.27387523651123
07841602014,apartment,7,7.8494,8.187923431396484
07844200901,apartment,7,8.7364,8.643709182739258
07844200987,apartment,7,8.6962,8.64837646484375
07844200995,apartment,7,8.5473,8.630853652954102
07844202645,apartment,7,8.6595,8.626241683959961
07851901960,apartment,7,8.6359,8.977123260498047
07851902886,apartment,7,8.7369,8.952884674072266
07851903361,apartment,7,8.6867,8.749746322631836
07851904870,apartment,7,8.76,8.639059066772461
07851905737,apartment,7,8.6747,8.746576309204102
07852001580,apartment,7,8.4489,8.3623046875
07852902774,apartment,7,8.2884,8.648431777954102
07852904300,apartment,7,8.2998,8.649578094482422
07852907962,apartment,7,8.3052,8.653120994567871
07852910041,apartment,7,8.4737,8.655954360961914
07852913156,apartment,7,8.1342,8.648903846740723
07852913271,apartment,7,8.2884,8.640076637268066
07853002386,apartment,7,7.6628,8.66461181640625
07853010982,apartment,7,8.153,8.710734367370605
07853109644,apartment,7,8.1117,8.743118286132812
07853112793,apartment,7,8.3612,8.761222839355469
07853119380,apartment,7,8.0682,8.688091278076172
07853201109,apartment,7,8.2824,8.657752990722656
07853203391,apartment,7,8.2334,8.657907485961914
07853206038,apartment,7,8.1445,8.649676322937012
07853207891,apartment,7,8.2332,8.654745101928711
07853208065,apartment,7,8.2182,8.644936561584473
07853208863,apartment,7,8.3752,8.656793594360352
07853211538,apartment,7,8.408,8.616508483886719
07853213018,apartment,7,8.323,8.661550521850586
07853216726,apartment,7,8.1225,8.75250244140625
07913300639,apartment,7,8.6258,8.498559951782227
07917103617,apartment,7,8.0529,8.418298721313477
07917400638,apartment,7,7.9194,8.264837265014648
07917401669,apartment,7,8.0304,8.26797103881836
07920200792,apartment,7,8.4141,8.694990158081055
07966901602,apartment,8,8.4571,7.95269775390625
07966906507,apartment,8,8.5072,8.275437355041504
07974502223,apartment,7,8.0672,8.302363395690918
07974503841,apartment,7,8.1117,8.301765441894531
07974505524,apartment,7,8.1117,8.305807113647461
08001903028,apartment,7,8.6755,8.658998489379883
08001903451,apartment,7,8.6398,8.656000137329102
08004501265,apartment,7,9.0662,8.65304183959961
08004704001,apartment,7,8.9227,8.58584213256836
08004904701,apartment,7,8.4988,8.342283248901367
08006500940,apartment,7,8.2118,8.404268264770508
08009105465,apartment,7,8.6405,8.320073127746582
08009309710,apartment,7,8.6485,8.305962562561035
08009401781,apartment,7,8.7093,8.445947647094727
08009401803,apartment,7,8.5648,8.460639953613281
08011403214,apartment,7,8.9227,8.481613159179688
08012201216,apartment,7,8.4746,8.545795440673828
08012301636,apartment,7,8.6252,8.377127647399902
08012901341,apartment,7,8.9776,8.829122543334961
08015101891,apartment,7,8.8961,8.44466781616211
08015218276,apartment,7,8.8615,8.450601577758789
08015220823,apartment,7,8.7632,8.441198348999023
08015225205,apartment,7,8.829,8.52348518371582
08015226570,apartment,7,8.71,8.473752975463867
08015502225,apartment,7,8.9341,8.527373313903809
08015508622,apartment,7,8.8644,8.511907577514648
08015509106,apartment,7,8.8644,8.515705108642578
08015510422,apartment,7,8.8972,8.514914512634277
08015517907,apartment,7,9.1171,8.892780303955078
08100504199,apartment,7,8.6507,8.56266975402832
08100506965,apartment,7,8.4501,8.559501647949219
08100506981,apartment,7,8.7786,8.559501647949219
08100507031,apartment,7,8.5801,8.56266975402832
08102702273,apartment,7,8.3645,8.481623649597168
08108000319,apartment,0,8.9394,8.674814224243164
08109801099,apartment,0,8.5313,8.602246284484863
08109901794,apartment,0,9.2192,8.976663589477539
08113502701,apartment,0,8.7754,8.499373435974121
08113604421,apartment,0,8.5439,8.617121696472168
08113606602,apartment,0,8.6634,8.652900695800781
08113901272,apartment,0,8.9032,8.715166091918945
08115700721,apartment,0,8.9102,8.573041915893555
08116600745,apartment,0,8.9085,8.701135635375977
08116701525,apartment,0,8.4785,8.53239631652832
08116803875,apartment,0,8.998,8.586309432983398
08116804782,apartment,0,8.7179,8.672189712524414
08116804863,apartment,0,8.8694,8.674698829650879
08116807196,apartment,0,8.9186,8.61904239654541
08121802121,apartment,0,9.0656,9.042879104614258
08121802245,apartment,0,9.0251,9.038871765136719
08121802271,apartment,0,9.3135,9.038871765136719
08122700993,apartment,0,8.6084,8.645210266113281
08122701752,apartment,0,9.0349,8.837507247924805
08122706258,apartment,0,8.7928,8.911979675292969
08122801481,apartment,0,8.5007,8.610898971557617
08122901182,apartment,0,8.8612,8.641927719116211
08122905889,apartment,0,9.2904,9.097055435180664
08124201961,apartment,0,8.9443,8.746179580688477
08132400267,apartment,0,9.1112,8.593605041503906
08136001715,apartment,0,9.0097,8.509359359741211
08136006199,apartment,0,8.7875,8.492168426513672
08136200459,apartment,0,8.5998,8.502405166625977
08136700796,apartment,0,8.9488,8.489326477050781
08220600780,apartment,7,8.1673,8.292049407958984
08220600993,apartment,7,7.9294,8.230792999267578
08221102555,apartment,7,8.386,8.475661277770996
08221201561,apartment,7,8.096,8.277544021606445
08221801194,apartment,7,8.3679,8.50366497039795
08221801429,apartment,7,8.4492,8.503262519836426
08222101528,apartment,7,8.4379,8.459036827087402
08222103237,apartment,7,8.2097,8.522263526916504
08223001683,apartment,7,8.3912,8.607429504394531
08223007584,apartment,7,8.5076,8.55824089050293
08223202883,apartment,7,8.5511,8.762136459350586
08223205467,apartment,7,8.8683,8.762136459350586
08223207710,apartment,7,8.5454,8.559837341308594
08223209519,apartment,7,8.6026,8.484761238098145
08223210721,apartment,7,8.7682,8.48563289642334
08223211572,apartment,7,8.6783,8.484945297241211
08225202661,apartment,7,8.1724,8.199772834777832
08225601327,apartment,8,8.1834,8.131488800048828
08235700646,apartment,8,8.1146,8.09777545928955
08235702436,apartment,8,8.5764,8.546310424804688
08236303918,apartment,8,8.2537,8.197195053100586
08236800997,apartment,8,8.0652,8.152445793151855
08237000366,apartment,8,8.4881,8.239046096801758
08241204140,apartment,6,8.9732,9.197515487670898
08242001261,apartment,6,9.1317,9.174339294433594
08243700511,apartment,6,8.8049,8.720295906066895
08245003700,apartment,7,8.1335,8.212056159973145
08245003964,apartment,7,7.995,8.212430953979492
08245006564,apartment,7,8.3202,8.438416481018066
08245006971,apartment,7,8.1849,8.432920455932617
08245007269,apartment,7,8.3026,8.427899360656738
08245804541,apartment,8,8.2295,8.379791259765625
08245809101,apartment,8,8.3654,8.366662979125977
08245814369,apartment,8,8.0141,8.188396453857422
08245818844,apartment,8,8.362,8.358642578125
08245820407,apartment,8,8.3451,8.357782363891602
08252806120,apartment,6,9.1497,9.046784400939941
08252810462,apartment,6,8.9635,8.911956787109375
08254801045,apartment,8,8.8437,8.400546073913574
08260700891,apartment,8,8.3856,8.522599220275879
08263000580,apartment,8,8.4423,8.276224136352539
08263501962,apartment,8,8.4423,8.326830863952637
08264101232,apartment,8,8.5042,8.208169937133789
08264103715,apartment,8,8.5217,8.132312774658203
08303210343,apartment,0,8.8948,8.882360458374023
08304201038,apartment,0,8.9271,8.87330150604248
08304904942,apartment,6,9.1981,9.352032661437988
08309700520,apartment,0,9.1145,9.019577026367188
08309701381,apartment,0,9.2442,9.000391006469727
08310202938,apartment,6,9.0083,9.13193130493164
08317702111,apartment,0,9.0747,8.981557846069336
08319002060,apartment,6,8.8416,9.057964324951172
08321101542,apartment,0,9.2749,8.707902908325195
08322012322,apartment,6,9.4775,9.084871292114258
08322013701,apartment,6,9.1521,9.122820854187012
08322202385,apartment,6,9.2653,9.432859420776367
08322202474,apartment,6,9.1835,9.414947509765625
08322202482,apartment,6,9.2177,9.431723594665527
08322202741,apartment,6,9.1557,9.420553207397461
08322202751,apartment,6,9.2365,9.421310424804688
08322202962,apartment,6,9.2903,9.432859420776367
08322203063,apartment,6,9.2255,9.210777282714844
08322203217,apartment,6,9.1954,9.431723594665527
08322204159,apartment,6,9.1638,9.4322509765625
08322204302,apartment,6,9.1458,9.421310424804688
08500103531,apartment,6,8.8655,8.788237571716309
08501304522,apartment,6,8.969,8.813467025756836
08501304905,apartment,6,8.9778,8.892036437988281
08501305030,apartment,6,9.1324,8.812894821166992
08501305049,apartment,6,9.0839,8.812894821166992
08501305162,apartment,6,8.9988,8.805063247680664
08501305227,apartment,6,8.9415,8.819365501403809
08501305766,apartment,6,9.1553,8.80919075012207
08501306002,apartment,6,8.9419,8.809175491333008
08501306193,apartment,6,8.993,8.802177429199219
08501306207,apartment,6,9.1717,8.815766334533691
08501306541,apartment,6,8.9988,8.801462173461914
08501401005,apartment,6,8.8373,8.782480239868164
08501402060,apartment,6,8.8339,8.787314414978027
08501402443,apartment,6,8.8779,8.736047744750977
08501501281,apartment,6,8.3882,8.278645515441895
08501702277,apartment,6,8.7428,8.455759048461914
08501710180,apartment,6,9.6042,9.059891700744629
08501711608,apartment,6,8.6928,8.899331092834473
08501712884,apartment,6,8.7419,8.926261901855469
08502301624,apartment,6,9.2254,8.953990936279297
08502401051,apartment,6,9.0798,8.903009414672852
08502506005,apartment,6,9.0579,8.743303298950195
08502601891,apartment,6,9.2488,8.90573501586914
08502800371,apartment,6,8.7561,8.525781631469727
08503201429,apartment,6,8.2548,8.353538513183594
08503801231,apartment,6,9.0442,8.659933090209961
08503902036,apartment,6,9.1702,8.945592880249023
08506200911,apartment,6,9.1522,9.00604248046875
08506201055,apartment,6,9.1649,8.887130737304688
08506201527,apartment,6,9.0465,8.821772575378418
08506201551,apartment,6,9.0928,8.8256254196167
08506201675,apartment,6,9.0217,9.01158618927002
08506202183,apartment,6,9.1871,9.01158618927002
08506202396,apartment,6,9.0428,9.011797904968262
08506202434,apartment,6,9.1117,9.006080627441406
08506203201,apartment,6,9.1067,9.002819061279297
08506203384,apartment,6,9.0982,9.006080627441406
08509302073,apartment,6,9.3953,8.981110572814941
08509511624,apartment,6,8.6412,8.554961204528809
08509801916,apartment,6,8.7695,8.747915267944336
08509802548,apartment,6,8.7637,8.77047061920166
08509802637,apartment,6,8.9883,8.75424575805664
08510000761,apartment,6,8.2609,8.395746231079102
08510001340,apartment,6,8.6052,8.488729476928711
08510003602,apartment,6,8.9961,8.717097282409668
08510401888,apartment,6,9.2072,8.900662422180176
08510502668,apartment,6,8.81,8.755385398864746
08510604304,apartment,6,8.7403,8.42479419708252
08511702008,apartment,6,8.739,8.450511932373047
08511704604,apartment,6,8.4854,8.400842666625977
08511901442,apartment,6,8.6226,8.438382148742676
08511901647,apartment,6,8.4555,8.54041862487793
08512409134,apartment,6,9.5806,9.08023452758789
08512601957,apartment,6,8.8226,8.477062225341797
08512602937,apartment,6,8.8587,8.434965133666992
08512603054,apartment,6,8.4719,8.434965133666992
08512603631,apartment,6,8.4132,8.555917739868164
08512605391,apartment,6,8.9177,8.604605674743652
08512605677,apartment,6,8.959,8.844627380371094
08512701021,apartment,6,9.004,8.515546798706055
08512704462,apartment,6,8.6052,8.677070617675781
08512805471,apartment,6,8.5997,8.501120567321777
08513002410,apartment,6,8.6588,8.589286804199219
08513003311,apartment,6,8.9227,8.715126037597656
08513003387,apartment,6,8.8099,8.697563171386719
08514501755,apartment,6,9.0052,8.991121292114258
08514802321,apartment,6,9.2103,8.721501350402832
08516802094,apartment,6,8.7387,8.580390930175781
08528000321,apartment,6,9.0078,8.360630989074707
08528701565,apartment,6,8.9904,8.602825164794922
08532500651,apartment,6,8.7189,8.477663040161133
08534701067,apartment,6,8.775,8.72799015045166
08534701156,apartment,6,8.7456,8.742752075195312
08542601602,apartment,6,8.8127,8.899124145507812
08543002745,apartment,6,9.2322,8.945396423339844
08543800390,apartment,6,8.6886,8.469684600830078
08543900761,apartment,6,8.9203,8.752774238586426
08543901030,apartment,6,9.0368,8.74122142791748
08543901065,apartment,6,8.9028,8.739934921264648
08544301312,apartment,6,9.0106,8.785548210144043
08544401694,apartment,6,8.719,8.522518157958984
08545202768,apartment,6,9.0852,8.581342697143555
08545700776,apartment,6,8.786,8.532256126403809
08545801319,apartment,6,9.0632,8.831426620483398
08554400801,apartment,6,8.6163,8.449966430664062
08554400887,apartment,6,7.7778,8.320455551147461
08555401992,apartment,6,9.1576,8.844064712524414
08555402379,apartment,6,8.8906,8.883291244506836
08558702004,apartment,6,9.0448,8.961627960205078
08561402334,apartment,6,8.8377,8.622156143188477
08561403691,apartment,6,8.9808,8.836174011230469
08561404310,apartment,6,9.0706,8.831873893737793
08562402893,apartment,6,9.0456,8.666894912719727
08564301660,apartment,6,8.7979,8.690288543701172
08564303663,apartment,6,9.0006,8.687012672424316
08565703010,apartment,6,9.1945,8.858573913574219
08600503310,apartment,6,8.7723,8.685569763183594
08601001629,apartment,6,8.4226,8.480279922485352
08601004369,apartment,6,9.2841,9.025358200073242
08601202470,apartment,6,8.4434,8.412179946899414
08601601162,apartment,6,8.163,8.314936637878418
08601601200,apartment,6,8.0295,8.314733505249023
08601700705,apartment,6,8.5957,8.454391479492188
08602101864,apartment,6,8.6457,8.583001136779785
08602400969,apartment,6,8.7295,8.49789810180664
08602500701,apartment,6,8.5066,8.434464454650879
08602803893,apartment,6,8.541,8.519468307495117
08603401462,apartment,6,9.1384,9.134157180786133
08603401586,apartment,6,9.2512,9.133833885192871
08603402361,apartment,6,9.2937,9.244707107543945
08604605134,apartment,6,9.145,8.72363567352295
08604607781,apartment,6,8.8739,8.723846435546875
08604608494,apartment,6,9.2442,8.713716506958008
08605800666,apartment,6,9.1769,9.174442291259766
08605802367,apartment,6,9.3742,9.150460243225098
08605804548,apartment,6,9.1168,8.890783309936523
08605804807,apartment,6,9.1225,8.896828651428223
08607200771,apartment,6,8.558,8.421183586120605
08609700291,apartment,6,9.0919,9.041788101196289
08610501523,apartment,6,8.3858,8.474326133728027
08610604322,apartment,6,8.9845,8.570685386657715
08610701026,apartment,6,9.0336,8.510562896728516
08612001676,apartment,6,9.0562,8.73070240020752
08612301769,apartment,6,8.566,8.455883979797363
08613700993,apartment,6,8.6014,8.446420669555664
08613901026,apartment,6,8.6381,8.413921356201172
08615800758,apartment,6,8.6066,8.519609451293945
08616201432,apartment,6,8.6936,8.669130325317383
08617800917,apartment,6,8.7409,8.53206729888916
08621700506,apartment,6,8.743,8.276885032653809
08624100615,apartment,6,8.46,8.275973320007324
08624502845,apartment,6,8.6507,8.541454315185547
08624504880,apartment,6,8.8482,8.546374320983887
08624505631,apartment,6,8.6548,8.57583236694336
08625101364,apartment,6,8.1595,8.222932815551758
08625903010,apartment,6,8.8266,8.511701583862305
08626102534,apartment,6,8.8344,8.550712585449219
08626103352,apartment,6,8.8512,8.527582168579102
08627000662,apartment,6,7.8621,8.181926727294922
08629700238,apartment,6,8.6963,8.787943840026855
08629700408,apartment,6,8.7733,8.787943840026855
08629701201,apartment,6,8.8786,8.78277587890625
08632401051,apartment,6,8.0441,8.06704044342041
08632900889,apartment,6,8.4341,8.43651294708252
08635101936,apartment,6,9.1369,8.751969337463379
08635102614,apartment,6,8.9448,8.845417022705078
08637402046,apartment,6,9.2821,8.857901573181152
08639009058,apartment,6,8.446,8.622900009155273
08639009694,apartment,6,8.657,8.622976303100586
08639009945,apartment,6,8.7038,8.627090454101562
08639009971,apartment,6,8.7796,8.622967720031738
08639010382,apartment,6,8.7144,8.627090454101562
08639011931,apartment,6,8.7823,8.439424514770508
08639013901,apartment,6,8.816,8.509376525878906
08639014531,apartment,6,8.692,8.509090423583984
08639014965,apartment,6,8.5946,8.598748207092285
08639015066,apartment,6,8.8273,8.602094650268555
08643002151,apartment,6,8.2709,8.37883186340332
08643400777,apartment,6,8.5323,8.741886138916016
08643504262,apartment,6,8.9612,8.799039840698242
08700604038,apartment,8,8.6563,8.632217407226562
08700901229,apartment,8,9.0619,8.803129196166992
08700901296,apartment,8,8.8024,8.80275821685791
08700902111,apartment,8,8.897,8.79665756225586
08701103199,apartment,8,9.0517,8.953399658203125
08701103334,apartment,8,8.8589,8.951162338256836
08701104500,apartment,8,8.8891,8.951162338256836
08701105302,apartment,8,9.0213,8.935409545898438
08701105825,apartment,8,8.9825,8.93203067779541
08701106341,apartment,8,8.9435,8.933540344238281
08701107143,apartment,8,9.0569,8.9520902633667
08701107402,apartment,8,8.8255,8.949440002441406
08701204467,apartment,8,8.8356,8.895210266113281
08701801910,apartment,2,8.7855,8.704933166503906
08703600701,apartment,2,8.4021,8.308138847351074
08704300531,apartment,2,7.7987,8.11236572265625
08705501377,apartment,2,8.3078,8.614142417907715
08705503094,apartment,2,8.5801,8.541419982910156
08705505526,apartment,2,8.7035,8.660676002502441
08705509629,apartment,2,8.7948,8.650960922241211
08706800866,apartment,2,8.0082,8.173334121704102
08707202751,apartment,2,8.7855,8.811010360717773
08707203063,apartment,2,8.712,8.815914154052734
08707302371,apartment,2,8.3914,8.706128120422363
08707303173,apartment,2,9.0301,8.704105377197266
08707308345,apartment,2,8.6103,8.691781997680664
08707502141,apartment,2,8.833,8.813472747802734
08707503938,apartment,2,8.8763,8.68277645111084
08707601611,apartment,2,8.7508,8.688365936279297
08707602863,apartment,2,8.6871,8.674783706665039
08707604394,apartment,2,9.0078,8.74449348449707
08707605196,apartment,2,8.9418,8.74551010131836
08707605420,apartment,2,9.0208,8.746845245361328
08708801649,apartment,2,8.5828,8.604988098144531
08709201742,apartment,2,8.2421,8.553078651428223
08711600764,apartment,6,8.7788,8.697657585144043
08712202622,apartment,6,8.9246,8.890913009643555
08714301865,apartment,6,8.8273,8.675361633300781
08714901056,apartment,6,8.5393,8.280166625976562
08714901129,apartment,6,7.9234,8.281183242797852
08716001117,apartment,6,8.673,8.633118629455566
08716400712,apartment,6,8.6406,8.400385856628418
08717401402,apartment,6,8.8501,8.618614196777344
08717800889,apartment,6,8.5905,8.436136245727539
08719601026,apartment,6,8.7082,8.671890258789062
08720600607,apartment,2,8.7197,8.60745620727539
08721501297,apartment,2,8.5732,8.403375625610352
08725501984,apartment,8,8.8988,8.782371520996094
08725502263,apartment,8,8.8199,8.785235404968262
08731403778,apartment,2,8.6748,8.61518669128418
08731403832,apartment,2,8.6467,8.620314598083496
08731406173,apartment,2,8.8647,8.819817543029785
08731500358,apartment,2,8.7614,8.698413848876953
08731502581,apartment,2,8.7392,8.72831916809082
08731502989,apartment,2,8.9012,8.708698272705078
08731504329,apartment,2,8.7415,8.707940101623535
08731510566,apartment,2,8.8199,8.728139877319336
08736602221,apartment,8,8.3702,8.436151504516602
08737401939,apartment,6,8.3952,8.587276458740234
08739605620,apartment,2,8.9215,8.694341659545898
08739608093,apartment,2,8.8666,8.763221740722656
08741000153,apartment,2,8.1461,8.172680854797363
08742402050,apartment,8,8.7292,8.677055358886719
08743401074,apartment,8,8.8173,8.614151000976562
08743401708,apartment,8,8.8457,8.663451194763184
08743403026,apartment,8,8.6472,8.692707061767578
08743404030,apartment,8,8.8597,8.694917678833008
08743404340,apartment,8,8.7978,8.693733215332031
08743405428,apartment,8,8.904,8.692865371704102
08743503667,apartment,8,8.4777,8.55518913269043
08744402031,apartment,6,8.4045,8.410385131835938
08745502791,apartment,2,8.6498,8.802441596984863
08745502846,apartment,2,9.1265,8.828123092651367
08745503702,apartment,2,8.8411,8.825827598571777
08747500808,apartment,2,8.3131,8.300771713256836
08747501634,apartment,2,8.0732,8.253768920898438
08801301472,apartment,2,8.767,8.642480850219727
08801302411,apartment,2,8.7641,8.628963470458984
08801304293,apartment,2,8.621,8.625236511230469
08801307561,apartment,2,8.6305,8.686716079711914
08801308035,apartment,2,8.8069,8.680261611938477
08801309147,apartment,2,8.8049,8.696001052856445
08802600392,apartment,2,7.6726,8.175021171569824
08803404831,apartment,2,8.9598,9.074583053588867
08803503714,apartment,2,8.294,8.271835327148438
08803505938,apartment,2,8.7993,8.626087188720703
08803507450,apartment,2,8.7711,8.566572189331055
08803601651,apartment,2,8.5969,8.29538345336914
08803602011,apartment,2,8.2752,8.252921104431152
08803605932,apartment,2,8.8078,8.667640686035156
08803900950,apartment,2,8.702,8.459676742553711
08804100435,apartment,2,8.7638,8.834466934204102
08804607033,apartment,6,8.7787,8.849018096923828
08809301692,apartment,2,8.2076,8.070867538452148
08813004346,apartment,2,8.3409,8.650100708007812
08814600831,apartment,2,8.7718,8.570722579956055
08815808574,apartment,2,8.9252,8.390176773071289
08815808701,apartment,2,8.7072,8.390430450439453
08815810641,apartment,2,8.8943,8.50947380065918
08815813993,apartment,2,8.851,8.564448356628418
08815816951,apartment,2,8.1637,8.60119915008545
08815817689,apartment,2,8.5861,8.621488571166992
08816201371,apartment,2,8.2315,7.996816635131836
08816901101,apartment,2,8.9858,8.562253952026367
08817006076,apartment,2,8.2819,8.103452682495117
08817008168,apartment,2,8.4914,7.95311975479126
08817015695,apartment,2,8.645,8.532491683959961
08817016675,apartment,2,8.6871,8.569208145141602
08817017183,apartment,2,8.5922,8.560829162597656
08817201006,apartment,6,8.4106,8.439057350158691
08824100724,apartment,2,8.262,8.06520938873291
08827201033,apartment,2,8.0635,8.33603286743164
08829803731,apartment,2,8.1125,8.056793212890625
08829806706,apartment,2,8.5764,8.555135726928711
08900201107,apartment,6,8.285,8.156394958496094
08900201247,apartment,6,8.2021,8.155306816101074
08901000563,apartment,2,8.3523,8.756050109863281
08901001187,apartment,2,8.5717,8.760936737060547
08901501503,apartment,6,8.6565,8.534111976623535
08901501899,apartment,6,8.4764,8.559587478637695
08902501280,apartment,6,8.145,8.119999885559082
08902601498,apartment,6,7.6866,8.048800468444824
08903902467,apartment,6,8.7618,8.604141235351562
08904300398,apartment,6,8.7126,8.521984100341797
08905203523,apartment,6,8.7458,8.736862182617188
08905203779,apartment,6,8.6226,8.732673645019531
08905204201,apartment,6,8.8869,8.717885971069336
08906001800,apartment,6,8.948,8.590397834777832
08907307326,apartment,2,8.8728,8.715805053710938
08907308039,apartment,2,8.3288,8.557422637939453
08907602522,apartment,2,8.2209,8.145883560180664
08907603294,apartment,2,7.94,8.075332641601562
08907603367,apartment,2,8.2114,8.076761245727539
08907802459,apartment,2,8.8418,8.663036346435547
08908200908,apartment,2,8.7116,8.683408737182617
08908300856,apartment,2,8.3326,8.309535026550293
08908609377,apartment,2,8.7068,8.56078815460205
08909502150,apartment,2,8.0591,8.293060302734375
08910301996,apartment,2,8.8739,8.588452339172363
08910405341,apartment,2,8.3317,8.145732879638672
08910503866,apartment,2,8.4511,8.210102081298828
08910900628,apartment,2,8.008,7.828643798828125
08911101214,apartment,2,8.2236,8.0071439743042
08911101427,apartment,2,8.1117,8.218433380126953
08911103721,apartment,2,8.85,8.67671012878418
08911300594,apartment,2,8.0443,7.977899551391602
08911400221,apartment,2,8.2788,7.9259748458862305
08911700983,apartment,2,8.0091,8.032798767089844
08911801852,apartment,2,7.9605,7.986654758453369
08913306085,apartment,2,8.1117,8.21048355102539
08913306549,apartment,2,7.3995,7.902834415435791
08913502887,apartment,2,8.4487,8.387589454650879
08913807191,apartment,2,8.2063,8.525464057922363
08915101855,apartment,2,8.4338,8.464035034179688
08915101979,apartment,2,8.3927,8.463467597961426
08915103051,apartment,2,8.4407,8.459236145019531
08919300501,apartment,2,7.9245,8.061964988708496
08921005692,apartment,2,7.7207,7.814151763916016
08921400575,apartment,2,7.9933,8.071404457092285
08923300446,apartment,2,8.08,8.095155715942383
08927200764,apartment,2,8.1176,8.304256439208984
08931200757,apartment,1,8.2599,7.9778008460998535
08931501341,apartment,1,8.5312,8.236129760742188
08946600667,apartment,1,7.8837,7.890697002410889
08950001624,apartment,1,8.5308,8.221071243286133
08950602776,apartment,1,8.2453,8.256607055664062
08950602997,apartment,1,8.1117,8.258913040161133
08950603713,apartment,1,8.2851,8.257043838500977
08950604231,apartment,1,8.1468,8.257043838500977
08956201633,apartment,1,8.4454,8.06243896484375
08956400792,apartment,1,8.6507,8.379239082336426
08956801363,apartment,1,7.6487,7.88132381439209
08958502584,apartment,2,8.1075,7.876214027404785
08958503068,apartment,2,8.1328,7.949827194213867
08958700866,apartment,2,8.6616,8.462812423706055
08959404276,apartment,2,8.2005,8.003847122192383
08959404853,apartment,2,8.5489,8.238704681396484
09005902256,apartment,2,8.7403,8.465585708618164
09006001521,apartment,2,8.8388,8.601272583007812
09006103330,apartment,2,8.0014,8.402644157409668
09006106259,apartment,2,9.2438,8.69110107421875
09006109681,apartment,2,8.9959,8.629190444946289
09006302422,apartment,2,8.1524,8.27661418914795
09006702935,apartment,2,8.4746,8.517226219177246
09009410463,apartment,2,8.0491,8.018854141235352
09009411478,apartment,2,8.1565,8.00150203704834
09010601072,apartment,2,8.184,8.477529525756836
09015000360,apartment,2,8.8235,8.332860946655273
09015000743,apartment,2,8.6775,8.314534187316895
09015001359,apartment,2,8.749,8.315073013305664
09015002630,apartment,2,8.6588,8.309314727783203
09015003912,apartment,2,8.6588,8.307565689086914
09015004072,apartment,2,8.6494,8.30804443359375
09015004196,apartment,2,8.7139,8.30804443359375
09015004382,apartment,2,8.6204,8.309314727783203
09019400347,apartment,2,8.3174,8.126148223876953
09019400721,apartment,2,8.3402,8.128832817077637
09028100334,apartment,2,8.6842,8.538873672485352
09033101033,apartment,2,8.1658,7.99733304977417
09034604632,apartment,2,8.9399,8.622227668762207
09035530152,apartment,2,8.1676,8.216527938842773
09036700991,apartment,2,7.9258,8.017217636108398
09040201803,apartment,2,8.0064,8.240102767944336
09042303670,apartment,2,8.0334,7.973388195037842
09042304898,apartment,2,8.0875,7.9656829833984375
09042305320,apartment,2,8.0418,8.003890991210938
09042308087,apartment,2,7.9269,7.987105369567871
09042309679,apartment,2,8.036,7.977714538574219
09042310049,apartment,2,8.1287,7.966583251953125
09042310375,apartment,2,8.0247,7.969858169555664
09042310774,apartment,2,8.0626,7.969858169555664
09042401443,apartment,2,8.5014,8.307022094726562
09042403292,apartment,2,8.3648,8.30943489074707
09042403543,apartment,2,8.5532,8.309579849243164
09043100862,apartment,2,8.2889,8.273808479309082
09043100919,apartment,2,8.3866,8.278475761413574
09043102921,apartment,2,8.2788,8.256978988647461
09043103853,apartment,2,8.2396,8.261053085327148
09043105643,apartment,2,8.5042,8.316526412963867
09043107581,apartment,2,8.3894,8.247333526611328
09043107859,apartment,2,8.3729,8.356252670288086
09043108456,apartment,2,8.5172,8.347037315368652
09043110175,apartment,2,8.7471,8.330215454101562
09044401866,apartment,2,8.2011,8.117558479309082
09044402171,apartment,2,8.2011,8.112992286682129
09044405802,apartment,2,8.6226,8.540284156799316
09045701529,apartment,2,8.0472,8.15307903289795
09046100251,apartment,2,8.395,7.9770684242248535
09046200205,apartment,2,8.784,8.08387565612793
09046202747,apartment,2,8.5647,8.100292205810547
09046207323,apartment,2,8.6068,8.534961700439453
09046806235,apartment,2,8.1846,8.01995849609375
09046809722,apartment,2,8.4001,8.149042129516602
09046814823,apartment,2,8.096,8.18966293334961
09046831566,apartment,2,8.3958,8.0572509765625
09100302031,apartment,1,8.4727,8.17397689819336
09101202332,apartment,1,8.655,8.205601692199707
09101700898,apartment,1,7.9731,7.973069190979004
09101703048,apartment,1,7.7926,7.983925819396973
09102504596,apartment,1,8.1572,8.071864128112793
09102506785,apartment,1,8.1117,7.992047309875488
09104302710,apartment,2,8.0002,8.200935363769531
09104305681,apartment,2,8.0677,8.26977825164795
09104305922,apartment,2,8.118,8.27060317993164
09106107168,apartment,1,8.5778,8.269530296325684
09107603568,apartment,1,8.1543,8.083343505859375
09109503595,apartment,2,7.988,7.81574010848999
09116900839,apartment,2,8.0029,8.01175594329834
09117000572,apartment,2,7.6868,7.88772439956665
09117200261,apartment,2,8.24,8.04035758972168
09117201901,apartment,2,8.096,8.03065299987793
09117203457,apartment,2,8.1117,8.029478073120117
09121200701,apartment,2,8.3329,8.028505325317383
09121300641,apartment,2,7.9487,8.004583358764648
09122600507,apartment,2,7.9374,8.017416000366211
09122602356,apartment,2,8.7584,8.738516807556152
09125600737,apartment,2,8.0251,7.806004524230957
09136501077,apartment,2,7.7915,8.032108306884766
09159402571,apartment,1,8.3234,8.074827194213867
09159404248,apartment,1,8.0362,7.865598678588867
09302502341,apartment,2,8.0539,8.170140266418457
09302506681,apartment,2,8.5598,8.676199913024902
09302705250,apartment,2,8.5397,8.469494819641113
09302710221,apartment,2,8.729,8.485426902770996
09303401255,apartment,2,8.2182,8.208080291748047
09303402863,apartment,2,8.2912,8.28995418548584
09303404173,apartment,2,8.409,8.368878364562988
09303502736,apartment,2,8.4942,8.271537780761719
09303504097,apartment,2,8.6269,8.259939193725586
09303504771,apartment,2,8.5913,8.253829956054688
09303505220,apartment,2,8.5999,8.26385498046875
09304001900,apartment,2,8.7829,8.394632339477539
09304003393,apartment,2,8.5854,8.415824890136719
09304507774,apartment,2,8.6735,8.556879043579102
09305601707,apartment,2,8.3755,8.484543800354004
09422301203,apartment,2,8.3453,7.953588485717773
09422309832,apartment,2,8.253,7.907370567321777
09422316911,apartment,2,8.4039,8.348806381225586
09422318580,apartment,2,8.7226,8.338824272155762
09531200882,apartment,2,8.5717,8.722040176391602
09532300201,apartment,2,8.1566,8.090636253356934
09532302727,apartment,2,8.2311,8.090636253356934
09532307656,apartment,2,7.9823,7.993801116943359
09532307761,apartment,2,8.1787,7.993077278137207
09532308229,apartment,2,8.1188,7.988950729370117
09532309535,apartment,2,7.8796,8.001684188842773
09532310746,apartment,2,8.0754,7.988950729370117
09544401423,apartment,2,8.2821,8.146482467651367
09544401784,apartment,2,8.0776,8.086309432983398
09602310766,apartment,7,8.6042,8.578315734863281
09602600381,apartment,7,9.1281,8.615476608276367
09612701636,apartment,7,9.1384,8.540932655334473
09700205533,apartment,7,9.0052,8.86971378326416
09700208214,apartment,7,8.6995,8.671586990356445
09700300773,apartment,7,8.8397,8.49470329284668
09700306984,apartment,7,8.723,8.547718048095703
09700307360,apartment,7,8.657,8.627119064331055
09700307549,apartment,7,8.635,8.621224403381348
09700307662,apartment,7,8.6515,8.625703811645508
09700307816,apartment,7,8.6068,8.631925582885742
09700307913,apartment,7,8.6835,8.551639556884766
09700308065,apartment,7,8.5994,8.544739723205566
09700308278,apartment,7,8.6995,8.548528671264648
09700701964,apartment,7,8.7135,8.755444526672363
09700704483,apartment,7,8.796,8.776403427124023
09700900169,apartment,7,8.7471,8.509197235107422
09700902242,apartment,7,8.8521,8.5113525390625
09701400313,apartment,7,8.9505,8.77000904083252
09701705378,apartment,7,8.7248,8.733640670776367
09703300243,apartment,7,8.6439,8.53571605682373
09706400737,apartment,7,8.6728,8.336060523986816
09712609626,apartment,7,8.7866,8.784834861755371
09800600981,apartment,7,8.8408,8.687355041503906
09801105593,apartment,7,8.6771,8.83781623840332
09801106913,apartment,7,8.6622,8.837789535522461
09801111356,apartment,7,8.6836,8.644977569580078
09801114649,apartment,7,8.4684,8.770566940307617
09801801018,apartment,7,8.8551,8.486286163330078
09801801832,apartment,7,8.6886,8.491531372070312
09801803002,apartment,7,8.7422,8.493408203125
09801803673,apartment,7,8.7776,8.517813682556152
09803000454,apartment,7,8.5496,8.563925743103027
09803005103,apartment,7,8.9492,8.938530921936035
09803007807,apartment,7,8.906,8.760907173156738
09803008544,apartment,7,8.9621,8.763933181762695
09803009516,apartment,7,9.1097,8.760540008544922
09803009613,apartment,7,8.9519,8.658823013305664
09803011650,apartment,7,9.0717,8.840855598449707
09803015230,apartment,7,8.844,9.001688003540039
09803015680,apartment,7,8.8699,9.007728576660156
09803016148,apartment,7,8.8749,9.006021499633789
09803016229,apartment,7,8.9177,9.001179695129395
09803016441,apartment,7,8.9025,9.006063461303711
09803019023,apartment,7,8.9018,8.998123168945312
09803103180,apartment,7,9.109,8.794367790222168
09803202537,apartment,7,8.9154,8.794506072998047
09803404954,apartment,7,8.615,8.85876178741455
09803405500,apartment,7,8.6514,8.854561805725098
09803405721,apartment,7,8.6691,8.854561805725098
09803406426,apartment,7,8.7175,8.784626960754395
09806302771,apartment,7,8.4543,8.882977485656738
09806500695,apartment,7,8.298,8.421709060668945
09900300386,apartment,7,8.2157,8.55909538269043
09900301455,apartment,7,8.4014,8.617634773254395
09900701062,apartment,7,8.8739,8.791318893432617
09901302706,apartment,7,8.7767,8.749839782714844
09901901375,apartment,7,8.6482,8.913782119750977
09904200564,apartment,7,8.6336,8.768548965454102
09904313253,apartment,7,8.5685,8.606195449829102
09904700516,apartment,7,8.2889,8.58215045928955
09905404155,apartment,7,8.7845,8.77890396118164
10002403918,apartment,9,8.3229,8.156158447265625
10003003824,apartment,9,8.4919,8.201932907104492
10003006203,apartment,9,7.9949,8.180414199829102
10003202177,apartment,9,8.2109,8.153629302978516
10005500795,apartment,9,8.2687,8.228850364685059
10005501406,apartment,9,7.8438,8.025978088378906
10005701499,apartment,9,8.2586,8.106124877929688
10005701960,apartment,9,8.3211,8.2078275680542
10009301584,apartment,9,8.6196,8.50351333618164
10009301703,apartment,9,8.6544,8.505706787109375
10009301851,apartment,9,8.7224,8.500507354736328
10009501842,apartment,9,8.5613,8.523078918457031
10100705651,apartment,8,8.0652,8.370606422424316
10105300501,apartment,8,7.9237,7.931989669799805
10107103991,apartment,8,8.2846,8.306716918945312
10107104831,apartment,8,8.6435,8.56901741027832
10107105399,apartment,8,8.7556,8.568373680114746
10111003546,apartment,8,8.165,8.116682052612305
10111400359,apartment,8,7.893,8.165716171264648
10111500744,apartment,8,8.1051,8.122291564941406
10111503204,apartment,8,8.2506,8.351861000061035
10111602946,apartment,8,8.4363,8.358796119689941
10113500652,apartment,8,7.8994,8.05530834197998
10115701116,apartment,8,8.2754,8.087618827819824
10120900490,apartment,8,8.4106,8.214729309082031
10120901403,apartment,8,8.2987,8.165485382080078
10131202048,apartment,8,8.6849,8.41046142578125
10131207392,apartment,8,8.6541,8.582633972167969
10131207414,apartment,8,8.9029,8.706094741821289
10131207910,apartment,8,8.6173,8.574884414672852
10131211594,apartment,8,8.8114,8.57169246673584
10132403640,apartment,8,8.3447,8.392481803894043
10134501798,apartment,8,8.4142,8.156244277954102
10138501040,apartment,8,9.0211,8.551647186279297
10138600421,apartment,8,8.8363,8.162967681884766
10138600537,apartment,8,8.788,8.163702011108398
10139100406,apartment,8,8.3792,7.886638641357422
10139905463,apartment,8,8.3432,8.340414047241211
10139906001,apartment,8,8.323,8.340709686279297
10139906011,apartment,8,8.363,8.340826034545898
10139907008,apartment,8,8.4704,8.341838836669922
10139907733,apartment,8,8.362,8.339431762695312
10139908616,apartment,8,8.321,8.340826034545898
10139909371,apartment,8,8.3392,8.337824821472168
10139910319,apartment,8,8.3332,8.339834213256836
10139910351,apartment,8,8.3432,8.340826034545898
10140000622,apartment,8,8.2344,8.087831497192383
10141401094,apartment,8,8.5629,8.147891998291016
10141503288,apartment,8,9.0606,8.519621849060059
10148607445,apartment,8,8.3284,8.354812622070312
10148607501,apartment,8,8.331,8.356178283691406
10149701054,apartment,8,9.2793,8.771883010864258
10152800319,apartment,8,8.4768,8.310571670532227
10152801501,apartment,8,8.5655,8.310571670532227
10152904416,apartment,8,8.7898,8.575961112976074
10154604339,apartment,6,8.1328,8.966485977172852
10154900825,apartment,8,8.2154,8.468462944030762
10155401921,apartment,6,7.8753,8.505298614501953
10155500758,apartment,8,7.6585,7.803194046020508
10155702660,apartment,8,8.4355,8.324316024780273
10155703020,apartment,8,8.3691,8.308838844299316
10155704515,apartment,8,8.5263,8.310029029846191
10155704906,apartment,8,8.3584,8.311306953430176
10155705491,apartment,8,7.8414,8.311542510986328
10155706186,apartment,8,8.0914,8.318815231323242
10157707368,apartment,8,8.3093,8.354896545410156
10158303791,apartment,8,8.4039,8.389776229858398
10158304747,apartment,8,8.6036,8.428833961486816
10161602702,apartment,8,8.476,8.419876098632812
10161603407,apartment,8,8.4167,8.386909484863281
10163000531,apartment,8,8.353,8.131093978881836
10203000731,apartment,9,8.4764,8.394004821777344
10203000942,apartment,9,8.4764,8.393083572387695
10203201328,apartment,9,8.5172,8.253957748413086
10206600762,apartment,9,8.2453,8.423918724060059
10206601076,apartment,9,8.581,8.366288185119629
10206601467,apartment,9,8.6411,8.36565113067627
10206603079,apartment,9,8.5239,8.484115600585938
10206604581,apartment,9,8.4674,8.373868942260742
10206605217,apartment,9,8.5074,8.370035171508789
10208802826,apartment,9,8.8049,8.34508228302002
10209700571,apartment,9,8.0696,8.111541748046875
10209900805,apartment,9,8.6201,8.437759399414062
10210403046,apartment,9,8.4905,8.407560348510742
10211104530,apartment,9,8.6226,8.726448059082031
10211803307,apartment,9,8.7487,8.434412956237793
10211803358,apartment,9,8.6928,8.392359733581543
10211902720,apartment,9,8.5778,8.356826782226562
10302533582,apartment,2,8.1784,8.052094459533691
10302557600,apartment,2,7.9434,8.418346405029297
10302558879,apartment,2,7.8685,8.291474342346191
10304700834,apartment,2,8.4289,7.959822177886963
10304701581,apartment,2,8.5172,7.962615489959717
10305004505,apartment,8,8.8493,8.883838653564453
10401000965,apartment,7,7.8924,8.224327087402344
10401101591,apartment,7,7.6927,8.21855354309082
10402401939,apartment,7,8.1557,8.267169952392578
10402701037,apartment,7,8.3211,8.344402313232422
10404904113,apartment,7,7.8604,8.170018196105957
10405501136,apartment,7,7.8147,8.295652389526367
10405504178,apartment,7,8.1699,8.621660232543945
10407402356,apartment,7,8.1252,8.31927490234375
10407406440,apartment,7,8.1222,8.325225830078125
10409501343,apartment,7,8.3052,8.272887229919434
10410304181,apartment,7,8.5929,8.581421852111816
10410304688,apartment,7,8.4555,8.576037406921387
10410305171,apartment,7,8.4555,8.578248977661133
10410902216,apartment,7,8.1229,8.49927043914795
10411401687,apartment,7,8.1807,8.298189163208008
10411500741,apartment,7,8.1281,8.309625625610352
10414005138,apartment,7,8.3786,8.25647258758545
10414007343,apartment,7,8.0064,8.258174896240234
10417801172,apartment,7,8.6715,8.962957382202148
10417801830,apartment,7,8.5629,8.957962036132812
10417802276,apartment,7,8.5035,8.953309059143066
10417802357,apartment,7,8.5172,8.962957382202148
10417802594,apartment,7,8.511,8.962957382202148
10417802721,apartment,7,8.5759,8.955859184265137
10417803485,apartment,7,8.5295,8.953309059143066
10417803817,apartment,7,8.6055,8.954843521118164
10417803868,apartment,7,8.5591,8.953309059143066
10417804252,apartment,7,8.7018,9.014123916625977
10502300999,apartment,7,8.2659,8.405935287475586
10516003525,apartment,7,8.7248,8.623971939086914
10628102304,apartment,7,8.5172,8.588695526123047
10707517256,apartment,7,8.3406,8.39887809753418
10709300629,apartment,7,8.5887,8.541999816894531
10711202647,apartment,7,8.1147,8.269386291503906
10718500996,apartment,7,8.1242,8.370380401611328
10718504428,apartment,7,8.0362,8.446887969970703
10721603342,apartment,7,7.8445,8.013434410095215
10722401077,apartment,7,8.057,8.368768692016602
10729500771,apartment,4,7.9798,7.875308990478516
10729501646,apartment,4,7.9406,7.882460594177246
10743504223,apartment,7,8.2896,8.33212947845459
10743508547,apartment,7,8.6608,8.41834831237793
10743512838,apartment,7,8.6026,8.62910270690918
10743514377,apartment,7,8.5879,8.640830993652344
10743602306,apartment,7,8.5325,8.308837890625
10744702150,apartment,7,8.0543,8.270403861999512
10744703025,apartment,7,8.096,8.265151023864746
10904302015,apartment,4,8.6975,8.232635498046875
10905202952,apartment,4,8.4584,8.176473617553711
10905208004,apartment,4,8.2352,8.175328254699707
11020401280,apartment,3,8.1229,8.112613677978516
11021301271,apartment,3,8.4431,8.405174255371094
11021901953,apartment,3,8.2428,8.137117385864258
11024302570,apartment,3,8.0064,8.082540512084961
11028801040,apartment,3,8.8049,8.596728324890137
11029000726,apartment,3,8.3349,8.355770111083984
11042602645,apartment,3,7.7047,7.978890895843506
11048102131,apartment,3,7.8835,8.039545059204102
11048702323,apartment,3,7.9633,8.057336807250977
11050712780,apartment,3,8.5983,8.513051986694336
11050713663,apartment,3,8.7403,8.566696166992188
11052002233,apartment,3,8.4142,8.338258743286133
11106601849,apartment,3,8.1022,8.267498016357422
11133301036,apartment,5,8.5119,8.673538208007812
11140700684,apartment,5,8.0839,8.088738441467285
11148805027,apartment,3,8.2224,8.050400733947754
11155307185,apartment,3,8.2998,8.13528823852539
11155307649,apartment,3,8.2428,8.10795783996582
11159200695,apartment,5,7.9549,8.06597900390625
11159203317,apartment,5,8.1106,8.098249435424805
11242200664,apartment,5,8.1713,8.221766471862793
11244401071,apartment,5,8.1605,8.340624809265137
11244401349,apartment,5,8.2586,8.257241249084473
11245601635,apartment,5,8.1728,7.932537078857422
11263103277,apartment,5,8.2623,8.199518203735352
11266402194,apartment,5,7.9137,7.755526065826416
11266406122,apartment,5,8.1237,8.096019744873047
11266406157,apartment,5,8.0893,8.111031532287598
11266406289,apartment,5,8.0195,8.111799240112305
11266406300,apartment,5,8.074,8.111799240112305
11267100541,apartment,5,8.3837,8.183233261108398
11285702149,apartment,5,8.0725,8.060600280761719
11285702238,apartment,5,8.2548,8.060613632202148
11301001855,apartment,3,8.8763,8.573856353759766
11302301445,apartment,3,8.4482,8.323701858520508
11304102601,apartment,3,8.0826,8.252779960632324
11308301161,apartment,3,8.5674,8.517672538757324
11308301242,apartment,3,8.5913,8.518453598022461
11316501034,apartment,3,8.2572,8.264785766601562
11316501069,apartment,3,8.4248,8.372639656066895
11316501107,apartment,3,8.5638,8.382183074951172
11317900714,apartment,3,8.7139,8.58659553527832
11325200981,apartment,3,8.645,8.596796035766602
11342201451,apartment,3,8.0668,8.081177711486816
11360701248,apartment,3,8.3549,8.455409049987793
11361500416,apartment,3,8.6088,8.382110595703125
11361501481,apartment,3,8.5705,8.38375473022461
11361502664,apartment,3,8.4752,8.374015808105469
11361503423,apartment,3,8.5442,8.380284309387207
11361505043,apartment,3,8.3311,8.480636596679688
11361506155,apartment,3,8.5172,8.474006652832031
11400101068,apartment,5,8.2601,8.322181701660156
11405800193,apartment,5,7.9427,8.051593780517578
11406405204,apartment,5,8.5025,8.648448944091797
11407505504,apartment,5,8.4233,8.302383422851562
11408601590,apartment,5,8.3228,8.44129467010498
11408901195,apartment,5,7.9896,7.949207305908203
11409903183,apartment,5,8.1532,8.024478912353516
11410800813,apartment,5,7.9896,8.069225311279297
11410800945,apartment,5,8.2428,8.071651458740234
11411003089,apartment,5,8.3371,8.252498626708984
11411003501,apartment,5,8.2372,8.275654792785645
11411003585,apartment,5,8.294,8.31153392791748
11411003658,apartment,5,8.1676,8.312747955322266
11411003755,apartment,5,8.3096,8.312596321105957
11411201476,apartment,5,7.7164,7.930829048156738
11411203924,apartment,5,7.7609,7.931269645690918
11411204009,apartment,5,7.8835,7.930829048156738
11411601806,apartment,5,8.0258,8.212450981140137
11412601346,apartment,5,8.3761,8.274080276489258
11412601370,apartment,5,8.3147,8.40626335144043
11412701881,apartment,5,8.2089,8.492873191833496
11419901205,apartment,5,8.2562,8.312358856201172
11419902066,apartment,5,8.163,8.448904991149902
11425501140,apartment,5,7.9274,7.908658504486084
11425801357,apartment,5,8.274,8.132369995117188
11426200756,apartment,5,7.6393,7.831330299377441
11430100868,apartment,5,8.2295,8.119779586791992
11437604861,apartment,5,8.0709,7.963029384613037
11437605671,apartment,5,8.2245,8.310407638549805
11437607585,apartment,5,8.5034,8.258129119873047
11437608336,apartment,5,8.3837,8.1519775390625
11437611035,apartment,5,8.4839,8.086030006408691
11439100593,apartment,5,8.2187,8.225211143493652
11501805338,apartment,5,7.7571,8.384969711303711
11510500870,apartment,5,8.4145,8.530145645141602
11523504111,apartment,5,7.7245,7.900274276733398
11523504764,apartment,5,7.8793,7.900664329528809
11524900711,apartment,5,7.683,8.19619369506836
11524900949,apartment,5,7.9922,8.171722412109375
11534402348,apartment,5,8.197,8.252498626708984
11534403298,apartment,5,8.1932,8.252330780029297
11534403336,apartment,5,7.7232,8.253294944763184
11604903529,apartment,3,8.4347,8.395503044128418
11604904861,apartment,3,7.9547,8.275297164916992
11605503990,apartment,3,8.4592,8.350006103515625
11605506450,apartment,3,8.4068,8.384349822998047
11605507988,apartment,3,8.2637,8.387725830078125
11607503262,apartment,3,8.2421,8.309100151062012
11609500775,apartment,3,8.4505,8.408249855041504
11609500805,apartment,3,8.4505,8.408079147338867
11625001532,apartment,3,8.3261,8.437522888183594
11626402786,apartment,3,7.9576,7.873429298400879
11626402999,apartment,3,8.0247,7.87382698059082
11626403121,apartment,3,8.0998,7.873359203338623
11626701937,apartment,3,8.3904,8.117300033569336
11626702399,apartment,3,8.1468,8.11793041229248
11631704418,apartment,3,8.2538,8.124932289123535
11631704884,apartment,3,8.1759,8.169380187988281
11631903331,apartment,3,8.3106,8.210264205932617
11632001501,apartment,3,8.294,8.201662063598633
11632004754,apartment,3,8.5939,8.272279739379883
11632802731,apartment,3,8.1483,8.112908363342285
11633001813,apartment,3,8.3538,8.132822036743164
11633004251,apartment,3,8.2793,8.16977596282959
11633004987,apartment,3,8.0995,8.168333053588867
11636201341,apartment,3,8.4882,8.334982872009277
11640200796,apartment,3,8.3931,8.321264266967773
11640204279,apartment,3,8.279,8.25666618347168
11640204465,apartment,3,8.0317,8.177016258239746
11640204570,apartment,3,8.1858,8.17393970489502
11640204953,apartment,3,8.2245,8.259489059448242
11640703259,apartment,3,7.9576,8.220528602600098
11643901019,apartment,3,8.5172,8.670180320739746
11652604889,apartment,3,8.2703,8.322904586791992
11652606822,apartment,3,8.4652,8.388856887817383
11653701543,apartment,3,8.0677,8.151501655578613
11653802412,apartment,3,8.1892,8.501832008361816
11715200887,apartment,3,8.0376,8.294893264770508
11719500664,apartment,3,8.462,8.445049285888672
11726500801,apartment,3,8.5402,8.590789794921875
11728601346,apartment,3,8.0403,8.016683578491211
11730900673,apartment,3,8.1407,8.152717590332031
11730902544,apartment,3,8.1689,8.152395248413086
11730905829,apartment,3,8.1987,8.247780799865723
11730907112,apartment,3,8.689,8.371044158935547
11738704873,apartment,3,8.2376,8.188961029052734
11738707473,apartment,3,8.0995,8.188716888427734
11738708208,apartment,3,8.0225,8.188961029052734
11738708380,apartment,3,8.1535,8.189310073852539
11738708801,apartment,3,8.1358,8.188716888427734
11738709824,apartment,3,8.034,8.073026657104492
11739904353,apartment,3,8.2998,8.348752975463867
11741108331,apartment,3,8.5919,8.526975631713867
11744205913,apartment,3,8.1266,8.08335018157959
11744214017,apartment,3,8.6551,8.573490142822266
11808300571,apartment,3,8.1987,8.15896224975586
11812900731,apartment,3,8.3862,8.457327842712402
11819601969,apartment,3,8.2118,8.375314712524414
11819705810,apartment,3,8.4802,8.370054244995117
11830603123,apartment,9,8.3428,8.399890899658203
11830605533,apartment,9,8.6673,8.47861099243164
11834701251,apartment,9,8.6173,8.701926231384277
11835601676,apartment,9,8.1237,8.1022310256958
11836802942,apartment,9,8.3703,8.562570571899414
11838406661,apartment,3,8.3725,8.546745300292969
11847301532,apartment,9,8.4903,8.316591262817383
11852700271,apartment,9,8.2043,8.283803939819336
11852800223,apartment,9,7.8847,8.106195449829102
11852801742,apartment,9,8.0912,8.094003677368164
11853001103,apartment,9,8.3768,8.36013126373291
11853001200,apartment,9,8.1689,8.345041275024414
11854100733,apartment,9,8.6436,8.73740291595459
11854102086,apartment,9,8.5219,8.618827819824219
11913600725,apartment,1,7.9194,8.009659767150879
11913600989,apartment,1,8.0221,7.994222164154053
11915300575,apartment,1,7.8657,8.087650299072266
11917102258,apartment,1,8.0915,8.091190338134766
11919502350,apartment,1,8.4302,8.46687126159668
11928000771,apartment,1,8.4734,8.285028457641602
11928001490,apartment,1,8.392,8.299007415771484
11928001598,apartment,1,7.9659,8.331242561340332
11928002306,apartment,1,8.4566,8.30129337310791
11928002608,apartment,1,8.4154,8.333860397338867
11929808517,apartment,1,8.7701,8.481271743774414
11934101507,apartment,1,8.3428,8.017009735107422
11934200981,apartment,1,8.0064,7.963621139526367
11934201722,apartment,1,7.849,7.981245040893555
11934202001,apartment,1,7.7537,7.9843974113464355
11934202011,apartment,1,7.8714,7.985933303833008
11934300488,apartment,1,8.4752,8.24653434753418
11934303134,apartment,1,8.1586,8.249756813049316
11934303568,apartment,1,8.2157,8.247227668762207
11934308225,apartment,1,8.1731,8.18532943725586
11934308837,apartment,1,7.824,8.050300598144531
11934311404,apartment,1,7.9329,8.106040954589844
11934900914,apartment,1,8.2346,8.204986572265625
11934904030,apartment,1,8.535,8.320549011230469
11934904162,apartment,1,8.5172,8.323772430419922
11934904219,apartment,1,8.409,8.323772430419922
11934904316,apartment,1,8.6687,8.448243141174316
11934905223,apartment,1,8.3811,8.446452140808105
11934905665,apartment,1,8.4808,8.4421968460083
12002100712,apartment,2,8.1117,8.032472610473633
12002402867,apartment,2,8.4767,8.39567756652832
12002403121,apartment,2,8.3994,8.394073486328125
12002801729,apartment,2,8.7541,8.456302642822266
12003403131,apartment,2,8.3387,8.347860336303711
12003403921,apartment,2,8.4254,8.37826156616211
12003404111,apartment,2,8.4995,8.378507614135742
12003404715,apartment,2,8.4995,8.377846717834473
12003406777,apartment,2,8.537,8.637613296508789
12003406912,apartment,2,8.6995,8.775156021118164
12003410510,apartment,2,8.8679,8.628905296325684
12003411134,apartment,2,8.6163,8.645122528076172
12004208324,apartment,2,8.6648,8.67873764038086
12007708001,apartment,2,8.5172,8.226587295532227
12007803495,apartment,2,8.2589,7.991298675537109
12007804181,apartment,2,8.5172,7.991805553436279
12007809086,apartment,2,8.1605,8.184955596923828
12007816139,apartment,2,8.5725,8.267038345336914
12007817550,apartment,2,8.3349,8.238035202026367
12007817933,apartment,2,8.4286,8.256645202636719
12007819502,apartment,2,8.4324,8.25505256652832
12007823674,apartment,2,8.4839,8.261170387268066
12007823811,apartment,2,8.4482,8.225131034851074
12012703401,apartment,2,7.6487,7.866482734680176
12031101187,apartment,2,8.8144,8.6882905960083
12040203922,apartment,2,7.81,7.905124664306641
12040204023,apartment,2,8.2645,7.91024112701416
12040800947,apartment,2,8.1751,8.07257080078125
12040801048,apartment,2,8.0032,8.069246292114258
12040801153,apartment,2,8.1751,8.075979232788086
12040802907,apartment,2,8.1075,8.047260284423828
12040803644,apartment,2,8.2379,8.04453182220459
12040809960,apartment,2,8.2987,8.064918518066406
12040810144,apartment,2,7.7848,8.004480361938477
12040811809,apartment,2,8.4611,8.519317626953125
12040812082,apartment,2,8.4345,8.447832107543945
12041100671,apartment,2,8.3576,8.386600494384766
12041105118,apartment,2,8.3706,8.238666534423828
12042502110,apartment,2,8.2901,8.198484420776367
12044200804,apartment,2,8.3002,8.055110931396484
12103903446,apartment,2,8.3782,8.251736640930176
12109500831,apartment,2,8.2685,7.979836940765381
12111407460,apartment,2,8.2171,8.066410064697266
12111602441,apartment,2,8.0546,8.045655250549316
12117000826,apartment,2,7.8604,7.919924736022949
12125001429,apartment,2,8.1887,8.057882308959961
12125907401,apartment,2,8.4189,8.49378776550293
12200403266,apartment,8,8.4457,8.533483505249023
12200702328,apartment,8,8.8841,8.7633056640625
12200704411,apartment,8,8.635,8.711119651794434
12203500548,apartment,8,7.6009,8.006660461425781
12203900260,apartment,8,8.2295,8.185891151428223
12208001140,apartment,8,7.693,7.971166610717773
12208801147,apartment,8,8.1918,8.275222778320312
12209102341,apartment,8,7.8153,8.30160903930664
12210101416,apartment,8,8.096,8.2042875289917
12210101718,apartment,8,8.1557,8.221928596496582
12210102242,apartment,8,8.2331,8.211203575134277
12213303419,apartment,8,7.7985,7.93898344039917
12214502962,apartment,8,7.9258,8.053045272827148
12214505856,apartment,8,7.9576,8.317081451416016
12214507468,apartment,8,8.1619,8.268312454223633
12214507905,apartment,8,8.3257,8.27490234375
12214509320,apartment,8,8.2802,8.275107383728027
12214509533,apartment,8,8.1619,8.266866683959961
12214509894,apartment,8,8.3253,8.305597305297852
12214510191,apartment,8,8.2138,8.273199081420898
12214600298,apartment,8,8.0413,8.255228996276855
12214600859,apartment,8,8.0126,8.259984970092773
12214601685,apartment,8,8.0721,8.255106925964355
12214601812,apartment,8,7.9768,8.254735946655273
12217401946,apartment,8,7.8859,8.05284309387207
12300201584,apartment,8,8.1117,8.171348571777344
12300501251,apartment,8,8.4333,8.297292709350586
12300503661,apartment,8,8.6662,8.319337844848633
12300900881,apartment,8,8.6323,8.383920669555664
12301500798,apartment,8,8.0098,8.122270584106445
12301502065,apartment,8,8.223,8.13342571258545
12307101356,apartment,8,8.0985,8.150510787963867
12307101372,apartment,8,8.1377,8.147344589233398
12310103119,apartment,8,8.2548,8.444737434387207
12310107068,apartment,8,8.453,8.48974323272705
12310302286,apartment,8,8.1543,8.18604850769043
12310302723,apartment,8,8.079,8.184965133666992
12315103028,apartment,8,8.8123,8.630254745483398
12322700753,apartment,8,8.1624,8.094071388244629
12322701954,apartment,8,8.1577,8.095804214477539
12408400588,apartment,7,8.382,8.380829811096191
12410402215,apartment,7,8.4995,8.513261795043945
12411600789,apartment,7,8.2898,8.586807250976562
12412001749,apartment,7,8.2048,8.502260208129883
12412002222,apartment,7,8.4925,8.499216079711914
12416501495,apartment,7,7.9521,8.286697387695312
12417405767,apartment,7,7.9207,8.514373779296875
12417407603,apartment,7,8.4995,8.681053161621094
12417408928,apartment,7,8.6945,8.6516695022583
12417501863,apartment,7,8.3257,8.570281982421875
12502100398,apartment,7,7.9984,8.283293724060059
12512403474,apartment,7,8.1172,8.253515243530273
12512403891,apartment,7,8.2185,8.254768371582031
12513105035,apartment,7,8.3666,8.551825523376465
12516600541,apartment,7,8.0317,8.290229797363281
12516900502,apartment,7,8.4237,8.408700942993164
12728902819,apartment,4,8.3066,7.972712516784668
12731000200,apartment,4,8.3318,8.220298767089844
12731000936,apartment,4,8.4537,8.220921516418457
12731006081,apartment,4,8.5017,8.225251197814941
12731007108,apartment,4,8.2785,8.226301193237305
12821200918,apartment,4,8.3473,8.103944778442383
12821300718,apartment,4,8.4362,8.25190544128418
12902301153,apartment,3,7.926,8.213762283325195
12902301927,apartment,3,7.3545,8.214767456054688
12902302011,apartment,3,7.9146,8.21358871459961
12902302559,apartment,3,7.7611,8.215005874633789
12902303679,apartment,3,7.8034,8.220893859863281
13010901428,apartment,3,8.2501,8.292732238769531
13010901959,apartment,3,8.3473,8.295981407165527
13012901158,apartment,3,7.9128,7.97731876373291
13014002371,apartment,3,8.3399,8.19101333618164
13014003191,apartment,3,7.9911,8.160914421081543
13014003319,apartment,3,7.9844,8.160890579223633
13014200688,apartment,3,8.4407,8.305501937866211
13014203385,apartment,3,8.2118,8.268714904785156
13014204284,apartment,3,8.2583,8.297135353088379
13031002546,apartment,3,8.0189,8.014568328857422
13031004050,apartment,3,7.9121,8.142845153808594
13032704943,apartment,5,7.8162,8.313801765441895
13037000200,apartment,3,7.803,7.967510223388672
13037001789,apartment,3,7.7595,7.969651222229004
13100303074,apartment,5,7.8109,7.973288059234619
13109702060,apartment,5,7.9817,8.091692924499512
13109702338,apartment,5,8.0617,8.09274673461914
13109702486,apartment,5,8.077,8.090051651000977
13110901322,apartment,5,8.1277,7.925971031188965
13111203106,apartment,5,8.2836,8.391812324523926
13327808197,apartment,5,8.0164,8.127062797546387
13328005977,apartment,5,7.9089,7.96442985534668
13409000241,apartment,5,8.1196,8.021251678466797
13446404456,apartment,5,7.7138,7.931314468383789
13446404650,apartment,5,7.7331,7.9315290451049805
13522801554,apartment,5,8.3349,8.222786903381348
13538902649,apartment,5,8.0133,8.05120849609375
13625901632,apartment,5,7.7339,7.991329193115234
13632301041,apartment,5,8.1328,8.177520751953125
13704101876,apartment,5,8.5172,8.22909164428711
13706200235,apartment,5,7.6795,7.887598514556885
13706200472,apartment,5,7.7926,7.919981956481934
13706301376,apartment,5,7.9959,8.349817276000977
13714201695,apartment,5,7.8982,8.042118072509766
13805202694,apartment,5,7.9736,8.03189468383789
13811101349,apartment,5,8.0893,8.21390151977539
13834901465,apartment,5,8.6011,8.604082107543945
13834901473,apartment,5,8.6011,8.604082107543945
13834901503,apartment,5,8.625,8.603480339050293
13834901661,apartment,5,8.6121,8.604043960571289
13834905320,apartment,5,8.8198,8.748437881469727
13834905691,apartment,5,8.8222,8.748504638671875
13834908680,apartment,5,8.6011,8.615532875061035
13834908893,apartment,5,8.6312,8.623388290405273
13903003548,apartment,5,8.1388,8.170135498046875
13906600644,apartment,5,8.0025,7.987608432769775
13907402218,apartment,5,8.0451,8.092950820922852
13918700398,apartment,5,7.7517,8.02371597290039
14000400419,apartment,5,7.7863,7.789237022399902
14026606944,apartment,5,7.9391,8.064197540283203
14027103407,apartment,5,8.0783,8.060880661010742
14028100371,apartment,5,7.9329,7.674609184265137
14102001580,apartment,5,8.0383,7.899267196655273
14102600964,apartment,5,8.1639,8.137109756469727
14105701184,apartment,5,8.0652,7.906196117401123
14105701941,apartment,5,7.916,7.907186508178711
14105705661,apartment,5,7.7544,7.90501594543457
14202000853,apartment,5,8.3147,8.306596755981445
14202800787,apartment,5,8.4039,8.471384048461914
14208001711,apartment,5,8.6373,8.642940521240234
14208301197,apartment,5,8.7179,8.521903991699219
14208301227,apartment,5,8.781,8.531755447387695
14208301480,apartment,5,8.6603,8.541988372802734
14208600542,apartment,5,8.6108,8.465588569641113
14209400520,apartment,5,8.1873,8.218082427978516
14209601275,apartment,5,8.0898,8.169134140014648
14210200483,apartment,5,8.3021,8.418697357177734
14210200531,apartment,5,8.3021,8.418652534484863
14211900721,apartment,5,8.3321,8.441847801208496
14213500763,apartment,5,8.5172,8.52279281616211
14216202208,apartment,5,8.2453,8.234548568725586
14301902243,apartment,3,8.3143,8.351885795593262
14302400314,apartment,3,7.8403,8.356367111206055
14302502524,apartment,3,8.0652,8.152599334716797
14303001561,apartment,3,8.3862,8.246768951416016
14304600167,apartment,3,8.3205,8.27981948852539
14304801057,apartment,3,8.2118,8.252267837524414
14307203002,apartment,5,8.1117,8.0994873046875
14307206461,apartment,5,8.3837,8.335994720458984
14307302205,apartment,5,8.1773,8.16698932647705
14307303090,apartment,5,8.4966,8.27951431274414
14401801457,apartment,5,8.3773,8.357561111450195
14406501931,apartment,5,8.1117,8.49296760559082
14410501282,apartment,5,8.0539,8.088218688964844
14410503171,apartment,5,7.838,8.234180450439453
14416102185,apartment,5,7.768,7.988156318664551
14416107411,apartment,5,8.6915,8.55706787109375
14420801122,apartment,5,7.7933,8.262641906738281
14602300854,apartment,3,8.3622,8.335307121276855
14603100735,apartment,3,8.4505,8.36798095703125
14612900765,apartment,3,7.8067,7.978416442871094
14707502414,apartment,3,8.7167,8.21580696105957
14719700445,apartment,3,7.8355,7.97048807144165
14719703126,apartment,3,7.824,7.889973163604736
14719800687,apartment,3,7.8886,7.9413065910339355
14719801896,apartment,3,7.8625,7.86713171005249
14719803831,apartment,3,7.7945,7.842879772186279
14720502661,apartment,3,7.8623,8.053712844848633
14720503275,apartment,3,8.1091,8.067058563232422
14720504425,apartment,3,7.9619,7.947894096374512
14720504468,apartment,3,7.8435,7.870748996734619
14728200603,apartment,3,8.0446,8.10763168334961
14728201081,apartment,3,8.0947,8.208234786987305
14728205362,apartment,3,8.0962,8.098114013671875
14728208302,apartment,3,7.9891,8.102983474731445
14728208469,apartment,3,8.0396,8.090639114379883
14728211141,apartment,3,8.002,8.109768867492676
14728212350,apartment,3,8.4372,8.350936889648438
14728215031,apartment,3,8.6055,8.350194931030273
14728217281,apartment,3,8.355,8.247478485107422
14729302361,apartment,3,8.5457,8.409223556518555
14729302574,apartment,3,8.2855,8.45915699005127
14729304321,apartment,3,8.3117,8.412073135375977
14729304585,apartment,3,8.4684,8.412073135375977
14729304951,apartment,3,8.6558,8.397111892700195
14731100894,apartment,3,8.3811,8.390847206115723
14733600479,apartment,5,8.3931,8.279138565063477
14733803477,apartment,5,7.9715,7.8675031661987305
14733808665,apartment,5,8.2385,8.16904067993164
14734002001,apartment,5,8.1183,8.08485221862793
14735001203,apartment,5,8.0472,7.9930267333984375
14735001637,apartment,5,7.9853,7.991621494293213
14735200788,apartment,3,7.9317,8.067928314208984
14735200958,apartment,3,7.9111,8.0693359375
14805001691,apartment,3,7.5279,7.757931232452393
14815400465,apartment,3,8.1689,8.236246109008789
14818901309,apartment,3,8.0359,8.118175506591797
14908700426,apartment,3,7.901,8.12822437286377
14932601221,apartment,3,7.9403,8.146507263183594
14932601335,apartment,3,7.7742,8.148065567016602
14935200102,apartment,3,7.9988,8.150520324707031
15002902005,apartment,3,8.1951,8.187058448791504
15028504211,apartment,5,8.1388,8.221285820007324
15028507421,apartment,5,8.1807,8.2223539352417
15028508282,apartment,5,7.7637,8.119874954223633
15028600332,apartment,3,8.1987,8.264638900756836
15106400480,apartment,3,8.0598,8.061882019042969
15110202299,apartment,5,8.1032,8.193431854248047
15112302827,apartment,5,8.0529,7.954107761383057
15112304234,apartment,5,7.9728,7.995319366455078
15112304651,apartment,5,7.9103,7.996176242828369
15112305605,apartment,5,8.0854,8.107731819152832
15119903281,apartment,5,8.0164,7.925884246826172
15119905871,apartment,5,8.2509,7.998745441436768
15119906396,apartment,5,8.0487,8.001382827758789
15119906965,apartment,5,8.0864,7.968262672424316
15119907759,apartment,5,7.7063,7.85548210144043
15120003728,apartment,5,8.3489,8.195453643798828
15120005895,apartment,5,8.3816,8.194992065429688
15120008509,apartment,5,8.2385,8.155183792114258
15120009221,apartment,5,8.3573,8.041814804077148
15212402696,apartment,3,8.415,8.200576782226562
15310404588,apartment,3,8.1742,8.212432861328125
15408001112,apartment,3,8.5668,8.448966979980469
15408001661,apartment,3,8.3109,8.451559066772461
15408001708,apartment,3,8.5172,8.476259231567383
15413106441,apartment,3,7.6454,8.02546501159668
15423101831,apartment,3,8.3143,8.410224914550781
15423904950,apartment,3,7.6059,8.353840827941895
15423905302,apartment,3,8.1117,8.357257843017578
15425301269,apartment,3,8.0897,8.382087707519531
15509801149,apartment,3,8.1591,8.084678649902344
15523011230,apartment,3,7.9911,8.135021209716797
15523017281,apartment,3,8.3286,8.41715145111084
15523017451,apartment,3,8.3837,8.416215896606445
15523019096,apartment,3,8.5172,8.416166305541992
15523019959,apartment,3,8.6068,8.416789054870605
15523021678,apartment,3,8.4457,8.465797424316406
15523021732,apartment,3,8.558,8.377435684204102
15523025517,apartment,3,8.1763,8.265607833862305
15523028370,apartment,3,8.1445,8.2661714553833
15528302101,apartment,3,8.3021,8.465060234069824
15536906541,apartment,3,8.0679,8.267395973205566
15603604890,apartment,3,7.9596,8.020997047424316
15603608136,apartment,3,7.453,8.079586029052734
15603612214,apartment,3,7.6397,8.123390197753906
15603612966,apartment,3,7.8724,8.149029731750488
15603612982,apartment,3,7.9625,8.148042678833008
15603615647,apartment,3,8.0292,8.145096778869629
15603619847,apartment,3,7.824,8.084800720214844
15603800762,apartment,3,8.5172,8.46269416809082
15603806906,apartment,3,8.6458,8.513622283935547
15705904516,apartment,1,8.0652,8.053461074829102
15705905210,apartment,1,8.1706,8.064464569091797
15705905520,apartment,1,8.1117,8.065423965454102
15707901468,apartment,1,8.5374,8.320838928222656
15707910378,apartment,1,8.3862,8.241348266601562
15709608512,apartment,1,7.9984,8.127288818359375
15709609756,apartment,1,7.7063,8.039192199707031
15709610924,apartment,1,7.8341,8.05095386505127
15709614512,apartment,1,8.6095,8.384073257446289
15709620849,apartment,1,8.2376,8.116754531860352
15710400547,apartment,1,7.8835,8.025580406188965
15710401241,apartment,1,8.0266,8.027297973632812
15710500576,apartment,1,8.2489,8.13972282409668
15711100237,apartment,1,7.8337,8.020706176757812
15713006701,apartment,1,8.0403,8.0632963180542
15713008079,apartment,1,8.0329,8.014516830444336
15713010235,apartment,1,8.3888,8.172964096069336
15713010502,apartment,1,8.1807,8.239662170410156
15713018988,apartment,1,8.3413,8.27850341796875
15718601991,apartment,1,7.9898,8.21861457824707
15720801722,apartment,1,8.1807,8.163948059082031
15721000642,apartment,1,7.9939,8.127265930175781
15721001584,apartment,1,7.9294,8.126138687133789
15721003201,apartment,1,8.4495,8.099793434143066
15721003552,apartment,1,8.3927,8.13499641418457
15721006322,apartment,1,8.0214,8.095431327819824
15721300859,apartment,1,7.824,7.941235542297363
15721301413,apartment,1,7.8312,7.940186500549316
15721402767,apartment,1,8.0943,8.185306549072266
15721403844,apartment,1,8.2536,8.20817756652832
15722000824,apartment,1,8.0523,8.110705375671387
15722403686,apartment,1,8.0415,7.957990646362305
15722900752,apartment,1,8.239,8.025318145751953
15722901392,apartment,1,8.192,8.155713081359863
15722901937,apartment,1,8.0014,8.146830558776855
15722902259,apartment,1,8.2043,8.154884338378906
15722905908,apartment,1,7.7018,7.905876159667969
15722907595,apartment,1,7.805,7.949337005615234
15722909660,apartment,1,8.1213,7.957249641418457
15722912181,apartment,1,7.744,7.958542823791504
15722919348,apartment,1,8.1117,8.23555850982666
15722923231,apartment,1,8.351,8.122970581054688
15722923507,apartment,1,8.273,8.111283302307129
15722924007,apartment,1,8.3001,8.114250183105469
15722926565,apartment,1,7.9032,8.14083480834961
15722927669,apartment,1,7.7634,8.139243125915527
15722928721,apartment,1,8.0247,8.190225601196289
15903800601,apartment,8,8.6713,8.623230934143066
15903802019,apartment,8,8.5374,8.62045669555664
15908800480,apartment,8,8.2127,8.249176025390625
15908800901,apartment,8,8.1055,8.249593734741211
15908803390,apartment,8,8.1634,8.526894569396973
15909800492,apartment,8,7.77,8.026250839233398
15913500694,apartment,8,7.9857,8.26218032836914
15914001195,apartment,8,8.0523,8.168045043945312
15914002019,apartment,8,8.1025,8.167518615722656
15915900649,apartment,8,7.4456,8.146784782409668
15915901734,apartment,8,7.8103,8.14846134185791
15916509285,apartment,8,8.479,8.368717193603516
15916517601,apartment,8,8.2462,8.37509536743164
15916517660,apartment,8,8.2649,8.374452590942383
15916517709,apartment,8,8.2271,8.375137329101562
15916519752,apartment,8,8.2035,8.37771987915039
15916601874,apartment,8,8.1605,8.201946258544922
15916603362,apartment,8,8.137,8.135828018188477
15916603435,apartment,8,8.0858,8.134971618652344
15916604271,apartment,8,8.2025,8.19681453704834
15916606523,apartment,8,8.0734,8.193395614624023
15916606744,apartment,8,8.1977,8.140119552612305
15916607422,apartment,8,8.0317,8.136890411376953
15916608305,apartment,8,8.34,8.136945724487305
15916608585,apartment,8,8.0672,8.135462760925293
15916801377,apartment,8,8.411,8.016143798828125
15917705304,apartment,8,7.8575,8.094849586486816
15917708532,apartment,8,7.832,8.100975036621094
15917711584,apartment,8,8.1288,8.286811828613281
15917712815,apartment,8,8.2102,8.286955833435059
15917713668,apartment,8,8.1483,8.267130851745605
15921002738,apartment,8,8.1543,8.192441940307617
15921004579,apartment,8,8.8408,8.607843399047852
15921006547,apartment,8,8.8444,8.604352951049805
15929105900,apartment,8,8.3741,8.205344200134277
15929109418,apartment,8,8.363,8.366504669189453
15929109655,apartment,8,8.3741,8.369556427001953
15929109965,apartment,8,8.4682,8.404962539672852
15929114391,apartment,8,8.3261,8.435895919799805
15929115681,apartment,8,8.3741,8.421077728271484
15929117453,apartment,8,8.3349,8.421135902404785
15929117496,apartment,8,8.4674,8.38569164276123
15930801915,apartment,8,7.5147,8.132861137390137
16004901813,apartment,8,8.0376,8.107133865356445
16004904987,apartment,8,8.3962,8.089250564575195
16010901811,apartment,8,7.4392,8.238543510437012
16017301194,apartment,8,8.059,8.061866760253906
16017701869,apartment,8,8.0064,8.00996208190918
16017705678,apartment,8,8.2083,7.896397590637207
16017705996,apartment,8,8.3434,8.146078109741211
16017901213,apartment,8,8.0973,8.07618522644043
16019501506,apartment,8,8.2521,8.375907897949219
16019502723,apartment,8,8.2521,8.37612247467041
16021303521,apartment,8,8.1335,8.157164573669434
16021701215,apartment,8,7.7287,8.079524993896484
16023801128,apartment,8,8.2978,8.18883991241455
16023801251,apartment,8,8.5965,8.191044807434082
16023901653,apartment,8,8.0256,8.020136833190918
16024901126,apartment,8,8.3059,8.296095848083496
16026900461,apartment,8,8.2623,8.347524642944336
16026902154,apartment,8,8.2642,8.31679630279541
16026902456,apartment,8,8.3554,8.354791641235352
16026903045,apartment,8,8.2623,8.351141929626465
16027702353,apartment,8,8.5952,8.42770004272461
16027702612,apartment,8,8.6439,8.426530838012695
16027704161,apartment,8,8.7096,8.437420845031738
16027704720,apartment,8,8.6781,8.44306468963623
16028302995,apartment,8,8.4188,8.32217025756836
16028701008,apartment,8,8.2295,8.249109268188477
16028701441,apartment,8,8.1315,8.156444549560547
16036804491,apartment,8,8.1233,8.035045623779297
16036805585,apartment,8,8.1682,8.037039756774902
16036812271,apartment,8,8.6305,8.336372375488281
16036812573,apartment,8,8.7403,8.335121154785156
16037001951,apartment,8,8.3468,8.080649375915527
16037002117,apartment,8,8.265,8.076929092407227
16037002478,apartment,8,9.1938,8.438236236572266
16037006147,apartment,8,8.9872,8.30813217163086
16200100984,apartment,2,8.0679,8.078243255615234
16200105110,apartment,2,8.1233,8.089712142944336
16200106575,apartment,2,8.6748,8.217827796936035
16200109019,apartment,2,8.2628,8.253445625305176
16200111056,apartment,2,8.394,8.243223190307617
16200112869,apartment,2,8.7208,8.228643417358398
16200115302,apartment,2,8.8858,8.26537799835205
16200116481,apartment,2,8.9513,8.302787780761719
16200117828,apartment,2,8.8698,8.303908348083496
16200122104,apartment,2,8.5925,8.282870292663574
16200136180,apartment,2,8.4154,8.255159378051758
16200136512,apartment,2,8.3886,8.295528411865234
16200145929,apartment,2,8.2533,8.437124252319336
16200501792,apartment,2,8.5839,8.26815414428711
16200503736,apartment,2,8.3688,8.26785945892334
16200503981,apartment,2,8.4998,8.265987396240234
16203501327,apartment,2,8.465,8.334220886230469
16203606714,apartment,2,8.4839,8.230974197387695
16203609705,apartment,2,8.267,8.240007400512695
16203610797,apartment,2,8.1304,8.230710983276367
16205102926,apartment,2,8.1605,8.321293830871582
16208400502,apartment,2,8.7072,8.821731567382812
16221300761,apartment,2,8.0848,8.186502456665039
16221602520,apartment,2,7.9207,8.086602210998535
16325601148,apartment,2,7.9176,8.008098602294922
16325602276,apartment,2,8.1205,7.999302864074707
16325700626,apartment,2,7.7187,7.98415470123291
16511710989,apartment,8,8.4118,8.378657341003418
16511711594,apartment,8,8.4978,8.486984252929688
16513500981,apartment,8,8.1353,8.238190650939941
16513500991,apartment,8,8.2659,8.236291885375977
16536502778,apartment,2,7.7194,7.550171852111816
16536503499,apartment,2,7.5314,7.62224006652832
16537104253,apartment,2,8.5703,8.337543487548828
16537111071,apartment,2,8.4611,8.34067440032959
16540402146,apartment,2,7.9176,7.7806806564331055
16540700295,apartment,2,7.9194,7.825129508972168
16540700392,apartment,2,8.0472,7.8272013664245605
16541406676,apartment,2,8.2179,8.124857902526855
16600403763,apartment,8,8.2158,8.128599166870117
16603305134,apartment,8,8.6226,8.531736373901367
16606502674,apartment,8,7.9431,8.112486839294434
16624902735,apartment,8,8.2295,8.319765090942383
16624906153,apartment,8,8.235,8.379531860351562
16624906277,apartment,8,8.3953,8.380634307861328
16624908751,apartment,8,8.127,8.296463966369629
16624909871,apartment,8,8.1117,8.300474166870117
16624911203,apartment,8,7.7264,8.264741897583008
16626708111,apartment,8,8.3493,8.461740493774414
16626708146,apartment,8,8.6583,8.467168807983398
16626709053,apartment,8,8.3894,8.42756462097168
16701402241,apartment,8,8.0529,8.222505569458008
16715904633,apartment,8,7.4335,7.754528045654297
16721801581,apartment,8,8.263,8.236800193786621
16805900688,apartment,8,7.8996,8.02680778503418
16809301622,apartment,8,8.0405,8.2255859375
16809301681,apartment,8,8.096,8.22445011138916
16810001815,apartment,8,7.7933,8.121405601501465
16810003931,apartment,8,8.4161,8.424036979675293
16813000925,apartment,8,7.8427,8.024209976196289
16813001107,apartment,8,7.6962,8.03799057006836
16825608613,apartment,8,8.8426,8.251598358154297
16825608885,apartment,8,8.581,8.252960205078125
16829701014,apartment,8,7.9798,8.233908653259277
16829707391,apartment,8,8.0175,8.385133743286133
16832001834,apartment,8,7.9139,8.006534576416016
16832002326,apartment,8,7.9215,7.981991767883301
16832407180,apartment,8,8.1487,8.138849258422852
16900901653,apartment,8,8.0186,8.344305038452148
16900902609,apartment,8,8.0348,8.344305038452148
16900908720,apartment,8,8.0348,8.359460830688477
16900915719,apartment,8,8.1481,8.36046314239502
16900923681,apartment,8,8.1763,8.514947891235352
16900929541,apartment,8,8.074,8.469635009765625
16901800370,apartment,8,8.1367,8.399089813232422
16901901614,apartment,8,8.2424,8.290884017944336
16902001285,apartment,8,8.5019,8.458908081054688
16902001846,apartment,8,8.5817,8.50094223022461
16902002001,apartment,8,8.4833,8.498551368713379
16902100879,apartment,8,8.0012,8.526728630065918
16902103398,apartment,8,8.1828,8.51001262664795
16902106559,apartment,8,8.36,8.574666023254395
16902301602,apartment,8,8.409,8.441781997680664
16902302056,apartment,8,8.3501,8.442113876342773
16902304131,apartment,8,8.2143,8.357240676879883
16902601241,apartment,8,7.9795,8.367591857910156
16902601835,apartment,8,8.0819,8.3807373046875
16902800714,apartment,8,8.5397,8.344228744506836
16902800927,apartment,8,8.3966,8.342330932617188
16902801303,apartment,8,8.4358,8.35555648803711
16902803780,apartment,8,8.099,8.388566017150879
16902803837,apartment,8,8.2803,8.371072769165039
16903101739,apartment,8,8.1263,8.36716079711914
16903600883,apartment,8,8.2078,8.347444534301758
16903601571,apartment,8,8.4392,8.366508483886719
16903602071,apartment,8,8.3157,8.365041732788086
16903602576,apartment,8,8.3374,8.366071701049805
16903602940,apartment,8,8.294,8.368577003479004
16903603602,apartment,8,8.3819,8.367914199829102
16903702880,apartment,8,8.1784,8.210567474365234
16903901875,apartment,8,8.5672,8.395742416381836
16904003420,apartment,8,8.1328,8.314332962036133
16904004362,apartment,8,8.3559,8.313368797302246
16904006721,apartment,8,8.6103,8.463798522949219
16904006861,apartment,8,8.5317,8.463993072509766
16904007485,apartment,8,8.3717,8.466670989990234
16904007681,apartment,8,8.428,8.466309547424316
16904007841,apartment,8,8.6081,8.466309547424316
16904007981,apartment,8,8.6516,8.460836410522461
16906202781,apartment,8,8.1942,8.287432670593262
16906203060,apartment,8,8.2228,8.279348373413086
16907600438,apartment,8,7.9519,8.087089538574219
16908401110,apartment,8,7.8989,8.111043930053711
16908903485,apartment,8,7.9365,8.212176322937012
16911901196,apartment,8,8.3075,8.207578659057617
16911902631,apartment,8,8.372,8.237722396850586
16911903237,apartment,8,8.3075,8.239800453186035
16911903555,apartment,8,8.0189,8.364980697631836
16911903970,apartment,8,7.8764,8.335464477539062
16911904578,apartment,8,8.0368,8.335477828979492
16911905167,apartment,8,7.5558,8.339337348937988
16919700947,apartment,8,7.8909,8.229120254516602
16919701978,apartment,8,8.4589,8.518823623657227
16919703377,apartment,8,8.3866,8.360239028930664
16919703415,apartment,8,8.3042,8.36068058013916
16919903201,apartment,8,8.3872,8.407058715820312
16919904593,apartment,8,8.4344,8.389270782470703
16919904992,apartment,8,8.5344,8.385591506958008
16919907444,apartment,8,8.6149,8.57884693145752
16920201861,apartment,8,8.4719,8.386874198913574
16920303034,apartment,8,8.3712,8.405413627624512
16920501995,apartment,8,8.4755,8.60513973236084
16920502071,apartment,8,8.4231,8.602216720581055
16920504579,apartment,8,8.5689,8.605964660644531
16920601302,apartment,8,7.9993,8.273411750793457
16921205087,apartment,8,8.4452,8.439323425292969
16921206131,apartment,8,8.4482,8.366355895996094
16921400823,apartment,8,8.294,8.203166961669922
16921402435,apartment,8,8.0739,8.303171157836914
16921402451,apartment,8,8.1348,8.300036430358887
16921900966,apartment,8,8.187,8.001386642456055
16922302124,apartment,8,7.9191,8.1456298828125
16922500988,apartment,8,8.2479,8.393468856811523
16922603655,apartment,8,8.4584,8.493204116821289
16922605658,apartment,8,8.4338,8.464141845703125
16922606131,apartment,8,8.7171,8.458372116088867
16926907179,apartment,8,8.4952,8.092845916748047
16926912857,apartment,8,8.1526,8.431215286254883
16929000271,apartment,8,7.824,8.295942306518555
16929001510,apartment,8,7.8427,8.300275802612305
16930101019,apartment,8,7.8611,8.111427307128906
16930101035,apartment,8,8.3487,8.501230239868164
16930102856,apartment,8,8.0133,8.144789695739746
16930403112,apartment,8,8.2334,8.222675323486328
16930403473,apartment,8,8.0635,8.222001075744629
16930403937,apartment,8,8.0819,8.222854614257812
16930414815,apartment,8,8.5268,8.544387817382812
16930416028,apartment,8,8.8144,8.543684005737305
16930416435,apartment,8,8.6229,8.544792175292969
17000403445,apartment,8,8.595,8.541329383850098
17001002428,apartment,8,8.6836,8.781096458435059
17001003149,apartment,8,8.6836,8.78769588470459
17001100977,apartment,8,8.2311,8.21247386932373
17001202214,apartment,8,8.81,8.4224853515625
17001204373,apartment,8,8.774,8.4224853515625
17001502412,apartment,8,8.0214,8.011961936950684
17001900248,apartment,8,8.2798,8.184900283813477
17002101241,apartment,8,8.1568,8.183860778808594
17002201823,apartment,8,8.1807,8.419322967529297
17002201912,apartment,8,8.1066,8.410961151123047
17002301275,apartment,8,7.7334,8.059550285339355
17002301755,apartment,8,7.7439,8.087911605834961
17003701196,apartment,8,7.9606,8.337698936462402
17003902280,apartment,8,7.9294,8.286969184875488
17004300322,apartment,8,7.8177,8.24902057647705
17004901024,apartment,8,7.5433,8.0451021194458
17004901733,apartment,8,7.4388,8.074153900146484
17005901192,apartment,8,8.3301,8.034908294677734
17005905295,apartment,8,8.1461,8.309304237365723
17006202433,apartment,8,8.3489,8.4896879196167
17006202786,apartment,8,8.2976,8.486313819885254
17006203200,apartment,8,8.1673,8.444425582885742
17007302466,apartment,8,8.2144,8.401179313659668
17007302806,apartment,8,8.3584,8.41456413269043
17007305287,apartment,8,8.2985,8.379179954528809
17007307573,apartment,8,8.0115,8.351400375366211
17007309967,apartment,8,8.1554,8.381904602050781
17007310868,apartment,8,8.363,8.387136459350586
17013201676,apartment,8,8.392,8.884279251098633
17015900539,apartment,8,7.4876,8.006343841552734
17015901217,apartment,8,8.1951,8.481705665588379
17017105418,apartment,8,7.6843,8.360308647155762
17017403400,apartment,8,8.101,8.402517318725586
17017403877,apartment,8,7.4931,8.368085861206055
17018408155,apartment,8,7.6247,8.866277694702148
17018902982,apartment,8,8.1543,8.395740509033203
17018903792,apartment,8,8.5022,8.4390869140625
17019202798,apartment,8,8.5446,8.466190338134766
17019203441,apartment,8,8.3849,8.426934242248535
17019204197,apartment,8,8.4472,8.4595947265625
17019400621,apartment,8,7.5785,7.866332054138184
17019606295,apartment,8,8.0018,8.137457847595215
17019606570,apartment,8,8.1456,8.13853645324707
17019606651,apartment,8,7.7746,8.137457847595215
17102101790,apartment,8,7.7295,8.124098777770996
17102102789,apartment,8,8.2255,8.372685432434082
17102102800,apartment,8,8.3501,8.332769393920898
17103705290,apartment,8,7.3905,8.004403114318848
17104300324,apartment,8,7.599,8.023527145385742
17104301487,apartment,8,8.1421,8.490436553955078
17106601232,apartment,8,7.8034,7.929168701171875
17110102059,apartment,8,8.1658,8.135808944702148
17111900919,apartment,8,7.8059,7.848074913024902
17116202500,apartment,8,8.713,8.308242797851562
17116202683,apartment,8,8.3143,8.303815841674805
17116400728,apartment,8,7.6426,7.974169731140137
17116401961,apartment,8,8.0169,8.422441482543945
17116404243,apartment,8,8.8309,8.595449447631836
17116600328,apartment,8,7.657,7.956183433532715
17116702031,apartment,8,8.0219,8.030187606811523
17116702368,apartment,8,8.1195,8.023548126220703
17117503350,apartment,8,8.5074,8.46978759765625
17117706561,apartment,8,8.434,8.4938383102417
17117712758,apartment,8,8.5848,8.48766803741455
17118301069,apartment,8,7.57,7.876214981079102
17118900701,apartment,8,7.8608,7.936372756958008
17118903409,apartment,8,7.7746,7.956029891967773
17119101209,apartment,8,7.8623,8.277382850646973
17119101314,apartment,8,7.7753,8.29501724243164
17119202315,apartment,8,8.75,8.404529571533203
17119204156,apartment,8,8.4737,8.26378059387207
17119204725,apartment,8,8.554,8.404133796691895
17119204970,apartment,8,8.5896,8.308666229248047
17119205675,apartment,8,8.5172,8.310676574707031
17119205799,apartment,8,8.5457,8.310781478881836
17119503587,apartment,8,8.0133,8.10006046295166
17119801197,apartment,8,7.627,8.157232284545898
17119807209,apartment,8,8.6412,8.482133865356445
17119903038,apartment,8,7.7683,7.982256889343262
17119903569,apartment,8,7.8685,8.106804847717285
17119905456,apartment,8,7.574,8.009504318237305
17119906010,apartment,8,8.0317,8.002957344055176
17119908064,apartment,8,7.7533,8.044248580932617
17120001670,apartment,8,8.4727,8.514154434204102
17120002065,apartment,8,8.544,8.513330459594727
17120002243,apartment,8,8.4555,8.518299102783203
17120003509,apartment,8,8.5265,8.543960571289062
17120201300,apartment,8,7.9557,8.158768653869629
17120202048,apartment,8,8.3033,8.40001106262207
17120202625,apartment,8,8.4389,8.373639106750488
17120301828,apartment,8,8.4284,8.13864517211914
17120302581,apartment,8,7.953,8.062984466552734
17120310290,apartment,8,8.7569,8.450172424316406
17120402081,apartment,8,8.9967,8.54471492767334
17120606793,apartment,8,7.9918,8.079754829406738
17120800379,apartment,8,7.8633,7.964299201965332
17121001569,apartment,8,8.3608,8.356938362121582
17121003472,apartment,8,7.9126,8.244009971618652
17121100745,apartment,8,8.32,8.086091995239258
17121302712,apartment,8,8.4467,8.401815414428711
17121304804,apartment,8,8.6396,8.353686332702637
17121601299,apartment,8,8.3931,8.567132949829102
17121700440,apartment,8,8.1063,8.323159217834473
17121801727,apartment,8,8.5127,8.540525436401367
17121802243,apartment,8,8.5997,8.536664962768555
17121802881,apartment,8,8.4621,8.53972053527832
17121808934,apartment,8,8.9239,8.425436019897461
17122000231,apartment,8,8.5389,8.37898063659668
17122000231,apartment,8,8.3421,8.376656532287598
17122213217,apartment,8,8.3291,8.387656211853027
17123100653,apartment,8,8.0891,8.133325576782227
17124301091,apartment,8,8.1724,8.223409652709961
17124703807,apartment,8,8.294,8.209239959716797
17125805999,apartment,8,7.7777,8.05959701538086
17125808041,apartment,8,8.1689,8.093404769897461
17125810704,apartment,8,8.1617,8.268000602722168
17125813274,apartment,8,8.4986,8.494911193847656
17126700554,apartment,8,8.6934,8.778371810913086
17126703634,apartment,8,8.5795,8.810444831848145
17126703898,apartment,8,8.96,8.799209594726562
17127002966,apartment,8,8.2642,8.335226058959961
17127004871,apartment,8,8.2125,8.434127807617188
17127102979,apartment,8,8.4078,8.578660011291504
17127106532,apartment,8,8.371,8.456637382507324
17127700590,apartment,8,8.4139,8.319122314453125
17127701589,apartment,8,8.4341,8.314576148986816
17127701813,apartment,8,8.5474,8.31399154663086
17128002390,apartment,8,8.3871,8.434216499328613
17128003575,apartment,8,8.4118,8.434337615966797
17129803613,apartment,8,8.1103,8.308610916137695
17129803729,apartment,8,8.1114,8.315053939819336
17129803842,apartment,8,8.1114,8.315053939819336
17129803974,apartment,8,8.1157,8.310455322265625
17129804040,apartment,8,8.1095,8.311614990234375
17129804059,apartment,8,8.1133,8.310518264770508
17129804512,apartment,8,8.0994,8.31495189666748
17129804636,apartment,8,8.0994,8.31556510925293
17129804733,apartment,8,8.1099,8.307384490966797
17129806183,apartment,8,8.3557,8.514089584350586
17130014430,apartment,8,8.6836,8.356138229370117
17130022476,apartment,8,8.6052,8.621814727783203
17130024770,apartment,8,8.5065,8.345405578613281
17130024959,apartment,8,8.4737,8.348064422607422
17130028296,apartment,8,8.5848,8.333398818969727
17130201230,apartment,8,8.3972,8.355154037475586
17130206836,apartment,8,8.2489,8.327101707458496
17130209223,apartment,8,8.4122,8.716985702514648
17206500977,apartment,2,8.4553,8.379260063171387
17234700799,apartment,2,7.7564,7.784836292266846
17234702627,apartment,2,8.0472,7.804715156555176
17235303599,apartment,2,8.2058,8.167343139648438
17235303742,apartment,2,8.2618,8.167327880859375
17300805158,apartment,2,7.789,7.976511478424072
17300806367,apartment,2,7.9501,7.967685699462891
17300808823,apartment,2,7.8678,7.967062950134277
17300809137,apartment,2,7.9533,7.991868019104004
17300809633,apartment,2,7.9553,8.021699905395508
17300810216,apartment,2,7.8662,8.029718399047852
17330201501,apartment,2,7.934,7.911675453186035
17331001654,apartment,2,7.7512,7.579303741455078
17331003150,apartment,2,7.9418,8.09068489074707
17331003169,apartment,2,7.9782,8.096049308776855
17331003355,apartment,2,7.9041,8.09419059753418
17332001941,apartment,2,8.197,8.071656227111816
17332002263,apartment,2,8.0882,7.957164764404297
17332004002,apartment,2,8.0772,8.22813606262207
17427403990,apartment,2,8.1605,8.278839111328125
17431209109,apartment,2,7.9438,8.159676551818848
17616409392,apartment,2,8.6553,8.299896240234375
17616416682,apartment,2,8.5536,8.297197341918945
17616417328,apartment,2,8.5536,8.298112869262695
17616418502,apartment,2,8.5536,8.29580307006836
17709800229,apartment,2,7.8823,8.087132453918457
17709800253,apartment,2,7.9725,8.091838836669922
17714300451,apartment,2,8.3931,8.182355880737305
17714304285,apartment,2,8.46,8.182971954345703
17714306563,apartment,2,8.4302,8.182943344116211
17805802067,apartment,2,8.4065,8.177337646484375
17806500439,apartment,2,9.0086,8.391101837158203
18300200664,apartment,8,8.294,8.221870422363281
18302901163,apartment,8,8.207,8.334277153015137
18303201602,apartment,8,8.0288,8.03661823272705
18303400575,apartment,8,7.9706,8.106825828552246
18309108906,apartment,8,8.3994,8.269503593444824
18309109279,apartment,8,8.489,8.2698974609375
18309113306,apartment,8,8.3349,8.269174575805664
18309113969,apartment,8,8.1117,8.00270938873291
18309114191,apartment,8,8.1442,8.023811340332031
18310802861,apartment,8,7.9639,8.09026050567627
18310803469,apartment,8,8.1456,8.09526252746582
18311100461,apartment,8,8.1032,7.991127014160156
18311801192,apartment,8,8.4589,8.498503684997559
18311802997,apartment,8,8.5448,8.528024673461914
18311903610,apartment,8,7.9988,8.247611999511719
18312204831,apartment,8,8.0434,8.263616561889648
18312301142,apartment,8,7.6852,8.073974609375
18312302661,apartment,8,7.701,8.106396675109863
18312500250,apartment,8,7.6468,8.059812545776367
18312701914,apartment,8,8.0631,8.065550804138184
18312702090,apartment,8,7.7304,8.073304176330566
18312704484,apartment,8,7.7205,8.261293411254883
18406100760,apartment,8,8.0109,8.123858451843262
18406501145,apartment,8,8.1622,8.089466094970703
18425205531,apartment,8,8.0635,8.146327018737793
18425206544,apartment,8,8.1407,8.141311645507812
18501601259,apartment,8,7.8915,8.061416625976562
18501803021,apartment,8,7.8841,7.97017765045166
18505403168,apartment,8,8.566,8.479850769042969
18505403613,apartment,8,8.4919,8.478412628173828
18505404865,apartment,8,8.4362,8.476648330688477
18505404921,apartment,8,8.5161,8.48338508605957
18505406000,apartment,8,8.5419,8.4779691696167
18505407521,apartment,8,8.0415,8.483779907226562
18505408054,apartment,8,8.4409,8.483779907226562
18505409255,apartment,8,8.6442,8.48460578918457
18505409352,apartment,8,8.6049,8.48460578918457
18505409840,apartment,8,8.7355,8.471837997436523
18505412302,apartment,8,8.7514,8.467167854309082
18505412833,apartment,8,8.631,8.46591567993164
18512001061,apartment,8,7.8623,7.8555707931518555
18513202011,apartment,8,8.406,8.302801132202148
18600213370,apartment,8,8.2123,8.116710662841797
18600608863,apartment,8,7.5022,8.197124481201172
18600623781,apartment,8,8.3428,8.491326332092285
18600630184,apartment,8,7.9728,8.485015869140625
18600904829,apartment,8,8.4966,8.497516632080078
18606801835,apartment,8,7.5386,7.8901543617248535
18608101911,apartment,8,8.0588,8.202095031738281
18608202661,apartment,8,8.1094,8.223033905029297
18608202785,apartment,8,8.0294,8.22663688659668
18700100705,apartment,7,7.7104,8.484028816223145
18724402795,apartment,7,7.8442,8.440448760986328
18724404380,apartment,7,7.7164,8.442665100097656
18724406642,apartment,7,8.5325,8.51383113861084
18800303179,apartment,7,7.8753,8.448681831359863
18800303470,apartment,7,8.0238,8.445533752441406
18803703933,apartment,7,7.889,8.504138946533203
18803704980,apartment,7,8.0064,8.486886024475098
18803706835,apartment,7,7.9519,8.485791206359863
18901900881,apartment,7,8.1807,8.492724418640137
19005501749,apartment,7,8.2721,8.45078182220459
19005505426,apartment,7,8.4727,8.43729019165039
19005507399,apartment,7,8.1543,8.418863296508789
19005509472,apartment,7,8.1543,8.489133834838867
19108900395,apartment,4,8.1807,8.017218589782715
19108900468,apartment,4,8.1807,8.01701831817627
19108900654,apartment,4,8.1188,8.013620376586914
19108901308,apartment,4,8.294,8.016770362854004
19201418271,apartment,5,8.3423,8.082378387451172
19300202331,apartment,5,8.3696,8.312039375305176
19601704425,apartment,9,8.8537,8.491413116455078
19601704654,apartment,9,8.6855,8.491785049438477
19601822843,apartment,9,8.3717,8.363088607788086
19603702535,apartment,9,8.5007,8.479692459106445
19603702675,apartment,9,8.3741,8.485852241516113
19603706328,apartment,9,8.1996,8.482301712036133
19603708495,apartment,9,8.5507,8.43291187286377
19603710244,apartment,9,8.4219,8.430145263671875
19603713979,apartment,9,8.5038,8.459210395812988
19603714721,apartment,9,8.4684,8.501794815063477
19700103810,apartment,7,8.4055,8.700613975524902
19700602795,apartment,7,8.5359,8.860620498657227
19700605964,apartment,7,8.7058,8.856853485107422
19700608491,apartment,7,8.6412,8.848237037658691
19700610501,apartment,7,8.8457,8.757120132446289
19700615889,apartment,7,8.948,8.884505271911621
19700617962,apartment,7,8.5092,8.933755874633789
19700621791,apartment,7,8.4566,8.927299499511719
19700623725,apartment,7,8.5572,8.970722198486328
19700629898,apartment,7,8.6792,8.873440742492676
19701600648,apartment,0,8.6392,8.896595001220703
19701601423,apartment,0,8.8897,8.859408378601074
19701601822,apartment,0,8.8524,8.86390495300293
19701603426,apartment,0,8.7596,8.857564926147461
19701902067,apartment,0,8.5946,9.010848045349121
19701902814,apartment,0,8.7719,9.02054214477539
19701916610,apartment,0,8.5099,9.007640838623047
19701918907,apartment,0,8.7333,9.021110534667969
19703912167,apartment,0,8.7517,9.138835906982422
19704401433,apartment,0,8.5172,8.913677215576172
19704403762,apartment,0,8.6618,8.930974960327148
19704416686,apartment,0,8.5172,8.927152633666992
19706301290,apartment,0,9.2814,9.037887573242188
19706305032,apartment,0,9.0049,8.982000350952148
19706305121,apartment,0,9.199,8.99569320678711
19812200400,apartment,4,7.9696,7.9087724685668945
19812200842,apartment,4,8.0302,7.908810138702393
19901600838,apartment,7,8.4684,8.591654777526855
19905405320,apartment,7,8.1582,8.455991744995117
19905405835,apartment,7,7.9782,8.440845489501953
19905408818,apartment,7,8.0064,8.439126968383789
20101100361,apartment,8,7.8982,8.028831481933594
20101400258,apartment,8,7.9202,7.908652305603027
20101501331,apartment,8,7.9733,8.060220718383789
20105000858,apartment,8,8.0156,8.08070182800293
20111200294,apartment,8,7.3734,8.122434616088867
20111400358,apartment,8,8.1796,8.447650909423828
20111400706,apartment,8,8.4616,8.441709518432617
20204704081,apartment,7,8.2623,8.354990005493164
20204704381,apartment,7,7.9725,8.30501651763916
20204704500,apartment,7,8.3165,8.386373519897461
20800203362,apartment,7,8.3539,8.363967895507812
20800205446,apartment,7,8.4815,8.459779739379883
21002601876,apartment,7,7.6454,8.245096206665039
21401400424,apartment,7,8.5253,8.628841400146484
21401402354,apartment,7,8.537,8.635032653808594
21402008900,apartment,7,8.2479,8.37870979309082
21402009370,apartment,7,7.9749,8.326332092285156
21402300326,apartment,7,7.9979,8.364471435546875
21402301391,apartment,7,8.2171,8.545340538024902
21402301993,apartment,7,8.0427,8.540861129760742
21402302507,apartment,7,8.2171,8.550678253173828
21402401378,apartment,7,7.9953,8.397716522216797
21402402757,apartment,7,8.2013,8.404341697692871
21402407181,apartment,7,8.4181,8.493362426757812
21403300303,apartment,7,7.8649,8.378018379211426
21500304709,apartment,7,7.893,8.318660736083984
21601000403,apartment,7,8.3187,8.35256576538086
22702300829,apartment,4,8.2435,8.031023979187012
22702302309,apartment,4,8.2331,8.025253295898438
22702302317,apartment,4,8.1501,8.043244361877441
23006701354,apartment,5,8.1724,8.264881134033203
23007604621,apartment,5,7.8817,8.182743072509766
23008900222,apartment,5,8.3453,8.186258316040039
23009700601,apartment,5,8.3517,8.168121337890625
23009702378,apartment,5,8.1532,8.167030334472656
23009702920,apartment,5,8.0506,8.165412902832031
23009802704,apartment,5,7.966,8.164743423461914
23010002635,apartment,5,7.9492,8.121318817138672
23010200720,apartment,5,8.1807,8.154979705810547
23010503911,apartment,5,8.1117,8.14251708984375
23010505432,apartment,5,8.3453,8.142927169799805
23011800489,apartment,5,8.2295,8.24599552154541
23013312457,apartment,5,7.9111,8.281142234802246
23205501150,apartment,5,7.8565,7.951817512512207
23300901357,apartment,5,8.1132,8.243366241455078
23300901616,apartment,5,8.2017,8.24239444732666
23304501760,apartment,5,7.9698,8.435685157775879
23400801788,apartment,5,7.8545,8.049405097961426
23400804159,apartment,5,7.7407,7.996636390686035
23400804442,apartment,5,7.6337,8.005191802978516
23400804469,apartment,5,7.5492,8.006202697753906
23400807093,apartment,5,7.6277,8.013650894165039
23400809150,apartment,5,7.6352,8.007173538208008
23403802009,apartment,5,7.6867,7.977047920227051
23404902236,apartment,5,8.1215,8.395313262939453
23603401725,apartment,5,7.359,7.938347339630127
23903009219,apartment,5,7.9218,8.378426551818848
24100601008,apartment,5,8.4407,8.240360260009766
24100602365,apartment,5,8.3028,8.239559173583984
24100805371,apartment,5,8.4449,8.01951789855957
24100805800,apartment,5,7.9519,8.008636474609375
24504701721,apartment,5,7.5909,8.096258163452148
24512301397,apartment,5,7.6204,8.101629257202148
24600801529,apartment,5,7.6076,8.093870162963867
24601003510,apartment,5,7.6081,8.108070373535156
24601104252,apartment,5,7.8034,8.093805313110352
24601204427,apartment,5,7.9294,8.139097213745117
24609902301,apartment,5,7.9251,8.143454551696777
24825916838,apartment,5,7.6535,8.172107696533203
29903506900,apartment,6,8.7421,8.647527694702148
29903507842,apartment,6,8.7403,8.632869720458984
29903919172,apartment,6,9.5402,8.87190055847168
29904103540,apartment,6,8.6832,8.693901062011719
29904605643,apartment,6,8.7981,8.656420707702637
29904704511,apartment,6,9.2305,9.207456588745117
29906701011,apartment,6,8.8319,8.847190856933594
29906705211,apartment,6,9.1482,8.639378547668457
29907406153,apartment,6,8.9772,9.012125968933105
29907505631,apartment,6,8.6664,8.70301342010498
29907705193,apartment,6,9.2347,8.764613151550293
29908205917,apartment,6,8.8366,8.61114501953125
29908206115,apartment,6,8.7216,8.613899230957031
29908206808,apartment,6,9.3263,8.59520149230957
29908206808,apartment,6,8.7305,8.618270874023438
29908208223,apartment,6,8.975,8.766674041748047
29908208479,apartment,6,8.8674,8.767005920410156
29908302491,apartment,6,9.5288,9.157535552978516
29908302769,apartment,6,9.0246,9.15287971496582
29908303791,apartment,6,9.0169,9.155415534973145
29908304176,apartment,6,9.2525,9.157535552978516
29908304461,apartment,6,8.9484,9.157877922058105
29908308155,apartment,6,9.2184,9.223869323730469
29908707351,apartment,6,8.8429,9.180215835571289
29909407262,apartment,6,9.0741,8.855976104736328
29909801841,apartment,6,8.8319,8.472372055053711
29909801882,apartment,6,8.5889,8.440502166748047
29909901331,apartment,6,8.9433,8.555686950683594
29910105428,apartment,6,8.8807,8.762004852294922
29910600186,apartment,6,8.5514,8.710714340209961
29911001634,apartment,6,9.1179,8.736653327941895
29911002150,apartment,6,8.7536,8.751819610595703
29911101329,apartment,6,8.8391,8.667947769165039
29911101991,apartment,6,8.6748,8.695943832397461
29911102562,apartment,6,8.509,8.696882247924805
29911103054,apartment,6,9.0489,8.668970108032227
29911403538,apartment,6,9.3746,8.721343040466309
29911403554,apartment,6,8.8856,8.712175369262695
29911406405,apartment,6,8.6894,8.634273529052734
29911501203,apartment,6,8.6045,8.720352172851562
29911602158,apartment,6,8.4112,8.610316276550293
29911708231,apartment,6,9.515,9.074173927307129
29911708398,apartment,6,9.5056,9.070476531982422
30001501019,apartment,6,8.9284,8.946187019348145
30001501183,apartment,6,8.9227,9.163759231567383
30004601731,apartment,6,8.4802,8.295526504516602
30004602630,apartment,6,7.8707,8.40264892578125
30005402228,apartment,6,8.192,8.371180534362793
30005403054,apartment,6,7.882,8.134920120239258
30005903456,apartment,6,8.3288,8.440742492675781
30006301141,apartment,6,8.0713,8.358619689941406
30006702731,apartment,6,8.2443,8.221059799194336
30007301135,apartment,6,8.178,8.217845916748047
30008900342,apartment,6,8.3379,8.353394508361816
30008900423,apartment,6,8.8558,8.3711519241333
30011400495,apartment,6,8.3562,8.705449104309082
30103001351,apartment,8,7.9273,8.165680885314941
30103001589,apartment,8,7.6612,8.164871215820312
30104200526,apartment,8,8.6615,8.661279678344727
30104600761,apartment,8,7.8783,8.000069618225098
30104701096,apartment,8,8.157,8.204378128051758
30105100339,apartment,8,7.9094,8.06052303314209
30105100533,apartment,8,8.0014,8.058650016784668
30105201275,apartment,8,8.1586,8.289102554321289
30105403617,apartment,8,8.0652,8.245450973510742
30105406489,apartment,8,7.9261,8.197282791137695
30105406683,apartment,8,8.024,8.22749137878418
30105409690,apartment,8,8.024,8.22236442565918
30105410567,apartment,8,7.9399,8.237013816833496
30105411792,apartment,8,8.1193,8.225520133972168
30105414090,apartment,8,7.943,8.236568450927734
30105425483,apartment,8,8.6226,8.71397876739502
30105429659,apartment,8,8.4677,8.786978721618652
30105429691,apartment,8,8.462,8.791359901428223
30105432341,apartment,8,8.7611,8.4563570022583
30105433486,apartment,8,8.5087,8.57127571105957
30105434008,apartment,8,8.7022,8.543037414550781
30105434911,apartment,8,8.5648,8.729183197021484
30105436019,apartment,8,8.7156,8.730376243591309
30105436043,apartment,8,8.7549,8.723649024963379
30105800871,apartment,8,8.2142,8.589676856994629
30107201728,apartment,8,8.798,8.713300704956055
30200501752,apartment,1,8.4268,8.575763702392578
30201503341,apartment,9,8.6071,8.699028015136719
30202800943,apartment,1,8.3712,8.518550872802734
30300402071,apartment,3,8.6102,8.677334785461426
30300402098,apartment,3,8.7139,8.594751358032227
30300705971,apartment,3,7.7589,7.89042854309082
30300709924,apartment,3,8.2542,8.147598266601562
30300711082,apartment,3,8.169,8.144896507263184
30300720278,apartment,3,8.2771,8.38288688659668
30301401338,apartment,3,8.548,8.348861694335938
30303402129,apartment,3,8.0288,8.104165077209473
30306601270,apartment,3,8.0064,8.114234924316406
30401800821,apartment,4,8.4851,8.11721420288086
30405301194,apartment,4,8.7677,8.340780258178711
30405900357,apartment,4,8.1521,8.104179382324219
30406402581,apartment,4,8.3442,8.354576110839844
30408404555,apartment,4,8.3143,8.078662872314453
30408404881,apartment,4,8.278,8.098773956298828
30409301849,apartment,4,8.6183,8.513477325439453
30409303256,apartment,4,8.4957,8.500368118286133
30409304996,apartment,4,8.5791,8.498405456542969
30409305135,apartment,4,8.691,8.504194259643555
30412300785,apartment,4,8.2887,8.444193840026855
30412301617,apartment,4,8.3284,8.44583511352539
30412305371,apartment,4,8.4064,8.493371963500977
30412400682,apartment,4,8.3369,8.454055786132812
30412401522,apartment,4,8.191,8.453012466430664
30501000604,apartment,4,8.0383,7.9609761238098145
30501002178,apartment,4,8.1481,8.16099739074707
30501002720,apartment,4,8.2816,8.160496711730957
30501004774,apartment,4,8.0893,8.160496711730957
30501005495,apartment,4,8.1481,8.160496711730957
30505201418,apartment,4,8.3521,8.028793334960938
30505203887,apartment,4,8.3288,8.024660110473633
30505206762,apartment,4,8.2149,8.114364624023438
30506602017,apartment,4,7.9837,7.93769645690918
30507704395,apartment,4,8.162,8.015417098999023
30507705057,apartment,4,8.2366,8.028398513793945
30508201443,apartment,4,7.9839,8.032246589660645
30508903553,apartment,4,7.7796,7.801114082336426
30509001715,apartment,4,7.9638,8.07300853729248
30509001804,apartment,4,8.0864,8.076409339904785
30509002797,apartment,4,8.0064,8.074434280395508
30513101354,apartment,4,8.076,8.120489120483398
30513700282,apartment,4,7.9977,7.840031623840332
30514303589,apartment,4,7.7116,8.027824401855469
30610900355,apartment,0,8.2118,8.380311012268066
30610909441,apartment,0,8.0064,8.223880767822266
30610909689,apartment,0,8.074,8.225992202758789
30611204697,apartment,0,8.8183,8.735734939575195
30611204913,apartment,0,8.5703,8.604740142822266
30611501081,apartment,0,8.674,8.537221908569336
30611704924,apartment,0,8.905,8.793100357055664
30611705246,apartment,0,8.7608,8.79257869720459
30612602777,apartment,0,8.4199,8.230420112609863
30612603218,apartment,0,8.1718,8.198334693908691
30613401181,apartment,0,8.1117,8.294118881225586
30701704370,apartment,7,8.0101,8.228181838989258
30702501384,apartment,7,8.3349,8.212150573730469
30702601664,apartment,7,8.5714,8.547399520874023
30702603322,apartment,7,8.221,8.518611907958984
30708200920,apartment,7,8.1117,8.206884384155273
30708203385,apartment,7,7.8681,8.24494743347168
30708203466,apartment,7,7.7966,8.238731384277344
30708204845,apartment,7,8.1152,8.539109230041504
30708401489,apartment,7,7.8456,8.223736763000488
30708601178,apartment,7,7.9219,8.280058860778809
30708601291,apartment,7,7.9715,8.281549453735352
30708601429,apartment,7,7.9048,8.281549453735352
30708602948,apartment,7,8.3089,8.544027328491211
30818100645,apartment,7,7.8456,8.329870223999023
30818100793,apartment,7,7.824,8.323993682861328
30818201980,apartment,7,7.9092,8.34912395477295
30901601257,apartment,1,8.2742,8.157171249389648
30902503976,apartment,1,8.5088,8.235994338989258
30902504158,apartment,1,7.8953,8.221952438354492
30902505091,apartment,1,8.5425,8.35715389251709
30902505472,apartment,1,8.6239,8.359928131103516
30902506738,apartment,1,8.2319,8.37588119506836
30902507084,apartment,1,8.4605,8.339811325073242
30902600955,apartment,1,8.5731,8.535890579223633
30902600998,apartment,1,8.771,8.701089859008789
30902601099,apartment,1,8.8474,8.68802547454834
30902704823,apartment,1,8.5644,8.6206693649292
30902803368,apartment,1,8.5734,8.278345108032227
30903103051,apartment,1,8.7337,8.776562690734863
30903103122,apartment,1,8.7425,8.76953411102295
30903104331,apartment,1,8.8669,8.582671165466309
30903104412,apartment,1,8.7168,8.596125602722168
30903201434,apartment,1,8.363,8.458852767944336
30903201752,apartment,1,8.2685,8.320558547973633
30903401281,apartment,1,8.6788,8.446971893310547
30903401360,apartment,1,8.5685,8.446971893310547
30903503007,apartment,1,8.7591,8.760703086853027
30903603834,apartment,1,8.1366,8.16541862487793
30903605527,apartment,1,8.0229,8.183343887329102
30903605705,apartment,1,8.294,8.182153701782227
30903610849,apartment,1,8.4021,8.292567253112793
30904002656,apartment,1,8.3881,8.343334197998047
30904300894,apartment,1,8.5637,8.581151962280273
30904401224,apartment,1,8.8849,8.570406913757324
30904500729,apartment,1,8.2879,8.237777709960938
30904501571,apartment,1,8.4219,8.289623260498047
30904707821,apartment,1,8.9129,8.735533714294434
30904708567,apartment,1,8.6173,8.450474739074707
30904802172,apartment,1,8.294,8.30085277557373
30904802474,apartment,1,8.2228,8.295992851257324
30905002706,apartment,1,8.3326,8.354391098022461
30905101178,apartment,1,8.5862,8.464110374450684
30905506496,apartment,1,8.616,8.374156951904297
30905508944,apartment,1,8.6454,8.453805923461914
30905509258,apartment,1,8.8017,8.705310821533203
30905604897,apartment,1,8.6299,8.248485565185547
31001204260,apartment,1,8.5416,8.084310531616211
31002702851,apartment,1,8.5269,7.961522579193115
31002904649,apartment,1,8.2418,7.984899520874023
31002909616,apartment,1,8.619,8.108339309692383
31003003262,apartment,1,8.6548,8.153692245483398
31003004137,apartment,1,8.6697,8.207422256469727
31004302034,apartment,1,7.928,7.863898277282715
31004302093,apartment,1,8.0222,7.86257791519165
31004302468,apartment,1,8.5172,8.188794136047363
31004503511,apartment,1,8.3102,8.078935623168945
31004600450,apartment,1,8.7492,8.156963348388672
31004601457,apartment,1,8.8244,8.200215339660645
31004601694,apartment,1,8.7577,8.201147079467773
31004607013,apartment,1,8.768,8.172866821289062
31005904569,apartment,1,8.6327,8.115596771240234
31006201545,apartment,1,8.4128,8.042852401733398
31006602752,apartment,1,8.3728,7.9037628173828125
31007001671,apartment,1,8.4386,7.8970441818237305
00101901127,commercial,0,8.2097,8.292440414428711
00104403063,commercial,0,8.163,8.545980453491211
00104403071,commercial,0,8.1689,8.531046867370605
00104600160,commercial,0,9.0768,8.544028282165527
00104704217,commercial,0,8.0546,8.318460464477539
00104704251,commercial,0,8.3124,8.318460464477539
00104706163,commercial,0,8.3784,8.323083877563477
00104707984,commercial,0,8.7329,8.318460464477539
00104708492,commercial,0,8.4909,8.320878982543945
00104709261,commercial,0,8.6225,8.32132625579834
00104709553,commercial,0,8.5172,8.320878982543945
00300704003,commercial,0,7.5239,8.763599395751953
00501701850,commercial,0,8.4752,8.521713256835938
00506804127,commercial,0,8.1683,8.457586288452148
00506804135,commercial,0,8.1313,8.579631805419922
00600600416,commercial,0,8.6915,8.462692260742188
00600707611,commercial,0,9.0982,8.667455673217773
00601500768,commercial,0,8.0973,8.350101470947266
00602306744,commercial,0,7.292,8.367063522338867
00700203461,commercial,0,7.7128,8.490495681762695
00700504621,commercial,0,8.3311,8.442612648010254
00700900780,commercial,0,8.2671,8.586162567138672
00701209909,commercial,0,8.3015,8.424670219421387
00704505517,commercial,0,7.9647,8.505237579345703
00801200229,commercial,0,8.4118,8.651480674743652
00804302766,commercial,0,8.7316,8.361973762512207
00809302586,commercial,0,7.8623,8.387491226196289
00809302594,commercial,0,7.7231,8.443099975585938
00809302608,commercial,0,7.8055,8.41360855102539
00809302861,commercial,0,7.734,8.28923225402832
00901610240,commercial,0,8.3526,8.594071388244629
00901900028,commercial,0,9.3157,8.568798065185547
00904512614,commercial,0,9.0699,8.682050704956055
00905103939,commercial,0,8.5817,8.376032829284668
00905107837,commercial,0,8.7113,8.35703182220459
00906200725,commercial,0,8.7775,8.315301895141602
00906209201,commercial,0,8.5439,8.243070602416992
00907106226,commercial,0,8.5744,8.286574363708496
00907603130,commercial,0,8.7096,8.386133193969727
00908401701,commercial,0,8.4506,8.464962005615234
00910103100,commercial,0,7.9696,8.118608474731445
01001907949,commercial,0,8.3573,8.239035606384277
01001909453,commercial,0,8.5397,8.19821548461914
01002506573,commercial,0,8.9872,8.595939636230469
01002709822,commercial,0,8.5607,8.044210433959961
01002709865,commercial,0,7.6852,8.049970626831055
01003005632,commercial,0,8.5302,8.578763008117676
01005602484,commercial,0,8.6902,8.519782066345215
01005801770,commercial,0,7.4485,8.400201797485352
01006900411,commercial,0,9.9523,9.054576873779297
01006900624,commercial,0,9.8294,9.02672290802002
01006903704,commercial,0,8.7498,8.576301574707031
01007301279,commercial,0,8.5982,8.574684143066406
01007301333,commercial,0,9.1652,8.574671745300293
01009400037,commercial,0,9.028,8.837714195251465
01009400991,commercial,0,9.0768,9.141755104064941
01009901524,commercial,0,8.9185,8.824411392211914
01107001455,commercial,0,8.7371,8.576086044311523
01111400032,commercial,0,9.6803,8.816899299621582
01206807393,commercial,0,8.4575,8.346949577331543
01214202225,commercial,7,8.5172,8.830499649047852
01300105038,commercial,0,8.5849,8.514204025268555
01300105186,commercial,0,8.7504,8.517298698425293
01300913819,commercial,0,8.6995,8.50505256652832
01300913827,commercial,0,8.6146,8.498274803161621
01302204904,commercial,0,8.3393,8.261800765991211
01404803866,commercial,0,8.5952,8.257040023803711
01406703834,commercial,0,8.7736,8.533390045166016
01406703850,commercial,0,8.8371,8.555736541748047
01507302541,commercial,0,8.4288,8.47540283203125
01507302584,commercial,0,8.3724,8.542572021484375
01507302592,commercial,0,8.4067,8.552553176879883
01509403272,commercial,6,8.4912,8.669766426086426
01509403280,commercial,6,8.6358,8.759439468383789
01607404311,commercial,6,7.9671,8.383874893188477
01609902068,commercial,6,8.2548,8.594968795776367
01610104900,commercial,6,8.3736,8.40530014038086
01610105346,commercial,6,8.6662,8.502974510192871
01610611810,commercial,6,8.6603,8.795825958251953
01614801398,commercial,6,9.7212,8.972455978393555
01616302879,commercial,6,8.3774,8.38461685180664
01616402997,commercial,6,8.2824,8.78751277923584
01708000161,commercial,9,8.6407,8.093358993530273
01902100182,commercial,0,8.3931,8.622564315795898
01908400201,commercial,0,8.5242,8.420013427734375
01909400149,commercial,0,8.2607,8.374676704406738
02007200368,commercial,0,8.9002,8.792349815368652
02009106253,commercial,0,8.5881,8.388870239257812
02009106474,commercial,0,8.6103,8.363264083862305
02100700049,commercial,0,8.207,8.586189270019531
02103406419,commercial,0,8.2923,8.266192436218262
02103406435,commercial,0,8.2923,8.266192436218262
02200615531,commercial,0,8.6082,8.381193161010742
02200617275,commercial,0,8.8185,8.35283088684082
02200618263,commercial,0,8.6277,8.411425590515137
02200618621,commercial,0,8.7721,8.34648609161377
02300200457,commercial,7,8.2871,9.041083335876465
02505702871,commercial,9,8.4527,8.673757553100586
02702900331,commercial,9,8.6102,8.62299919128418
02706203889,commercial,9,8.3015,8.311482429504395
02803715813,commercial,9,8.4415,8.224544525146484
02906702382,commercial,9,8.2771,8.20911979675293
02909500268,commercial,9,8.4668,8.598028182983398
03000700935,commercial,9,8.4423,8.172901153564453
03001800046,commercial,9,8.6638,8.336118698120117
03003901060,commercial,9,9.2363,8.560624122619629
03003902687,commercial,9,9.0693,8.562324523925781
03007301726,commercial,9,8.532,8.254898071289062
03010510780,commercial,9,8.9388,8.348896980285645
03103400918,commercial,9,8.7882,8.479676246643066
03104300488,commercial,9,8.7403,8.698235511779785
03202004212,commercial,9,8.8571,8.36429214477539
03202900463,commercial,9,8.3973,8.220375061035156
03203602717,commercial,9,8.1894,8.255290985107422
03404002962,commercial,1,8.1543,8.05169677734375
03600313983,commercial,0,8.2912,8.201554298400879
03600313991,commercial,0,8.2912,8.201554298400879
03602200991,commercial,0,8.6472,8.622451782226562
03701703876,commercial,1,8.0769,8.90343952178955
03702801642,commercial,1,8.847,8.848767280578613
03907403002,commercial,1,9.9108,9.09635066986084
03907604970,commercial,1,7.8886,8.186454772949219
03907605012,commercial,1,7.9374,8.182748794555664
04013001039,commercial,1,8.1807,8.365050315856934
04102909788,commercial,6,8.9227,9.01435375213623
04109100161,commercial,6,9.3841,8.231111526489258
04111002404,commercial,6,8.722,8.510991096496582
04112404123,commercial,6,8.3481,8.232355117797852
04118403293,commercial,6,8.363,8.225603103637695
04118403617,commercial,6,8.3894,8.226806640625
04118404656,commercial,6,8.6875,8.230430603027344
04118902842,commercial,6,8.3052,8.285012245178223
04122903378,commercial,6,8.9013,8.355724334716797
04122903858,commercial,6,8.691,8.355350494384766
04124402678,commercial,6,8.8426,8.321676254272461
04202100166,commercial,1,8.2985,8.750434875488281
04213810631,commercial,6,9.1081,8.664628028869629
04213811387,commercial,6,9.1678,8.663467407226562
04301702458,commercial,1,8.2171,8.300132751464844
04305102978,commercial,1,8.3221,8.331962585449219
04305103567,commercial,1,8.1551,8.33145523071289
04305103613,commercial,1,8.2849,8.313338279724121
04506200810,commercial,1,9.0914,8.675907135009766
04624500180,commercial,1,7.9866,7.96363639831543
04708004230,commercial,1,8.6365,8.415153503417969
04710305811,commercial,1,8.3032,8.166682243347168
04715801167,commercial,1,7.5239,8.164405822753906
04716700887,commercial,1,7.8847,8.133508682250977
04719100661,commercial,1,8.1987,8.36241340637207
04722603170,commercial,1,7.7202,8.446115493774414
04722603189,commercial,1,7.7202,8.446115493774414
04728700828,commercial,1,7.3757,8.123204231262207
05000600452,commercial,1,7.5789,8.456588745117188
05004400962,commercial,1,8.2618,8.280255317687988
05004402231,commercial,1,8.5628,8.210479736328125
05004403171,commercial,1,8.4072,8.594640731811523
05228700341,commercial,9,7.6897,8.481029510498047
05403204601,commercial,9,9.2597,8.354836463928223
05404301112,commercial,9,8.6631,8.274250030517578
05404601248,commercial,9,8.489,8.312378883361816
05404601493,commercial,9,8.3593,8.243772506713867
05405200141,commercial,9,8.7064,8.533524513244629
05422905210,commercial,9,8.9191,8.357372283935547
05422905857,commercial,9,8.5172,8.338781356811523
05505100120,commercial,3,9.097,8.441800117492676
05604001104,commercial,3,7.7725,8.371541976928711
05615301392,commercial,9,8.1987,8.214559555053711
05703600413,commercial,3,8.6268,8.456854820251465
05706700397,commercial,3,8.3674,8.435744285583496
05803900737,commercial,3,9.5437,8.530902862548828
05815809871,commercial,3,8.4706,8.67193603515625
06017500090,commercial,3,8.5172,8.578470230102539
06219008685,commercial,9,7.3733,8.335386276245117
06219008847,commercial,9,7.4007,8.331957817077637
06415100580,commercial,9,8.7536,8.45753288269043
06636800348,commercial,4,8.5268,8.027338027954102
06722403440,commercial,4,8.3041,8.050024032592773
06854400260,commercial,4,8.6995,8.473458290100098
06916313021,commercial,4,8.2149,8.12409782409668
06918600011,commercial,4,8.7183,8.179545402526855
06920502534,commercial,4,7.5163,8.248141288757324
07016503232,commercial,4,8.3608,8.252218246459961
07016503240,commercial,4,8.3608,8.252218246459961
07300802362,commercial,4,8.4684,8.33348274230957
07305001090,commercial,4,8.4833,8.30260181427002
07315704329,commercial,4,8.2666,8.176223754882812
07315706054,commercial,4,8.1568,8.232148170471191
07315706143,commercial,4,8.1891,8.173135757446289
07330500615,commercial,0,8.323,8.401738166809082
07330501743,commercial,0,8.5927,8.399275779724121
07408901329,commercial,7,8.3349,8.556655883789062
07433900128,commercial,7,8.1665,8.434093475341797
07502600493,commercial,4,8.1007,8.042767524719238
07703500356,commercial,7,8.8132,8.625872611999512
07725500464,commercial,7,8.338,8.604192733764648
07840201423,commercial,7,8.3238,8.42001724243164
08000602377,commercial,7,8.3894,8.395024299621582
08004703275,commercial,7,8.4527,8.390457153320312
08009107689,commercial,7,7.9217,8.298906326293945
08015513537,commercial,7,8.561,8.411077499389648
08136402523,commercial,0,8.5862,8.809955596923828
08220600225,commercial,7,7.2843,8.325592041015625
08321202373,commercial,0,8.442,8.544183731079102
08322005601,commercial,6,8.1695,8.51818561553955
08322005611,commercial,6,8.1695,8.522688865661621
08322005921,commercial,6,8.6268,8.502304077148438
08509510865,commercial,6,8.5898,8.089385986328125
08510004366,commercial,6,8.503,8.343277931213379
08512700211,commercial,6,8.8597,8.683025360107422
08516600564,commercial,6,8.4764,8.805557250976562
08528000338,commercial,6,9.498,9.01626968383789
08544501451,commercial,6,8.1003,8.170811653137207
08544502008,commercial,6,8.1242,8.150012969970703
08549700691,commercial,6,8.2588,8.450345039367676
08550400912,commercial,6,7.9587,8.258100509643555
08551401998,commercial,6,8.585,8.441719055175781
08551700758,commercial,6,9.0516,8.155691146850586
08552601311,commercial,6,7.9048,8.125109672546387
08554004159,commercial,6,8.2345,8.414886474609375
08554103033,commercial,6,8.1807,8.273130416870117
08563204521,commercial,6,8.635,8.3765287399292
08564100241,commercial,6,8.0653,8.315491676330566
08564100258,commercial,6,7.8612,8.312398910522461
08600200660,commercial,6,7.8876,8.104195594787598
08600604338,commercial,6,7.8152,8.09167194366455
08600604346,commercial,6,7.8152,8.09167194366455
08600901871,commercial,6,8.2272,8.243101119995117
08600902134,commercial,6,8.3814,8.272542953491211
08600902266,commercial,6,8.3814,8.272542953491211
08600902398,commercial,6,8.3814,8.272542953491211
08600902525,commercial,6,8.3814,8.272542953491211
08600902657,commercial,6,8.3814,8.272542953491211
08604001425,commercial,6,8.1229,8.15959358215332
08620604198,commercial,6,8.4232,8.343289375305176
08625800361,commercial,6,9.1572,8.456101417541504
08637504825,commercial,6,8.6797,8.27774429321289
08639012202,commercial,6,8.2024,8.251768112182617
08639012555,commercial,6,8.4256,8.25970458984375
08707507437,commercial,2,8.2775,8.349727630615234
08707901356,commercial,2,8.1437,8.22337532043457
08707902255,commercial,2,8.1052,8.220736503601074
08708701709,commercial,2,8.6629,8.448246002197266
08708702489,commercial,2,8.4134,8.287323951721191
08717001781,commercial,6,8.1352,8.36215591430664
08717001986,commercial,6,8.1644,8.354782104492188
08717003652,commercial,6,8.2556,8.383016586303711
08718003923,commercial,6,8.4547,8.354595184326172
08731511521,commercial,2,7.516,8.153668403625488
08731512097,commercial,2,7.9486,8.155691146850586
08731512127,commercial,2,7.9076,8.15534782409668
08743011284,commercial,8,8.4535,8.287108421325684
09016200150,commercial,2,9.2937,8.359109878540039
09046303985,commercial,2,8.2152,8.001083374023438
09046303993,commercial,2,8.2152,8.001083374023438
09046304191,commercial,2,8.2065,7.972377300262451
09046304531,commercial,2,8.2149,7.972950458526611
09046304639,commercial,2,8.2295,8.008963584899902
09101204076,commercial,1,7.8982,8.502860069274902
09102400413,commercial,1,8.1536,8.041305541992188
09106103545,commercial,1,7.9041,8.081991195678711
09106103936,commercial,1,7.915,8.18336296081543
09129500011,commercial,2,7.3702,8.047673225402832
09706800352,commercial,7,9.0055,8.673951148986816
09708502936,commercial,7,7.676,8.384099960327148
09708503002,commercial,7,7.9784,8.37407112121582
09708503010,commercial,7,8.2308,8.384099960327148
09708505765,commercial,7,8.6026,8.391007423400879
09708507271,commercial,7,8.2586,8.466859817504883
09708510947,commercial,7,8.3711,8.385124206542969
09708516864,commercial,7,8.63,8.463114738464355
09800901590,commercial,7,8.4798,8.476476669311523
09805802329,commercial,7,8.5559,8.389598846435547
09903700695,commercial,7,7.1082,8.787680625915527
10005300321,commercial,9,8.1731,8.30723762512207
10005300559,commercial,9,8.3066,8.309757232666016
10212300181,commercial,9,8.406,8.195762634277344
10212600361,commercial,9,8.2537,8.314508438110352
11035000570,commercial,3,8.4757,8.350536346435547
11407501428,commercial,5,7.9074,7.723561763763428
11611400170,commercial,3,8.4428,8.484086990356445
11613100395,commercial,3,8.0131,8.375170707702637
11718600053,commercial,3,9.4727,8.424827575683594
11733600212,commercial,3,7.6761,7.941083908081055
11830607218,commercial,9,8.7934,8.673147201538086
12500500216,commercial,7,8.4844,8.497162818908691
15509400292,commercial,3,8.1586,8.142120361328125
16025800366,commercial,8,8.2976,8.279260635375977
16807101413,commercial,8,7.7421,8.122711181640625
16908400343,commercial,8,8.2808,8.295280456542969
16922101161,commercial,8,8.3581,8.25547981262207
17122105988,commercial,8,8.0126,8.140386581420898
17122106453,commercial,8,7.9671,8.142007827758789
17130003153,commercial,8,8.3994,8.392084121704102
17130003986,commercial,8,8.1754,8.365163803100586
17130005555,commercial,8,8.5685,8.363624572753906
17130006861,commercial,8,8.2808,8.363187789916992
17425800021,commercial,2,7.893,7.763722896575928
19701607553,commercial,0,8.5652,8.553556442260742
19702203073,commercial,0,8.5914,8.61911392211914
19702203081,commercial,0,8.6133,8.59404468536377
19702203091,commercial,0,8.5834,8.625011444091797
19702204584,commercial,0,8.7803,8.59542179107666
19702404885,commercial,0,8.2149,8.384749412536621
19703909174,commercial,0,8.1807,8.465276718139648
19703909182,commercial,0,8.5172,8.618603706359863
19703909190,commercial,0,8.1807,8.465276718139648
19704803337,commercial,0,8.1637,8.576553344726562
19704803345,commercial,0,8.3942,8.700329780578613
19704803353,commercial,0,8.3942,8.700329780578613
19705503396,commercial,0,7.896,8.490663528442383
29903509276,commercial,6,8.6995,8.411118507385254
29903509292,commercial,6,8.6995,8.411118507385254
29903509306,commercial,6,8.6603,8.412435531616211
29903509314,commercial,6,8.4707,8.326696395874023
29903509322,commercial,6,8.6112,8.379293441772461
29904900556,commercial,6,8.6226,8.417293548583984
29905008509,commercial,6,8.5129,8.464881896972656
29913900131,commercial,6,9.2793,8.798314094543457
30004401260,commercial,6,8.7009,8.375648498535156
30602804202,commercial,4,8.5267,8.271077156066895
30602805497,commercial,4,8.178,8.244281768798828
30602805772,commercial,4,8.5076,8.26937484741211
00400900440,house,9,8.8457,8.417515754699707
00404400205,house,0,7.846,8.644857406616211
00407200576,house,9,8.3741,8.759868621826172
00605000352,house,0,8.7493,8.720159530639648
01003000630,house,0,9.0877,8.792494773864746
01003511716,house,0,9.3555,8.975286483764648
01101200456,house,0,9.0027,9.130697250366211
01102900168,house,0,8.9857,9.156416893005371
01200200586,house,7,8.862,8.568581581115723
01200200624,house,7,8.9352,8.562728881835938
01200600088,house,7,8.9337,9.103334426879883
01200700864,house,7,8.6656,8.91834545135498
01201300169,house,7,9.105,9.204282760620117
01203900724,house,0,8.3774,8.759278297424316
01204801932,house,0,8.5929,9.032782554626465
01205600574,house,0,8.711,8.914557456970215
01205900314,house,0,9.4335,8.635902404785156
01209100592,house,0,9.5242,9.086009979248047
01209900211,house,0,8.7505,8.654247283935547
01210601001,house,0,9.6899,8.949886322021484
01210902389,house,0,8.3986,8.953587532043457
01214900641,house,0,8.6284,8.720659255981445
01215001282,house,0,8.8581,8.884998321533203
01215100541,house,0,8.6565,8.777935028076172
01216100101,house,0,9.469,8.844160079956055
01217000321,house,0,9.0866,8.647235870361328
01500708429,house,0,8.8273,9.1564359664917
01500708542,house,0,8.8637,9.164264678955078
01506200338,house,0,9.1662,8.967948913574219
01614800928,house,6,8.9952,8.757390975952148
01703200152,house,9,8.7403,8.284869194030762
01803400511,house,0,8.2295,8.930168151855469
01806500590,house,0,8.7403,8.576777458190918
01806600072,house,0,8.862,8.824726104736328
01902400471,house,0,8.8356,8.635684967041016
01902800214,house,0,8.7096,8.417976379394531
01904500749,house,0,8.554,8.791011810302734
01905300468,house,0,8.5913,8.979513168334961
01910200654,house,0,8.3622,8.403226852416992
01910500631,house,0,8.6842,8.649003982543945
02102000311,house,0,8.8337,8.773284912109375
02104600057,house,0,8.8125,8.921297073364258
02106800053,house,0,8.9227,8.81020736694336
02107700400,house,0,8.2981,8.650980949401855
02109400269,house,0,8.4096,8.841970443725586
02109400341,house,0,8.9446,8.836841583251953
02109900441,house,0,8.5913,8.766884803771973
02200600410,house,0,9.4082,8.987466812133789
02206100568,house,7,8.797,8.93785285949707
02208100549,house,0,8.8899,8.793091773986816
02302100069,house,7,8.3021,8.932111740112305
02302100352,house,7,8.5172,8.890422821044922
02307200126,house,7,9.2496,9.289456367492676
02307800565,house,7,9.1452,8.926462173461914
02308900555,house,7,8.4802,8.8545503616333
02309800058,house,7,9.1678,8.907719612121582
02400900272,house,7,9.4918,9.050254821777344
02403500151,house,7,9.3645,8.966632843017578
02403800661,house,7,9.3281,9.272077560424805
02403800831,house,7,9.0711,8.98970890045166
02404000624,house,7,8.3602,8.868932723999023
02404101307,house,7,8.6446,8.907611846923828
02404101692,house,7,9.4823,9.205221176147461
02404500104,house,7,9.2103,9.180309295654297
02404800442,house,7,8.9271,9.127487182617188
02405100096,house,7,9.2287,8.985066413879395
02405100096,house,7,9.1616,8.985066413879395
02407001168,house,7,8.5708,9.018753051757812
02408100585,house,7,8.1526,9.130474090576172
02408100593,house,7,8.2097,9.309432983398438
02408200199,house,7,7.9978,8.855972290039062
02602800732,house,9,8.6644,8.415769577026367
02604000377,house,9,8.0418,8.159209251403809
02606600584,house,9,8.0754,8.140860557556152
02606900057,house,9,8.2221,8.176338195800781
02700700791,house,9,8.704,8.465517044067383
02703700581,house,9,8.8273,8.507266998291016
02706300663,house,9,8.6006,8.583663940429688
02706400188,house,9,8.6618,8.74776840209961
02708700901,house,9,9.0027,8.585260391235352
02800700440,house,9,8.8402,8.58383560180664
02805500091,house,9,8.635,8.600440979003906
02806402026,house,9,8.2909,8.132553100585938
02900300185,house,9,9.078,8.621597290039062
02902500599,house,9,8.5346,8.531990051269531
02907400071,house,9,8.1001,8.328333854675293
02907801661,house,9,8.3608,8.464911460876465
03000301471,house,9,8.6305,8.738945007324219
03008700993,house,9,8.3155,8.498950004577637
03010100760,house,9,8.9629,8.722282409667969
03010700695,house,9,8.4302,8.616643905639648
03011100624,house,9,8.8481,8.476970672607422
03011900213,house,9,8.7742,8.583757400512695
03014700495,house,9,8.2486,8.265972137451172
03102100589,house,9,8.6995,8.591451644897461
03102900119,house,9,8.4722,8.406336784362793
03102900283,house,9,8.5172,8.566878318786621
03104900388,house,9,8.1807,8.29671859741211
03104900582,house,9,8.5252,8.516016006469727
03105800123,house,9,8.2308,8.156967163085938
03108600311,house,9,8.5004,8.562573432922363
03109401231,house,9,8.1025,8.545576095581055
03201000191,house,9,8.9131,8.635302543640137
03203501066,house,9,8.8448,8.507759094238281
03203601788,house,9,8.1328,8.675616264343262
03204300463,house,9,8.7536,8.444021224975586
03206604192,house,9,9.028,8.889041900634766
03207300456,house,9,8.9737,8.45188045501709
03214000225,house,9,8.6125,8.371647834777832
03217500997,house,9,8.9661,8.616571426391602
03218300436,house,9,9.0706,8.51151180267334
03303700435,house,0,8.3466,8.659563064575195
03304701354,house,0,8.8567,8.77291488647461
03306800635,house,0,8.4118,8.66582202911377
03401000527,house,0,8.3147,8.752376556396484
03402500841,house,0,7.9819,8.277000427246094
03405000114,house,1,9.185,8.479692459106445
03405400368,house,1,8.4482,8.392967224121094
03406700225,house,1,8.7403,8.5077543258667
03407800045,house,1,8.6125,8.401473045349121
03408100071,house,1,8.5038,8.123065948486328
03408101205,house,1,8.6618,8.25430679321289
03408200661,house,1,8.5004,8.157646179199219
03408500789,house,0,8.408,8.562566757202148
03500900682,house,9,8.5942,8.878854751586914
03501000707,house,9,8.7048,8.439262390136719
03502406219,house,1,8.5046,8.610372543334961
03502600112,house,9,8.5878,8.556135177612305
03503700171,house,9,8.1167,8.306940078735352
03505301302,house,1,8.7959,8.438581466674805
03505501158,house,1,8.4378,8.166379928588867
03506000829,house,9,8.5587,8.843685150146484
03506400789,house,9,8.1192,8.530163764953613
03507200589,house,9,8.3349,8.701172828674316
03508100448,house,9,8.4659,8.580467224121094
03508100715,house,9,8.0991,8.397988319396973
03508500381,house,9,7.6009,8.402677536010742
03508700526,house,9,7.9194,8.222103118896484
03704200158,house,1,8.9532,8.613022804260254
03704300187,house,1,8.8139,8.593063354492188
03706705451,house,1,8.974,9.038734436035156
03707000281,house,1,9.058,8.517248153686523
03708200187,house,1,8.9124,8.801817893981934
03709100070,house,1,9.1458,8.706615447998047
03804500323,house,0,8.1564,8.725890159606934
03809300160,house,1,8.9193,8.293352127075195
03810200905,house,1,9.0401,8.539338111877441
03811200046,house,1,8.4831,8.447529792785645
03900400083,house,1,8.8553,8.45503044128418
03901900160,house,1,8.0973,8.30311393737793
03902000287,house,1,8.7179,8.112028121948242
03906700135,house,1,9.1659,8.224105834960938
03907102843,house,1,9.1224,8.570964813232422
03913900888,house,1,8.93,8.47004222869873
03914000120,house,1,8.4244,8.342781066894531
03914800607,house,1,8.6995,8.188898086547852
04005600271,house,1,8.0877,8.179838180541992
04006300204,house,1,8.4619,8.482016563415527
04007400113,house,1,8.9271,8.429481506347656
04009500115,house,1,8.6558,8.467954635620117
04012600850,house,1,8.8896,8.412664413452148
04012800183,house,1,8.1077,8.097390174865723
04013100339,house,1,8.531,8.288955688476562
04013400340,house,1,8.193,8.180952072143555
04013500469,house,1,8.9266,8.437697410583496
04015400097,house,1,8.7699,8.537382125854492
04015500131,house,1,8.1847,8.086373329162598
04017200346,house,1,8.4219,8.469593048095703
04017300456,house,1,9.1645,8.703407287597656
04102500146,house,6,9.3948,8.840174674987793
04124600054,house,6,9.2844,8.960437774658203
04203900514,house,1,9.1319,8.759279251098633
04215700991,house,1,8.4047,8.089345932006836
04216200273,house,1,9.014,8.820175170898438
04301700706,house,1,9.3661,8.282212257385254
04302900490,house,1,8.825,8.392511367797852
04302900512,house,1,8.8049,8.396739959716797
04305700522,house,1,8.1093,8.199885368347168
04307200381,house,1,8.5357,8.393352508544922
04307700090,house,1,8.4919,8.68870735168457
04307900251,house,1,8.421,8.287958145141602
04309400523,house,1,8.5994,8.226722717285156
04309800920,house,1,8.9256,8.382291793823242
04309900429,house,1,9.028,8.626459121704102
04313200541,house,1,8.6763,8.305931091308594
04314400293,house,1,8.4652,8.202569961547852
04314801425,house,1,8.0973,8.238212585449219
04315500615,house,1,8.2698,8.48475456237793
04315500631,house,1,8.1644,8.452449798583984
04318200183,house,1,8.2816,8.668078422546387
04319100034,house,1,8.3096,8.284402847290039
04319801350,house,1,8.7741,8.739299774169922
04409500635,house,9,8.2843,8.110542297363281
04410600338,house,9,7.9462,7.994972229003906
04410800647,house,9,8.4527,8.434621810913086
04411100347,house,9,8.0448,8.32829475402832
04412800199,house,9,7.8435,8.554807662963867
04412900401,house,9,7.61,7.862463474273682
04413200081,house,9,8.3064,8.207592010498047
04502000310,house,1,8.46,8.31484317779541
04503300490,house,1,8.0552,8.604376792907715
04503700812,house,1,8.7093,8.432865142822266
04503900412,house,1,9.0753,8.552953720092773
04503901011,house,1,8.7248,8.504562377929688
04513801166,house,1,8.4455,8.217916488647461
04516000253,house,1,8.3349,8.269253730773926
04519000254,house,1,8.4262,8.357851028442383
04519500206,house,1,8.4675,8.501330375671387
04523700664,house,6,8.6719,8.323899269104004
04529000494,house,1,8.6752,8.588056564331055
04530100294,house,6,9.028,8.68295669555664
04530700186,house,6,8.4919,8.656387329101562
04530800091,house,1,8.3071,8.278885841369629
04531300548,house,6,8.2923,8.384649276733398
04600900553,house,1,8.7275,8.504602432250977
04601300592,house,1,8.7469,8.561948776245117
04605800761,house,1,8.4431,8.173097610473633
04607900443,house,1,8.2682,8.03320598602295
04609600064,house,1,8.294,8.426324844360352
04610702381,house,1,8.2283,8.29041862487793
04610800209,house,1,8.1372,8.279359817504883
04611300862,house,1,8.9596,8.36501407623291
04611301060,house,1,9.0672,8.46850872039795
04615000200,house,1,8.449,8.443312644958496
04619102776,house,1,7.8028,8.09762954711914
04619900354,house,1,7.9388,8.25306510925293
04620100846,house,1,8.2766,8.39468002319336
04622100053,house,1,8.642,8.206721305847168
04622100355,house,1,8.5301,8.278985977172852
04624400771,house,1,8.5086,8.392370223999023
04700100249,house,1,8.5882,8.287636756896973
04700200421,house,1,7.9313,8.428092956542969
04702300229,house,1,8.363,8.28843879699707
04704700496,house,1,8.2295,8.369155883789062
04706303753,house,1,8.4678,8.392975807189941
04707100333,house,1,8.2315,8.2866792678833
04708801191,house,1,8.1754,8.553897857666016
04708802137,house,1,8.8418,8.604676246643066
04709400520,house,1,8.6995,8.30752182006836
04713800082,house,1,8.7087,8.45919418334961
04714500661,house,1,9.0926,8.555066108703613
04714600583,house,1,8.2695,8.137981414794922
04717000811,house,1,8.5942,8.211034774780273
04719801021,house,1,8.5994,8.08211898803711
04720400965,house,1,8.1096,7.907037734985352
04721100175,house,1,8.7487,8.572504043579102
04724800208,house,1,7.4418,8.28424072265625
04803000077,house,1,8.4267,8.15829086303711
04803700494,house,1,8.239,8.141305923461914
04803801002,house,1,8.6692,8.331380844116211
04804500316,house,1,8.622,8.307650566101074
04807000330,house,1,8.2808,8.299478530883789
04807000500,house,1,8.6851,8.27685832977295
04807400053,house,1,9.0332,8.089193344116211
04810000109,house,1,9.477,9.171424865722656
04814000324,house,1,8.3141,8.129637718200684
04815401446,house,1,8.137,8.33808708190918
04819000251,house,1,8.6226,8.768157958984375
04822400182,house,1,7.8494,8.127817153930664
04823401530,house,1,9.2243,8.744295120239258
04824500605,house,1,8.6713,8.571681022644043
04825200540,house,1,8.6995,8.504533767700195
04826900104,house,1,8.1877,8.308287620544434
04828500871,house,1,8.6226,8.622106552124023
04830700084,house,1,8.2161,8.04315185546875
04831001775,house,1,8.297,8.250799179077148
04832600486,house,1,8.479,8.57473087310791
04834500845,house,1,8.5374,8.510347366333008
04836600601,house,1,9.0886,8.776323318481445
04836700061,house,1,8.0327,8.473770141601562
04839400571,house,1,8.6975,8.252839088439941
04839600333,house,1,8.3187,8.3894624710083
04842100389,house,1,8.5685,8.336971282958984
04901200526,house,1,8.5849,8.279304504394531
04903300455,house,1,8.4652,8.412869453430176
04903600270,house,1,7.9931,8.13089656829834
04903600386,house,1,8.4946,8.303421020507812
04905600618,house,1,8.1689,8.136157989501953
04906100392,house,1,8.2212,8.318766593933105
04909900802,house,1,8.2677,8.33857536315918
04911101040,house,1,8.3894,8.664190292358398
04913600850,house,1,7.8666,8.311951637268066
04914300915,house,1,8.24,8.501522064208984
04920400691,house,1,8.1363,8.006311416625977
04920500297,house,1,8.3248,8.331674575805664
04923000953,house,1,8.5188,8.405109405517578
04924000353,house,1,8.1461,8.540963172912598
04924100315,house,1,8.0227,8.50324821472168
04925900226,house,1,8.6915,8.685506820678711
04927601293,house,1,8.1452,8.059333801269531
04927601811,house,1,8.0385,8.09366512298584
04945000451,house,1,7.874,7.868135929107666
04945100527,house,1,8.6928,8.424325942993164
04945100586,house,1,7.9092,8.072256088256836
04945500576,house,1,7.5533,7.961592674255371
05000500407,house,1,8.3837,8.787212371826172
05008501119,house,1,8.3749,8.52990436553955
05008800450,house,1,8.7248,8.416446685791016
05014300022,house,1,8.5829,8.579500198364258
05014600727,house,1,7.9811,8.10148811340332
05016100179,house,1,8.8945,8.85970401763916
05016700559,house,1,7.9391,8.475948333740234
05018400153,house,1,8.4482,8.2586669921875
05018800518,house,1,8.442,8.223998069763184
05019000671,house,1,7.7628,8.308279037475586
05021100211,house,1,8.4019,8.460084915161133
05022800462,house,1,8.055,8.40715217590332
05101001041,house,9,8.6662,8.203874588012695
05101711950,house,9,8.7675,8.517501831054688
05101711993,house,9,8.7359,8.517501831054688
05102800302,house,9,8.4482,8.25050163269043
05104900428,house,9,8.2541,8.305585861206055
05106400503,house,9,7.8251,8.050895690917969
05107701949,house,9,8.6173,8.386520385742188
05110000522,house,9,8.3662,8.405542373657227
05110100527,house,9,8.552,8.460700035095215
05110600422,house,9,8.8162,8.858423233032227
05111300287,house,9,8.568,8.388368606567383
05111600469,house,9,8.8001,8.702049255371094
05111600485,house,9,8.8144,8.701505661010742
05113000345,house,9,8.6373,8.550809860229492
05113100625,house,9,8.8708,8.67799186706543
05114800388,house,9,8.9002,8.78903579711914
05114900234,house,9,8.955,8.836567878723145
05115501783,house,9,8.3296,8.516693115234375
05116200401,house,9,8.7123,8.710227966308594
05116400301,house,9,8.5081,8.322517395019531
05117600568,house,9,7.9823,8.1629638671875
05117700732,house,9,8.4423,8.163747787475586
05122500355,house,9,7.7853,8.06011962890625
05122500398,house,9,7.8187,8.038232803344727
05122500908,house,9,8.7485,8.57907772064209
05122700826,house,9,8.5256,8.661643981933594
05122700842,house,9,8.5584,8.66250991821289
05123200282,house,9,9.0478,8.415081024169922
05124500506,house,9,8.4802,8.168246269226074
05129700708,house,9,8.4787,8.381105422973633
05130000358,house,9,7.9385,7.863788604736328
05131100712,house,9,8.2912,8.114110946655273
05132000126,house,9,8.8356,8.278870582580566
05132100619,house,9,8.5642,7.997600555419922
05132400442,house,9,8.3034,8.375816345214844
05133700921,house,9,8.2345,8.387272834777832
05133701055,house,9,8.9227,8.724710464477539
05133701195,house,9,8.4957,8.484063148498535
05133901828,house,9,8.9081,8.382987976074219
05201900526,house,9,8.4607,8.455740928649902
05202401043,house,9,8.6372,8.363428115844727
05202700075,house,9,7.9699,8.399446487426758
05204400958,house,9,8.3096,8.479324340820312
05204400974,house,9,8.8049,8.479480743408203
05205300418,house,9,8.3349,8.363288879394531
05205402644,house,9,8.5682,8.542566299438477
05205402776,house,9,8.5926,8.34090805053711
05206900869,house,9,8.7267,8.565316200256348
05207800957,house,9,8.3653,8.237030029296875
05209600564,house,9,8.9782,8.542478561401367
05224603439,house,9,8.8523,8.537029266357422
05225700543,house,9,8.905,8.669207572937012
05229200057,house,9,8.3472,8.165674209594727
05232901087,house,9,8.731,8.165245056152344
05236700485,house,9,8.163,8.331676483154297
05301000535,house,9,7.6009,7.909664154052734
05303300757,house,3,8.3096,8.436127662658691
05304900227,house,9,9.2103,9.116767883300781
05308900183,house,9,8.3481,8.483814239501953
05312400505,house,3,8.5384,8.326492309570312
05331700365,house,9,7.9215,8.23747730255127
05334200304,house,9,8.6036,8.25434684753418
05406201263,house,9,8.7403,8.738242149353027
05407200538,house,9,8.6723,8.33611011505127
05409801946,house,9,8.4784,8.36421012878418
05417300561,house,9,8.948,8.682817459106445
05418000081,house,9,8.6252,8.31321907043457
05419800489,house,9,8.6454,8.541313171386719
05428100125,house,9,8.1117,7.795138835906982
05428300191,house,9,9.0982,8.477603912353516
05500600133,house,3,8.3684,8.330941200256348
05507800510,house,3,8.4895,8.334124565124512
05508300491,house,3,8.779,8.424489974975586
05513000369,house,3,8.6305,8.590424537658691
05520100561,house,3,8.0604,8.223573684692383
05521401180,house,3,8.0014,8.392778396606445
05522004150,house,9,9.0205,8.598672866821289
05522202361,house,9,8.9922,8.391175270080566
05522900881,house,3,8.668,8.576132774353027
05523001090,house,3,8.6507,8.690560340881348
05523900052,house,3,8.6851,8.327556610107422
05524000977,house,3,8.8739,8.751550674438477
05525200945,house,3,8.4482,8.65353775024414
05526601293,house,3,8.3221,8.479743957519531
05527300297,house,3,9.1951,8.704875946044922
05528500801,house,3,8.2054,8.41201400756836
05529100309,house,3,8.7796,8.946873664855957
05530300391,house,9,8.7017,8.285633087158203
05530900380,house,3,8.8655,8.599868774414062
05535000671,house,3,8.4531,8.455516815185547
05535800260,house,3,8.8537,8.680047988891602
05608100131,house,3,7.8598,8.095242500305176
05608400178,house,3,8.1807,8.144317626953125
05610701600,house,3,8.5289,8.665725708007812
05612303157,house,9,8.4347,8.411294937133789
05612600615,house,9,8.1757,8.442611694335938
05612700245,house,9,8.2146,8.257503509521484
05613001219,house,3,8.2637,8.328802108764648
05619401553,house,3,9.1387,8.754260063171387
05620501991,house,9,8.2428,8.42786979675293
05620600149,house,3,8.2752,8.28352165222168
05623400973,house,3,8.5172,8.400941848754883
05623700136,house,3,8.5942,8.675015449523926
05700800489,house,3,8.2591,8.358214378356934
05701700690,house,3,8.1495,8.355117797851562
05701900118,house,3,8.2428,8.086219787597656
05703200350,house,3,8.6226,8.538580894470215
05704600107,house,3,8.0709,8.550949096679688
05704702058,house,3,8.2659,8.41934871673584
05705400667,house,3,7.9768,8.250755310058594
05706800545,house,3,8.2171,8.453651428222656
05708600901,house,3,8.2631,8.373998641967773
05708600918,house,3,8.1826,8.373077392578125
05709400734,house,3,8.6797,8.468442916870117
05711201409,house,3,8.5323,8.674506187438965
05713501213,house,3,8.4925,8.329977035522461
05716300537,house,3,8.5685,8.510826110839844
05716500331,house,3,7.8913,8.155937194824219
05718001189,house,3,8.1047,8.215539932250977
05720300368,house,3,8.689,8.75322151184082
05725400646,house,3,8.4876,8.749897003173828
05725800628,house,3,7.9782,8.004195213317871
05728000975,house,3,8.8919,8.848101615905762
05728000991,house,3,8.8049,8.801145553588867
05800201341,house,3,8.4284,8.36532974243164
05800701709,house,3,8.3332,8.287578582763672
05801000682,house,3,7.9804,8.308355331420898
05802901721,house,3,9.0106,8.618185043334961
05803201138,house,3,8.359,8.638559341430664
05803800831,house,3,8.9359,8.760955810546875
05805900890,house,3,8.6482,8.561053276062012
05806401103,house,3,8.478,8.420473098754883
05808200172,house,3,8.4032,8.199597358703613
05808500338,house,3,8.4764,8.439430236816406
05810201458,house,3,8.8595,8.742720603942871
05811200293,house,3,8.5425,8.424768447875977
05811300484,house,3,8.2863,8.719797134399414
05813401857,house,3,8.2674,8.412915229797363
05814000686,house,3,8.0845,8.09052848815918
05815201502,house,3,8.4895,8.346101760864258
05815600296,house,3,8.9002,8.479742050170898
05816501038,house,3,8.7991,8.744630813598633
05816901036,house,3,8.545,8.361169815063477
05817600900,house,3,8.4198,8.39074420928955
05817900785,house,3,8.0334,8.259054183959961
05818001016,house,3,8.9486,8.829297065734863
05818301443,house,3,8.8154,8.694438934326172
05819500725,house,3,8.7843,8.773382186889648
05824000220,house,3,8.42,8.494190216064453
05900901262,house,3,9.1036,8.43126106262207
05901000234,house,3,8.1787,8.174838066101074
05901301137,house,3,8.3012,8.19099235534668
05901605292,house,3,8.4449,8.45901870727539
05901605306,house,3,8.4449,8.460443496704102
05902800641,house,3,8.4895,8.478730201721191
05903000266,house,3,8.566,8.610851287841797
05903604242,house,3,8.6855,8.488964080810547
05904301960,house,3,8.1117,8.217673301696777
05905302057,house,3,8.9609,8.654733657836914
05906501592,house,3,8.2772,8.434799194335938
05907301351,house,3,8.6965,8.611169815063477
05907700564,house,3,8.6061,8.649054527282715
05908400386,house,3,8.7988,8.635001182556152
05908500283,house,3,7.8494,8.090751647949219
05908900761,house,3,8.7382,8.545442581176758
05909500775,house,3,8.7308,8.605207443237305
05909500783,house,3,8.7229,8.600570678710938
05909800841,house,3,8.7962,8.383317947387695
05909900838,house,3,8.168,8.383247375488281
05911101181,house,3,8.9446,8.56058120727539
05911401096,house,3,8.0064,8.17802619934082
05912900738,house,3,8.6042,8.613151550292969
05913000897,house,3,8.5791,8.199210166931152
05913101324,house,3,8.0121,8.177980422973633
05913700759,house,3,8.2097,8.178682327270508
05913701399,house,3,8.1178,8.126989364624023
05913800966,house,3,8.3894,8.125572204589844
05914100968,house,3,8.8503,8.780668258666992
05914201039,house,3,8.6713,8.493982315063477
05915101267,house,3,8.8919,8.744650840759277
05915101798,house,3,8.5172,8.646509170532227
05915200818,house,3,7.8481,8.052882194519043
05915300464,house,3,8.9792,8.695379257202148
05915600751,house,3,8.6609,8.194894790649414
05917901384,house,3,8.3914,8.240947723388672
05917902161,house,3,8.812,8.473592758178711
05918100202,house,3,7.9403,8.20655632019043
05918600124,house,3,8.3958,8.308893203735352
05921100382,house,3,8.5374,8.634416580200195
05922000667,house,3,8.4665,8.428679466247559
05922100866,house,3,8.8883,8.78042984008789
05922200453,house,3,8.3194,8.144739151000977
05922600117,house,3,8.4162,7.974600791931152
05923900084,house,3,8.0317,8.19559097290039
05924401480,house,3,8.601,8.551863670349121
05925100468,house,3,9.0006,8.758535385131836
05925400178,house,3,8.6416,8.337503433227539
05926102715,house,3,8.6603,8.705245018005371
05928800606,house,3,7.8753,7.9598708152771
05929601070,house,3,8.0778,8.611446380615234
05931100733,house,3,8.435,8.384084701538086
06000800444,house,3,7.694,8.258846282958984
06002700439,house,3,8.2993,8.341838836669922
06002900683,house,3,7.8054,8.766687393188477
06002900691,house,3,7.8054,8.766687393188477
06003405295,house,3,8.7294,8.620068550109863
06003501121,house,3,8.8772,8.552520751953125
06004101060,house,3,8.2224,8.359657287597656
06004101125,house,3,8.4449,8.727960586547852
06004900737,house,3,8.2065,8.274862289428711
06007201651,house,3,8.395,8.464948654174805
06007700259,house,3,7.6299,8.065879821777344
06008200845,house,3,8.5965,8.615669250488281
06008200896,house,3,8.7737,8.622474670410156
06008300645,house,3,8.239,8.257686614990234
06008400321,house,3,8.1887,8.497613906860352
06011001076,house,3,8.5881,8.686186790466309
06012903065,house,3,8.683,8.530259132385254
06013100901,house,3,8.372,8.240907669067383
06014800530,house,3,8.5952,8.412845611572266
06015601991,house,3,8.2844,8.065254211425781
06016600466,house,3,8.6959,8.79808235168457
06017601261,house,3,8.7921,8.651905059814453
06019800611,house,3,8.4659,8.11840534210205
06023800361,house,3,8.9804,8.644569396972656
06023900471,house,3,8.9515,8.692267417907715
06024600488,house,3,8.3786,8.587718963623047
06026200606,house,3,8.4616,8.193418502807617
06028400572,house,3,8.6936,8.431707382202148
06031500434,house,3,7.9638,8.14405345916748
06100600471,house,3,7.7867,8.268386840820312
06102800079,house,3,8.0053,8.058683395385742
06103601851,house,3,8.276,8.29141902923584
06103601894,house,3,8.4345,8.332832336425781
06103803543,house,3,8.6386,8.562156677246094
06103803594,house,3,8.4131,8.351823806762695
06104701371,house,3,8.7612,8.572431564331055
06104900321,house,3,8.4219,8.559610366821289
06106101698,house,3,8.2621,8.28535270690918
06106801126,house,3,8.5172,8.534395217895508
06106900965,house,3,8.8127,8.53901481628418
06108203412,house,3,8.8717,8.792677879333496
06108600195,house,3,8.0631,8.338017463684082
06109503207,house,3,8.1117,8.4830322265625
06109900419,house,3,8.7829,8.840439796447754
06112200392,house,3,8.7704,8.64450740814209
06114101758,house,3,9.0375,8.591858863830566
06114101898,house,3,9.0905,8.601933479309082
06114500024,house,3,7.8917,8.022253036499023
06114700589,house,3,8.6206,8.610553741455078
06115402700,house,3,9.0655,8.637346267700195
06115402832,house,3,8.3052,8.391161918640137
06115402999,house,3,8.294,8.292179107666016
06115607051,house,3,9.0527,8.760848045349121
06201200304,house,9,8.5172,8.520243644714355
06203400335,house,9,9.444,8.563763618469238
06203600156,house,9,8.8302,8.42864990234375
06203700071,house,9,8.5936,8.178603172302246
06204700502,house,9,8.5477,8.371808052062988
06210600530,house,9,8.5758,8.541946411132812
06211200943,house,9,8.7403,8.63948917388916
06211300141,house,9,8.6343,8.329277038574219
06211800363,house,9,7.7786,8.222799301147461
06213200231,house,9,8.6622,8.273602485656738
06214100591,house,9,8.1951,8.509523391723633
06216300377,house,9,8.4792,8.460119247436523
06218900894,house,9,8.59,8.581425666809082
06219800818,house,9,8.3428,8.281670570373535
06306600167,house,9,8.8714,8.579273223876953
06306900284,house,9,7.8324,8.194520950317383
06325100271,house,9,7.7863,8.37682819366455
06409900260,house,4,8.8255,8.593880653381348
06414900321,house,9,8.6226,8.548445701599121
06416700980,house,4,8.235,8.222036361694336
06500802004,house,4,8.654,8.479294776916504
06504701466,house,4,8.7443,8.653825759887695
06506300604,house,4,7.9633,8.13035774230957
06508101072,house,4,8.6701,8.299386978149414
06509000431,house,4,8.4542,8.190444946289062
06510400316,house,4,9.0943,8.436168670654297
06511000370,house,4,8.3745,8.112138748168945
06512600185,house,9,8.6163,8.587367057800293
06515800754,house,4,8.5425,8.356429100036621
06602400665,house,4,8.0472,8.161982536315918
06602600796,house,4,7.9447,8.106621742248535
06603901455,house,4,8.4381,8.019330978393555
06606400643,house,4,8.8049,8.525640487670898
06608301154,house,4,8.8388,8.55482006072998
06608801742,house,4,8.7113,8.287324905395508
06611000828,house,4,8.0923,8.298223495483398
06611700153,house,4,8.1117,8.391139030456543
06618801230,house,4,8.1022,8.237564086914062
06620600824,house,4,8.4372,8.375349998474121
06622400423,house,4,7.8426,7.83917236328125
06624500271,house,4,8.1402,8.05404281616211
06626601725,house,4,8.478,8.310502052307129
06628900411,house,4,8.2324,8.031312942504883
06629300149,house,4,8.5222,8.049631118774414
06631000734,house,4,8.5731,8.308354377746582
06631400368,house,4,8.363,8.553140640258789
06633000227,house,4,8.5172,8.375892639160156
06638900102,house,4,8.0709,8.208824157714844
06645101181,house,4,8.4854,8.21119499206543
06653100030,house,4,8.3136,8.408878326416016
06654400690,house,4,8.4015,8.297335624694824
06655900451,house,4,8.5014,8.227497100830078
06656700454,house,4,8.6754,8.640737533569336
06659500200,house,4,8.132,8.307212829589844
06661200138,house,4,8.382,8.2862548828125
06661400714,house,4,8.3349,8.293371200561523
06701100538,house,4,8.4921,8.271232604980469
06701201369,house,4,8.5477,8.4085111618042
06702102399,house,4,8.363,8.557108879089355
06703701547,house,4,8.6418,8.21464729309082
06703804087,house,4,7.9408,8.150861740112305
06704500707,house,4,8.0135,8.044050216674805
06704501551,house,4,8.0273,8.026601791381836
06705401079,house,4,8.6311,8.575411796569824
06705601272,house,4,8.4278,8.334343910217285
06707800965,house,4,8.1399,8.332138061523438
06708800535,house,4,8.75,8.397211074829102
06710401308,house,4,8.371,8.310816764831543
06710500632,house,4,8.6578,8.345959663391113
06713300332,house,4,8.7403,8.487060546875
06714200781,house,4,9.0272,8.792871475219727
06716101012,house,4,8.2577,8.592144012451172
06716101381,house,4,8.2659,8.436383247375488
06716101403,house,4,7.5625,7.814286231994629
06717001283,house,4,8.2453,8.15988826751709
06720100297,house,4,8.9081,8.600238800048828
06720201972,house,4,8.3187,8.269378662109375
06720600893,house,4,9.0502,8.457990646362305
06721601257,house,4,7.8579,8.308300971984863
06722801111,house,4,8.041,8.093962669372559
06726201338,house,4,8.919,8.576499938964844
06727300887,house,4,7.9146,7.951892375946045
06727400474,house,4,8.3789,8.009166717529297
06728601899,house,4,8.6936,8.499691009521484
06728902163,house,4,8.4302,8.461601257324219
06730500182,house,4,9.0852,8.795255661010742
06730600322,house,4,8.1342,8.192302703857422
06731600229,house,4,8.2577,8.326778411865234
06733300095,house,4,8.1257,8.026473999023438
06734800229,house,4,8.566,8.496317863464355
06734901149,house,4,8.1242,8.403138160705566
06735100077,house,4,9.0067,8.585870742797852
06736700310,house,4,8.8239,8.495275497436523
06737500544,house,4,8.4641,8.110017776489258
06738200641,house,4,8.5713,8.297382354736328
06739100187,house,4,7.3789,7.771420955657959
06741200029,house,4,8.5511,8.082554817199707
06741900381,house,4,8.2035,8.214071273803711
06744300350,house,4,8.6284,8.334891319274902
06747800095,house,4,8.6851,8.292150497436523
06748100038,house,4,8.6595,8.369404792785645
06748300878,house,4,8.1865,8.195720672607422
06749300421,house,4,7.9164,7.769115447998047
06750200109,house,4,8.0709,7.991118431091309
06800200867,house,4,7.9225,8.251214981079102
06801503324,house,4,8.7808,8.51810073852539
06802601931,house,4,9.0768,8.532487869262695
06803902455,house,4,8.4219,8.61093521118164
06808000697,house,4,8.8939,8.701481819152832
06810100962,house,4,8.36,8.443093299865723
06810101179,house,4,8.1998,8.37387466430664
06810101942,house,4,8.5172,8.568277359008789
06812500283,house,4,8.5004,8.197493553161621
06812500364,house,4,8.7156,8.51750659942627
06814601745,house,4,8.3261,8.231158256530762
06814800985,house,4,7.9374,8.269964218139648
06815400670,house,4,8.6829,8.334810256958008
06816100751,house,4,8.1568,8.19727897644043
06816700724,house,4,8.7052,8.488876342773438
06818200508,house,4,7.937,7.652512073516846
06820200846,house,4,8.4931,8.34292221069336
06824001759,house,4,8.5862,8.607431411743164
06825800094,house,4,8.3875,8.33719539642334
06826200521,house,4,8.6978,8.325361251831055
06826200600,house,4,8.3021,8.194295883178711
06826500825,house,4,7.7576,8.05804443359375
06826600341,house,4,8.3889,8.349639892578125
06828400569,house,4,8.6226,8.563703536987305
06829200466,house,4,7.9782,8.096431732177734
06829200547,house,4,8.4684,8.360642433166504
06830700213,house,4,8.41,8.27954387664795
06832000383,house,4,7.6009,8.390308380126953
06836900524,house,4,9.0005,8.538656234741211
06837700162,house,4,8.3671,8.428861618041992
06837700308,house,4,8.087,8.282772064208984
06839500322,house,4,8.7036,8.590272903442383
06839800652,house,4,8.5489,8.409046173095703
06843100392,house,4,8.7598,8.44845962524414
06845300887,house,4,8.0488,8.194950103759766
06848000108,house,4,8.2428,8.449743270874023
06851401266,house,4,8.0626,8.218090057373047
06852000524,house,4,8.8284,8.54494857788086
06853200020,house,4,7.9939,8.266138076782227
06853200241,house,4,8.3324,8.094915390014648
06853401468,house,4,8.3253,8.100726127624512
06854101352,house,4,9.004,8.603193283081055
06854202167,house,4,8.7403,8.455011367797852
06900900631,house,4,8.3576,8.323867797851562
06902301662,house,4,8.7057,8.391250610351562
06907600218,house,4,8.8818,8.499903678894043
06908400123,house,4,9.2013,8.50783920288086
06909201566,house,4,8.9567,8.177138328552246
06911300479,house,4,8.7759,8.432039260864258
06913101058,house,4,8.1031,8.231671333312988
06915300600,house,4,8.3868,8.267101287841797
06915700201,house,4,8.637,8.368400573730469
06916100826,house,4,8.4412,8.224843978881836
06917300160,house,4,8.5817,8.414212226867676
06917701130,house,4,8.4482,8.340682983398438
06917900151,house,4,8.0552,8.11208438873291
07004601420,house,4,8.294,8.537858009338379
07004701751,house,4,8.7121,8.145441055297852
07006501709,house,4,8.2525,8.31591796875
07006702569,house,4,8.8269,8.41860580444336
07006703212,house,4,8.1543,8.073211669921875
07007800610,house,4,7.9995,8.044289588928223
07008100612,house,4,8.6051,8.150787353515625
07008800533,house,4,8.2245,8.189088821411133
07009200572,house,4,8.2876,8.446847915649414
07010800456,house,4,8.1432,8.253168106079102
07012501219,house,4,7.4101,8.022409439086914
07012700351,house,4,8.0041,8.184645652770996
07013802761,house,4,8.5172,8.387517929077148
07015502100,house,4,7.7311,8.155560493469238
07016101010,house,4,8.6042,8.438090324401855
07016101894,house,4,8.6785,8.56798267364502
07017604342,house,4,8.0383,7.961768627166748
07017800486,house,4,8.37,8.352948188781738
07018100844,house,4,7.9774,7.973580360412598
07018401232,house,4,8.4547,8.246809959411621
07018401240,house,4,8.2396,8.249258995056152
07019301126,house,4,8.0064,8.254690170288086
07019302025,house,4,8.7739,8.445535659790039
07019302637,house,4,7.9492,7.864150047302246
07019304222,house,4,8.1605,7.911651611328125
07019304362,house,4,8.3044,8.183890342712402
07020700421,house,4,8.4828,8.205437660217285
07021100401,house,4,8.4759,8.21638011932373
07021300050,house,4,8.1938,8.146406173706055
07023007652,house,4,8.1689,8.254173278808594
07023011749,house,4,8.4641,8.408940315246582
07024701250,house,4,8.7916,8.482975006103516
07024801115,house,4,8.4032,8.252006530761719
07024902442,house,4,8.6057,8.089609146118164
07028500446,house,4,8.2742,8.240219116210938
07033300492,house,4,7.9837,8.066761016845703
07035000615,house,4,7.9481,8.296385765075684
07035800621,house,4,8.3489,7.946319580078125
07037400033,house,4,7.9111,7.787761688232422
07037700711,house,4,8.6226,8.246000289916992
07039402981,house,4,8.2385,8.366534233093262
07039403145,house,4,8.606,8.302876472473145
07041000125,house,4,8.3533,8.121335983276367
07041200221,house,4,8.4392,8.550138473510742
07105201436,house,4,8.2183,8.188216209411621
07107200356,house,4,7.7814,7.803714752197266
07109600335,house,4,8.4684,8.486400604248047
07111100964,house,4,8.2396,8.098134994506836
07112700681,house,4,8.5262,8.339834213256836
07113500692,house,4,8.3407,8.247532844543457
07125100090,house,4,8.7932,8.307229042053223
07125700489,house,4,8.0645,7.976014137268066
07127100330,house,4,8.3416,8.27273178100586
07132100483,house,4,8.2063,8.234709739685059
07136800722,house,4,8.4302,7.931458473205566
07137604838,house,4,8.8049,8.355501174926758
07137701132,house,4,8.1157,8.207732200622559
07141605770,house,4,8.363,8.116140365600586
07146402894,house,4,9.0489,8.243534088134766
07147000201,house,4,8.8257,8.181072235107422
07147301749,house,4,8.4684,7.8403801918029785
07151500165,house,4,8.363,8.143378257751465
07151500361,house,4,9.14,8.409162521362305
07152200548,house,4,8.0754,8.148509979248047
07200500429,house,4,8.46,8.15064811706543
07202501953,house,4,8.2903,8.273364067077637
07202900025,house,4,8.1305,8.163606643676758
07203200991,house,4,8.1731,8.296650886535645
07204400240,house,4,8.9546,8.675248146057129
07205901103,house,4,8.5903,8.260088920593262
07206000924,house,4,8.391,8.227706909179688
07209800077,house,4,9.1413,8.209646224975586
07210100504,house,4,8.5459,8.49570083618164
07211900431,house,4,8.6226,8.49384880065918
07213601008,house,4,8.1495,8.37417221069336
07216802888,house,4,8.3796,8.26523494720459
07217600391,house,4,8.1707,8.255437850952148
07217801524,house,4,8.1117,8.177600860595703
07220101864,house,4,8.3931,8.385717391967773
07220800479,house,4,9.1598,8.55105972290039
07221000581,house,4,8.2439,8.26980209350586
07221100993,house,4,8.406,8.228447914123535
07221101205,house,4,8.948,8.419605255126953
07222100334,house,4,8.363,8.460599899291992
07305600679,house,4,8.9324,8.716346740722656
07306101714,house,4,8.3223,8.369858741760254
07326000115,house,4,8.5083,8.493818283081055
07329100188,house,4,8.6558,8.233073234558105
07504100102,house,4,7.9481,8.061515808105469
07506800421,house,7,8.3143,8.361559867858887
07507000281,house,7,8.2649,8.417925834655762
07513601011,house,4,8.406,8.544965744018555
07514200266,house,4,8.4821,8.69328498840332
07520300986,house,7,8.6805,8.741345405578613
07520500551,house,7,8.5685,8.708746910095215
07522600758,house,4,9.3355,8.798530578613281
07524002165,house,7,7.4684,8.331524848937988
07525406294,house,4,8.6941,8.583949089050293
07525406340,house,4,8.6177,8.651823043823242
07525801649,house,4,8.4131,8.100556373596191
07530400606,house,4,8.3946,8.228473663330078
07534401364,house,7,8.2548,8.371590614318848
07535300200,house,7,8.097,8.569297790527344
07536100299,house,4,7.4052,7.8071370124816895
07600800454,house,7,8.902,8.963027954101562
07608500107,house,7,8.8092,8.627578735351562
07609100897,house,7,8.351,8.592239379882812
07609800414,house,7,8.3864,8.328797340393066
07609800538,house,7,9.013,9.019519805908203
07609800546,house,7,8.9719,9.020273208618164
07610000744,house,7,8.4668,8.180219650268555
07610300438,house,4,8.163,7.687664031982422
07610501840,house,4,8.3,8.312934875488281
07614400331,house,4,7.5796,8.044626235961914
07616500285,house,7,7.9676,8.044651985168457
07617400438,house,7,8.4735,8.50174331665039
07618302529,house,7,8.6063,8.593757629394531
07619200037,house,7,8.1388,8.426161766052246
07620700171,house,7,8.532,8.811872482299805
07624800349,house,7,8.4875,8.676658630371094
07624800578,house,7,8.6905,8.846039772033691
07624800616,house,7,8.8876,8.970588684082031
07628500331,house,7,8.4699,8.725578308105469
07642500408,house,7,8.8626,8.990760803222656
07643000281,house,7,8.6101,8.812887191772461
07643200270,house,7,8.4118,8.904951095581055
07645100206,house,7,8.5041,8.520942687988281
07645100461,house,7,8.3349,8.272957801818848
07646304018,house,7,8.9714,8.88839340209961
07648900041,house,7,7.9811,8.125080108642578
07650200231,house,7,7.6009,8.11030387878418
07651301201,house,7,8.055,8.52566146850586
07651303032,house,7,8.5318,8.573749542236328
07651303083,house,7,8.7598,8.85252857208252
07677600352,house,7,8.3506,8.355693817138672
07700400768,house,7,8.6226,8.727737426757812
07700500193,house,7,8.3758,8.70861530303955
07703000655,house,7,8.036,8.643699645996094
07705800438,house,7,8.4659,8.86479663848877
07714300736,house,7,7.824,8.622787475585938
07724800545,house,7,8.4291,8.804471969604492
07730800462,house,7,8.8383,8.821738243103027
07730800489,house,7,9.0649,8.832907676696777
07737205225,house,7,8.3027,8.848187446594238
07743601587,house,7,8.4094,8.519121170043945
07743602206,house,7,8.5484,8.821968078613281
07744801644,house,7,8.0133,8.514425277709961
07744801903,house,7,8.1687,8.876543045043945
07802601142,house,7,8.8855,8.796502113342285
07803000827,house,7,8.797,8.80055046081543
07805100551,house,7,8.9872,8.555526733398438
07805400504,house,7,8.5352,8.485490798950195
07805401081,house,7,9.0315,8.835405349731445
07806101462,house,7,8.46,8.501810073852539
07807100230,house,7,8.6995,8.713415145874023
07807100516,house,7,8.7852,8.495441436767578
07807200383,house,7,8.1117,8.509807586669922
07807300213,house,7,8.6326,8.671150207519531
07808900451,house,7,8.4381,8.620441436767578
07808901679,house,7,8.4034,8.623979568481445
07818000461,house,7,8.2272,8.700971603393555
07818100458,house,7,8.7403,8.461930274963379
07818601252,house,7,8.3862,8.471822738647461
07821300187,house,7,8.2589,8.412705421447754
07821500569,house,7,8.9483,8.860995292663574
07821600717,house,7,8.4289,8.374431610107422
07822400312,house,7,8.7702,8.614501953125
07823700638,house,7,8.7584,8.668244361877441
07824100431,house,7,8.6792,8.499261856079102
07824500012,house,7,8.7511,8.557760238647461
07825300599,house,7,8.8167,8.595870971679688
07825300701,house,7,8.728,8.778242111206055
07825801512,house,7,8.503,8.578763961791992
07826200113,house,7,9.0142,8.722954750061035
07826400694,house,7,8.3041,8.220647811889648
07832400633,house,7,8.7308,8.708209991455078
07836900177,house,7,8.2254,8.533845901489258
07838100437,house,7,8.0864,8.4716796875
07840202659,house,7,8.9036,8.856066703796387
07840900577,house,7,8.6903,8.470649719238281
07840900712,house,7,8.4064,8.427342414855957
07841000723,house,7,8.4611,8.491987228393555
07842801851,house,7,8.1678,8.369400978088379
07843200649,house,7,8.747,8.712984085083008
07844700386,house,7,8.8385,8.716529846191406
07849100085,house,7,8.8451,8.819931030273438
07852809731,house,7,9.0576,9.044034004211426
07852810969,house,7,9.0711,9.057666778564453
07917800199,house,7,8.4945,8.428627967834473
07919900255,house,7,8.294,8.752511978149414
07966001482,house,7,8.4621,8.674186706542969
07966400468,house,7,7.9462,8.331138610839844
07966600041,house,7,8.6724,8.505715370178223
07966900851,house,8,8.5054,8.178098678588867
07973200037,house,7,8.7179,8.743864059448242
07975600164,house,7,8.4764,8.503541946411133
07977200198,house,7,8.6936,8.658618927001953
07977400073,house,7,8.585,8.651529312133789
08000501287,house,7,8.667,8.528472900390625
08002100336,house,7,8.5817,8.418381690979004
08003300169,house,7,8.0715,8.702293395996094
08004500900,house,7,8.1437,8.700891494750977
08006200580,house,7,8.2437,8.828485488891602
08008400171,house,7,8.3106,8.911598205566406
08009400890,house,7,8.5984,8.644355773925781
08010600814,house,7,8.3949,8.782476425170898
08011000608,house,7,9.3114,9.074073791503906
08011300555,house,7,8.1285,8.727337837219238
08013100871,house,7,8.7891,8.725778579711914
08013100928,house,7,8.975,8.745721817016602
08013400255,house,7,8.838,8.949531555175781
08013500055,house,7,9.105,9.008938789367676
08013700526,house,7,8.9105,8.854747772216797
08014804015,house,7,8.8763,8.730874061584473
08100501351,house,7,9.5444,8.904916763305664
08100501386,house,7,8.4557,8.64044189453125
08102402318,house,7,9.0749,9.191411018371582
08104200951,house,7,9.0632,9.254150390625
08107000013,house,7,9.1592,9.131855964660645
08108700620,house,0,9.3943,8.856908798217773
08108800609,house,0,9.1281,8.667850494384766
08117600161,house,0,9.0776,8.746267318725586
08117700131,house,0,9.5165,8.931236267089844
08118200337,house,7,9.4523,9.404664993286133
08126100109,house,0,8.8273,8.833566665649414
08126200774,house,0,9.1203,9.030976295471191
08127100234,house,0,9.6566,8.935552597045898
08127400084,house,0,9.2724,8.980379104614258
08130100576,house,0,9.4335,8.715612411499023
08131500756,house,0,8.9429,8.895567893981934
08132002423,house,0,9.417,8.84875202178955
08133000122,house,7,8.7721,8.969517707824707
08134900445,house,0,9.4565,8.754026412963867
08218100563,house,7,8.6627,8.714933395385742
08221300039,house,7,8.3349,8.757545471191406
08235800470,house,8,8.3096,8.797042846679688
08236800172,house,8,8.9345,8.961923599243164
08244100176,house,6,9.2591,8.836091995239258
08245009768,house,7,8.3261,8.691999435424805
08245800937,house,8,8.1007,8.039987564086914
08250200268,house,6,8.8168,8.640605926513672
08256100265,house,8,8.5419,8.633735656738281
08260400375,house,8,8.4175,8.91766357421875
08260600544,house,8,8.8296,8.83426284790039
08260800233,house,8,8.5972,8.927064895629883
08261100261,house,8,8.8268,9.151484489440918
08262800230,house,8,8.3289,8.390652656555176
08263100461,house,8,8.1178,8.562490463256836
08309500149,house,0,9.4617,9.094897270202637
08320500699,house,0,9.2512,8.970590591430664
08321200699,house,0,9.1735,9.07943058013916
08321200801,house,0,8.9717,8.856807708740234
08421500333,house,6,9.2867,9.358797073364258
08500501278,house,6,8.3462,8.671493530273438
08507900267,house,6,9.1188,8.91923713684082
08512000848,house,6,9.3506,8.768651962280273
08515400413,house,6,8.7891,8.689050674438477
08518400384,house,6,9.4133,8.825872421264648
08519400345,house,6,8.8247,8.705118179321289
08519400388,house,6,8.9798,8.612080574035645
08519400507,house,6,8.5817,8.670098304748535
08532100503,house,6,8.9976,8.845901489257812
08558901376,house,6,8.7165,8.673072814941406
08564700492,house,6,8.6524,8.587335586547852
08564900191,house,6,8.5564,8.751869201660156
08603800529,house,6,8.9717,8.778843879699707
08604301186,house,6,9.4409,8.812707901000977
08608000180,house,6,8.8672,8.730320930480957
08608400138,house,6,8.9227,8.713842391967773
08608600137,house,6,8.5172,8.6343412399292
08613500730,house,6,8.3994,8.597824096679688
08615300501,house,6,8.5172,8.67193603515625
08616900128,house,6,8.2008,8.356141090393066
08617000538,house,6,8.2135,8.56611156463623
08617000554,house,6,8.2484,8.564521789550781
08627000123,house,6,8.9899,8.77330493927002
08627908877,house,6,8.2922,8.409862518310547
08628900462,house,6,8.297,8.77523422241211
08635700661,house,6,8.465,8.704822540283203
08638500017,house,6,8.6335,8.588861465454102
08641100156,house,6,8.9994,8.525461196899414
08641700498,house,6,8.422,8.52977180480957
08641800255,house,6,8.4856,8.433511734008789
08641800433,house,6,8.6287,8.661554336547852
08641900233,house,6,8.2585,8.40471363067627
08643300144,house,6,8.1229,8.539749145507812
08706100279,house,2,8.1678,8.365989685058594
08706100325,house,2,7.8145,8.157964706420898
08711500182,house,6,8.5972,8.70378589630127
08712900265,house,6,8.3656,8.681735038757324
08714000261,house,6,8.5972,8.75831413269043
08718100406,house,6,8.7734,8.554262161254883
08722700153,house,2,8.7403,8.39399528503418
08726200287,house,2,8.1057,8.266904830932617
08726200597,house,2,8.7035,8.777156829833984
08728201280,house,2,8.6319,8.46484375
08730100968,house,2,8.7601,8.692300796508789
08730300282,house,2,8.491,8.571718215942383
08732001592,house,2,8.8339,8.55573844909668
08736400335,house,2,8.7323,8.817564010620117
08737300725,house,6,9.5332,9.124367713928223
08737600281,house,2,8.4537,8.497032165527344
08737901273,house,2,8.8768,8.228812217712402
08737902271,house,2,9.6055,8.389981269836426
08737902581,house,2,9.0027,8.759559631347656
08740200396,house,2,8.5007,8.440674781799316
08740900551,house,2,8.5023,8.48512077331543
08745500983,house,2,9.0612,8.713740348815918
08747500018,house,2,8.4813,8.329911231994629
08800400426,house,2,8.5124,8.066452026367188
08800800254,house,2,8.2594,8.484662055969238
08805800384,house,6,8.4299,8.534832000732422
08808600114,house,2,8.7102,8.576009750366211
08808800644,house,2,8.8069,8.618576049804688
08809800311,house,2,8.9647,8.617027282714844
08810100174,house,2,8.1117,8.423544883728027
08812000101,house,2,8.7997,8.380337715148926
08814400921,house,2,9.0672,9.089929580688477
08815801936,house,2,8.2736,8.421476364135742
08815802746,house,2,8.6078,8.511104583740234
08815819711,house,2,8.4817,8.590951919555664
08815820132,house,2,9.0321,8.673420906066895
08817018961,house,2,9.0793,8.630077362060547
08819300656,house,2,8.9081,8.465852737426758
08819300672,house,2,8.974,8.624601364135742
08821400281,house,6,8.5723,8.841278076171875
08821400425,house,6,9.1133,8.885183334350586
08821600386,house,6,8.7279,8.568960189819336
08825000227,house,2,8.5332,8.47842025756836
08825900422,house,2,9.4214,8.743613243103027
08828900148,house,2,8.7337,8.584487915039062
08829800341,house,2,8.4229,8.154687881469727
08829802204,house,2,8.9446,8.366981506347656
08829802379,house,2,8.6386,8.565649032592773
08900200127,house,6,8.5072,8.545066833496094
08901500302,house,6,8.7248,8.76555061340332
08902300447,house,6,8.3182,8.383993148803711
08903600460,house,2,8.4011,8.48255729675293
08903900944,house,6,8.4206,8.19836711883545
08907000417,house,2,8.7213,8.613105773925781
08907301530,house,2,8.9635,8.748221397399902
08911000485,house,2,8.341,7.891731262207031
08911300251,house,2,8.5355,8.215319633483887
08912200836,house,2,8.2894,8.442075729370117
08912400061,house,1,8.1951,8.256760597229004
08917200125,house,2,8.0943,8.279906272888184
08917500481,house,2,7.6009,8.01772689819336
08918600305,house,2,7.8345,8.129325866699219
08918700806,house,2,7.9877,8.476566314697266
08920500177,house,1,8.363,8.594401359558105
08921500553,house,2,8.2195,8.18642520904541
08923800351,house,2,8.1672,8.023832321166992
08929300693,house,1,8.4764,8.242759704589844
08930500730,house,1,8.0583,8.451180458068848
08932500665,house,1,8.3837,8.229642868041992
08933500510,house,1,8.3536,8.447286605834961
08934200618,house,1,8.558,8.575371742248535
08935400361,house,2,7.8389,8.252901077270508
08937900254,house,6,8.2039,8.748367309570312
08938100294,house,6,8.1347,8.453954696655273
08938300315,house,6,8.6912,8.491179466247559
08939000250,house,6,8.5806,8.51016616821289
08939900251,house,2,8.5284,8.527022361755371
08941600359,house,6,8.3559,8.241743087768555
08941600741,house,6,8.5419,8.393961906433105
08942200461,house,6,8.1963,8.159856796264648
08942300431,house,6,8.2972,8.169578552246094
08942400191,house,2,7.9111,8.36487865447998
08942900461,house,6,8.2359,8.193078994750977
08942900569,house,6,8.3021,8.332386016845703
08943300352,house,6,8.7829,8.524965286254883
08943700091,house,1,7.5793,8.050010681152344
08944500924,house,1,7.8948,8.14551830291748
08947300233,house,6,8.2177,8.409624099731445
08947600644,house,6,7.4538,7.82914400100708
08948800485,house,6,8.2744,8.370131492614746
08951500047,house,6,8.3328,8.528961181640625
08951500136,house,6,8.5817,8.578001022338867
08951600831,house,6,8.183,8.15239429473877
08955700040,house,2,8.5769,8.747145652770996
08956300399,house,1,8.2314,8.0232515335083
08956300569,house,1,8.2928,7.921347618103027
08956300577,house,1,8.2742,7.920895576477051
08956901287,house,1,8.3666,8.380157470703125
08957001549,house,2,8.6748,8.49250602722168
09002700369,house,2,8.9327,8.649836540222168
09005000724,house,2,8.7354,8.621317863464355
09005200685,house,2,8.0411,7.9913506507873535
09006500259,house,2,8.8049,8.094327926635742
09009600874,house,2,8.242,8.300071716308594
09009800490,house,2,7.9877,8.078954696655273
09009800571,house,2,8.5361,8.489433288574219
09010100545,house,2,8.5172,8.51318359375
09013600530,house,2,7.8841,8.657696723937988
09015600449,house,2,8.8133,8.637344360351562
09015700389,house,2,8.9674,8.716053009033203
09016300406,house,2,8.1837,8.436424255371094
09016300465,house,2,8.2163,8.384639739990234
09017700777,house,2,8.8035,8.266063690185547
09019800043,house,2,8.7355,8.211854934692383
09021700271,house,2,8.5751,8.252069473266602
09021800731,house,2,8.297,8.274164199829102
09022600424,house,2,8.8155,8.510730743408203
09023400038,house,2,9.0635,8.600004196166992
09029900660,house,2,8.3961,8.663625717163086
09029900709,house,2,8.4668,8.668037414550781
09030900210,house,2,8.7791,8.435593605041504
09031300268,house,2,8.3117,8.439502716064453
09032800825,house,2,8.6797,8.660867691040039
09033400294,house,2,8.1924,8.362427711486816
09037400337,house,2,8.4241,8.140556335449219
09037901001,house,2,8.8495,8.666587829589844
09038100345,house,2,7.9576,8.322064399719238
09041800451,house,2,8.7765,8.61458969116211
09042301090,house,2,8.2751,8.11060619354248
09042600365,house,2,8.6226,8.508864402770996
09043300251,house,2,8.7796,8.586395263671875
09043500402,house,2,7.7832,7.946549415588379
09045000059,house,2,9.2103,8.660238265991211
09047000013,house,2,8.6836,8.382695198059082
09047400224,house,2,8.8136,8.527471542358398
09106301029,house,1,7.7379,7.532790184020996
09106801323,house,2,8.3349,8.607341766357422
09108800235,house,2,8.4118,8.724054336547852
09109600728,house,2,8.4159,8.22602653503418
09110000615,house,2,7.7142,8.227787017822266
09110200401,house,2,8.2623,8.380306243896484
09110500685,house,2,8.2439,8.354393005371094
09112901091,house,2,8.0348,8.663082122802734
09112901318,house,2,8.1007,8.398100852966309
09117500257,house,2,8.503,8.156438827514648
09120400381,house,2,8.0208,7.904386520385742
09120600348,house,2,8.6133,8.362157821655273
09121400229,house,2,8.596,8.844563484191895
09122600302,house,2,8.4925,8.53342056274414
09123100699,house,2,8.0317,8.26527214050293
09127100553,house,2,8.4302,8.395221710205078
09127500071,house,2,8.1801,8.406208038330078
09128000234,house,2,7.824,7.995704650878906
09129600057,house,2,8.312,8.384588241577148
09130000742,house,2,7.7091,8.143566131591797
09130100062,house,2,7.8579,7.672598838806152
09130300347,house,2,7.8869,7.716133117675781
09134100318,house,2,7.8977,7.993967533111572
09135700130,house,2,8.3018,8.195307731628418
09137000225,house,1,8.0064,7.72853946685791
09144700237,house,2,8.1281,8.266204833984375
09157000212,house,2,8.2261,8.432146072387695
09158600140,house,2,8.1917,8.161983489990234
09301800284,house,2,8.5564,8.38602066040039
09304400511,house,2,9.0637,8.632183074951172
09308900837,house,2,8.7623,8.701957702636719
09309300132,house,2,8.3315,8.359114646911621
09312201034,house,2,8.5557,8.455581665039062
09413100810,house,2,8.657,8.524529457092285
09414402195,house,2,8.2428,8.042476654052734
09415200774,house,2,8.3248,8.524187088012695
09500500231,house,2,8.5208,7.98219108581543
09505100124,house,2,8.8655,8.364221572875977
09506300046,house,2,7.998,7.778697967529297
09507700609,house,2,8.2898,8.154459953308105
09509200141,house,2,8.1641,7.772439956665039
09509800041,house,2,7.7753,7.903788089752197
09514900413,house,2,7.9773,7.953601837158203
09516000088,house,2,7.3342,8.071063995361328
09516800017,house,2,8.3296,8.136247634887695
09521400315,house,2,8.433,7.9312639236450195
09521600284,house,2,9.3759,8.882655143737793
09523600362,house,2,8.3674,8.227535247802734
09527503922,house,2,9.105,8.967077255249023
09528000770,house,2,8.3662,8.435602188110352
09528700160,house,2,8.1117,8.137556076049805
09530500378,house,2,7.897,8.364484786987305
09536000075,house,2,9.075,8.625916481018066
09539000211,house,2,8.4813,8.610860824584961
09539100437,house,2,8.3442,8.248147964477539
09541400299,house,2,9.0672,8.687686920166016
09541500171,house,2,8.6125,8.417879104614258
09544400214,house,2,8.8861,8.733097076416016
09544400486,house,2,8.7905,8.666402816772461
09544400494,house,2,8.5895,8.567752838134766
09600400369,house,7,9.3612,8.82548713684082
09600800359,house,7,9.4864,8.621938705444336
09706700404,house,7,8.7962,8.6949462890625
09707500425,house,7,8.9321,8.797968864440918
09708200451,house,7,8.4916,8.897737503051758
09804500043,house,7,8.6842,8.714860916137695
09904800375,house,7,8.2324,8.888564109802246
09904900027,house,7,8.645,8.997994422912598
10000300410,house,9,8.2829,8.144427299499512
10001100385,house,9,8.6006,8.553956985473633
10001400427,house,9,7.9434,8.174226760864258
10002300043,house,9,9.0257,8.762041091918945
10007100654,house,9,8.4844,8.360320091247559
10007600282,house,9,8.4219,8.200940132141113
10008100054,house,9,8.1483,8.043153762817383
10008100321,house,9,8.2436,8.223054885864258
10008700477,house,9,8.1274,8.057852745056152
10009300251,house,9,8.6713,8.271010398864746
10009700322,house,9,8.363,8.280498504638672
10009700500,house,9,8.3741,8.616374015808105
10010400671,house,9,8.5568,8.38180923461914
10010800475,house,9,8.2367,8.339446067810059
10010800866,house,9,8.366,8.272308349609375
10102400139,house,8,8.6507,8.845494270324707
10105200165,house,8,8.2217,8.307600021362305
10105300100,house,8,7.8933,7.881199836730957
10105400334,house,8,8.7883,8.711498260498047
10105800146,house,8,8.621,8.741405487060547
10107200278,house,8,8.5584,8.37350082397461
10107300140,house,8,8.7796,8.636737823486328
10107700270,house,8,8.3245,8.429344177246094
10109100777,house,8,9.1633,8.593581199645996
10109400533,house,8,8.3759,8.63110065460205
10111005001,house,8,8.6821,8.681598663330078
10111005141,house,8,8.9468,8.678955078125
10112300447,house,8,8.5428,8.35654354095459
10112400514,house,8,8.3428,8.55090618133545
10112500047,house,8,8.058,8.44373893737793
10112700593,house,8,8.5934,8.484869956970215
10113800028,house,8,8.1013,8.126173973083496
10115000568,house,8,8.4966,8.42127799987793
10115100406,house,8,8.6806,8.60745620727539
10115100635,house,8,8.6125,8.35053825378418
10115700829,house,8,8.0754,8.452683448791504
10116100957,house,8,8.3383,8.422150611877441
10119300401,house,8,8.3219,8.462239265441895
10120500492,house,8,8.1015,8.806252479553223
10120500591,house,8,8.5735,8.556199073791504
10121200042,house,8,7.8519,8.663665771484375
10122100262,house,8,8.8247,8.89210319519043
10123301393,house,8,8.9149,8.944985389709473
10127000126,house,8,8.5172,8.866819381713867
10132200898,house,8,7.9768,8.219325065612793
10132500204,house,8,8.655,8.782938003540039
10133300578,house,8,8.9539,8.70052433013916
10139000150,house,8,9.0595,9.228795051574707
10146200291,house,6,8.9285,8.744763374328613
10147000377,house,6,8.8995,8.809518814086914
10149000412,house,8,8.2644,8.22003173828125
10151100641,house,8,8.1756,8.252321243286133
10154000123,house,8,8.182,8.171438217163086
10155600698,house,8,7.8564,8.201790809631348
10156400382,house,8,7.7768,8.240706443786621
10156800275,house,8,7.824,8.48039436340332
10156900301,house,8,8.3349,8.199251174926758
10157100609,house,8,8.4527,8.366571426391602
10157201332,house,6,9.2103,8.88833999633789
10157708127,house,8,8.1742,8.515520095825195
10157801046,house,8,8.0064,8.33755111694336
10158301284,house,8,8.2306,8.175261497497559
10160000504,house,8,8.6995,8.603988647460938
10160100703,house,8,8.5976,8.733989715576172
10160102481,house,8,8.5697,8.50173282623291
10160102730,house,8,8.2727,8.150575637817383
10160300729,house,8,7.9412,8.38487720489502
10160900777,house,8,8.3763,8.800468444824219
10161500713,house,8,8.1522,8.364423751831055
10162100956,house,8,8.0819,8.36657428741455
10163700485,house,8,8.752,8.512073516845703
10201700122,house,9,7.917,8.030573844909668
10203300652,house,9,8.6781,8.784624099731445
10205500373,house,9,8.3664,8.474624633789062
10206300351,house,9,8.4482,8.668512344360352
10206900847,house,9,7.9215,8.367842674255371
10207001145,house,9,8.7278,8.777278900146484
10207600065,house,9,8.6624,8.717230796813965
10208200192,house,9,7.7675,8.119077682495117
10210600720,house,9,8.3155,8.449068069458008
10210700911,house,9,8.4137,8.520097732543945
10210800525,house,9,8.356,8.282909393310547
10212600337,house,9,8.3956,8.19620132446289
10301200105,house,8,8.5627,8.629111289978027
10301800420,house,8,8.2815,8.48788070678711
10302527396,house,2,8.4764,8.364492416381836
10304200114,house,2,8.385,8.055675506591797
10304300410,house,2,8.4039,8.134746551513672
10304800200,house,2,8.0164,8.159628868103027
10304900973,house,2,8.4482,7.980454444885254
10401200794,house,7,7.3424,8.458221435546875
10401500690,house,7,8.2145,8.75008773803711
10401800813,house,7,8.5966,8.689119338989258
10401801631,house,7,8.0247,8.508512496948242
10402400657,house,7,8.375,8.823872566223145
10402401416,house,7,8.489,8.830409049987793
10402900021,house,7,8.2295,8.815657615661621
10402900341,house,7,8.775,8.806963920593262
10403900254,house,7,8.1956,8.791004180908203
10405400984,house,7,8.4595,8.721579551696777
10405500539,house,7,8.5817,8.71531867980957
10405900928,house,7,8.2659,8.496593475341797
10406501350,house,7,8.0542,8.716997146606445
10406502039,house,7,8.0563,8.8213472366333
10407802664,house,7,8.2406,8.676121711730957
10408000405,house,7,8.2233,8.654494285583496
10408700547,house,7,8.4543,8.916024208068848
10410301042,house,7,8.4253,8.804885864257812
10414200216,house,7,7.9202,8.663154602050781
10414700022,house,7,8.3303,8.614446640014648
10501400140,house,7,8.3511,8.593118667602539
10501400248,house,7,7.7863,8.128108978271484
10502200064,house,7,8.4995,8.61972427368164
10502200722,house,7,8.9227,8.899686813354492
10503400350,house,7,8.7179,8.7933349609375
10504000240,house,7,8.8374,8.842510223388672
10504500960,house,7,8.1484,8.411344528198242
10504800506,house,7,8.2113,8.438549041748047
10506900435,house,7,8.7742,8.547239303588867
10507900447,house,7,8.6765,8.705400466918945
10509900428,house,7,8.1223,8.541949272155762
10510100294,house,7,8.6458,8.58987045288086
10511300556,house,7,8.6627,8.683389663696289
10512300509,house,7,8.2808,8.805788040161133
10512400333,house,7,8.4118,8.601720809936523
10512800552,house,7,8.6112,8.885272979736328
10514501064,house,7,8.7075,8.646074295043945
10514700512,house,7,8.037,8.447103500366211
10601500406,house,7,8.4837,8.69021987915039
10602800306,house,7,8.9177,8.747285842895508
10604300157,house,7,7.906,8.399333953857422
10605300657,house,7,8.4219,8.6057767868042
10609000577,house,7,8.1263,8.555989265441895
10609000739,house,7,8.1605,8.74334716796875
10610500480,house,7,8.4512,8.763943672180176
10610800468,house,7,8.9092,8.711259841918945
10612600350,house,7,8.1639,8.442137718200684
10618400337,house,7,8.4557,8.924440383911133
10618800386,house,7,8.894,8.92293643951416
10625401157,house,7,7.4259,8.30299186706543
10627500101,house,7,7.7714,8.593803405761719
10700700365,house,7,8.4659,8.677359580993652
10704000260,house,7,7.9792,8.423877716064453
10707900300,house,7,7.897,8.388761520385742
10709500474,house,7,8.5598,8.857269287109375
10710300459,house,7,8.1372,8.235949516296387
10711600391,house,7,8.2396,8.950244903564453
10714000131,house,7,7.9626,8.478058815002441
10714200491,house,7,8.5575,8.76840877532959
10714300143,house,7,8.9982,8.893571853637695
10718700261,house,7,7.941,8.398324966430664
10721604608,house,7,8.1225,8.421207427978516
10722200225,house,7,8.1703,8.298616409301758
10722200373,house,7,8.0882,8.577735900878906
10722200381,house,7,8.0882,8.580726623535156
10722200391,house,7,8.2824,8.571981430053711
10722200446,house,7,8.0882,8.570198059082031
10722200454,house,7,8.0882,8.56933879852295
10722200578,house,7,8.2217,8.57889461517334
10722400674,house,7,8.2732,8.480286598205566
10724500341,house,7,8.4178,8.687862396240234
10726600481,house,7,8.3951,8.503820419311523
10731400241,house,7,8.6781,8.82756233215332
10733400115,house,7,8.1773,8.56350040435791
10734900375,house,7,8.2144,8.389899253845215
10739400036,house,7,7.9294,8.696306228637695
10739400044,house,7,7.4366,8.062639236450195
10739400117,house,7,8.2264,8.39491081237793
10739500464,house,7,8.5256,8.708343505859375
10740000331,house,7,8.0338,8.368853569030762
10741401133,house,7,7.6508,8.337923049926758
10743400169,house,7,7.935,8.224893569946289
10743800167,house,7,8.4269,8.631911277770996
10743800337,house,7,8.8107,8.60977554321289
10744700514,house,7,8.3501,8.434345245361328
10745700283,house,7,7.8932,8.2628812789917
10801600552,house,4,8.6535,8.564397811889648
10804700817,house,7,8.3415,8.237464904785156
10807800464,house,4,7.9817,7.691404342651367
10810100303,house,4,8.9029,8.476422309875488
10812500414,house,4,8.1689,8.014200210571289
10816600294,house,4,8.5852,8.503595352172852
10816700469,house,4,8.8754,8.450532913208008
10817600255,house,4,8.8075,8.294502258300781
10818500564,house,4,8.6945,7.930551528930664
10818500572,house,4,8.3181,7.7372212409973145
10819300143,house,4,8.4631,8.316892623901367
10900400462,house,4,8.2648,7.928050994873047
10904600385,house,4,7.9686,8.055567741394043
10905703595,house,4,8.4859,8.054081916809082
10906400278,house,4,8.0105,7.784104347229004
10906400588,house,4,8.489,8.146923065185547
10906500795,house,4,7.9699,8.177098274230957
10906500930,house,4,8.1927,8.351316452026367
10906900386,house,4,8.7415,8.216343879699707
10908301560,house,4,9.0937,8.081771850585938
10911200125,house,4,8.2694,8.059500694274902
10916401099,house,4,8.409,8.115289688110352
10916401293,house,4,8.4864,8.10387134552002
10917200690,house,4,7.9311,7.8852715492248535
10917202987,house,4,8.503,8.022604942321777
10917203363,house,4,8.8167,8.511335372924805
10917900412,house,4,9.1458,8.486394882202148
10919500918,house,4,8.0472,8.183392524719238
10919501401,house,4,7.8457,8.097894668579102
10919600920,house,4,8.1117,8.44721794128418
10921300378,house,4,8.8529,8.013195991516113
10921900391,house,4,8.7655,8.231023788452148
10921900553,house,4,8.9525,8.238049507141113
11004000791,house,3,7.6628,8.00045394897461
11005800218,house,3,8.3728,8.521184921264648
11011900806,house,3,8.4214,8.183975219726562
11012101222,house,3,8.3261,8.480331420898438
11012400467,house,3,8.7377,8.658649444580078
11013600524,house,3,8.677,8.719263076782227
11014200392,house,3,8.5817,8.411741256713867
11014500434,house,3,8.3109,8.421106338500977
11015800628,house,3,8.4882,8.623699188232422
11017800013,house,3,7.3593,7.5526909828186035
11017800404,house,3,8.6251,8.604181289672852
11021300682,house,3,8.159,8.276321411132812
11026700476,house,3,8.7796,8.43321418762207
11027300048,house,3,7.6809,8.271631240844727
11028900197,house,3,8.797,8.417669296264648
11029200253,house,3,8.7948,8.84521770477295
11029500631,house,3,8.7318,8.535184860229492
11029900727,house,3,8.3654,8.455289840698242
11035200596,house,3,8.3105,8.330568313598633
11036200352,house,3,8.7725,8.310712814331055
11038905124,house,3,8.368,8.434325218200684
11041800222,house,3,8.3245,8.479336738586426
11042601231,house,3,8.3349,8.496930122375488
11043800165,house,3,8.1291,8.177803993225098
11044300239,house,3,8.1807,8.565333366394043
11045900329,house,3,8.3702,8.277358055114746
11046701214,house,3,7.6094,8.076393127441406
11047801301,house,3,8.5598,8.724685668945312
11048703214,house,3,8.5495,8.541084289550781
11050000128,house,3,8.2548,8.657769203186035
11050700723,house,3,7.7519,8.221677780151367
11050703269,house,3,8.5529,8.610547065734863
11053200421,house,3,8.1807,8.335229873657227
11102100871,house,3,8.7671,8.474691390991211
11102200599,house,3,8.3847,8.133199691772461
11102700257,house,3,8.5917,8.46373176574707
11112700853,house,5,8.7292,8.640220642089844
11113800525,house,5,8.0591,7.775912284851074
11116400706,house,5,8.6042,8.290494918823242
11116600251,house,5,8.0893,7.993523120880127
11120700794,house,5,8.6819,8.713675498962402
11123500052,house,5,8.4912,8.557512283325195
11124601030,house,5,8.3208,8.080711364746094
11124700713,house,5,8.8209,8.606782913208008
11126501203,house,5,8.5355,8.283876419067383
11127200304,house,3,8.6842,8.751726150512695
11131601598,house,5,8.4844,8.563557624816895
11132200597,house,5,8.2439,8.28019905090332
11132200619,house,5,8.2439,8.283214569091797
11134101340,house,5,8.4684,8.546985626220703
11134200624,house,5,8.5703,8.65035629272461
11134300661,house,5,8.3664,8.28984260559082
11134800461,house,5,7.9015,7.822272300720215
11135500621,house,5,8.392,8.586666107177734
11135901545,house,5,8.0096,7.8506059646606445
11136100643,house,5,8.904,8.446857452392578
11136600034,house,5,9.2505,8.88166618347168
11136900585,house,5,8.2594,8.220463752746582
11139502386,house,5,7.9438,8.288518905639648
11140300694,house,5,9.184,8.486139297485352
11140301666,house,5,8.1568,7.9027323722839355
11140801030,house,5,8.1507,8.275613784790039
11141100680,house,5,7.9712,7.571475982666016
11146700317,house,3,8.3529,8.51146125793457
11146900383,house,5,8.7508,8.468818664550781
11148805841,house,3,8.5717,8.673210144042969
11149800487,house,5,8.1749,8.120670318603516
11156300281,house,5,8.4219,8.450271606445312
11158500253,house,5,8.3121,8.053516387939453
11159900344,house,5,8.6651,8.635597229003906
11201900191,house,5,8.4302,8.24200439453125
11205300200,house,5,8.7423,8.134532928466797
11206600461,house,5,8.503,8.457717895507812
11214100537,house,5,7.9063,7.697937965393066
11215500733,house,5,8.621,8.555395126342773
11218400497,house,5,8.5172,8.160341262817383
11231200390,house,5,7.9294,8.155109405517578
11234800380,house,5,7.8982,7.832888603210449
11235000280,house,5,8.5766,8.401618957519531
11238800636,house,5,8.3407,8.505571365356445
11239801172,house,5,8.4177,8.343511581420898
11241000343,house,5,8.1605,8.088966369628906
11246500336,house,5,7.988,7.847143173217773
11246600381,house,5,8.4046,8.34442138671875
11247400513,house,5,8.2644,8.260709762573242
11248200364,house,5,8.4154,8.532501220703125
11248400665,house,5,9.0078,8.654504776000977
11253300193,house,5,8.7914,8.546953201293945
11254100872,house,5,8.0229,8.3634033203125
11254500226,house,5,7.8106,8.03508472442627
11257301666,house,5,8.635,8.572372436523438
11257301879,house,5,7.807,8.208271026611328
11257302026,house,5,8.4286,8.562726974487305
11257401156,house,5,8.5796,8.3667631149292
11257901256,house,5,8.4201,8.543241500854492
11263500322,house,5,7.8716,7.613509178161621
11264200421,house,5,8.8173,8.704034805297852
11266000630,house,5,8.0622,8.193191528320312
11267300646,house,5,7.4267,7.626704216003418
11268500770,house,5,8.0472,7.681621074676514
11269903399,house,5,7.6009,8.217924118041992
11269903410,house,5,7.8591,8.20838737487793
11276600444,house,5,8.2428,8.273042678833008
11276800729,house,5,7.216,7.881803512573242
11276801075,house,5,8.1624,8.386381149291992
11278400523,house,5,8.4527,8.417256355285645
11285703870,house,5,8.548,8.592733383178711
11286501491,house,5,8.323,8.509429931640625
11302200533,house,3,8.775,8.480602264404297
11303400374,house,3,8.4009,8.249799728393555
11303800747,house,3,8.6995,8.372570037841797
11304700835,house,3,8.3862,8.330710411071777
11305400134,house,3,8.2772,8.170225143432617
11306700514,house,3,8.7556,8.697431564331055
11307200388,house,3,8.6156,8.594619750976562
11308200616,house,3,8.4821,8.611185073852539
11312700350,house,3,8.3257,8.523916244506836
11313500940,house,3,8.7556,8.64760971069336
11313701431,house,3,8.3216,8.48033332824707
11314200509,house,3,8.7657,8.421939849853516
11315300353,house,3,8.4527,8.37439250946045
11315900423,house,3,8.3848,8.286706924438477
11316800503,house,3,8.6864,8.716232299804688
11320900126,house,3,8.2277,8.228078842163086
11324900457,house,3,8.4684,8.395519256591797
11327100060,house,3,7.9218,8.10873794555664
11327100648,house,3,8.5883,8.53190803527832
11327200677,house,3,8.7721,8.530987739562988
11329400339,house,3,8.635,8.631814956665039
11329702041,house,3,8.8883,8.534998893737793
11329800310,house,3,8.7279,8.6982421875
11330800264,house,3,8.4566,8.542844772338867
11333501454,house,3,8.6896,8.256081581115723
11334100781,house,3,8.442,8.44162654876709
11336300565,house,3,8.5172,8.451069831848145
11336601271,house,3,8.6316,8.51230525970459
11339300442,house,5,8.2808,8.29049301147461
11343001713,house,3,8.9562,8.818370819091797
11343401606,house,3,8.9625,8.782876968383789
11349000123,house,5,9.2651,8.669158935546875
11356400557,house,3,8.4974,8.689988136291504
11360900623,house,3,8.5298,8.335073471069336
11360901549,house,3,8.8049,8.645496368408203
11400800330,house,5,8.0292,8.282527923583984
11400901137,house,5,8.7641,8.590572357177734
11400901277,house,5,8.297,8.385573387145996
11401100189,house,5,8.7044,8.555143356323242
11401300145,house,5,8.5872,8.560966491699219
11403200571,house,5,8.6244,8.709959030151367
11404400353,house,5,8.8482,8.558176040649414
11405700458,house,5,8.4752,8.55096435546875
11406800278,house,5,8.8163,8.72166633605957
11407801294,house,5,8.6343,8.457423210144043
11409100757,house,5,8.9227,8.666364669799805
11409202002,house,5,8.4821,8.66417121887207
11409202037,house,5,8.4233,8.666213035583496
11409300713,house,5,8.5019,8.1569242477417
11411001272,house,5,8.6311,8.660226821899414
11411204645,house,5,8.3519,8.626947402954102
11411400878,house,5,8.1268,8.307223320007324
11412103923,house,5,8.4302,8.299158096313477
11413701654,house,5,8.5723,8.677596092224121
11413701824,house,5,8.131,8.321233749389648
11414002105,house,5,8.1918,8.478392601013184
11414800559,house,5,8.5462,8.601572036743164
11416201989,house,5,8.9496,8.734994888305664
11417900988,house,5,8.1858,8.463497161865234
11419700390,house,5,8.0985,8.566747665405273
11420600698,house,5,8.3271,8.310026168823242
11421700114,house,5,7.9656,8.153372764587402
11424400367,house,5,8.294,8.03913688659668
11426400100,house,5,8.1951,8.177982330322266
11426602234,house,5,7.9276,8.292985916137695
11426602579,house,5,7.8167,8.174912452697754
11427702070,house,5,8.1586,8.524965286254883
11429001061,house,5,8.0175,8.399152755737305
11429301634,house,5,8.3436,8.691492080688477
11429401124,house,5,8.9349,8.505735397338867
11429801637,house,5,8.6651,8.609081268310547
11434900745,house,5,8.611,8.614889144897461
11439400031,house,5,8.3197,8.133735656738281
11439400708,house,5,8.5322,8.61972427368164
11439400740,house,5,8.4864,8.619354248046875
11502600292,house,5,7.6843,7.927194595336914
11508002036,house,5,7.9953,8.715280532836914
11508002771,house,5,8.2548,8.719914436340332
11510600336,house,5,8.4631,8.558469772338867
11511700423,house,5,7.589,7.678864002227783
11521101352,house,5,7.2156,7.47141170501709
11525501861,house,5,8.4482,8.69120979309082
11527300063,house,5,8.1509,8.073293685913086
11532900448,house,5,8.4764,8.701269149780273
11604200031,house,3,7.9294,8.140935897827148
11606100253,house,3,8.4256,9.03622817993164
11609200887,house,3,8.6603,8.527008056640625
11609700731,house,3,8.3909,8.188006401062012
11609900617,house,3,8.8017,8.664826393127441
11615700713,house,3,8.7657,8.554259300231934
11616400306,house,3,8.3285,8.232434272766113
11617401136,house,3,8.5575,8.76534366607666
11618000658,house,3,7.8633,8.22772216796875
11621600751,house,3,8.5519,8.509540557861328
11623000695,house,3,8.827,8.768654823303223
11623200678,house,3,8.5564,8.430793762207031
11625200411,house,3,8.235,8.328702926635742
11625600592,house,3,8.3579,8.24023723602295
11628700407,house,3,8.1543,8.379975318908691
11629000409,house,3,8.2017,8.438944816589355
11629100098,house,3,7.9504,8.452913284301758
11630500975,house,3,8.0511,8.495954513549805
11632900695,house,3,8.5547,8.282401084899902
11632901330,house,3,8.1193,8.319855690002441
11634100726,house,3,8.2431,8.058895111083984
11634200577,house,3,9.5703,9.24423885345459
11635000350,house,3,8.3547,8.487574577331543
11635600242,house,3,8.0943,8.06607723236084
11644500182,house,3,8.6161,8.651458740234375
11645500569,house,3,8.4206,8.6388578414917
11647100193,house,3,8.2659,8.470752716064453
11651300320,house,3,9.5636,8.95711898803711
11652100181,house,3,8.3147,8.349583625793457
11653200307,house,3,8.6173,8.771810531616211
11711900061,house,3,8.2327,8.413187026977539
11712500332,house,3,8.0064,8.558577537536621
11713700408,house,3,8.6086,8.701556205749512
11713800399,house,3,7.7945,8.383008003234863
11713800437,house,3,8.469,8.52392578125
11717500594,house,3,8.4535,8.631317138671875
11719300185,house,3,8.2195,8.288324356079102
11719800900,house,3,8.6115,8.522639274597168
11719801011,house,3,8.6698,8.741591453552246
11719900621,house,3,8.4714,8.18698501586914
11720600235,house,3,7.9918,8.168802261352539
11720700108,house,3,8.8537,8.755630493164062
11722800312,house,3,8.6068,8.749382019042969
11723100152,house,3,7.901,8.204299926757812
11724000291,house,3,8.8319,8.60823917388916
11725600144,house,3,7.9754,8.058025360107422
11726900354,house,3,8.3894,8.620389938354492
11726904996,house,3,8.7498,8.718122482299805
11726905021,house,3,8.7869,8.712964057922363
11735800251,house,3,8.2226,7.963964462280273
11736700511,house,3,7.7815,8.037985801696777
11741200279,house,3,8.2113,8.23066234588623
11742300021,house,3,8.3428,8.312641143798828
11742300552,house,3,8.8377,8.676531791687012
11743500776,house,3,8.1366,8.193960189819336
11743500830,house,3,8.4659,8.58051872253418
11800400161,house,3,7.594,8.006486892700195
11801700231,house,3,8.5972,8.69441032409668
11803400209,house,3,8.0032,8.347718238830566
11805700412,house,3,8.1117,8.5228910446167
11806700270,house,3,8.2226,8.084604263305664
11808000551,house,3,7.6557,8.30611801147461
11808500465,house,3,8.1205,8.33468246459961
11809500582,house,3,8.561,8.749024391174316
11810400375,house,3,8.4449,8.497503280639648
11812200578,house,3,8.7744,8.644858360290527
11813402662,house,3,8.6152,8.52841854095459
11816400644,house,3,8.7011,8.695423126220703
11816900337,house,3,8.1992,8.313289642333984
11817000501,house,3,8.4966,8.564671516418457
11822801167,house,3,8.7033,8.585058212280273
11825000556,house,9,8.5329,8.724727630615234
11827600313,house,3,7.9766,7.888677597045898
11829300597,house,3,8.875,8.503448486328125
11831300671,house,9,8.0225,8.282114028930664
11831501286,house,9,8.1614,8.114831924438477
11832100544,house,9,8.4302,8.321455955505371
11833400290,house,9,7.9092,8.271199226379395
11833600771,house,9,8.7986,8.815360069274902
11834100101,house,9,8.7561,8.54676628112793
11835100553,house,9,8.5477,8.557831764221191
11835701794,house,9,8.2717,8.150717735290527
11836401311,house,9,8.5432,8.615755081176758
11837100178,house,9,8.9692,8.565608978271484
11839000103,house,3,8.246,8.554389953613281
11842600531,house,3,8.3147,8.488641738891602
11844600326,house,3,8.8991,8.739707946777344
11849500397,house,3,8.798,8.678186416625977
11852500688,house,9,9.4037,8.668313980102539
11852600631,house,9,8.4659,8.416596412658691
11852601131,house,9,9.0415,8.50926399230957
11852900163,house,9,8.0604,8.125933647155762
11903900262,house,1,8.076,8.151969909667969
11905700767,house,1,8.6758,8.276344299316406
11906000051,house,1,7.5072,8.527212142944336
11912000503,house,1,8.363,8.565689086914062
11913200212,house,1,8.4764,8.345287322998047
11916100138,house,1,8.0675,8.43144416809082
11920600506,house,1,8.3349,8.771749496459961
11922100365,house,1,8.5172,8.251083374023438
11924800641,house,1,8.4096,8.222301483154297
11924800811,house,1,8.0789,8.03396224975586
11924800852,house,1,8.4205,8.241342544555664
11926700162,house,1,8.3309,8.495418548583984
11927800519,house,1,8.3796,8.437442779541016
11930700449,house,1,8.6863,8.492547988891602
11931700469,house,1,8.3377,8.244622230529785
11932800092,house,1,8.2904,8.2315034866333
11933500521,house,1,8.3536,8.247575759887695
12000900517,house,2,7.8731,8.135408401489258
12002000637,house,2,8.1944,8.441364288330078
12002300290,house,2,7.8759,8.118345260620117
12004000324,house,2,8.3974,8.39356803894043
12004000375,house,2,8.5036,8.292608261108398
12007100087,house,2,8.4449,8.207738876342773
12007802316,house,2,8.3349,8.341626167297363
12007803290,house,2,8.1787,8.450489044189453
12008900192,house,2,8.1855,8.026435852050781
12009400045,house,2,8.7536,8.537871360778809
12010100211,house,2,8.2703,8.777532577514648
12010300466,house,2,8.2869,8.155223846435547
12011200953,house,2,8.1034,8.17115306854248
12011201062,house,2,8.4268,8.49102783203125
12014100488,house,2,8.1902,8.110944747924805
12014200393,house,2,8.1807,8.254756927490234
12014300363,house,2,8.0336,8.19261360168457
12016300387,house,2,8.0864,8.196969985961914
12017301433,house,2,8.3523,8.212594985961914
12017601127,house,2,8.5172,8.065380096435547
12020000317,house,2,8.526,8.28756332397461
12020101271,house,2,8.4379,8.29749870300293
12022100297,house,2,8.0604,7.989020824432373
12023200341,house,2,8.107,8.289109230041504
12028800312,house,2,7.8823,7.8941731452941895
12030000042,house,2,8.4594,8.575496673583984
12030400776,house,2,8.4844,8.313630104064941
12030500126,house,2,8.323,8.348616600036621
12036401014,house,2,8.2548,8.322479248046875
12037900472,house,2,7.5949,8.157114028930664
12038301130,house,2,8.5685,8.634093284606934
12038701473,house,2,8.1117,8.116060256958008
12042300372,house,2,7.8728,8.023269653320312
12044300612,house,2,8.4338,8.380266189575195
12100300422,house,2,8.2311,7.919483184814453
12101200650,house,2,8.2525,8.281335830688477
12102300284,house,2,8.0297,8.332050323486328
12103801732,house,2,8.8049,8.655611038208008
12104000504,house,2,8.8142,8.641182899475098
12105500721,house,2,8.3542,8.385536193847656
12106802608,house,2,8.7139,8.444547653198242
12107500419,house,2,8.2528,8.324764251708984
12107600405,house,2,8.4755,8.112979888916016
12114900761,house,2,8.5172,8.260271072387695
12114900893,house,2,8.5172,8.362988471984863
12114901474,house,2,8.4527,8.25761604309082
12114901636,house,2,8.0138,8.328252792358398
12116000830,house,2,8.7584,8.54421615600586
12117001563,house,2,7.901,8.079171180725098
12119400309,house,2,8.6651,8.123056411743164
12123302782,house,2,8.2118,8.357014656066895
12123401357,house,2,9.0327,8.584333419799805
12125901772,house,2,8.8581,8.652261734008789
12126300561,house,2,8.5007,8.585655212402344
12202200461,house,8,8.3884,8.513116836547852
12204300380,house,8,8.7331,8.617851257324219
12207501761,house,8,8.5644,8.429368019104004
12209400340,house,8,8.1187,7.93649959564209
12217400141,house,8,8.2234,8.381461143493652
12300800801,house,8,8.4185,8.538375854492188
12301200328,house,8,8.786,8.557230949401855
12302100807,house,8,8.5172,8.573076248168945
12302300598,house,8,8.5492,8.487586975097656
12302400649,house,8,8.8226,8.723039627075195
12302400843,house,8,8.7153,8.795661926269531
12303600137,house,8,8.3376,8.71868896484375
12304700321,house,8,8.3837,8.783014297485352
12304900444,house,8,8.4676,8.449522018432617
12306100321,house,8,8.1638,8.43365478515625
12306300673,house,8,8.5588,8.724441528320312
12306500524,house,8,7.9877,8.350427627563477
12307600360,house,8,8.4575,8.59223747253418
12307900615,house,8,8.0281,8.539565086364746
12308600321,house,8,8.6759,8.704948425292969
12309600351,house,8,8.5417,8.539827346801758
12309900639,house,8,8.4966,8.56096076965332
12310300607,house,8,8.4331,8.418127059936523
12312300337,house,8,7.6679,8.583189964294434
12312300604,house,8,8.4975,8.576086044311523
12312301228,house,8,8.4584,8.753814697265625
12312400323,house,8,7.9769,8.609696388244629
12316200078,house,8,8.362,8.541664123535156
12316300961,house,8,9.0258,8.873995780944824
12317300084,house,8,8.0687,8.894662857055664
12405501243,house,7,8.2171,8.398916244506836
12409104028,house,7,8.5764,8.571958541870117
12409105504,house,7,8.6915,8.578021049499512
12409107132,house,7,7.9657,8.563709259033203
12409108619,house,7,8.5292,8.584637641906738
12409108661,house,7,8.7319,8.659086227416992
12409109518,house,7,8.1084,8.442991256713867
12409110060,house,7,8.7988,8.572397232055664
12409110907,house,7,8.0923,8.601889610290527
12416400893,house,7,8.4942,8.549510955810547
12416600371,house,7,8.3124,8.483692169189453
12508100251,house,7,8.165,8.446332931518555
12508800251,house,7,7.8898,8.386438369750977
12509300635,house,7,8.2861,8.483776092529297
12511900393,house,7,7.7123,8.444442749023438
12513700707,house,7,7.4747,8.330852508544922
12514000636,house,7,8.1748,8.657035827636719
12516200421,house,7,8.9835,8.532747268676758
12516500687,house,7,8.3547,8.345064163208008
12600400132,house,7,7.4075,8.425111770629883
12601100787,house,7,7.8835,8.525524139404297
12728700701,house,4,8.546,7.924664497375488
12728900220,house,4,8.2515,8.478909492492676
12733300848,house,7,7.8547,8.229253768920898
12800600429,house,4,8.2528,8.181421279907227
12816200395,house,4,9.0205,8.301210403442383
12821300319,house,4,8.8426,8.57082748413086
12821300351,house,4,8.8834,8.587921142578125
13013200889,house,3,8.6386,8.531558990478516
13018600621,house,3,8.2295,8.356374740600586
13020003848,house,3,8.9089,8.540321350097656
13020003937,house,3,8.7614,8.718879699707031
13022500059,house,3,8.0702,8.20289421081543
13022900741,house,3,7.7287,7.8864641189575195
13029900265,house,5,8.2884,8.376154899597168
13039000127,house,3,8.1117,8.383453369140625
13040100261,house,3,8.6226,8.455179214477539
13101400820,house,5,8.918,8.708084106445312
13101600366,house,5,7.7853,7.861677169799805
13103700066,house,5,8.6226,8.341501235961914
13103700430,house,5,8.7849,8.33360481262207
13104900433,house,5,7.9999,7.916383743286133
13106700547,house,5,8.3069,8.17247486114502
13107201099,house,5,8.0612,8.071329116821289
13108000501,house,5,8.4544,8.567476272583008
13110700335,house,5,8.7285,8.520532608032227
13113500337,house,5,8.5022,8.476666450500488
13115100506,house,5,8.3209,8.280266761779785
13115801202,house,5,8.4181,8.638137817382812
13116600723,house,5,8.3941,8.310003280639648
13200600216,house,5,8.4013,8.452766418457031
13217600303,house,5,7.9084,8.150221824645996
13306000212,house,5,8.0354,8.151973724365234
13307900365,house,5,8.1807,8.406196594238281
13315100054,house,5,9.3355,9.079095840454102
13404500287,house,5,8.2674,8.346808433532715
13407100506,house,5,8.5817,8.50301742553711
13411600471,house,5,7.567,8.032831192016602
13414501367,house,5,8.5913,8.525983810424805
13415200301,house,5,7.8638,8.522198677062988
13416300059,house,5,8.5039,8.005062103271484
13417700085,house,5,8.2149,8.270597457885742
13419500520,house,5,7.7063,7.911057472229004
13421600421,house,5,8.4024,8.284496307373047
13422300278,house,5,8.1506,8.44001579284668
13427000051,house,5,7.9492,8.380477905273438
13429800101,house,5,7.9462,7.926090240478516
13429900361,house,5,7.5407,7.5034403800964355
13432000341,house,5,8.9446,8.719940185546875
13436800413,house,5,7.8886,7.687455177307129
13444600584,house,5,7.9235,8.287443161010742
13445400511,house,5,8.3953,8.49798583984375
13446405177,house,5,8.4449,8.418127059936523
13449101160,house,5,8.4276,8.530316352844238
13450100512,house,5,8.4276,8.502798080444336
13510200720,house,5,7.9404,8.370248794555664
13530600181,house,5,8.4302,8.137275695800781
13600100407,house,5,8.5332,8.640453338623047
13633200176,house,5,7.2769,7.931461811065674
13703100061,house,5,8.8537,9.054388999938965
13804500470,house,5,8.2019,8.57495403289795
13806300932,house,5,8.4699,8.608604431152344
13806301394,house,5,8.4566,8.615500450134277
13806301483,house,5,8.3556,8.62256145477295
13806401585,house,5,8.3147,8.591569900512695
13806501301,house,5,8.7179,8.74301528930664
13806501393,house,5,8.6548,8.596148490905762
13813800481,house,5,7.8211,8.25284194946289
13834500355,house,5,8.0336,8.152207374572754
13901200451,house,5,8.614,8.143414497375488
13902800290,house,5,8.0368,8.324214935302734
13902902646,house,5,8.2677,8.343351364135742
13902903987,house,5,8.5058,8.743371963500977
13904700269,house,5,8.2815,8.299087524414062
13905900679,house,5,7.9743,7.899628639221191
13905900849,house,5,8.3501,8.414094924926758
13910100219,house,5,8.4584,8.487812995910645
13910300341,house,5,8.6226,8.464338302612305
13915300186,house,5,7.4982,7.799293518066406
13915500029,house,5,7.6086,7.7285261154174805
13920300075,house,5,8.3147,8.133308410644531
13929500034,house,5,8.1445,8.308830261230469
13930500190,house,5,8.5172,8.790780067443848
14009200161,house,5,8.4631,8.365944862365723
14010400268,house,5,7.8953,8.05520248413086
14017000443,house,5,8.3667,8.541010856628418
14020000726,house,5,8.4527,8.62276840209961
14026002488,house,5,8.372,8.583059310913086
14040400304,house,5,7.5565,7.680178642272949
14101200271,house,5,7.9323,8.153656005859375
14101200377,house,5,7.9202,8.168972969055176
14102100910,house,5,8.1022,7.988245964050293
14102401236,house,5,8.1213,7.96176815032959
14102401376,house,5,7.8341,8.055611610412598
14102701043,house,5,8.5892,8.584177017211914
14102701841,house,5,8.0671,7.843767166137695
14104800871,house,5,8.1261,7.823882579803467
14104901198,house,5,8.5994,8.610237121582031
14105600116,house,5,7.92,8.11402702331543
14105700511,house,5,7.9947,7.882856369018555
14105801782,house,5,8.576,8.606790542602539
14201300578,house,5,8.3069,8.358990669250488
14204000842,house,5,8.7366,8.55601692199707
14205400135,house,5,8.5079,8.356466293334961
14205800291,house,5,8.5281,8.522132873535156
14207401201,house,5,8.6837,8.58835506439209
14211700471,house,5,8.6006,8.657842636108398
14211700481,house,5,8.5791,8.60761547088623
14212800666,house,5,7.9404,8.39422607421875
14213700401,house,5,7.4876,8.164863586425781
14214000896,house,5,8.0789,8.215753555297852
14214200186,house,5,8.0338,8.36352825164795
14215400669,house,5,8.635,8.630535125732422
14305500131,house,3,8.7263,8.578409194946289
14400600458,house,5,8.2278,7.95267915725708
14401100513,house,5,8.0164,8.427542686462402
14401100742,house,5,8.0917,8.419734001159668
14401100750,house,5,8.1216,8.419734001159668
14401500775,house,5,8.4134,8.695425033569336
14404202171,house,5,8.2234,8.325940132141113
14404202597,house,5,8.6781,8.618395805358887
14404202971,house,5,8.6316,8.616930961608887
14406200494,house,5,8.7238,8.641255378723145
14406300634,house,5,8.2767,8.156402587890625
14406500730,house,5,8.7334,8.689647674560547
14408301069,house,5,8.2872,8.30902099609375
14408400598,house,5,8.3493,8.220745086669922
14409200401,house,5,8.4738,8.507085800170898
14410501630,house,5,8.1648,8.392155647277832
14411200898,house,5,8.566,8.451085090637207
14411600802,house,5,8.489,8.505779266357422
14411800501,house,5,8.5886,8.199905395507812
14412600555,house,5,8.6159,8.653114318847656
14412700681,house,5,8.3741,8.657791137695312
14413100815,house,5,8.363,8.445091247558594
14413100858,house,5,8.3205,8.445091247558594
14414100568,house,5,7.8769,8.132129669189453
14417700051,house,5,7.9866,8.104422569274902
14417801575,house,5,8.4783,8.254646301269531
14501401061,house,5,8.3532,8.283960342407227
14502500630,house,5,8.1457,8.370048522949219
14503400605,house,5,8.7359,8.44635009765625
14503800689,house,5,8.6138,8.539990425109863
14506600621,house,5,8.7349,8.17438793182373
14507400715,house,5,8.8739,8.458412170410156
14508600361,house,5,8.5708,8.097451210021973
14509000161,house,5,7.8075,7.5215301513671875
14509401107,house,5,8.7139,8.574867248535156
14509401239,house,5,8.2131,7.8457841873168945
14510200160,house,5,8.8178,8.659629821777344
14510400658,house,5,8.3864,8.279001235961914
14511500451,house,5,8.5523,8.225370407104492
14511801591,house,5,8.3536,8.235844612121582
14511801631,house,5,8.5272,8.275535583496094
14511900441,house,5,7.8937,7.774550437927246
14513700520,house,5,8.1605,7.94708251953125
14514100195,house,5,8.276,8.246249198913574
14518400142,house,3,8.0663,8.122236251831055
14601200600,house,3,8.1526,8.484766006469727
14603800567,house,3,7.7867,8.115133285522461
14606400659,house,3,8.6333,8.732547760009766
14606500440,house,3,8.5012,8.509239196777344
14606900228,house,3,8.4684,8.471821784973145
14608400291,house,3,7.1309,8.214460372924805
14608400354,house,3,8.5238,8.654117584228516
14610200911,house,3,8.1304,8.285135269165039
14612700626,house,3,8.4812,8.275007247924805
14705200283,house,3,8.363,8.744447708129883
14707101258,house,3,8.6061,8.803495407104492
14707400301,house,3,8.6305,8.725990295410156
14707503011,house,3,9.4335,8.64697265625
14707503410,house,3,9.2644,8.650634765625
14711100031,house,3,7.489,7.874883651733398
14713200092,house,3,7.9234,8.178905487060547
14713200327,house,3,8.4619,8.460882186889648
14714300244,house,3,8.2496,8.443674087524414
14714700811,house,3,8.0604,8.382755279541016
14716900702,house,3,7.8781,8.07016372680664
14724001126,house,3,8.5478,8.508614540100098
14727200650,house,3,7.5741,7.869009017944336
14727800194,house,5,8.1229,7.969555854797363
14732500251,house,3,8.6381,8.617223739624023
14733000250,house,5,7.8763,7.965019702911377
14734301858,house,5,8.6507,8.459835052490234
14803400491,house,3,8.4177,8.446036338806152
14803500699,house,3,8.3547,8.35676383972168
14804000411,house,3,7.9956,8.407727241516113
14804200451,house,3,8.194,8.381326675415039
14804200771,house,3,7.7929,8.172473907470703
14805001241,house,3,9.0619,8.826456069946289
14805100582,house,3,8.7226,8.749734878540039
14813600068,house,3,7.9187,8.188212394714355
14815701589,house,3,8.1807,8.167553901672363
14815900263,house,3,8.4844,8.517145156860352
14816600247,house,3,7.7812,8.306159019470215
14817400780,house,3,8.0144,8.259078025817871
14819200649,house,3,7.9736,8.136844635009766
14820900322,house,3,7.9487,8.278116226196289
14825700331,house,3,8.5612,8.641048431396484
14825900010,house,3,7.394,7.824461460113525
14827500036,house,3,9.0672,9.316848754882812
14827800031,house,3,8.6626,8.666728019714355
14827800250,house,3,8.0864,7.970331192016602
14830300816,house,3,8.2232,8.431164741516113
14830301839,house,3,8.3717,8.469841003417969
14830500416,house,3,8.4699,8.587241172790527
14830500491,house,3,8.294,8.3732328414917
14900800235,house,3,7.9294,8.204399108886719
14904200097,house,3,8.5913,8.841436386108398
14905300680,house,3,8.536,8.537271499633789
14906800555,house,3,8.752,8.626760482788086
14912600384,house,3,8.2118,8.472576141357422
14916500112,house,3,8.0725,8.60234546661377
14918901270,house,3,7.9164,8.552207946777344
14919600797,house,3,8.2137,8.085058212280273
14920200403,house,3,7.7733,7.923642158508301
14924600511,house,3,8.0368,8.417072296142578
14926700130,house,3,8.7096,8.699163436889648
14929300311,house,3,8.2987,8.442228317260742
15002900797,house,3,8.6469,8.598878860473633
15007700141,house,3,7.6769,8.04581356048584
15009000521,house,3,8.3046,8.38623046875
15011900435,house,3,8.4286,8.704160690307617
15013000458,house,3,8.4431,8.638422012329102
15015100670,house,3,8.1294,8.324195861816406
15019500861,house,3,8.4468,8.314521789550781
15020500533,house,3,8.706,8.565132141113281
15025600080,house,3,9.2955,9.047321319580078
15026500667,house,3,8.4102,8.562321662902832
15103100249,house,5,8.1188,7.964104652404785
15108300068,house,5,8.7179,8.458230972290039
15111700683,house,5,8.294,8.232662200927734
15111900267,house,5,8.7179,8.37516975402832
15117201247,house,5,7.6105,7.620412826538086
15120100146,house,5,8.7883,8.608840942382812
15206300410,house,3,7.9176,8.207558631896973
15208500352,house,3,8.2369,8.50910758972168
15210500100,house,3,8.6713,8.501789093017578
15213400611,house,3,8.3349,8.398712158203125
15214200187,house,3,8.1047,8.310155868530273
15215000513,house,3,8.7619,8.469478607177734
15217701111,house,3,8.5685,8.66272258758545
15219800514,house,5,8.3349,8.683267593383789
15221701080,house,3,7.8706,8.083147048950195
15224200856,house,5,7.8171,7.85448694229126
15224800349,house,5,8.8537,8.709657669067383
15225001172,house,5,8.0368,7.7048540115356445
15225200418,house,5,8.1486,7.851509094238281
15225500926,house,5,8.3837,8.421966552734375
15226000978,house,5,8.4118,8.60329818725586
15226600282,house,5,9.105,9.328163146972656
15229001096,house,5,8.5791,8.245737075805664
15230300212,house,5,8.1017,8.370912551879883
15231200483,house,3,8.061,8.198287963867188
15231200602,house,3,8.4864,8.550519943237305
15231300801,house,3,7.8781,8.005555152893066
15233500425,house,3,8.4051,8.139533996582031
15234100811,house,3,8.4566,8.531822204589844
15235500414,house,3,7.6491,7.978479862213135
15235700571,house,5,8.5564,8.388260841369629
15300900434,house,3,8.4203,8.43095588684082
15302700068,house,3,8.1007,8.379484176635742
15303100056,house,3,8.294,8.479979515075684
15303500291,house,3,9.3033,8.944602012634277
15309400574,house,3,7.8903,8.007309913635254
15309800394,house,3,7.6654,8.057377815246582
15310304834,house,3,8.4947,8.647651672363281
15310401090,house,3,8.947,8.734742164611816
15318300269,house,3,7.4574,7.733870029449463
15400200353,house,3,8.2221,8.441405296325684
15402000319,house,3,9.0595,8.819877624511719
15405000298,house,3,8.3222,8.226407051086426
15406700773,house,3,7.6322,8.147786140441895
15406800824,house,3,7.7096,8.107110977172852
15409901109,house,3,8.0472,8.190128326416016
15418200398,house,3,8.1445,8.520702362060547
15501400706,house,3,7.8867,8.148273468017578
15508800394,house,3,7.7648,7.949774265289307
15509800241,house,3,8.9628,8.721463203430176
15511000549,house,3,8.4372,8.47953987121582
15512800387,house,3,8.7096,8.677532196044922
15512800549,house,3,8.4624,8.610588073730469
15512900551,house,3,8.5817,8.701552391052246
15517800172,house,3,8.363,8.290428161621094
15518001648,house,3,7.7611,8.00140380859375
15519001013,house,3,7.8575,8.135826110839844
15521500870,house,3,8.3962,8.626014709472656
15530500152,house,3,7.6052,7.857161521911621
15531101596,house,3,8.0035,8.312979698181152
15600501136,house,3,8.2434,8.057121276855469
15605001344,house,3,8.5352,8.754928588867188
15605001522,house,3,8.5004,8.709815979003906
15606200294,house,3,7.9478,8.126148223876953
15704300242,house,1,7.8803,8.20492935180664
15706100178,house,1,7.9811,8.388611793518066
15707100082,house,1,8.4804,8.463173866271973
15711600248,house,1,8.1045,8.150077819824219
15711800786,house,1,7.8192,7.853076934814453
15711900144,house,1,7.8119,8.071651458740234
15720702325,house,1,8.7685,8.638229370117188
15723300481,house,1,8.5172,8.345946311950684
15900200867,house,8,8.1022,8.413493156433105
15903200574,house,8,8.328,8.410606384277344
15903700348,house,8,8.3517,8.406512260437012
15906100074,house,8,8.4118,8.605050086975098
15908800235,house,8,7.6522,8.353681564331055
15912600377,house,8,7.7129,8.339372634887695
15917901057,house,8,8.3693,8.614140510559082
15919000278,house,8,8.5172,8.418652534484863
15920100337,house,8,8.0943,8.24208927154541
15921500266,house,8,8.6864,8.371609687805176
15921801071,house,8,8.6833,8.739580154418945
15922301666,house,8,8.6679,8.148734092712402
15922302050,house,8,8.196,8.0849609375
15922700412,house,8,8.5974,8.68878173828125
15923500867,house,8,8.0919,8.235820770263672
15923800658,house,8,8.5564,8.713701248168945
15923800781,house,8,8.7916,8.70862102508545
15924200549,house,8,8.6713,8.786977767944336
15925600461,house,8,7.8656,8.17202377319336
15927400263,house,8,9.2873,9.044401168823242
15927601218,house,8,8.6656,8.725666046142578
15928100190,house,8,8.2978,8.234418869018555
15928300033,house,8,8.4815,8.335288047790527
16006400358,house,8,8.1336,8.399995803833008
16007600024,house,8,8.55,8.57413387298584
16011401359,house,8,8.1391,8.4271879196167
16011401782,house,8,7.7923,8.369421005249023
16013500370,house,8,8.5253,8.554373741149902
16015800169,house,8,8.1358,8.29080867767334
16016700524,house,8,8.5855,8.370170593261719
16016800340,house,8,8.3728,8.21882152557373
16016900760,house,8,8.1958,8.295577049255371
16016902518,house,8,8.2195,8.174129486083984
16017000046,house,8,8.323,8.30512523651123
16017400311,house,8,8.4358,8.218605041503906
16017900403,house,8,7.9663,7.972486972808838
16018301104,house,8,8.6484,8.53738021850586
16018700718,house,8,8.1509,8.519821166992188
16019500356,house,8,8.0709,8.076217651367188
16020200034,house,8,8.3953,8.332399368286133
16021101250,house,8,7.9081,8.353010177612305
16021300709,house,8,8.7796,8.892221450805664
16021900269,house,8,8.5434,8.535191535949707
16022500851,house,8,8.4102,8.386383056640625
16023500063,house,8,8.3191,8.223247528076172
16023600025,house,8,8.0613,8.050084114074707
16025000602,house,8,8.9826,8.873111724853516
16026600050,house,8,7.8484,8.437500953674316
16027000111,house,8,8.8537,9.030747413635254
16027300808,house,8,8.0661,8.10665512084961
16027700121,house,8,8.1187,8.225765228271484
16028100063,house,8,8.9368,8.399015426635742
16029900233,house,8,8.0325,8.058151245117188
16030500138,house,8,9.6623,8.460674285888672
16031100192,house,8,8.2906,8.000673294067383
16031800488,house,8,8.9661,8.575864791870117
16032200271,house,8,8.5796,8.036785125732422
16032900028,house,8,8.2999,8.170173645019531
16033100114,house,8,8.27,8.004744529724121
16034200104,house,8,9.0292,8.358291625976562
16035900223,house,8,9.0983,8.387574195861816
16036200731,house,8,8.6622,8.387436866760254
16036300637,house,8,8.0418,8.638814926147461
16036502396,house,8,8.0634,8.54065990447998
16036802772,house,8,8.0472,8.183809280395508
16111700080,house,2,8.5898,8.244053840637207
16200132401,house,2,9.5981,8.709745407104492
16201100511,house,2,8.2266,8.275764465332031
16203503079,house,2,8.7123,8.609331130981445
16204200533,house,2,8.4844,8.400259971618652
16204600620,house,2,8.4017,8.339744567871094
16205600276,house,2,8.3693,8.474502563476562
16206201049,house,2,8.4118,8.344091415405273
16206300993,house,2,8.061,7.9666242599487305
16206800546,house,2,8.4118,8.35991382598877
16206900273,house,2,8.2295,8.448561668395996
16207200828,house,2,8.9465,8.610698699951172
16207701649,house,2,8.2245,8.245402336120605
16207701681,house,2,8.6995,8.472077369689941
16207800248,house,2,8.5,8.36141586303711
16208000156,house,2,7.8728,8.157791137695312
16213700438,house,2,8.898,8.493290901184082
16220101196,house,2,8.554,8.536016464233398
16221400820,house,2,8.4527,8.389514923095703
16301000551,house,2,8.716,8.307182312011719
16304000102,house,2,8.0472,8.591978073120117
16310000208,house,2,8.6863,8.615427017211914
16310302239,house,2,9.1711,8.431745529174805
16312500151,house,2,8.3042,8.166694641113281
16318000797,house,2,7.9447,8.06520938873291
16318600328,house,2,8.4039,8.388367652893066
16321000387,house,2,8.3735,8.336158752441406
16321200890,house,2,8.6535,8.464696884155273
16322100288,house,2,8.3404,8.065763473510742
16412200273,house,2,8.101,7.935631275177002
16504700523,house,2,7.9111,8.021252632141113
16506600488,house,2,8.9569,8.715936660766602
16509400595,house,2,7.8392,7.750174522399902
16509800143,house,2,7.6592,7.832756042480469
16512400266,house,8,8.9942,8.892723083496094
16512700472,house,8,8.5292,8.487956047058105
16519300399,house,2,8.2858,8.451263427734375
16520800103,house,8,8.3349,8.256080627441406
16521300449,house,8,7.805,7.911746025085449
16527300191,house,2,8.3746,8.138885498046875
16527400054,house,2,8.0725,8.052611351013184
16536800175,house,8,8.1047,7.970556259155273
16536800523,house,8,8.4417,8.382303237915039
16542701531,house,8,8.2054,8.750530242919922
16601400113,house,8,7.9368,8.205255508422852
16601500339,house,8,8.3194,8.23172378540039
16602300384,house,8,8.4917,8.473716735839844
16605400533,house,8,7.8982,8.39299488067627
16606501589,house,8,8.5846,8.466863632202148
16606700311,house,8,8.074,8.114147186279297
16606800942,house,8,8.0317,8.33222484588623
16612500645,house,8,7.4547,7.671963214874268
16612900082,house,8,7.9644,8.046548843383789
16614500227,house,8,8.2247,8.064746856689453
16615501601,house,8,8.0949,8.49213981628418
16616500534,house,8,8.5909,8.537736892700195
16616700241,house,8,8.6133,8.528730392456055
16617500163,house,8,9.3645,8.819129943847656
16621200764,house,8,8.6021,8.530275344848633
16622800285,house,8,9.1901,8.787168502807617
16628400602,house,8,8.9566,8.662494659423828
16701900916,house,8,8.596,8.710151672363281
16702400232,house,8,8.5172,8.50739574432373
16706500452,house,8,8.2021,8.5451078414917
16722800104,house,8,8.6507,8.60470962524414
16802000422,house,8,8.6961,8.407611846923828
16802200340,house,8,8.3588,8.33717155456543
16802601302,house,8,8.2548,8.41219711303711
16805600821,house,8,8.3508,8.244499206542969
16806400565,house,8,8.0064,8.409017562866211
16806701190,house,8,8.163,8.210529327392578
16806800229,house,8,8.0273,8.141685485839844
16807101545,house,8,7.7031,8.239095687866211
16808000981,house,8,8.1773,8.213510513305664
16808800986,house,8,8.9798,8.633711814880371
16810010296,house,8,8.895,8.45527458190918
16810801269,house,8,8.4333,8.676942825317383
16811100590,house,8,9.0991,9.159088134765625
16813500189,house,8,8.553,8.353424072265625
16814400099,house,8,8.2221,8.419889450073242
16818800822,house,8,8.0805,8.281539916992188
16818800946,house,8,8.1897,8.438098907470703
16821700061,house,8,8.6353,8.526493072509766
16822100201,house,8,8.6797,8.615819931030273
16825600167,house,8,8.9917,8.695784568786621
16825601120,house,8,8.4795,8.508562088012695
16827200964,house,8,8.6018,8.675071716308594
16827201065,house,8,8.1017,8.383430480957031
16827700932,house,8,8.294,8.527666091918945
16828000551,house,8,8.4192,8.530072212219238
16828100084,house,8,8.3462,8.163840293884277
16832004388,house,8,8.3086,8.384986877441406
16832004612,house,8,8.5554,8.590362548828125
16832005147,house,8,8.7699,8.600957870483398
16832101235,house,8,8.5979,8.471513748168945
16832200179,house,8,8.4596,8.472848892211914
16832305418,house,8,8.0415,8.372838020324707
16832305541,house,8,8.0182,8.372838020324707
16901900553,house,8,8.3152,8.3432035446167
16905400164,house,8,8.7641,9.007122039794922
16907000244,house,8,8.5598,8.429971694946289
16908100269,house,8,7.8155,8.478009223937988
16913200179,house,8,8.7366,8.442495346069336
16913301080,house,8,8.6507,8.760842323303223
16925300262,house,8,8.5172,8.611103057861328
17004101151,house,8,8.403,8.448938369750977
17004101168,house,8,8.5397,8.448938369750977
17009100410,house,8,8.8377,8.584640502929688
17101100367,house,8,8.3808,8.701864242553711
17106200475,house,8,8.8674,8.408387184143066
17108500166,house,8,8.1757,8.488929748535156
17109500240,house,8,7.8982,8.457077026367188
17111000543,house,8,8.9227,8.628954887390137
17111000561,house,8,8.0661,8.319093704223633
17114700082,house,8,8.1315,8.457141876220703
17121900601,house,8,8.2643,8.859014511108398
17121900989,house,8,8.3649,8.85943603515625
17121901187,house,8,8.1599,8.900777816772461
17122200875,house,8,8.3143,8.502854347229004
17124702096,house,8,8.5952,8.691915512084961
17125000291,house,8,8.3969,8.360740661621094
17125100391,house,8,8.1616,8.422815322875977
17125500225,house,8,8.3268,8.298534393310547
17125600548,house,8,8.9143,8.549644470214844
17126000188,house,8,8.2113,8.197664260864258
17126705742,house,8,9.5468,9.201268196105957
17126707125,house,8,9.5887,9.17310905456543
17126707311,house,8,9.5508,9.2252197265625
17126707729,house,8,8.438,9.202970504760742
17126710770,house,8,9.3628,9.22701644897461
17127300770,house,8,8.6046,8.317861557006836
17127400090,house,8,8.1995,8.167678833007812
17127600537,house,8,8.5913,8.35885238647461
17127700027,house,8,8.2637,8.142242431640625
17127900451,house,8,7.7118,8.242647171020508
17206300171,house,2,8.6009,8.130473136901855
17207900774,house,2,8.1536,7.898764610290527
17213400540,house,2,8.5462,8.612831115722656
17217900572,house,2,7.676,7.782782077789307
17219500784,house,2,7.8023,8.100926399230957
17219500814,house,2,7.8023,8.087373733520508
17220100581,house,2,7.7331,7.87779426574707
17220400097,house,2,8.2659,8.417364120483398
17224700443,house,2,8.2642,8.397615432739258
17231201260,house,2,7.7205,7.827962875366211
17231204529,house,2,7.7063,8.035337448120117
17300100091,house,2,8.305,8.003662109375
17301500628,house,2,8.3894,8.33572769165039
17303800084,house,2,8.0338,8.123077392578125
17306502157,house,2,8.5817,8.609615325927734
17308400033,house,2,8.9056,8.723552703857422
17311300494,house,2,8.7184,8.447332382202148
17312800814,house,2,8.4482,8.363422393798828
17320801166,house,2,8.1658,8.201642990112305
17320900636,house,2,8.3664,8.282309532165527
17322400665,house,2,8.576,8.64544677734375
17327300995,house,2,8.3349,8.303764343261719
17330300781,house,2,8.5732,8.238043785095215
17330303142,house,2,7.8034,8.020493507385254
17332000295,house,2,8.2987,8.227683067321777
17332200103,house,2,8.5041,8.481550216674805
17332500085,house,2,8.6713,8.736035346984863
17335400405,house,2,8.576,8.475399017333984
17410900147,house,2,8.0064,8.177935600280762
17415600060,house,2,7.7564,8.180923461914062
17416200074,house,2,8.1718,8.132164001464844
17419400112,house,2,8.0348,8.377602577209473
17420300088,house,2,8.5399,8.641582489013672
17422700016,house,2,8.0266,8.241792678833008
17426000809,house,2,7.1351,7.70758581161499
17512900448,house,2,7.2796,7.913968563079834
17515701179,house,2,8.1521,8.044261932373047
17518100362,house,2,8.6938,8.465803146362305
17604200507,house,2,8.479,8.600191116333008
17800700045,house,2,8.4939,8.504951477050781
17801400517,house,2,8.482,8.722405433654785
17801400924,house,2,8.7865,8.705130577087402
17804900251,house,2,8.0549,8.092161178588867
17811500621,house,2,8.2173,8.734901428222656
18003900440,house,8,8.5713,8.585002899169922
18003901196,house,8,8.6305,8.79035472869873
18101800149,house,8,7.3614,8.29907512664795
18103901031,house,8,8.4551,8.522765159606934
18107503693,house,8,8.5834,8.529947280883789
18108800306,house,8,7.5314,7.999595642089844
18111600193,house,8,7.9184,8.420694351196289
18201000985,house,8,8.5172,8.53288459777832
18202701057,house,8,8.5172,8.738541603088379
18202701073,house,8,8.4808,8.73872184753418
18305500224,house,8,8.3109,8.35511302947998
18306700324,house,8,8.4793,8.604025840759277
18310100336,house,8,8.8457,8.567911148071289
18311001560,house,8,8.0934,8.6927490234375
18311001919,house,8,8.5377,8.431466102600098
18311200644,house,8,8.9616,8.493759155273438
18311200830,house,8,8.8431,8.486791610717773
18312000460,house,8,8.9488,8.74555778503418
18312000827,house,8,8.6103,8.623665809631348
18312000940,house,8,8.7152,8.672581672668457
18312001327,house,8,8.762,8.785867691040039
18312002579,house,8,9.1086,8.780349731445312
18312002633,house,8,8.8787,8.780349731445312
18312002773,house,8,8.8112,8.673314094543457
18312101321,house,8,8.8145,8.606172561645508
18312101356,house,8,8.6226,8.603147506713867
18312205658,house,8,8.2197,8.52053451538086
18314100098,house,8,8.9087,8.88885498046875
18402500391,house,8,8.4188,8.554275512695312
18405200702,house,8,8.5731,8.579950332641602
18408200932,house,8,8.4369,8.66191577911377
18411300764,house,8,8.6746,8.47549057006836
18419300186,house,8,7.5844,8.078718185424805
18420802254,house,8,8.7584,8.774795532226562
18420900825,house,8,8.6042,8.700407981872559
18421700447,house,8,7.3405,7.850433349609375
18500400535,house,8,8.1572,8.181676864624023
18501500398,house,8,8.6507,8.454750061035156
18503000627,house,8,8.5172,8.466773986816406
18509200441,house,8,8.1213,8.222494125366211
18509200474,house,8,8.1769,8.220880508422852
18511800289,house,8,8.1862,8.120184898376465
18513200777,house,8,8.0186,8.306756973266602
18701401830,house,7,8.4431,8.752452850341797
18701402020,house,7,8.2506,8.687948226928711
18702900131,house,7,8.8049,9.135782241821289
18705901994,house,7,7.4171,8.45136547088623
18705902699,house,7,7.9041,8.389311790466309
18713200134,house,7,8.0334,8.509150505065918
18720600649,house,7,8.2341,8.444297790527344
18800702588,house,7,8.8457,8.698127746582031
18800704874,house,7,8.2903,8.649466514587402
18801400135,house,7,8.6472,8.81159496307373
18801800028,house,7,9.1521,8.931395530700684
18803101437,house,7,8.9838,8.81333065032959
18803600670,house,7,8.1391,8.634363174438477
18805100101,house,7,9.2103,8.793387413024902
18813100549,house,7,8.0266,8.444280624389648
18816000286,house,7,7.9999,8.455657005310059
18900102558,house,7,8.4491,8.578822135925293
18900102590,house,7,8.3186,8.469164848327637
18906201019,house,7,8.7457,8.641555786132812
18909500289,house,7,8.576,8.692544937133789
19006001952,house,7,9.0089,8.724892616271973
19006002533,house,7,7.7381,8.5128173828125
19008100591,house,7,8.3976,8.61513900756836
19109900186,house,4,8.7052,7.944711685180664
19200201295,house,5,8.3489,8.673524856567383
19204400209,house,5,7.5924,7.606058120727539
19211200058,house,5,9.105,9.354355812072754
19212500306,house,5,7.2597,7.721549987792969
19305500391,house,5,7.824,8.158256530761719
19403900163,house,5,7.9647,7.9499921798706055
19405000860,house,5,8.6068,8.56750202178955
19601300200,house,9,8.6226,8.597648620605469
19601701205,house,9,8.566,8.454200744628906
19700600891,house,7,8.9669,9.114672660827637
19800300227,house,4,8.7918,8.313631057739258
19800500064,house,4,7.7018,7.735031604766846
19804300078,house,4,8.6548,8.253741264343262
19804400218,house,4,8.27,8.2005033493042
19806200550,house,4,8.8581,8.19704818725586
19806300148,house,4,8.2987,8.178491592407227
19808300390,house,4,8.1763,8.115299224853516
19811700337,house,4,8.7403,8.459638595581055
19902500071,house,7,7.9664,8.396499633789062
19902601811,house,7,8.9227,8.93250560760498
19902601838,house,7,8.9227,8.956916809082031
19904300681,house,7,8.5465,8.573184967041016
19905500803,house,7,8.4482,8.35999870300293
19905900453,house,7,8.1456,8.71310043334961
19907400776,house,7,8.0171,8.39903736114502
19909000392,house,7,8.6995,8.547622680664062
20001700063,house,0,8.9815,9.074774742126465
20002500173,house,6,9.498,9.216558456420898
20101201141,house,8,7.8886,8.443182945251465
20101702858,house,8,8.6885,8.450642585754395
20102300966,house,8,8.0182,8.374817848205566
20102900289,house,8,8.4547,8.193387985229492
20103400212,house,8,8.0516,8.151300430297852
20103400522,house,8,8.4171,8.536540031433105
20104900804,house,8,8.5298,8.502620697021484
20105300886,house,8,8.1751,8.37155532836914
20105600685,house,8,8.1539,8.186195373535156
20107500580,house,8,8.096,8.096782684326172
20110500723,house,8,8.4909,8.433021545410156
20110501320,house,8,8.5301,8.432184219360352
20207300397,house,7,8.276,8.417325973510742
20300700499,house,7,7.1504,8.247069358825684
20306200382,house,7,7.688,8.318965911865234
20700200248,house,7,8.0317,8.629768371582031
21401000701,house,7,7.8291,8.55908489227295
21401301000,house,7,7.8682,8.33182144165039
21402000438,house,7,8.7265,8.785017967224121
21402001868,house,7,8.2524,8.626083374023438
21402002112,house,7,8.77,8.787088394165039
21402002295,house,7,8.7743,8.783329010009766
21402100221,house,7,8.7477,8.931867599487305
21402100297,house,7,8.6871,8.942056655883789
21402100394,house,7,8.5536,8.931867599487305
21402100904,house,7,8.8323,8.939918518066406
21402101153,house,7,7.9533,8.768706321716309
21402103016,house,7,7.8736,8.706682205200195
21402105779,house,7,8.8589,8.91373348236084
21402500600,house,7,8.8187,8.97408676147461
21402500831,house,7,8.7179,8.973125457763672
21402500902,house,7,8.7623,8.97075080871582
21402601172,house,7,8.6578,8.912699699401855
21402601490,house,7,8.7204,8.793352127075195
22208800050,house,4,8.6667,8.401445388793945
23000500144,house,5,9.3186,9.177133560180664
23001200195,house,5,9.3439,9.165407180786133
23001700147,house,5,7.8177,7.8657073974609375
23002500281,house,5,9.3329,9.31170654296875
23006000119,house,5,9.0562,9.113889694213867
23006300201,house,5,8.1154,8.029052734375
23010600151,house,5,7.7155,7.977329254150391
23201500141,house,5,8.6302,7.6680521965026855
23201500486,house,5,7.8791,7.846940040588379
23201601665,house,5,7.8778,7.935553550720215
23201700558,house,5,8.2895,7.936935901641846
23203200501,house,5,8.6335,8.525039672851562
23203200579,house,5,8.1987,8.10721206665039
23203200625,house,5,8.1839,8.168768882751465
23204400301,house,5,8.7129,8.486154556274414
23204500509,house,5,8.2385,8.464037895202637
24500401243,house,5,8.4566,8.65211296081543
24506300554,house,5,9.1822,8.959508895874023
24608700152,house,5,9.2937,9.207636833190918
24611000301,house,5,9.4151,9.208551406860352
26101600074,house,2,8.8049,8.842244148254395
28300800105,house,2,8.6003,8.580533981323242
29902803375,house,6,9.206,8.941518783569336
29906000560,house,6,9.1678,8.90383243560791
29911001189,house,6,9.6671,8.807266235351562
29911201201,house,6,8.2212,8.444589614868164
30002200314,house,6,8.9989,8.813621520996094
30005300506,house,6,8.635,8.795082092285156
30006800863,house,6,8.5429,8.7774658203125
30201400461,house,1,7.9782,8.32969856262207
30300600086,house,3,8.3837,8.440107345581055
30301600179,house,3,7.9167,7.893914222717285
30302000541,house,3,7.64,8.365684509277344
30302000795,house,3,7.4666,8.079568862915039
30303600362,house,3,8.5613,8.565406799316406
30304200368,house,3,8.0652,8.155948638916016
30304500175,house,3,8.0276,8.0911865234375
30309500580,house,3,7.7063,8.120105743408203
30400401395,house,4,8.5564,8.533930778503418
30401900158,house,4,8.7068,8.723731994628906
30402000304,house,4,8.7403,8.53519058227539
30402400221,house,4,8.8931,8.538322448730469
30406800471,house,4,8.2217,8.187211990356445
30501402109,house,4,8.4512,8.611005783081055
30501402508,house,4,8.5942,8.632978439331055
30503000091,house,4,8.1605,8.486726760864258
30504604500,house,4,8.4313,8.360251426696777
30504604535,house,4,8.0413,8.220699310302734
30505500334,house,4,8.168,8.032400131225586
30510400474,house,4,8.7044,8.496885299682617
30511202463,house,4,8.5802,8.44295883178711
30514101455,house,4,8.6954,8.468681335449219
30601100953,house,4,8.7168,8.610858917236328
30602800290,house,4,8.7108,8.371081352233887
30603100233,house,4,8.5172,8.550487518310547
30606400408,house,0,8.0562,7.980657577514648
30608500337,house,0,8.7855,8.565930366516113
30608501422,house,0,8.5542,8.573296546936035
30702001306,house,7,8.3316,8.683941841125488
30704300221,house,7,8.3884,8.48387336730957
30705600553,house,7,7.843,8.476573944091797
30706600212,house,7,8.9059,8.818082809448242
30708100071,house,7,8.363,8.825794219970703
30708205361,house,7,8.5075,8.810148239135742
30708601641,house,7,8.6173,8.787839889526367
30709000674,house,7,8.7819,8.944782257080078
30710400044,house,7,8.408,8.539302825927734
30710600086,house,7,8.2183,8.576621055603027
30711001399,house,7,8.6725,9.013199806213379
30711300876,house,7,7.9609,8.592564582824707
30805800414,house,7,8.7248,8.811598777770996
30815100326,house,7,8.0283,8.568496704101562
30815201726,house,7,7.5449,8.55367660522461
30900500287,house,1,8.6937,8.205705642700195
30901000474,house,1,9.0624,8.748490333557129
30902700331,house,1,8.3183,8.515963554382324
31000900204,house,1,8.537,8.480119705200195
31004301119,house,1,8.0036,7.848764419555664
31005000724,house,1,8.1195,8.097428321838379
31005801166,house,1,8.214,8.076793670654297
31005903139,house,1,8.0511,8.155380249023438
31010100103,house,1,8.0993,8.049444198608398
31010200590,house,1,8.4917,7.935818672180176
31011200365,house,1,8.4544,8.19378662109375
31011500423,house,1,8.1766,7.909478664398193
31011600355,house,1,8.4276,8.265951156616211
