sql,tipo_imovel,bloco,y_ln,yhat_ln
00102004854,apartment,0,8.9719,8.883649846166701
00102101671,apartment,0,8.6618,8.811105814319633
00102102295,apartment,0,8.4412,8.683338535208378
00102310815,apartment,0,8.8957,8.874198039150933
00102600996,apartment,0,8.0155,8.681870048904047
00103705041,apartment,0,8.67,8.86771052433993
00103705201,apartment,0,8.7307,8.86771052433993
00103705538,apartment,0,8.7022,8.86771052433993
00103705740,apartment,0,8.8571,8.811987403579227
00103705953,apartment,0,8.8651,8.861821705875048
00103706208,apartment,0,8.7522,8.867388327084534
00103706216,apartment,0,8.6754,8.862143903130445
00103706569,apartment,0,8.8314,8.816111579351995
00103706674,apartment,0,8.7885,8.863432692152031
00103707158,apartment,0,8.7076,8.862466100385841
00104800593,apartment,0,8.0789,8.860745833740356
00204900964,apartment,0,8.525,8.512321983618751
00205301010,apartment,0,8.0985,8.642971506393993
00206600232,apartment,0,8.2388,8.676490052741734
00207100901,apartment,0,8.1956,8.419643538536134
00207401446,apartment,0,8.0819,8.529278609331202
00208003584,apartment,0,8.3187,8.633645272072132
00208004041,apartment,0,8.4338,8.631067694028959
00208005137,apartment,0,8.6183,8.755288376750782
00301107394,apartment,0,8.3904,8.718031626806937
00301109222,apartment,0,8.9179,8.851178853911913
00301109656,apartment,0,8.9562,8.802590442928535
00301110964,apartment,0,8.9118,8.805332666335861
00301200671,apartment,0,7.8648,8.389133656237261
00301302316,apartment,0,8.2064,8.486457343116676
00301504210,apartment,9,8.3323,8.636476277402629
00301602085,apartment,9,8.1506,8.567797350953228
00301604053,apartment,9,8.7803,8.589447823512534
00301605051,apartment,9,8.7802,8.552961337551123
00301610010,apartment,9,8.6254,8.60300594925903
00301612064,apartment,9,8.5817,8.592840586541048
00301614148,apartment,9,8.716,8.736605052039959
00301903247,apartment,0,8.4702,8.506460955137761
00301906238,apartment,0,8.6198,8.748855855402823
00302901337,apartment,9,8.3679,8.34846805932718
00302901442,apartment,9,8.3705,8.350937283250593
00302901965,apartment,9,8.3705,8.347707117825578
00303400560,apartment,0,8.0396,8.287588163829612
00304202428,apartment,9,8.4584,8.503106704307541
00304206342,apartment,9,8.6662,8.580266601887761
00304206458,apartment,9,8.9872,8.707579611922483
00306001608,apartment,9,8.1807,8.481546397844967
00306009821,apartment,9,8.6995,8.664442652020915
00306012464,apartment,9,8.578,8.58668569234429
00306013045,apartment,9,9.1536,8.674115791195765
00306019000,apartment,9,8.7905,8.663554886935714
00306019231,apartment,9,8.6754,8.663935357686514
00306800421,apartment,0,8.3901,8.530035152656634
00306800713,apartment,0,8.5009,8.52939075814584
00306800810,apartment,0,8.2359,8.52939075814584
00306900580,apartment,9,8.5332,8.389480883751878
00400501066,apartment,0,8.0558,8.317085682175858
00400502828,apartment,0,8.1918,8.370113435388161
00401501531,apartment,9,8.4007,8.342272114920473
00401601595,apartment,9,8.3688,8.391691658052467
00401604462,apartment,9,8.3489,8.439509340239725
00401900118,apartment,0,8.1456,8.41069040529644
00401900290,apartment,0,8.406,8.500178089011536
00401900487,apartment,0,8.1944,8.410368208041044
00401902862,apartment,0,8.366,8.49985589175614
00401903001,apartment,0,8.256,8.41069040529644
00403402883,apartment,0,8.3517,8.400294964678892
00403704863,apartment,0,7.7088,8.246184244903098
00403705517,apartment,0,8.1321,8.386797610173026
00404301541,apartment,0,7.8625,8.225679184109499
00404800696,apartment,9,8.2594,8.38952879725866
00404803271,apartment,9,8.196,8.386080077762406
00404805061,apartment,9,8.1918,8.39200089552267
00404808301,apartment,9,8.1658,8.374783601262628
00404903241,apartment,9,8.6928,8.520843170956613
00405100906,apartment,9,8.5448,8.629916344135548
00405202156,apartment,0,8.6667,8.491085495765745
00405209551,apartment,0,8.5454,8.472407747386821
00405210191,apartment,0,8.3434,8.548483557710504
00405217791,apartment,0,8.5678,8.467982438363627
00405700415,apartment,9,8.0317,8.353019065470711
00406106762,apartment,0,8.4864,8.407010260968551
00406301581,apartment,9,8.3974,8.492060964790694
00501701788,apartment,0,8.262,8.350313535085267
00501709053,apartment,0,8.6713,8.427400777984218
00502306262,apartment,0,8.9548,8.526807199656462
00503406295,apartment,0,9.1659,8.689897287509059
00503509442,apartment,0,8.5002,8.378235547036311
00504400398,apartment,0,8.419,8.519801489512776
00504400665,apartment,0,8.1456,8.336360225703565
00504604783,apartment,0,8.9401,8.634297359353225
00506300900,apartment,0,8.5172,8.395655738372785
00506401839,apartment,0,8.0652,8.26907545557482
00506805018,apartment,0,8.7002,8.62080142707861
00507104218,apartment,0,8.3349,8.292305173899123
00507626788,apartment,0,8.1526,8.557622863614334
00507633598,apartment,0,8.6226,8.616984049551135
00507810783,apartment,0,8.3165,8.437346324155154
00507811690,apartment,0,8.5829,8.405206844572625
00508602009,apartment,0,8.2679,8.403020289239521
00601102428,apartment,0,9.1114,8.428511897118643
00601305469,apartment,0,8.8834,8.473359372289154
00601321545,apartment,0,9.1548,8.634357941808222
00602008239,apartment,0,8.6744,8.43823907232364
00602013909,apartment,0,8.9561,8.576431076424178
00602201187,apartment,0,8.6765,8.471430916856574
00602406153,apartment,0,8.6226,8.672464946790452
00603003311,apartment,0,8.3131,8.53088543953018
00603003400,apartment,0,8.2788,8.529253792154364
00603006329,apartment,0,8.3066,8.290374802183484
00603007864,apartment,0,8.9978,8.580772418267085
00603803024,apartment,0,8.6338,8.352564028327803
00604004419,apartment,0,8.4711,8.362038738363369
00604006306,apartment,0,8.2577,8.350065288221629
00604014325,apartment,0,8.294,8.261835207012286
00604202679,apartment,0,8.1417,8.186381341317528
00604207638,apartment,0,8.1199,8.273918422949318
00604401507,apartment,0,8.5598,8.349128779066564
00605107025,apartment,0,8.5277,8.435138646734714
00605111227,apartment,0,8.3572,8.404487328710577
00605113882,apartment,0,8.6291,8.414588606629202
00605302162,apartment,0,8.5549,8.388439594826108
00605306311,apartment,0,8.2785,8.339202167729768
00605314675,apartment,0,8.326,8.370674867885697
00606002839,apartment,0,8.3786,8.280899546164747
00606202870,apartment,0,8.6145,8.190307498682266
00606301798,apartment,0,8.8049,8.404766437295677
00606404562,apartment,0,8.7813,8.377101703455173
00606503188,apartment,0,8.2683,8.36549798395663
00606800867,apartment,0,8.5172,8.403606860999098
00606803106,apartment,0,8.2489,8.36237037987592
00607008172,apartment,0,8.9195,8.36216237571665
00700102361,apartment,0,8.7064,8.537934330674211
00700203257,apartment,0,8.7424,8.44782371403067
00700501770,apartment,0,9.0106,8.599181610425433
00700501843,apartment,0,8.9826,8.760286280791968
00700800654,apartment,0,8.3894,8.40156703591123
00700900616,apartment,0,8.2861,8.55029679710408
00700900829,apartment,0,8.6995,8.528749301639321
00701104139,apartment,0,8.4544,8.555860576169971
00701107294,apartment,0,8.5346,8.489503105702692
00701203196,apartment,0,8.4057,8.355145868006748
00701204990,apartment,0,8.6036,8.537962276191012
00701302631,apartment,0,8.4844,8.725303408852705
00701502703,apartment,0,8.2334,8.358834349204102
00701600853,apartment,0,8.3016,8.435977864531436
00701701625,apartment,0,8.8888,8.663096793297305
00701801654,apartment,0,8.9632,8.424712050006026
00702002682,apartment,0,8.5557,8.657248739103176
00702003859,apartment,0,8.8309,8.742271717947112
00702005088,apartment,0,8.8049,8.626307555839343
00702300950,apartment,0,8.5929,8.70239275451204
00702301558,apartment,0,8.8799,8.803171957490274
00702302392,apartment,0,8.8739,8.765459155160514
00702303429,apartment,0,8.8739,8.646552426225647
00702603521,apartment,0,8.6359,8.42305459668016
00703001191,apartment,0,7.9576,8.534391661745603
00703304704,apartment,0,8.993,8.57519501959578
00703407351,apartment,0,9.1281,8.824505582018913
00703500392,apartment,0,8.4876,8.534552485971586
00703604953,apartment,0,8.3413,8.481300290555305
00704102481,apartment,0,8.4788,8.65290494863581
00704106531,apartment,0,8.4878,8.604369459445394
00704108097,apartment,0,9.1822,8.83518015982088
00704109549,apartment,0,8.6476,8.665036019441782
00704109621,apartment,0,8.8888,8.832924779033103
00704304511,apartment,0,8.62,8.364427897171243
00704702916,apartment,0,8.4514,8.535942774009953
00704704978,apartment,0,8.641,8.422569574584532
00704801272,apartment,0,8.5962,8.59891091651739
00704802422,apartment,0,8.597,8.567378311929831
00704802791,apartment,0,8.7891,8.631127155411454
00704906511,apartment,0,8.862,8.894285271043179
00705102467,apartment,0,8.6272,8.792736212316512
00705106810,apartment,0,8.5716,8.490725614707074
00705108589,apartment,0,8.3862,8.718105459733422
00705201767,apartment,0,8.5172,8.702933156146196
00705603245,apartment,0,8.8739,8.401080119996456
00705702030,apartment,0,8.6835,8.638567224830169
00705704181,apartment,0,8.9714,8.77014292431019
00706007220,apartment,0,8.1432,8.532273468297873
00706105079,apartment,0,8.2097,8.563786783186446
00706105478,apartment,0,8.392,8.564431177697239
00706203429,apartment,0,7.8841,8.60436203858887
00706300629,apartment,0,8.9227,8.926465688389882
00706311205,apartment,0,8.8467,8.783707155252653
00706311582,apartment,0,8.7881,8.76554681750157
00706312023,apartment,0,8.8953,8.806476296367125
00706312082,apartment,0,8.5172,8.680108353707407
00706400429,apartment,0,8.7045,8.172872394047774
00706700589,apartment,0,8.6449,8.588761372502805
00706801105,apartment,0,8.3453,8.433058327460897
00706801288,apartment,0,8.5755,8.616557010274079
00706803833,apartment,0,8.7685,8.7789702708213
00707013461,apartment,0,8.8093,8.730205484815006
00707101530,apartment,0,8.8169,8.654265489769568
00707102693,apartment,0,8.7285,8.611774193868488
00707102911,apartment,0,8.9161,8.767686141070108
00707105439,apartment,0,9.1515,8.910523016915924
00707200261,apartment,0,8.3517,9.034016062071998
00707604206,apartment,0,8.9577,8.394970843345533
00707701627,apartment,0,8.4727,8.449833445454953
00707714184,apartment,0,9.5925,8.536678460972192
00707718971,apartment,0,9.0608,8.66034371914774
00708101437,apartment,0,8.4219,8.299357011379442
00708101461,apartment,0,8.4402,8.305509535979613
00708103480,apartment,0,8.6006,8.448189044520145
00708104347,apartment,0,8.6164,8.287139412163882
00708107036,apartment,0,8.7573,8.415057531135211
00708108407,apartment,0,8.7571,8.303828377570804
00708110738,apartment,0,9.187,8.615094020105728
00708112366,apartment,0,9.0433,8.61670500638271
00708702104,apartment,0,8.6507,8.838398680871016
00709101651,apartment,0,8.4631,8.512663845975137
00709601492,apartment,0,8.6243,8.693302149207128
00709700865,apartment,0,8.6226,8.664210514210108
00800403193,apartment,0,8.5578,8.614900537969849
00800403266,apartment,0,8.5564,8.62357065520156
00800502345,apartment,0,8.0843,8.51029027501599
00800502531,apartment,0,7.9749,8.263363425482513
00800801040,apartment,0,8.5172,8.448769489198357
00800802438,apartment,0,8.4192,8.38784436211709
00801200601,apartment,0,8.4379,8.495458881221932
00801303419,apartment,0,8.3894,8.471572054024389
00801304768,apartment,0,8.276,8.53232964620258
00801306124,apartment,0,8.414,8.401680688982761
00801306264,apartment,0,8.4287,8.400714097216571
00801400546,apartment,0,8.2371,8.47027887317659
00801500702,apartment,0,8.7413,8.648419462366391
00803102976,apartment,0,7.893,8.402072950674787
00803303106,apartment,0,7.9576,8.472099322842887
00804402663,apartment,0,8.4466,8.502056074050934
00804911071,apartment,0,8.0247,8.588917503688329
00805000615,apartment,0,7.9909,8.447498431703725
00805300368,apartment,0,9.028,8.843591756393803
00805400941,apartment,0,8.3862,8.52638920744484
00805401040,apartment,0,8.3862,8.524778221167857
00806101369,apartment,0,8.1605,8.489830255099719
00806103434,apartment,0,8.061,8.664082861707264
00806300681,apartment,0,8.0523,8.771583142813006
00807300659,apartment,0,8.8049,8.945395262394396
00807802999,apartment,0,8.33,8.772829827338462
00807804444,apartment,0,7.8122,9.222877263869005
00807903760,apartment,0,8.2703,8.5218594993181
00807904864,apartment,0,8.2396,8.885275080111931
00807905089,apartment,0,8.4317,8.902973814798397
00808705016,apartment,0,8.3517,8.682517814904124
00808901494,apartment,0,8.4844,8.830692385373782
00809202549,apartment,0,8.5446,8.636394078647527
00809203820,apartment,0,8.3181,8.63703847315832
00900501065,apartment,0,8.4318,8.401584246525537
00900901772,apartment,0,8.3075,8.314694320595736
00901301671,apartment,0,9.0619,8.555291127420956
00901306010,apartment,0,8.5558,8.517494373779586
00901404152,apartment,0,8.6931,8.615887613191184
00901417688,apartment,0,8.5557,8.426784554021634
00901601055,apartment,0,8.8503,8.57069223889271
00901601081,apartment,0,8.8356,8.44012469009023
00901604641,apartment,0,8.668,8.460386081955512
00901702250,apartment,0,8.8049,8.474006749460496
00901807192,apartment,0,9.036,8.612558343570377
00901809446,apartment,0,8.5893,8.28649398108211
00901903930,apartment,0,8.6217,8.467740832634105
00901907812,apartment,0,8.9645,8.350833875924991
00901909548,apartment,0,8.9214,8.347090266036815
00902602810,apartment,0,8.716,8.378050955727467
00902603655,apartment,0,8.5942,8.37966194200445
00903203685,apartment,0,8.1851,8.341696264638422
00903503476,apartment,0,9.2103,8.941241153400725
00903503621,apartment,0,9.2442,8.942852139677708
00904500446,apartment,0,8.571,8.48527914975027
00904600572,apartment,0,9.0644,8.570346515073654
00904609987,apartment,0,9.2699,8.618054260760026
00904906205,apartment,0,9.2569,8.525364014714915
00905109961,apartment,0,8.792,8.497246993161582
00905112301,apartment,0,9.0123,8.412938844012444
00905201361,apartment,0,8.2224,8.301830490293392
00905202287,apartment,0,8.618,8.591902051279153
00905205057,apartment,0,8.8618,8.538594260566411
00905300629,apartment,0,8.8899,8.469080950508843
00905500334,apartment,0,8.7179,8.334099289719296
00905602234,apartment,0,8.8273,8.373278816120644
00905810384,apartment,0,9.5096,8.963737576035854
00906401496,apartment,0,8.7327,8.711218685720734
00906500206,apartment,0,8.0682,8.529069578002378
00906500303,apartment,0,8.1732,8.260130477739978
00907004954,apartment,0,8.7633,8.44942468051838
00907009395,apartment,0,9.4223,8.753109255483494
00907305474,apartment,0,9.6593,9.097281061791186
00907503403,apartment,0,8.5284,8.431747759511035
00907600964,apartment,0,8.8971,8.61130844873438
00908305028,apartment,0,8.7311,8.705007387614048
00908508212,apartment,0,8.6868,8.528762661605441
00908700741,apartment,0,8.6603,8.881660924843176
00908700830,apartment,0,9.1092,8.879083346800003
00908700881,apartment,0,9.0926,8.95879480293791
00908801051,apartment,0,8.7269,8.834184506599126
00908804555,apartment,0,8.955,8.79373222093649
00908902476,apartment,0,9.059,8.740108949453125
00908902913,apartment,0,8.9502,8.640316469920945
00909102481,apartment,0,8.9088,8.560454832261351
00909400989,apartment,0,8.4553,8.4039775465763
00909501327,apartment,0,8.1787,8.244973197666098
00909702527,apartment,0,8.1934,8.371364859688978
01000100251,apartment,0,8.9015,8.724137026462149
01000400700,apartment,0,9.0363,8.469377565353106
01001001141,apartment,0,8.8668,8.226240296827672
01001105699,apartment,0,8.4229,8.201694947482945
01001202910,apartment,0,8.6692,8.436518094348074
01001209419,apartment,0,8.8457,8.43300032051144
01001301633,apartment,0,8.5172,8.386648917769046
01001501101,apartment,0,8.6995,8.514893472374823
01001700562,apartment,0,8.8821,8.262709081992934
01001801601,apartment,0,8.8049,8.405638336072338
01002311756,apartment,0,8.637,8.43688794119801
01002410118,apartment,0,8.8711,8.415198896709402
01002410381,apartment,0,8.7955,8.41555085999089
01002414415,apartment,0,8.9561,8.440431406261975
01002421543,apartment,0,9.2238,8.709157860699051
01002421683,apartment,0,9.3794,8.70188284866135
01002421691,apartment,0,9.4061,8.707546874422068
01002510181,apartment,0,8.9851,8.3604302826415
01002514770,apartment,0,8.7129,8.457891046646026
01002701491,apartment,0,8.6272,8.489038387053615
01002902037,apartment,0,8.8114,8.426877874770241
01002903459,apartment,0,7.8829,8.210571160374007
01003212980,apartment,0,8.7179,8.617713453146136
01003303404,apartment,0,8.5352,8.479161938382799
01003405096,apartment,0,8.187,8.383508832397581
01003405126,apartment,0,8.363,8.3657650403227
01003523080,apartment,0,8.5172,8.185280741080051
01003529267,apartment,0,8.9227,8.408328323918042
01003537741,apartment,0,9.2298,8.501794023435036
01003541623,apartment,0,8.7242,8.427941185595403
01003701191,apartment,0,8.9582,9.03811474445791
01003702538,apartment,0,8.4368,8.911396213523236
01003702880,apartment,0,8.8322,8.911396213523236
01004803907,apartment,0,8.5267,8.462154096221093
01004804644,apartment,0,8.2369,8.40942222676382
01004807384,apartment,0,8.6365,8.507160531847408
01004815433,apartment,0,8.3951,8.447279144208888
01005003904,apartment,0,9.1448,8.844593157929168
01005800251,apartment,0,9.0211,9.143845282608819
01005800758,apartment,0,8.8155,8.9525995226808
01006002685,apartment,0,8.7526,8.92669594550214
01006202587,apartment,0,8.7275,8.674670734747227
01006700455,apartment,0,8.8018,8.80521112709546
01007501499,apartment,0,8.7349,8.744509353370068
01007900547,apartment,0,9.1834,8.719058288684236
01008900753,apartment,0,8.8238,8.705796156216692
01009400657,apartment,0,9.1839,8.844703944108238
01009600753,apartment,0,9.0372,8.822804484508458
01102302376,apartment,0,8.3723,8.461278684692278
01106906373,apartment,0,9.1324,8.827658698878208
01106908511,apartment,0,9.1209,8.853167659747847
01107401070,apartment,0,9.0191,8.646128533394883
01112306481,apartment,0,8.7445,8.418997248436966
01201602963,apartment,7,8.3564,8.453094769785151
01201603986,apartment,7,8.1727,8.39782430497394
01201605954,apartment,7,9.0213,8.571657465494164
01202003321,apartment,7,8.6619,8.495722582576702
01202100961,apartment,0,8.645,8.518004500061785
01202101038,apartment,0,8.635,8.517360105550992
01202302671,apartment,7,8.7064,8.468489110453891
01202302726,apartment,7,8.6144,8.468118203874614
01202701371,apartment,0,8.2908,8.390166552692282
01203301601,apartment,0,8.5719,8.60928776627441
01203301642,apartment,0,8.7992,8.60735458274203
01203401701,apartment,0,8.7403,8.438667506525208
01203503997,apartment,0,8.6901,8.316000262962842
01204500762,apartment,0,8.2515,8.609930168486617
01205104631,apartment,0,9.08,8.589821071920477
01205701321,apartment,0,8.5775,8.32195213906563
01205903313,apartment,0,8.4818,8.334646910281556
01205905758,apartment,0,8.92,8.400945138904525
01206801387,apartment,0,8.7354,8.519915873359718
01206803411,apartment,0,8.6882,8.37811787308406
01207001376,apartment,0,8.2331,8.395178107202169
01207405566,apartment,0,8.5392,8.312877958276907
01207503290,apartment,0,8.8482,8.477463700006824
01207503762,apartment,0,8.9353,8.399112031561081
01207805580,apartment,0,9.3034,8.92955457570615
01207805688,apartment,0,9.5905,8.929232378450754
01207806099,apartment,0,9.3739,8.928265786684564
01208302523,apartment,0,8.7034,8.497200280650949
01208500333,apartment,0,8.729,8.479005669131055
01209000849,apartment,0,8.7998,8.47639546537835
01209201720,apartment,0,8.6125,8.403010391590447
01209303248,apartment,0,9.0852,8.454786972257594
01209303272,apartment,0,8.6096,8.452209394214421
01209603136,apartment,0,8.657,8.52736108881619
01210000709,apartment,0,8.576,8.435779587400514
01210203847,apartment,0,8.5652,8.586337617892474
01210503905,apartment,0,9.0045,8.470067843753254
01210605732,apartment,0,8.6926,8.490358962605223
01210607875,apartment,0,8.5251,8.313114527903032
01210609959,apartment,0,8.81,8.488660695086963
01210903131,apartment,0,8.6634,8.503469190056057
01211300821,apartment,0,9.1616,8.695413183321422
01211703101,apartment,0,9.0123,8.57846382345954
01211706583,apartment,0,9.3382,8.832001339190093
01214201776,apartment,7,8.7238,8.440931157277177
01214202012,apartment,7,8.4858,8.470576541746652
01216100756,apartment,0,8.6144,8.477808266002771
01216802912,apartment,0,8.3741,8.39883803280943
01217304266,apartment,0,8.3402,8.487636749851953
01300602597,apartment,0,8.9421,8.684313776175795
01300603054,apartment,0,8.8714,8.744919267443855
01300610301,apartment,0,9.1947,8.717829127327377
01300905239,apartment,0,8.8137,8.676519712691057
01301102075,apartment,0,8.8997,8.735435154609142
01301206512,apartment,0,9.1856,9.014560303610057
01301305261,apartment,0,8.6548,8.574223366205583
01301306436,apartment,0,8.4503,8.530008786460218
01301401943,apartment,0,8.7163,8.643348090815293
01301505218,apartment,0,9.1631,8.892207552712202
01301700568,apartment,0,9.2035,8.860087613112324
01301703176,apartment,0,9.5819,9.24507791173
01301804231,apartment,0,9.2758,8.795357427110371
01302004832,apartment,0,9.0801,8.727966450085823
01302005261,apartment,0,9.2027,8.728610844596616
01302302809,apartment,0,8.8739,8.736336177960286
01302302868,apartment,0,8.8793,8.738229915598328
01302906887,apartment,0,9.0576,8.59628494496449
01303003511,apartment,0,8.8323,8.82927125191725
01303101858,apartment,0,8.9029,8.640615808722984
01303102528,apartment,0,8.7035,8.623702763866318
01303104601,apartment,0,8.9952,8.685368200449398
01303110253,apartment,0,9.3439,9.161667966230251
01303301768,apartment,0,8.4974,8.695341920862111
01303504911,apartment,0,8.8169,8.915362994981617
01303602571,apartment,0,8.775,8.530406822772093
01303608006,apartment,0,8.974,8.771433125154912
01303807009,apartment,0,9.028,8.532716708291336
01304002241,apartment,0,8.8875,8.649319649928993
01304109356,apartment,0,9.3666,8.75881580857906
01304200388,apartment,0,8.9519,8.613253737087042
01304804623,apartment,0,9.2333,8.73876291632256
01304804674,apartment,0,9.0255,8.75218980085004
01305502523,apartment,0,8.6308,8.673582576153409
01305900987,apartment,0,8.73,8.501266192957226
01306001511,apartment,0,8.5536,8.684848099397396
01306003180,apartment,0,8.6695,8.510252382839104
01306102448,apartment,0,8.5517,8.679499892383884
01306105722,apartment,0,8.9544,8.577271829131755
01306200431,apartment,0,8.9067,8.645521463212882
01306401951,apartment,0,8.6325,8.488737683931875
01306502446,apartment,0,8.7863,8.609767642037463
01402801947,apartment,0,9.3768,8.745501320736615
01403002177,apartment,0,9.4731,8.633773446828595
01403911568,apartment,0,9.6846,9.271072983330225
01403911622,apartment,0,9.6789,9.27914758782403
01404802088,apartment,0,9.2904,8.76259647203235
01404902309,apartment,0,9.1561,8.610251981766876
01405010495,apartment,0,9.2416,8.949289635267379
01406801240,apartment,0,9.2736,8.602224368357781
01407802623,apartment,0,9.1926,8.520508690019133
01408601273,apartment,0,8.7875,8.534770291891666
01408610086,apartment,0,9.3157,8.764585048670636
01408801043,apartment,0,9.2305,8.564236828191284
01408805510,apartment,0,8.7129,8.798895696064761
01410203174,apartment,0,8.731,8.632714993966214
01410203867,apartment,0,9.0885,8.940602443871269
01500302503,apartment,0,9.0027,8.536773087255202
01500502405,apartment,0,8.9785,8.720348651614067
01500602795,apartment,0,8.5878,8.641316773847436
01500604003,apartment,0,8.9429,8.524159884244797
01500709174,apartment,0,8.978,8.710728041734637
01500801410,apartment,0,8.6656,8.555886684302056
01501601377,apartment,0,8.7525,8.761145651566036
01504401751,apartment,0,8.9905,8.618700048443912
01504501926,apartment,0,8.7403,8.660387787886307
01505803896,apartment,0,8.7156,8.666641612390249
01507600811,apartment,0,8.7051,8.449817731422542
01509100776,apartment,6,8.9785,8.633384661047192
01604601671,apartment,6,9.0718,8.670702267277328
01604800739,apartment,6,9.6014,8.636792520318643
01604801247,apartment,6,8.7374,8.73332180633626
01606504037,apartment,6,8.7216,8.671281597906773
01606506668,apartment,6,9.0877,8.757763485767878
01606507036,apartment,6,9.2374,8.733582650270748
01608004090,apartment,6,9.4442,8.685380961890091
01608008037,apartment,6,8.76,8.600315673855963
01608011951,apartment,6,9.1303,8.720365628672104
01608018261,apartment,6,9.7046,9.101248310046097
01611903191,apartment,6,9.2922,8.79403303156744
01612002579,apartment,6,8.9823,8.74820250642696
01613602359,apartment,6,9.3724,8.854865712936709
01613602499,apartment,6,9.0391,8.849515054541772
01614702829,apartment,6,8.8204,8.983212312830764
01614703442,apartment,6,9.2339,9.054072463255949
01615303049,apartment,6,9.1065,8.94517087052671
01615901264,apartment,0,9.1341,8.723826280649355
01616305673,apartment,6,9.0745,8.78063528661999
01616502584,apartment,6,9.2442,8.787224532967851
01616701854,apartment,6,8.9709,8.791710617900218
01616702605,apartment,6,9.4409,8.786073254996698
01701705273,apartment,9,8.6074,8.351738730595264
01800602383,apartment,0,8.6061,8.528606623022334
01803202416,apartment,0,8.0878,8.281221000729925
01803301430,apartment,0,8.5304,8.4982608264731
01804501042,apartment,0,8.2382,8.39755134009921
01804501123,apartment,0,8.4021,8.399806720886986
01804801437,apartment,0,7.7212,8.43814353557422
01804805246,apartment,0,7.8028,8.300357551137736
01805000373,apartment,0,7.887,8.314653162219154
01901001520,apartment,0,8.2795,8.414303278388951
01903300673,apartment,0,8.0985,8.568047208858825
01904503950,apartment,0,8.5019,8.509748038493834
01905305648,apartment,0,8.6538,8.478510753142466
01905308000,apartment,0,8.6108,8.450808660040767
01906100438,apartment,0,8.3033,8.291363093899262
01906101027,apartment,0,8.4662,8.292974080176245
01906106525,apartment,0,8.6978,8.623054153636172
01906111944,apartment,0,8.7403,8.625686618564723
01906112916,apartment,0,8.5627,8.520034045711924
01906116016,apartment,0,8.5325,8.637427269735078
01906116660,apartment,0,8.7091,8.636460677968888
01906116660,apartment,0,8.7091,8.634527494436508
01906118361,apartment,0,8.7706,8.634849691691905
01907801601,apartment,0,8.5152,8.324819658618864
01908100982,apartment,0,7.9047,8.367511396078285
01909800368,apartment,0,7.6756,8.303626558993589
01910501409,apartment,0,8.844,8.536687151047536
01910503088,apartment,0,8.7285,8.537975940069122
01910505609,apartment,0,8.8468,8.588077054317093
01910514292,apartment,0,8.5621,8.769198815501435
02000202675,apartment,0,8.0376,8.67626031520607
02000202871,apartment,0,8.0376,8.67626031520607
02000203371,apartment,0,8.0376,8.675938117950674
02000305581,apartment,0,8.6667,8.464510331481385
02000306322,apartment,0,8.6173,8.49605530077351
02000307531,apartment,0,8.7026,8.54221154673761
02000308376,apartment,0,8.8334,8.609854972576928
02000309496,apartment,0,8.7437,8.763047978856603
02000310885,apartment,0,8.5614,8.666398088006181
02000310966,apartment,0,8.54,8.667042482516974
02000312187,apartment,0,8.6329,8.679918166398851
02000312977,apartment,0,8.7324,8.76143699257962
02000313922,apartment,0,8.6708,8.664464904473801
02000314325,apartment,0,8.4802,8.76042723846711
02000401392,apartment,0,8.7369,8.56028392148809
02000800750,apartment,0,7.8522,8.485632975959716
02001101414,apartment,0,8.7803,8.558252251680713
02001101759,apartment,0,8.7729,8.512476996769387
02001400128,apartment,0,8.4118,8.503809453359212
02001400829,apartment,0,8.4727,8.479638066438419
02001401711,apartment,0,8.3972,8.480282460949212
02001402236,apartment,0,8.5925,8.481571249970798
02001403526,apartment,0,8.1924,8.511899456827486
02001405898,apartment,0,9.0394,8.839701878442789
02001505132,apartment,0,8.6376,8.521885221428118
02001602774,apartment,0,8.164,8.39288507528111
02001702507,apartment,0,8.1399,8.256568621556818
02001704593,apartment,0,8.0754,8.395376992862762
02002401871,apartment,0,8.9761,8.569982689512099
02003100921,apartment,0,8.6085,8.601407983990866
02004604174,apartment,0,8.626,8.643462271212044
02004701285,apartment,0,8.5366,8.773169034382297
02004701315,apartment,0,8.645,8.803558613041202
02004701846,apartment,0,8.2854,8.744885606267026
02004702494,apartment,0,8.6254,8.70462330045063
02004706775,apartment,0,8.7373,8.774731160797614
02004901063,apartment,0,8.5768,8.583185696476807
02004902604,apartment,0,8.5999,8.577880906162376
02004902779,apartment,0,8.5437,8.440356562980368
02006003739,apartment,0,8.3602,8.535214341999076
02006004522,apartment,0,8.7308,8.508505023330205
02006102631,apartment,0,8.6531,8.54533478055544
02006201638,apartment,0,8.4462,8.504747106901071
02006203037,apartment,0,8.4043,8.553347551504515
02006206222,apartment,0,8.6048,8.504254383373667
02006305786,apartment,0,8.5637,8.650554788649268
02006305883,apartment,0,7.9429,8.607946080794076
02006404377,apartment,0,8.0937,8.432099674676762
02006501526,apartment,0,8.2811,8.5432177955847
02006502573,apartment,0,8.4276,8.512980297389696
02006503855,apartment,0,8.4461,8.497886299628545
02006504703,apartment,0,8.7285,8.550668601324205
02006506951,apartment,0,8.4712,8.578410482389373
02006510800,apartment,0,8.7796,8.639233824802742
02006604147,apartment,0,8.7536,8.687237046754177
02006904541,apartment,0,8.7883,8.456464441192377
02007303949,apartment,0,8.406,8.636959414696502
02007303973,apartment,0,8.4631,8.636315020185709
02007704390,apartment,0,8.9395,8.727060475185702
02007704633,apartment,0,8.5958,8.50504726261877
02007805006,apartment,0,8.673,8.55618510318722
02007904381,apartment,0,8.9393,8.611448579557669
02008004155,apartment,0,8.4381,8.52573188566545
02008004181,apartment,0,8.6631,8.576612843970796
02008004570,apartment,0,8.9652,8.52573188566545
02008901491,apartment,0,8.7692,8.500849904304426
02008903478,apartment,0,8.3331,8.3265057057596
02008905217,apartment,0,8.8953,8.5318518753027
02009102800,apartment,0,8.3143,8.406463923579688
02009401301,apartment,0,8.8183,8.64072814040919
02100603515,apartment,0,8.6875,8.483769227243734
02100605925,apartment,0,8.3837,8.665294783755463
02100702068,apartment,0,8.7139,8.602943298307025
02100705751,apartment,0,8.7096,8.553996810765678
02100717561,apartment,0,8.9336,8.698190128571396
02100719785,apartment,0,8.7998,8.82436514830189
02100901184,apartment,0,8.7008,8.555865685710547
02100902229,apartment,0,8.6107,8.456593296299205
02101601567,apartment,0,8.5172,8.678864801360962
02102104826,apartment,0,8.9787,8.575013619003776
02102105301,apartment,0,8.9445,8.435170633818293
02102202984,apartment,0,8.488,8.408657891948184
02102301532,apartment,0,8.6424,8.61526607002024
02102503860,apartment,0,9.281,9.019716382455535
02102503925,apartment,0,9.477,9.044438380211274
02102503951,apartment,0,9.3981,9.051388138863153
02102601145,apartment,0,9.0227,8.810888236713858
02102604136,apartment,0,9.1828,8.954095437648242
02103502817,apartment,0,8.6146,8.481001960217855
02104001552,apartment,0,8.4143,8.540519324938668
02104202965,apartment,0,9.4545,8.607431547431258
02104802784,apartment,0,8.9711,8.889265432891888
02105001750,apartment,0,9.2793,8.854427133164577
02105400418,apartment,0,9.298,8.439697780033676
02105507743,apartment,0,8.5788,8.736214979372544
02105602339,apartment,0,8.9815,8.472512206890332
02105702147,apartment,0,8.6848,8.486992378520752
02105801552,apartment,0,9.4175,8.575547472746406
02105802982,apartment,0,9.2753,8.955366232909576
02105803024,apartment,0,9.246,8.961387835610548
02106502273,apartment,0,8.4404,8.47955358450735
02106504179,apartment,0,8.7038,8.61193994478405
02106602634,apartment,0,9.0698,8.39991104450036
02106705719,apartment,0,8.6924,8.54905080749409
02106705794,apartment,0,8.8206,8.545990892519695
02106801637,apartment,0,8.5462,8.488842765135264
02106808135,apartment,0,9.5114,9.035176610212954
02107201579,apartment,0,8.9496,8.841249874528089
02107401659,apartment,0,8.7865,8.504862539406936
02107406421,apartment,0,8.5584,8.500722274590697
02108503889,apartment,0,8.8008,8.43713129535683
02109104351,apartment,0,9.0742,8.479967693513629
02109104600,apartment,0,8.7765,8.479967693513629
02109104880,apartment,0,8.61,8.412576488832837
02110201401,apartment,0,8.7675,8.568556497758124
02110404906,apartment,0,8.8099,8.806929184010267
02110406402,apartment,0,9.454,9.026244188103707
02110407050,apartment,0,9.5227,9.019043892507684
02110407077,apartment,0,9.6241,8.95504378825823
02110407727,apartment,0,9.4823,8.966780775171504
02111404578,apartment,0,8.872,8.604921642453778
02200503644,apartment,7,8.9687,8.723382368444137
02200504896,apartment,7,9.1209,8.805967336586022
02200600771,apartment,0,9.0049,8.668934366466525
02200604319,apartment,0,8.9029,8.7765934875211
02200613768,apartment,0,8.947,8.586480275797697
02201400717,apartment,7,8.5454,8.63561627603948
02203102004,apartment,0,8.5713,8.636309879991085
02203202939,apartment,0,9.3945,8.97767355407591
02203300736,apartment,0,8.7971,8.478789519922017
02203400714,apartment,0,8.9435,8.686609996355823
02203700866,apartment,0,8.3894,8.532222784630896
02203700912,apartment,0,8.4929,8.531256192864706
02203702771,apartment,0,8.8845,8.627266265408092
02204101974,apartment,0,8.6261,8.60130207017851
02204402958,apartment,0,8.9792,8.597251253506942
02204500690,apartment,0,8.9145,8.569954933697232
02204601578,apartment,0,8.7838,8.596138402380678
02204801781,apartment,0,8.7208,8.602141305130871
02204804703,apartment,0,9.0086,8.499848206422298
02204904112,apartment,0,9.2982,8.545668304446583
02205102192,apartment,7,8.5222,8.505141384855937
02205200828,apartment,0,8.7855,8.49216124400861
02205204191,apartment,0,9.0141,8.671238868063682
02205205145,apartment,0,8.8036,8.53825021011739
02205301519,apartment,0,8.7248,8.505652171384334
02205603299,apartment,0,8.6244,8.561982689896487
02205700782,apartment,0,8.6185,8.535053376402297
02205702688,apartment,0,8.4985,8.468532527260479
02205804626,apartment,0,8.4437,8.490699089956466
02205901052,apartment,0,8.447,8.598102473297544
02205901249,apartment,0,8.5929,8.656717455815736
02205902717,apartment,0,8.6959,8.619128929729182
02206601168,apartment,0,8.5707,8.352472739010553
02206602741,apartment,0,8.8164,8.390850645431438
02206605341,apartment,0,8.7541,8.538340112545736
02206700999,apartment,0,8.5903,8.469758426663423
02206801043,apartment,0,8.7902,8.474477959300891
02206803259,apartment,0,8.7119,8.418764292347184
02206903334,apartment,0,8.5472,8.480367219907615
02206903717,apartment,0,8.5505,8.477789641864442
02207001504,apartment,0,8.5458,8.580784329590298
02207003191,apartment,0,8.3623,8.373179969355927
02207401121,apartment,0,8.4045,8.468518949673285
02207403459,apartment,0,8.4341,8.381016154004708
02207701522,apartment,0,8.5681,8.459952371492962
02207702057,apartment,0,8.7441,8.501456213184586
02208101162,apartment,0,8.6146,8.4644996935129
02208107322,apartment,0,9.2328,8.50045009582649
02208600932,apartment,0,8.2861,8.54652640987235
02301902587,apartment,7,8.9541,8.612181694759748
02302403551,apartment,7,8.8379,8.940862477132802
02302501527,apartment,7,8.7096,8.543420536131357
02302504925,apartment,7,9.1021,8.941114367809273
02303200415,apartment,7,7.9699,8.672353804631141
02303203007,apartment,7,8.9332,8.588729248571683
02304600794,apartment,7,8.6975,8.543328804041625
02304701851,apartment,7,8.8854,8.607627376171562
02305800673,apartment,7,8.2804,8.459333070489416
02305801254,apartment,7,8.6819,8.505990682327399
02306401217,apartment,7,8.9952,8.375242334682392
02307907491,apartment,7,8.8799,8.561003065899758
02309000949,apartment,7,8.7705,8.66089911300676
02309401587,apartment,7,9.0134,8.572421727346422
02309401625,apartment,7,8.9502,8.571689281162785
02400103569,apartment,7,8.5692,8.585382073154255
02400501068,apartment,7,8.3561,8.436598217726129
02400603251,apartment,7,8.5346,8.522430394931474
02401501673,apartment,7,9.0263,8.556118904062513
02401900500,apartment,7,8.534,8.547888657777815
02402504129,apartment,7,8.645,8.481994282322075
02402508256,apartment,7,8.7957,8.607946186763312
02402602627,apartment,7,8.7511,8.489528300136397
02403803499,apartment,7,9.0335,8.787847586152223
02404004611,apartment,7,8.6968,8.635948324747275
02404005707,apartment,7,8.323,8.574601004402409
02404005715,apartment,7,8.6797,8.580546848827971
02404005790,apartment,7,8.7248,8.579728127687865
02404900544,apartment,7,8.4631,9.092338602488526
02406102386,apartment,7,8.4122,8.805339769437454
02406102963,apartment,7,8.6076,8.984384725818988
02406200671,apartment,7,9.2221,8.858459152914335
02407106113,apartment,7,8.1851,8.736791603834414
02407203569,apartment,7,8.4074,8.80563548204261
02407900928,apartment,7,8.8417,8.574286145455826
02407900952,apartment,7,8.6882,8.575376283258468
02408300541,apartment,7,8.5786,8.572704459798127
02601601353,apartment,9,8.2245,8.387149945183713
02700205431,apartment,9,8.497,8.3875859867091
02700205820,apartment,9,8.4403,8.386698221623899
02700207866,apartment,9,8.2095,8.44959103578415
02701201586,apartment,9,8.3941,8.345663546955961
02701201950,apartment,9,8.4751,8.355583032255607
02702303749,apartment,9,8.7343,8.443236482180028
02702400884,apartment,9,8.5848,8.40609478536654
02702401694,apartment,9,8.4258,8.405207020281336
02702500625,apartment,9,8.8144,8.598384830620793
02702501516,apartment,9,8.8339,8.602603262769597
02702501788,apartment,9,8.8144,8.598258007037193
02702502237,apartment,9,8.6104,8.490840312992253
02702502555,apartment,9,8.8144,8.598384830620793
02702502598,apartment,9,8.8001,8.599272595705996
02703202873,apartment,9,8.5392,8.603224972039445
02703206380,apartment,9,8.4266,8.58514505493145
02703300751,apartment,9,8.5926,8.437050234438079
02703302061,apartment,9,8.5994,8.436035645769277
02705300511,apartment,9,8.294,8.321927627130881
02705700587,apartment,9,8.371,8.251440317390571
02706502207,apartment,9,8.7553,8.375803904082666
02706505893,apartment,9,8.4974,8.407024744400001
02707100749,apartment,9,8.2721,8.245161124064655
02707101613,apartment,9,8.1417,8.247593949152083
02707805750,apartment,9,8.6846,8.214115386645766
02707901407,apartment,9,8.5505,8.327506296783508
02707905542,apartment,9,8.7727,8.38728583846529
02707906018,apartment,9,8.7391,8.392493451720838
02707906891,apartment,9,8.7285,8.38741266204889
02707917419,apartment,9,8.9158,8.566715045645655
02708702823,apartment,9,8.5797,8.421451088318058
02708704291,apartment,9,8.5797,8.415607256616433
02708705253,apartment,9,8.3814,8.418300225547982
02708800353,apartment,9,8.5885,8.427035849066819
02708802674,apartment,9,8.5637,8.42643424811698
02801001430,apartment,9,8.1789,8.226542202657239
02801101885,apartment,9,8.0869,8.169047934578236
02802404581,apartment,9,8.2821,8.314391789116716
02802901761,apartment,9,7.9418,8.278316582235506
02803707314,apartment,9,8.8302,8.269693393063012
02803803798,apartment,9,8.6638,8.319797168671908
02805100956,apartment,9,8.3737,8.222437613177759
02805502159,apartment,9,8.6243,8.340958924127936
02805801814,apartment,9,8.6418,8.333777955009607
02806100828,apartment,9,8.3303,8.369502408615386
02806901111,apartment,9,8.7041,8.723781505110932
02806903343,apartment,9,8.6248,8.685648793022867
02806914851,apartment,9,8.4479,8.630620270842314
02806915341,apartment,9,8.55,8.629732505757111
02806915554,apartment,9,8.5598,8.703824685328128
02900205891,apartment,9,8.6934,8.368339868990343
02900207355,apartment,9,8.4722,8.385476344834645
02900401410,apartment,9,8.285,8.261503358142182
02900908299,apartment,9,8.5825,8.32899235181074
02901001300,apartment,9,8.2295,8.31021191505827
02902200821,apartment,9,8.4108,8.300968212413963
02904006060,apartment,9,8.7123,8.37045338825861
02904403108,apartment,9,8.5889,8.45429349021287
02904902937,apartment,9,8.7654,8.389583130366029
02904904301,apartment,9,8.9174,8.413357742608543
02904908919,apartment,9,8.9196,8.595444067305978
02904909001,apartment,9,8.8336,8.594556302220775
02905201649,apartment,9,8.3862,8.465298711621392
03000303731,apartment,9,8.3176,8.2940474276459
03000304411,apartment,9,8.4276,8.306126615750204
03000308172,apartment,9,8.4133,8.224382969322955
03000308571,apartment,9,8.5948,8.35418550623921
03000308865,apartment,9,8.5558,8.349177653147601
03002401447,apartment,9,8.7614,8.462758127413348
03003001361,apartment,9,8.2274,8.428438817156636
03003001833,apartment,9,8.191,8.429326582241837
03005203239,apartment,9,8.0934,8.733000319374568
03005401693,apartment,9,8.4879,8.424551498052885
03006503759,apartment,9,8.7036,8.423948723367362
03006802063,apartment,9,8.9697,8.499659164930671
03008601091,apartment,9,8.7556,8.319797060148412
03010500696,apartment,9,8.4499,8.263371300508206
03010702711,apartment,9,8.6797,8.672693026736026
03011701199,apartment,9,7.8277,8.263226786455375
03011900744,apartment,9,7.8789,8.333447442830034
03012500774,apartment,9,8.3053,8.289944130334703
03012906835,apartment,9,8.4457,8.545093290607392
03100301676,apartment,9,8.8855,8.25264258798515
03101402891,apartment,9,8.9035,8.569472555768826
03102301010,apartment,9,8.9002,8.303859477656388
03107400866,apartment,9,8.0652,8.332531275391792
03108501208,apartment,9,8.5387,8.511968866516133
03109000784,apartment,9,8.3994,8.333640729754457
03109001659,apartment,9,8.5957,8.580751662985364
03110202093,apartment,9,8.2808,8.421262418194765
03110800810,apartment,9,8.6785,8.553975989149789
03110803178,apartment,9,9.0634,8.129887269724914
03110804867,apartment,9,8.3829,8.129887269724914
03111005488,apartment,9,8.6507,8.279396985823496
03200201169,apartment,9,8.4746,8.381163995675628
03200801182,apartment,9,8.5033,8.432874851373374
03202001401,apartment,9,8.3432,8.31656629523684
03203301164,apartment,9,8.1571,8.458985968706406
03204301206,apartment,9,8.3453,8.290098244446677
03204400948,apartment,9,8.0228,8.314497910681652
03204601072,apartment,9,8.6533,8.208710914770785
03205001508,apartment,9,8.4306,8.452779621920456
03205201868,apartment,9,8.6934,8.493988056603193
03205501047,apartment,9,8.3751,8.324710689824094
03206200301,apartment,9,8.2751,8.44683017567215
03212701307,apartment,9,8.1683,8.26074364126548
03213502121,apartment,9,8.3377,8.030417415510954
03213505153,apartment,9,8.5598,8.185765928988062
03213602035,apartment,9,7.824,7.894239193059088
03213602493,apartment,9,8.5664,8.148238267089015
03217402839,apartment,9,8.3183,8.204649466321536
03300504430,apartment,0,8.2409,8.303133082048825
03300504635,apartment,0,8.1028,8.322653529827784
03300605911,apartment,0,9.1258,8.662239815078465
03301102298,apartment,0,8.6973,8.528407609302391
03301102891,apartment,0,8.6661,8.529052003813185
03301403761,apartment,0,8.5913,8.54667769667699
03301900429,apartment,0,8.447,8.35600665316138
03303104034,apartment,0,8.6398,8.61178817315287
03303106444,apartment,0,8.2694,8.646529521365599
03303602298,apartment,0,8.1956,8.075161314008193
03303605890,apartment,0,7.667,8.101383275320105
03303702217,apartment,0,8.096,8.23347497820577
03303702810,apartment,0,7.7351,8.229547479503797
03303705240,apartment,0,8.2627,8.229296123571071
03303708436,apartment,0,8.3102,8.186021519929614
03303903107,apartment,0,8.0995,8.19299966035302
03303905711,apartment,0,8.7614,8.5264569408394
03303906122,apartment,0,8.6924,8.524845954562418
03303907145,apartment,0,8.8567,8.524845954562418
03304003886,apartment,0,8.896,8.340568830248959
03304604375,apartment,0,8.1435,8.425481729665195
03304605118,apartment,0,8.1773,8.345836396755026
03304609113,apartment,0,8.3529,8.393675246807813
03304616284,apartment,0,9.1429,8.379314149769964
03304702131,apartment,0,8.0387,8.49931789342062
03304709991,apartment,0,8.9433,8.647723474718124
03305601493,apartment,0,8.2808,8.427754816943112
03305703733,apartment,0,8.5041,8.46582581046768
03305708311,apartment,0,8.5619,8.269194467026777
03305709235,apartment,0,8.5231,8.316329443624415
03305709383,apartment,0,8.6018,8.316973838135208
03306201111,apartment,0,8.8717,8.400311298945624
03306202290,apartment,0,8.7376,8.451321335679697
03400102407,apartment,0,8.8899,8.310493101491232
03400200522,apartment,0,8.1727,8.172793662977101
03400700231,apartment,9,8.6858,8.629499391706418
03400702498,apartment,9,8.8982,8.638642241228952
03402301342,apartment,9,8.7171,8.321195191740411
03403201414,apartment,0,8.2171,8.367261496751286
03403203239,apartment,0,8.3787,8.342309509441952
03403501809,apartment,9,8.5172,8.473274778047726
03403507904,apartment,9,8.4331,8.436613153693372
03403904369,apartment,1,8.4621,8.271611631348572
03404801717,apartment,1,8.1952,8.101514121238749
03405100690,apartment,1,8.4102,8.20200266902011
03405700566,apartment,1,8.7279,8.3281824319026
03405900603,apartment,1,8.4988,8.352484245597994
03405900621,apartment,1,8.6178,8.392358177243617
03406001432,apartment,1,8.5411,8.434014567831206
03406501419,apartment,1,8.3915,8.34448880002806
03407701306,apartment,1,8.6457,8.304951426284257
03407701535,apartment,1,8.6873,8.305824784532023
03408200874,apartment,1,8.1089,8.267462088510104
03408302421,apartment,1,8.7643,8.325427875210961
03500105858,apartment,9,8.4566,8.475922311273816
03500106757,apartment,9,8.4533,8.448831532212566
03500109251,apartment,9,8.7125,8.667178613314785
03500501494,apartment,9,8.6032,8.580443602510158
03500502873,apartment,9,8.6412,8.563660325713814
03500901921,apartment,9,8.7403,8.230520605776118
03504401419,apartment,9,8.1213,8.365546896738069
03504801646,apartment,9,8.2295,8.497871843930382
03507302276,apartment,9,8.8236,8.452029354978967
03508202623,apartment,9,8.8018,8.53501886704391
03508304612,apartment,9,8.3682,8.476213672215179
03508802698,apartment,9,8.5839,8.561142561756515
03508805069,apartment,9,8.5862,8.657384039695032
03509805143,apartment,9,8.5874,8.534375375461341
03509805259,apartment,9,8.489,8.620656125812715
03509805275,apartment,9,8.6042,8.53450219904494
03510303539,apartment,9,8.6316,8.408671612380674
03600504101,apartment,0,9.1362,8.4861192412879
03601100479,apartment,0,9.0401,8.494882591106006
03601300699,apartment,0,8.5811,8.642842130904198
03601300923,apartment,0,8.6553,8.635972363780617
03601301172,apartment,0,8.8273,8.681079303327582
03601301229,apartment,0,8.6192,8.612799037171571
03601901692,apartment,0,8.6949,8.378324571918641
03602202771,apartment,0,8.9678,8.573358178889595
03602203042,apartment,0,8.5653,8.378327459051391
03602203433,apartment,0,8.5172,8.391853953159188
03602701441,apartment,0,8.6863,8.588940887704968
03602703371,apartment,0,8.5942,8.374160202143905
03603001540,apartment,0,8.9319,8.291873875946576
03603102614,apartment,0,9.0768,8.680702870002767
03603105931,apartment,0,9.4531,8.730494409807326
03603106059,apartment,0,9.2213,8.731461001573516
03603700546,apartment,0,9.0525,8.602504676380523
03604001201,apartment,0,8.9172,8.461589217877712
03604503353,apartment,0,8.7769,8.59904000131715
03604504007,apartment,0,8.6975,8.557624598912215
03605800823,apartment,0,9.7098,8.341669600680806
03609401133,apartment,6,9.1672,8.860247465617986
03611706957,apartment,6,9.3225,9.121056502270582
03611707015,apartment,6,9.2753,9.120461984671143
03612801635,apartment,6,8.8187,8.834390159176952
03613802708,apartment,0,9.0975,8.635951827497
03700500874,apartment,0,8.4391,8.483294241457672
03700501323,apartment,0,8.833,8.529674352005982
03700602170,apartment,0,9.3534,8.87378761818339
03700801645,apartment,0,9.262,8.468350634100474
03700804466,apartment,0,8.4219,8.506507206657936
03700804751,apartment,0,9.1067,8.416087817463277
03701209464,apartment,0,8.1342,8.585002205726
03701300933,apartment,0,8.5803,8.51031703783997
03701418411,apartment,0,9.1659,8.753678354235756
03701900884,apartment,0,8.1173,8.437508330734188
03701901139,apartment,0,8.7875,8.579707878684111
03702102371,apartment,1,8.3912,8.56104004371675
03702202587,apartment,1,9.0325,8.41505253018055
03702301046,apartment,1,8.0155,8.49422995876647
03702301062,apartment,1,8.5213,8.396644183532189
03702401555,apartment,1,8.63,8.418501027775807
03702401733,apartment,1,8.7841,8.425487893757929
03702405186,apartment,1,8.9353,8.397831791903553
03702602798,apartment,1,8.971,8.58026285204517
03703301600,apartment,1,8.8858,8.511872846113446
03703302690,apartment,1,8.7734,8.399549801211826
03703500591,apartment,1,8.5012,8.612438931759877
03703605057,apartment,1,8.8247,8.699766861268612
03703605960,apartment,1,8.9661,8.790561466262004
03703606398,apartment,1,8.5642,8.7245342142405
03704014516,apartment,1,8.8984,8.524894401020275
03704308900,apartment,1,8.763,8.491923891904452
03704311065,apartment,1,8.9192,8.480042145675093
03704402877,apartment,1,9.0849,8.766936546612591
03704408883,apartment,1,9.1658,8.848325022088927
03704409812,apartment,1,9.3738,8.801548761478683
03705001752,apartment,1,8.7101,8.60207759527302
03705609602,apartment,1,9.6841,8.982283676830871
03706402610,apartment,1,8.7712,8.663736437118924
03707103366,apartment,1,8.6819,8.425104161660723
03707107493,apartment,1,8.8147,8.366927233342338
03707107663,apartment,1,9.064,8.365180516846808
03708100840,apartment,1,8.3442,8.544283079078383
03709100615,apartment,1,9.1291,8.367587934746581
03709302005,apartment,0,8.6881,8.672631718449995
03709800986,apartment,0,8.7623,8.478632536909723
03710302382,apartment,1,8.9872,8.501655042650372
03710304210,apartment,1,8.8318,8.444463261813587
03800104261,apartment,0,9.405,8.419781994017471
03800901528,apartment,0,8.7527,8.59983377423594
03800902672,apartment,0,8.7113,8.587900368021675
03800904020,apartment,0,8.7668,8.508223151807695
03800913690,apartment,0,9.2263,8.831818884829833
03802105291,apartment,0,8.6637,8.29823092331148
03802300531,apartment,0,8.4467,8.182935084592662
03802301617,apartment,0,8.7403,8.53296046452536
03802400178,apartment,0,7.8813,8.18118705476395
03802904389,apartment,0,8.9685,8.483234638010689
03802904461,apartment,0,9.1957,8.47888877090235
03803204542,apartment,0,8.7945,8.640183379897248
03803401054,apartment,0,8.2967,8.261014728109664
03803800722,apartment,0,8.9111,8.548792435401193
03804404871,apartment,0,8.6687,8.662236824373934
03804405851,apartment,0,8.6618,8.606333440630666
03804406637,apartment,0,8.7403,8.671697053377205
03804407242,apartment,0,8.633,8.692754215069822
03804407501,apartment,0,8.8164,8.608613827126575
03804407560,apartment,0,8.4995,8.695653990368392
03804407749,apartment,0,8.7072,8.608621690979573
03804418678,apartment,0,8.6651,8.601084069941008
03804425291,apartment,0,8.6442,8.423385527038864
03804437192,apartment,0,9.1397,8.957047091472464
03805303246,apartment,0,8.8919,8.744898149628312
03805501161,apartment,0,8.8079,8.49634110136088
03805904967,apartment,1,8.3155,8.506104642800812
03807206205,apartment,1,9.4371,9.01042606639667
03807303529,apartment,1,9.1751,8.761008692127167
03807304541,apartment,1,9.1119,8.858981203972668
03808200741,apartment,1,8.0761,8.515965289380727
03808401826,apartment,1,9.4452,9.024014728889012
03808503157,apartment,1,9.1483,8.743605234647251
03810300306,apartment,1,8.3774,8.715127780923966
03810701361,apartment,1,8.641,8.603408685302083
03902501332,apartment,1,8.6722,8.108834252762458
03902601027,apartment,1,9.024,8.185875391389573
03902801697,apartment,1,8.1665,8.440897197839039
03904100981,apartment,1,8.7808,8.33298571514607
03907104234,apartment,1,9.1776,8.700211980540127
03907608399,apartment,1,8.9114,8.72693485222784
03907702123,apartment,1,8.2727,8.591817882627266
03907703669,apartment,1,8.5918,8.622925515574574
03907707222,apartment,1,8.8149,8.726470445551257
03907707397,apartment,1,8.85,8.726470445551257
03908003032,apartment,1,8.7959,8.647070054730655
03913700765,apartment,1,8.6995,8.637231419782392
03914501383,apartment,1,8.6758,8.541047718763172
03915803057,apartment,1,8.7898,8.742391697672666
03915809349,apartment,1,8.8823,8.711982658530609
03916300751,apartment,1,8.3294,8.508302839991686
03916301403,apartment,1,8.2009,8.62239755444314
03916402031,apartment,1,8.9959,8.749545486012025
03917100436,apartment,1,8.3305,8.343571814393258
03917102757,apartment,1,8.5313,8.331866306830424
03917700824,apartment,1,8.5952,8.587972145262047
03917801043,apartment,1,8.5546,8.496335411217078
03917801329,apartment,1,8.5172,8.501575560703671
03917802511,apartment,1,8.6624,8.538471535217756
03917902028,apartment,1,8.3653,8.306852551373472
03918101282,apartment,1,8.5564,8.53217953529808
03918602257,apartment,1,8.6433,8.693852661264637
03918700852,apartment,1,8.4635,8.591468855745903
03919100468,apartment,1,8.5093,8.523724541105953
04000200720,apartment,1,8.0846,8.078336974251727
04000202138,apartment,1,8.6248,8.464570273241959
04001101483,apartment,9,8.872,8.541446024361344
04002601153,apartment,9,8.3183,8.451985927439305
04005100341,apartment,1,8.4399,8.26117762928579
04006800991,apartment,1,8.7435,8.309514255008692
04007400857,apartment,1,8.5542,8.275767236922661
04007600521,apartment,1,8.641,8.254483789769933
04008201319,apartment,1,8.294,8.47171038225025
04008201327,apartment,1,8.3586,8.466470232763662
04008203516,apartment,1,8.7322,8.64398141584718
04008600515,apartment,1,8.5954,8.325618639539906
04009201398,apartment,1,8.2782,8.387948816982847
04010700688,apartment,1,8.3946,8.429011965290442
04012001787,apartment,1,8.0135,8.171628605940427
04012201034,apartment,1,8.8199,8.280744955857866
04013000873,apartment,1,8.4086,8.453174375063425
04016101565,apartment,1,8.6319,8.222762162329147
04020002908,apartment,1,8.4654,8.213392684828733
04102902333,apartment,6,8.8597,8.838186319296444
04103402563,apartment,6,9.4222,8.725815232073565
04105802161,apartment,6,8.9906,8.591144602971973
04108002385,apartment,6,9.2506,8.683581549171707
04108600843,apartment,6,8.9672,8.337139382007214
04109100690,apartment,6,8.8162,8.675203053794208
04109500702,apartment,6,8.7081,8.310745061137746
04109500982,apartment,6,8.6022,8.35041715992047
04109704901,apartment,6,9.0504,8.411410485120486
04109707511,apartment,6,9.2698,8.543507321224284
04109803411,apartment,6,8.8499,8.323375841015121
04110201055,apartment,6,8.1679,8.296148347985614
04110303291,apartment,6,9.5009,8.966067075279655
04110304490,apartment,6,9.6327,8.966661592879092
04110403863,apartment,6,9.3029,8.77372232837773
04111202144,apartment,6,9.1486,8.550478166603977
04111505333,apartment,6,9.1036,8.625800650039402
04111600751,apartment,6,8.7189,8.565406770916143
04111601839,apartment,6,9.0859,8.542524605582699
04111704247,apartment,6,9.2503,8.568621457697668
04111801692,apartment,6,9.121,8.54119880334727
04112301960,apartment,6,8.9872,8.651628289113116
04112302320,apartment,6,8.5731,8.655424017938678
04112603770,apartment,6,8.9412,8.810656925210607
04112604777,apartment,6,9.1607,8.736447036779133
04113501300,apartment,6,8.6207,8.324177541936901
04113809771,apartment,6,8.7275,8.460136154344854
04114200940,apartment,6,8.9724,8.519554555535876
04114201769,apartment,6,9.028,8.528635236048748
04115205733,apartment,6,8.745,8.31402672103759
04115206111,apartment,6,8.8164,8.30927058024209
04115901160,apartment,6,8.5435,8.26700172929027
04116201881,apartment,6,8.8077,8.404672546431396
04116203750,apartment,6,9.2994,8.207037904998602
04116203955,apartment,6,9.294,8.413184628316248
04116800503,apartment,6,8.7267,8.430455358205075
04118202778,apartment,6,9.1481,8.805070746297677
04118801353,apartment,6,8.8928,8.261689546719
04118803305,apartment,6,9.2197,8.609510969979235
04120301095,apartment,6,9.5665,8.877767781292569
04120301826,apartment,6,9.4967,8.875984228494257
04120303561,apartment,6,9.2725,8.715765864504148
04120303616,apartment,6,9.4488,8.715765864504148
04120800733,apartment,6,8.5646,8.332865205655343
04120800792,apartment,6,8.7345,8.336939852389474
04120900924,apartment,6,8.8,8.254920697337706
04120902307,apartment,6,9.2512,8.417934726480457
04122405734,apartment,6,9.3848,8.73489257499287
04122405785,apartment,6,9.4274,8.733412840268716
04122405904,apartment,6,9.3774,8.729251217072653
04123001033,apartment,6,8.4727,8.193918682329631
04123700942,apartment,6,8.9252,8.452182178259429
04123902960,apartment,6,9.3843,8.668157147626513
04123903029,apartment,6,9.4335,8.680785522019153
04123903746,apartment,6,9.4418,8.677218416422528
04125601070,apartment,6,8.9362,8.618346496748558
04127300531,apartment,6,8.8503,8.4869369789348
04128600474,apartment,6,9.2563,8.478593737772322
04129103938,apartment,6,8.2859,8.583329233878231
04200100959,apartment,1,8.6323,8.704611536810836
04201102424,apartment,1,8.898,8.513718082225555
04201307751,apartment,1,9.4582,9.02741902311094
04201701581,apartment,1,8.2918,8.98148994584276
04201900657,apartment,1,8.5733,8.712886067233635
04202301031,apartment,1,8.7375,8.581378501513043
04203400546,apartment,1,8.4727,8.639122483874882
04204000983,apartment,1,8.6553,8.579218835016015
04204501168,apartment,1,8.668,8.884124215135023
04204600921,apartment,1,8.631,9.014749683957335
04205103891,apartment,1,9.027,9.045633457319376
04207300457,apartment,1,8.9453,8.748486989695003
04207701826,apartment,1,8.6873,8.633585668064562
04208401427,apartment,1,8.6169,8.61682978842544
04210703605,apartment,1,8.9665,8.824284102497767
04210801887,apartment,1,8.3816,8.554157759837214
04211201131,apartment,1,9.0225,8.54621595066283
04211503571,apartment,1,8.507,8.584392711505217
04211801511,apartment,1,8.8014,8.757983776112866
04211801643,apartment,1,8.9408,8.758679241225325
04212506254,apartment,1,8.3155,8.832621398629229
04213201325,apartment,1,8.6485,8.85262962222629
04213900975,apartment,1,8.36,8.877634349711274
04214202775,apartment,1,8.7633,8.896318076061943
04214309251,apartment,1,8.9095,8.853428075630156
04214401557,apartment,1,8.5317,8.813091436884749
04216405592,apartment,1,8.5744,8.677019821769123
04218100578,apartment,1,9.0078,8.746153228793478
04218101213,apartment,1,9.0893,8.860631091354842
04218102651,apartment,1,9.1344,8.852560006656216
04218103836,apartment,1,8.8459,8.50258974234027
04218104506,apartment,1,8.7109,8.538836572417672
04218500649,apartment,1,8.4291,8.743421192142103
04219102477,apartment,1,9.0775,9.024539962828952
04219803238,apartment,1,9.1298,9.004086580421442
04300500878,apartment,1,8.8722,8.43736314941587
04300501297,apartment,1,8.8506,8.445223373645756
04300501327,apartment,1,8.8405,8.436489791168105
04300501610,apartment,1,8.8363,8.440109377481972
04300501750,apartment,1,8.8677,8.478541809001715
04300501777,apartment,1,8.8521,8.433205900684934
04300501785,apartment,1,8.8597,8.497063408705317
04300501841,apartment,1,8.7494,8.498810125200848
04300501858,apartment,1,8.7935,8.443476657150226
04300502846,apartment,1,8.8837,8.43736314941587
04301400461,apartment,1,9.1375,8.32524527258583
04301401458,apartment,1,8.8739,8.409558763393623
04303402605,apartment,1,8.5378,8.293133404306321
04303403075,apartment,1,8.3955,8.293133404306321
04305101092,apartment,1,8.9406,8.29919704668812
04305901862,apartment,1,8.5862,8.213868564811332
04306600971,apartment,1,8.294,8.190565093255461
04306601013,apartment,1,8.32,8.193185167998756
04306701761,apartment,1,8.4885,8.446154831694507
04306704963,apartment,1,8.9648,8.556004998932627
04307101006,apartment,1,8.7156,8.552472744281667
04308001463,apartment,1,8.8615,8.295707940086071
04308001730,apartment,1,8.7948,8.234030084848653
04308200822,apartment,1,7.9866,8.167307853381129
04308300614,apartment,1,8.5006,8.281252807219518
04308400953,apartment,1,8.6712,8.402620262998413
04309200583,apartment,1,8.3576,8.32510661111274
04309501133,apartment,1,9.2377,8.700096202444406
04309503039,apartment,1,9.3157,8.69572941120558
04309700659,apartment,1,8.2798,8.112694605721135
04310204252,apartment,1,9.0484,8.57797601354956
04310204899,apartment,1,9.0257,8.510801673410402
04310205240,apartment,1,8.8357,8.559474149913617
04310601731,apartment,1,8.8207,8.515434325832587
04310701175,apartment,1,8.6528,8.264746252449207
04310702821,apartment,1,8.7118,8.324070303808735
04310703380,apartment,1,8.6839,8.36336141458039
04310704255,apartment,1,8.7197,8.366854847571451
04311301707,apartment,1,8.7298,8.355867108727898
04311901100,apartment,1,8.3774,8.134125429972167
04315400572,apartment,1,8.2489,8.222242939775242
04315401390,apartment,1,8.6456,8.175542655286685
04315800686,apartment,1,8.5259,8.27314078443558
04317901651,apartment,1,8.2538,8.142833372874078
04320002822,apartment,1,8.7934,8.511922432385933
04320300718,apartment,1,8.7361,8.318437603754473
04320302125,apartment,1,8.6464,8.272268896093097
04320400593,apartment,1,8.5172,8.469005406210556
04320401670,apartment,1,8.5172,8.439389597304192
04320402197,apartment,1,8.5607,8.436769522560896
04320402480,apartment,1,8.5459,8.408830006994346
04402200611,apartment,9,8.6507,8.456735418947863
04402202477,apartment,9,8.7033,8.447617432400119
04404001282,apartment,9,8.7226,8.503040805543566
04404005652,apartment,9,8.7859,8.59739979756852
04404400527,apartment,9,8.5297,8.465613505043372
04404401851,apartment,9,8.8135,8.513339203848231
04407800488,apartment,9,8.561,8.37735236232872
04408700754,apartment,9,8.605,8.189126120422241
04408801305,apartment,9,8.4637,8.262712897045239
04409302183,apartment,9,8.722,8.381178737035114
04409302795,apartment,9,8.4888,8.412643744170557
04413001321,apartment,9,8.6458,8.466775665712118
04501801158,apartment,1,8.7881,8.973527372656047
04503902091,apartment,1,8.2997,8.755006181653092
04504001731,apartment,1,8.8012,8.705575491144915
04506302486,apartment,1,8.8304,8.81438001390128
04506702603,apartment,6,8.4829,8.497651177024522
04507901111,apartment,1,8.538,8.826466778271811
04508403166,apartment,1,8.7248,8.591462034471023
04508801579,apartment,6,8.9102,8.169335617720042
04510402449,apartment,6,8.6954,8.491421837881589
04510601034,apartment,6,9.1127,8.248768828805082
04512001204,apartment,1,8.3223,8.752367251492151
04514001023,apartment,1,8.4952,8.71188448220044
04514101524,apartment,1,8.4833,8.840324656220004
04514106161,apartment,1,8.8088,8.822584072773928
04515900609,apartment,1,8.3915,8.598977719943965
04516602865,apartment,6,8.4386,8.192084815487291
04518202953,apartment,6,8.7915,8.204849660937032
04518401573,apartment,6,8.5317,8.213611766533413
04519804302,apartment,6,8.6462,8.20738894130912
04520100402,apartment,6,8.9105,8.353276758051509
04520100712,apartment,6,8.7351,8.149882082212208
04521400914,apartment,6,8.4085,8.189755434745344
04524001808,apartment,6,8.78,8.198625524808062
04524002200,apartment,6,8.5992,8.278524695818898
04524002596,apartment,6,8.6539,8.274957590222272
04528600390,apartment,1,9.197,8.801142699661025
04529803236,apartment,1,7.9729,8.448560341104951
04600600762,apartment,1,8.1817,8.239173667604428
04601102057,apartment,1,8.5359,8.260099952065591
04602011365,apartment,1,8.5429,8.52506195468961
04602011578,apartment,1,8.4734,8.534029269470388
04602014283,apartment,1,8.7734,8.526694220654562
04602014291,apartment,1,8.7661,8.53217502082157
04602303773,apartment,1,8.7806,8.347947548128705
04602902944,apartment,1,7.9436,8.411994975169538
04602906885,apartment,1,8.284,8.423439270384229
04602907164,apartment,1,7.9503,8.456341333054235
04602912044,apartment,1,8.7518,8.417217936253483
04602912109,apartment,1,8.6372,8.53071486727513
04603001381,apartment,1,8.2596,8.563708526263795
04603002149,apartment,1,8.6473,8.4667025173189
04603002157,apartment,1,8.7347,8.464810875021499
04603303165,apartment,1,8.6759,8.479781706312407
04603400969,apartment,1,8.6066,8.318650395752465
04603501978,apartment,1,8.1807,8.246680362083703
04605801391,apartment,1,8.1391,8.673440098024018
04606000971,apartment,1,8.294,8.728006393765353
04606012341,apartment,1,8.8388,8.721238498856476
04606012846,apartment,1,8.7245,8.729489811411419
04606013184,apartment,1,8.8571,8.713968106276614
04606102195,apartment,1,8.8128,8.818239624907505
04610804468,apartment,1,8.2808,8.671646875073142
04611301931,apartment,1,8.905,8.686538548154765
04611600602,apartment,1,7.8775,8.432157665859757
04615000571,apartment,1,8.4118,8.697627931230016
04615101600,apartment,1,8.406,8.661460030890813
04615200781,apartment,1,8.4118,8.712147099922802
04615901321,apartment,1,8.2192,8.477357978550723
04615902107,apartment,1,8.3536,8.67408986483901
04616500282,apartment,1,8.5664,8.478907656518025
04618500875,apartment,1,8.3484,8.560383128336522
04619102997,apartment,1,7.8168,8.577538564138703
04619104523,apartment,1,8.2109,8.620748954697563
04619701254,apartment,1,8.3813,8.62217702022651
04620204048,apartment,1,8.7494,8.270014916568341
04620701351,apartment,1,8.2643,8.635996457928057
04620702285,apartment,1,8.4925,8.754088866642304
04621800639,apartment,1,8.4326,8.261126937287358
04621803621,apartment,1,8.8504,8.49617453981622
04621804022,apartment,1,8.7508,8.480017774715977
04621903004,apartment,1,8.4805,8.486312689660904
04621904000,apartment,1,8.7723,8.610205085379734
04621904167,apartment,1,9.0944,8.60933172713197
04621905295,apartment,1,8.7372,8.625581875407958
04621905554,apartment,1,8.8398,8.622088442416898
04621905813,apartment,1,8.7725,8.624708517160194
04621905831,apartment,1,9.1537,8.622961800664662
04621905988,apartment,1,8.783,8.625581875407958
04621906305,apartment,1,9.0942,8.614149645344789
04621906321,apartment,1,8.7219,8.617297445227113
04621906569,apartment,1,9.0387,8.613276287097024
04621906631,apartment,1,9.1252,8.627328591903488
04621907115,apartment,1,8.7679,8.627328591903488
04621907239,apartment,1,9.1329,8.617297445227113
04621907506,apartment,1,8.7588,8.628201950151254
04621907549,apartment,1,8.7588,8.628201950151254
04621907727,apartment,1,8.4412,8.636918444040276
04622502313,apartment,1,8.4288,8.307457953027864
04624101219,apartment,1,8.8138,8.277063891221022
04624202554,apartment,1,8.6813,8.683926745257972
04624203348,apartment,1,8.8575,8.686546820001269
04624301171,apartment,1,8.269,8.282857079123369
04700401176,apartment,1,8.6682,8.584982258871833
04701701122,apartment,1,8.1951,8.645400066416483
04701702943,apartment,1,8.6849,8.701520173173096
04701802239,apartment,1,8.2351,8.676505022687165
04701805998,apartment,1,8.6277,8.90332659085337
04703102331,apartment,1,8.6885,8.70488906389745
04703502194,apartment,1,8.5972,8.739853862586505
04703601265,apartment,1,8.3766,8.65792379563959
04703603039,apartment,1,8.4882,8.70303313297543
04703603683,apartment,1,8.2013,8.71650325642363
04703803747,apartment,1,8.5265,8.737409558401003
04704002535,apartment,1,7.8604,8.55259322368723
04705001885,apartment,1,8.24,8.669963814957528
04705005821,apartment,1,8.8231,8.80674103771913
04705006194,apartment,1,8.7891,8.808105391718044
04705501969,apartment,1,8.903,8.757023569819376
04705801873,apartment,1,8.3827,8.623893784133609
04705902920,apartment,1,8.8866,8.71073931245191
04706100836,apartment,1,8.7571,8.766554772522586
04706101050,apartment,1,8.8006,8.770968099652345
04706601908,apartment,1,8.5523,8.775873141376312
04707702279,apartment,1,8.4844,8.670204133541402
04707702880,apartment,1,8.2901,8.59968861629939
04708006128,apartment,1,8.8841,8.731591735509337
04708601328,apartment,1,8.6467,8.741218872862989
04708601492,apartment,1,8.3432,8.722662320063618
04709707588,apartment,1,8.71,8.480258508667527
04710301123,apartment,1,8.4607,8.578611708161928
04710301522,apartment,1,8.3822,8.56201327745615
04710407134,apartment,1,8.7612,8.534725726662222
04710508240,apartment,1,8.46,8.531982712820943
04710508615,apartment,1,8.5887,8.526742563334352
04710701172,apartment,1,8.4556,8.576617096594617
04715901439,apartment,1,8.3103,8.421000979275547
04716000974,apartment,1,8.1654,8.379614883041672
04716003248,apartment,1,8.8467,8.386917023984015
04716101381,apartment,1,8.4239,8.440364716107805
04716201511,apartment,1,8.9685,8.519330117903586
04716601706,apartment,1,8.3837,8.324181994366887
04716800334,apartment,1,8.6125,8.332715788159074
04716800687,apartment,1,8.3994,8.351914099493873
04717003179,apartment,1,8.2275,8.282300713316724
04717302710,apartment,1,8.5797,8.396630994220338
04717407733,apartment,1,8.8109,8.560661929470827
04719301614,apartment,1,8.3054,8.16060388083605
04719402951,apartment,1,8.4431,8.276624381935694
04719500900,apartment,1,8.1763,8.299864843893612
04719600972,apartment,1,8.0758,8.290703624163982
04719604056,apartment,1,8.6689,8.362585345626208
04719604692,apartment,1,8.607,8.365174588295867
04720201814,apartment,1,7.977,8.201073167336936
04720203833,apartment,1,9.0269,8.595938699862787
04720204287,apartment,1,8.8585,8.498436305385674
04720204635,apartment,1,8.8544,8.592445266871726
04720301630,apartment,1,8.3853,8.217865640946581
04720301851,apartment,1,8.5172,8.381317775127691
04720306527,apartment,1,8.5756,8.175062799904
04720401201,apartment,1,8.408,8.233769868517262
04720502121,apartment,1,8.2423,8.24195601986197
04720803229,apartment,1,8.4335,8.263752319014035
04720803369,apartment,1,8.6248,8.346682867604162
04721302169,apartment,1,8.3741,8.52760016060679
04721901178,apartment,1,8.4239,8.32730916057308
04721901208,apartment,1,8.4664,8.328182518820846
04722002411,apartment,1,8.2962,8.387371449263464
04722002479,apartment,1,8.2777,8.401296037430146
04722002711,apartment,1,8.2668,8.35262784241504
04724000937,apartment,1,8.3536,8.434612836015106
04726400517,apartment,1,8.4402,8.629011684202588
04726401416,apartment,1,8.7786,8.694299214829787
04727805448,apartment,1,8.2079,8.42011358219258
04727901056,apartment,1,8.2548,8.56758665030747
04728507361,apartment,1,8.0525,8.483951981791355
04728509729,apartment,1,8.9072,8.776091080481041
04803701903,apartment,1,8.3669,8.341914164923278
04805903457,apartment,1,8.6096,8.501635219681228
04810009726,apartment,1,8.0505,8.333237379564077
04812300525,apartment,1,8.1926,8.330052429232783
04812402506,apartment,1,8.2769,8.331223521685121
04824803667,apartment,1,8.3385,8.126178373332731
04827801320,apartment,1,7.8512,8.409343073359846
04841200479,apartment,1,8.1987,8.373424847448193
04843100641,apartment,1,8.4931,8.265701597114022
04900601292,apartment,1,8.1569,8.124233349079214
04900603821,apartment,1,8.6578,8.24208159659404
04901000578,apartment,1,8.2792,8.059108024384981
04901000632,apartment,1,8.4144,8.015716854704637
04904800923,apartment,1,7.9442,8.29175534882193
04905202892,apartment,1,8.4737,8.391548919766516
04905203228,apartment,1,8.4047,8.389802203270985
04905203783,apartment,1,8.569,8.391548919766516
04906003540,apartment,1,8.1481,8.505819765154847
04906005543,apartment,1,8.3425,8.507887841938764
04906600816,apartment,1,8.9872,8.480377197824
04906601375,apartment,1,8.7403,8.48212391431953
04906701124,apartment,1,8.055,8.22856868416823
04906801927,apartment,1,8.5103,8.326107067835881
04907900589,apartment,1,8.3868,8.34886136676593
04909406026,apartment,1,7.835,8.414679025737547
04910201629,apartment,1,8.0268,8.200311581183211
04910700811,apartment,1,8.1238,8.404296720563298
04911503270,apartment,1,8.3007,8.33129967490709
04911503416,apartment,1,8.1356,8.280537697123153
04911503912,apartment,1,8.4157,8.283157771866447
04911901985,apartment,1,8.6148,8.419651131826832
04912105619,apartment,1,8.5451,8.364951439715906
04912107549,apartment,1,8.4981,8.365824797963672
04912200425,apartment,1,8.1117,8.283081732248625
04914310317,apartment,1,8.2468,8.325319562072924
04914311631,apartment,1,8.0208,8.319206054338567
04914313881,apartment,1,8.1225,8.323572845577393
04914328372,apartment,1,7.9866,8.32665446809468
04914331063,apartment,1,8.2253,8.344433733368119
04914337614,apartment,1,8.3986,8.38081285067168
04914501945,apartment,1,8.6965,8.348108446911356
04914502739,apartment,1,8.7096,8.30709718968077
04915200841,apartment,1,7.7475,8.281159000218244
04919703041,apartment,1,8.1964,8.299104917165332
04919705107,apartment,1,8.2199,8.330893690607944
04919705972,apartment,1,8.1751,8.326986345691385
04919803958,apartment,1,8.7469,8.319982773106048
04920401124,apartment,1,8.0217,8.229601278100594
04922201882,apartment,1,8.565,8.378718180836492
04922900871,apartment,1,8.476,8.343523289340993
04926501406,apartment,1,8.2714,8.398400781046337
04926502240,apartment,1,8.238,8.406261005276225
04928606124,apartment,1,8.3715,8.661911138809659
04928612736,apartment,1,8.6638,8.664863840725111
04942100569,apartment,1,8.2808,8.282393789867296
04945401144,apartment,1,8.2137,8.26064599452734
04946600851,apartment,1,8.1385,7.949041124130782
04946603212,apartment,1,7.9619,7.965318721209435
04948100668,apartment,1,7.5844,7.854094710663562
04948100897,apartment,1,7.6193,7.874969245200129
05000801512,apartment,1,8.7343,8.15536741435596
05001302153,apartment,1,8.4877,8.417898889808237
05001303982,apartment,1,8.4417,8.413532098569412
05001304636,apartment,1,8.5575,8.353154708886207
05002402283,apartment,1,8.6583,8.282417079349184
05007201375,apartment,1,8.3119,8.118586963732136
05007202118,apartment,1,8.7113,8.21687024936638
05007202185,apartment,1,8.7308,8.221237040605207
05007203361,apartment,1,8.3165,8.220800103599323
05009200945,apartment,1,8.3124,8.157553848664465
05012100182,apartment,1,8.4154,8.45596886336385
05012101308,apartment,1,8.3413,8.456842221611616
05013601479,apartment,1,8.392,8.106445211331799
05013900591,apartment,1,8.0856,8.407517331286698
05013901936,apartment,1,8.4631,8.439882167270355
05015402368,apartment,1,8.2771,8.40333449194799
05015403356,apartment,1,8.2334,8.408490442205737
05016403295,apartment,1,8.5862,8.640534583517063
05016404305,apartment,1,8.6971,8.638787867021533
05016602476,apartment,1,8.3615,8.394867664576811
05021902301,apartment,1,7.9749,8.339505949452517
05022205416,apartment,1,8.6498,8.176721026050533
05023802140,apartment,1,8.387,8.250520656286522
05023807568,apartment,1,8.3473,8.338430720850997
05023808769,apartment,1,8.3324,8.341050795594294
05023809358,apartment,1,8.183,8.26724417379628
05023812103,apartment,1,7.9911,8.275104398026166
05023814386,apartment,1,8.2659,8.408670236217379
05023815137,apartment,1,8.3059,8.371508080411127
05023816729,apartment,1,7.9184,8.359457833669206
05100906881,apartment,9,8.6246,8.388069123804101
05101100404,apartment,9,8.6495,8.323605603903545
05101705322,apartment,9,8.5603,8.44870794482723
05101708356,apartment,9,7.769,8.463761831732409
05102302698,apartment,9,8.8226,8.599539841748026
05103702940,apartment,9,8.209,8.465254546667538
05103703424,apartment,9,8.1128,8.46614231175274
05104603369,apartment,9,8.1729,8.456543170754665
05106101255,apartment,9,8.534,8.069716002759485
05106102464,apartment,9,8.37,8.066679631821287
05106300479,apartment,9,7.9866,7.84459603023182
05106501245,apartment,9,8.1668,7.811509401768408
05108900783,apartment,9,8.0878,8.142893186888289
05115503700,apartment,9,8.746,8.244479945178737
05117300701,apartment,9,8.5885,8.15245338386018
05117300718,apartment,9,8.6006,8.152326560276581
05125701602,apartment,9,7.9212,8.29119812890725
05125901202,apartment,9,7.9434,8.293718311404547
05126000462,apartment,9,8.2978,8.401556393174108
05126100912,apartment,9,8.1358,8.337210863140381
05126205129,apartment,9,8.3994,8.228251914963646
05126205331,apartment,9,8.6763,8.395038138957092
05126205803,apartment,9,8.9692,8.511367631317551
05126206214,apartment,9,8.8998,8.495345296022808
05126800248,apartment,9,8.5774,8.277206910505585
05130602196,apartment,9,8.2659,8.536206293054168
05130605993,apartment,9,8.3712,8.535572175136167
05130610385,apartment,9,8.2816,8.535952645886969
05130617134,apartment,9,8.2329,8.511668251981135
05130620135,apartment,9,8.4978,8.497431012343034
05130620380,apartment,9,8.478,8.497431012343034
05130622367,apartment,9,8.5869,8.519226867178027
05130622545,apartment,9,8.4219,8.566626813414583
05131500990,apartment,9,8.7628,8.173648642978057
05131701473,apartment,9,8.381,8.139220643493498
05131701971,apartment,9,8.3383,8.121658881941412
05133805950,apartment,9,8.2749,8.095675975023363
05134102384,apartment,9,8.6785,8.030472081441609
05134102661,apartment,9,8.5684,8.029711139940007
05200204313,apartment,9,8.7615,8.366474917755497
05201200941,apartment,9,8.4034,8.424200135615035
05202401590,apartment,9,8.087,8.132329794505015
05202901542,apartment,9,8.3328,8.375414492351204
05203200841,apartment,9,8.5952,8.328595470928395
05203302431,apartment,9,8.1951,8.321531070608776
05203602441,apartment,9,8.566,8.452495694183844
05204801227,apartment,9,8.8571,8.486817522124943
05205401427,apartment,9,8.2124,8.360389050099014
05205601213,apartment,9,8.3728,8.593899667466454
05205802456,apartment,9,8.643,8.350501777009729
05206100862,apartment,9,8.3205,8.366427263210287
05206600903,apartment,9,8.0997,8.263110542651578
05208114461,apartment,9,8.8049,8.297031692628732
05208201062,apartment,9,7.9849,8.291724751252683
05209002632,apartment,9,8.4267,8.362230225735036
05209002667,apartment,9,8.3563,8.361722931400635
05209201813,apartment,9,8.646,8.322925473861194
05209205452,apartment,9,8.7424,8.448900622897726
05210601781,apartment,9,7.9875,8.189688471618219
05211900413,apartment,9,7.9303,8.231545336582608
05211901282,apartment,9,8.7243,8.256378273628227
05215800731,apartment,9,8.635,8.57429982516959
05223004000,apartment,9,8.566,8.41054556394941
05223005481,apartment,9,8.5511,8.389944324394266
05224604060,apartment,9,8.7275,8.309956759250461
05224604133,apartment,9,8.7323,8.2975766858132
05302202506,apartment,9,8.372,8.41572293793008
05303303101,apartment,3,8.5086,8.566616557051162
05303305491,apartment,3,8.4219,8.601242399756812
05328900839,apartment,3,8.7465,8.64362135411503
05333904456,apartment,9,8.5698,8.61732067621573
05400500765,apartment,9,8.2714,8.320765116499757
05401601591,apartment,9,8.3139,8.357779842799788
05401803605,apartment,9,8.612,8.377619583539078
05402906378,apartment,9,8.7029,8.599740019071453
05404201568,apartment,9,8.6972,8.358411450325498
05404907207,apartment,9,8.5778,8.415707867331948
05405101907,apartment,9,8.294,8.495376482561248
05405203270,apartment,9,8.7916,8.632788152489644
05407301385,apartment,9,8.6166,8.47640011275719
05407301644,apartment,9,8.0546,8.519682550002596
05407301717,apartment,9,8.6432,8.476146465589988
05410602498,apartment,9,8.8474,8.436999371164404
05410602668,apartment,9,8.7139,8.436365253246404
05411312892,apartment,9,8.8796,8.318519118912878
05411401674,apartment,9,8.5839,8.51929810356934
05411503760,apartment,9,8.6961,8.495515598410337
05412201431,apartment,9,8.4295,8.247140596938358
05412503411,apartment,9,8.98,8.407184023389755
05412601121,apartment,9,8.0247,8.20816842336632
05412601510,apartment,9,8.3404,8.15448278983849
05414001677,apartment,9,8.4374,8.293211018831787
05414400921,apartment,9,7.7266,8.086642046682158
05415804188,apartment,9,8.8004,8.121019430862802
05416400501,apartment,3,8.5952,8.616029500073159
05417702722,apartment,9,8.6192,8.380472697395547
05419901218,apartment,9,7.5213,8.16579679669979
05420001705,apartment,9,8.9453,8.278565537581988
05420806304,apartment,9,8.6858,8.67789253581551
05423601487,apartment,9,8.8075,8.145949607620015
05501400839,apartment,3,8.7072,8.546333951950508
05501900629,apartment,3,8.6398,8.544837338048787
05504401305,apartment,3,7.9782,8.135758791648463
05505100880,apartment,3,7.9335,8.135625717048134
05509201630,apartment,3,8.9128,8.26686448088549
05509201975,apartment,3,8.9362,8.328372779001972
05512500430,apartment,3,8.2463,8.258287368319062
05512501828,apartment,3,8.3349,8.275133158019749
05512503839,apartment,3,8.3897,8.28549519253181
05518201486,apartment,3,8.1706,8.646066038054396
05519701245,apartment,3,8.5172,8.779304741734663
05519901015,apartment,3,8.3716,8.489776927893216
05520103445,apartment,3,8.3205,8.562110110171783
05520601003,apartment,9,8.8043,8.505062971344312
05525801371,apartment,3,8.2126,8.340999804871357
05527102398,apartment,3,8.3497,8.533624667258938
05537300885,apartment,3,8.0341,8.287439037601496
05538001105,apartment,3,8.3774,8.438421420322694
05604003751,apartment,3,8.3243,8.478267734258724
05605101080,apartment,3,8.2212,8.446007241898569
05605103474,apartment,3,8.2889,8.484680530137966
05606800713,apartment,9,8.4584,8.503668854392203
05606802937,apartment,9,8.5913,8.48139610320721
05607905195,apartment,3,8.7881,8.576418254121947
05609001676,apartment,3,8.6288,8.53948117097789
05609001781,apartment,3,8.6552,8.518230961230651
05609002451,apartment,3,8.5778,8.53948117097789
05609002532,apartment,3,8.6627,8.539342063871336
05609004330,apartment,3,8.6467,8.507144586329174
05609004438,apartment,3,8.5356,8.51093474956493
05609804019,apartment,9,8.3578,8.492357809000362
05609804299,apartment,9,8.3862,8.492357809000362
05609805724,apartment,9,8.3961,8.492991926918364
05609813379,apartment,9,8.7536,8.683779012749707
05611403174,apartment,3,8.2903,8.232236617621787
05612305532,apartment,9,8.8961,8.306712577733757
05614800352,apartment,9,8.2346,8.228953338379817
05615201436,apartment,9,8.4188,8.345242183580723
05616402222,apartment,9,8.0962,8.127868184299812
05617300660,apartment,3,8.5374,8.330351613254306
05617501003,apartment,9,8.1578,8.286879056445954
05617703943,apartment,3,8.3075,8.37455444314804
05617704540,apartment,3,8.3326,8.415075107910011
05619901531,apartment,3,8.9497,8.33717028454836
05620603806,apartment,3,8.3933,8.21325254248865
05620606104,apartment,3,8.311,8.313004600171794
05621600721,apartment,9,8.3423,8.5324555651299
05623802761,apartment,3,8.4431,8.394767955963054
05700201208,apartment,3,8.3413,8.647455237233261
05700701294,apartment,3,8.7068,8.451588569183578
05700701529,apartment,3,8.6115,8.451588569183578
05700703971,apartment,3,8.5172,8.451692627084064
05700704196,apartment,3,8.4764,8.419709320442735
05700704226,apartment,3,8.5817,8.419477475265145
05700704641,apartment,3,8.5172,8.41938473719411
05700705427,apartment,3,8.2752,8.481583646853998
05700706032,apartment,3,8.8049,8.523802764262616
05700706733,apartment,3,8.9394,8.534271855779828
05700707111,apartment,3,9.028,8.447453806152563
05701702170,apartment,3,8.7675,8.456059633795142
05702002776,apartment,3,8.686,8.316765556131562
05702201698,apartment,3,8.7201,8.661190449236788
05702203003,apartment,3,8.8888,8.661004973094716
05702301056,apartment,3,8.6638,8.584779606143236
05704801137,apartment,3,7.9817,8.22810998259055
05704902308,apartment,3,8.3265,8.22404193311702
05708501278,apartment,3,8.2481,8.421569794313033
05724301210,apartment,3,8.316,8.151044406807127
05724900629,apartment,3,8.1577,8.267144281526331
05726601254,apartment,3,8.2199,8.621853835523305
05728900372,apartment,3,8.1377,8.605366825842644
05800601194,apartment,3,7.6669,8.31925208762189
05800601283,apartment,3,8.0508,8.31948393279948
05800800936,apartment,3,8.2338,8.36514106856914
05801601392,apartment,3,8.1837,8.71005321153791
05801901035,apartment,3,8.5913,8.563989282605064
05802601396,apartment,3,8.4285,8.560917658458258
05802602791,apartment,3,8.4678,8.609267042896757
05804401734,apartment,3,8.2563,8.311083756724658
05804402481,apartment,3,8.2673,8.27992633243004
05805101130,apartment,3,8.6148,8.827450661110714
05805600625,apartment,3,8.4839,8.80618664175579
05805600651,apartment,3,8.4494,8.806233010791308
05806101495,apartment,3,8.4293,8.365754486157702
05807500482,apartment,3,8.6424,8.742453261362135
05808301521,apartment,3,8.5352,8.805175593289299
05809501648,apartment,3,8.0709,8.301730393298492
05809900941,apartment,3,8.1325,8.247037865581882
05810301010,apartment,3,8.129,8.329726632103384
05810302874,apartment,3,8.2653,8.476201030761368
05815802141,apartment,3,8.6082,8.595425681096433
05815804770,apartment,3,8.665,8.586435626491626
05815805696,apartment,3,8.5499,8.538451809649544
05815808741,apartment,3,8.8239,8.770262906906094
05816101544,apartment,3,7.9706,8.54010078792005
05816401025,apartment,3,8.4317,8.638552955800696
05818901696,apartment,3,8.4882,8.563225356505292
05819601017,apartment,3,8.4616,8.737091654374954
05821900557,apartment,3,8.342,8.823856125172192
05821900654,apartment,3,8.3385,8.827486014937358
05822700772,apartment,3,8.0472,8.810029511065046
05902904412,apartment,3,8.6507,8.542590752696576
05903601073,apartment,3,7.8937,8.376614633319411
05904100973,apartment,3,8.0221,8.46544914608885
05904902727,apartment,3,8.4519,8.379189708610099
05905204713,apartment,3,8.2465,8.390611452539718
05905205434,apartment,3,8.3133,8.407660190084874
05906302565,apartment,3,8.4254,8.580483360652941
05907704411,apartment,3,8.0766,8.65660489522841
05911001314,apartment,3,8.5791,8.682289949197466
05912001271,apartment,3,8.2149,8.61264951538334
05916501171,apartment,3,8.7355,8.738787756046834
05916501579,apartment,3,8.7362,8.742864683842567
05922401319,apartment,3,8.3439,8.549128428813743
05923101904,apartment,3,8.3252,8.486176104952431
05923104652,apartment,3,8.2836,8.474687408838731
05927703143,apartment,3,8.397,8.427007088726196
06003405066,apartment,3,8.1007,8.226820154223871
06004500585,apartment,3,7.9503,7.877255563606724
06006001462,apartment,3,8.1124,8.311453685810331
06006001608,apartment,3,8.0766,8.311453685810331
06006001640,apartment,3,8.0178,8.311407316774813
06006001659,apartment,3,8.1117,8.311175471597224
06008801741,apartment,3,8.294,8.0277172244621
06008801903,apartment,3,8.388,8.027763593497617
06020003302,apartment,3,7.4757,8.288562907928613
06024206305,apartment,3,8.3413,8.131658690905724
06026001506,apartment,3,8.0472,8.04260461383459
06029905341,apartment,3,8.3516,8.105825526841139
06029909703,apartment,3,8.2795,8.271054616711108
06032800547,apartment,3,7.8545,7.960469405012172
06100101254,apartment,3,8.101,8.042075393032079
06103201756,apartment,3,8.1117,8.486023845335753
06103602890,apartment,3,8.0934,8.542602014706327
06103803098,apartment,3,8.0555,8.413427968093902
06107801057,apartment,3,8.0882,8.426205796530901
06109502332,apartment,3,8.503,8.513525960279662
06110301205,apartment,3,8.435,8.460555949902743
06111702319,apartment,3,8.5322,8.526270382650143
06114803973,apartment,3,8.3007,8.410654514447822
06115606357,apartment,3,8.6732,8.481835705924102
06116000479,apartment,3,8.2667,8.192732339987227
06202501881,apartment,9,8.6847,8.327493511249846
06202502312,apartment,9,8.5836,8.29782105934932
06203200417,apartment,9,8.2019,8.26004128811686
06204302310,apartment,9,8.5076,8.428800765825496
06206107681,apartment,9,7.9804,8.215250309540009
06206110168,apartment,9,8.2267,8.236130426402068
06206111288,apartment,9,7.9795,8.238215537877169
06206111733,apartment,9,7.9825,8.26471471880626
06206113833,apartment,9,8.3441,8.383699791242705
06206121631,apartment,9,8.534,8.537744273230977
06206126994,apartment,9,8.2553,8.537617449647376
06208007364,apartment,9,8.8524,8.492679558295052
06208007712,apartment,9,8.6876,8.49217226396065
06208014115,apartment,9,8.7371,8.497701670962982
06208014123,apartment,9,8.7606,8.489120097375633
06210517196,apartment,9,9.1334,8.432841748862037
06211400985,apartment,9,8.1413,8.182685524938455
06211602413,apartment,9,8.3822,8.308371553544907
06211603827,apartment,9,8.6446,8.518786645815736
06211801742,apartment,9,8.6378,8.502313328658813
06211803176,apartment,9,8.535,8.502186505075212
06212001014,apartment,9,8.0796,8.302933079241573
06212102031,apartment,9,8.507,8.27515271702715
06212204225,apartment,9,8.8251,8.39516371716629
06212300501,apartment,9,8.9833,8.3041089654307
06212605361,apartment,9,8.534,8.405505532567929
06212605890,apartment,9,8.3019,8.30717472541231
06212606455,apartment,9,8.6443,8.405125061817127
06217204691,apartment,9,8.5495,8.523690432644022
06219002202,apartment,9,8.1759,8.227988720589543
06219201671,apartment,9,8.3198,8.283423277012089
06221001889,apartment,9,8.7614,8.273351037878822
06221203821,apartment,9,8.1435,8.359236573368928
06224202613,apartment,9,8.7685,8.560358310995266
06224204349,apartment,9,8.8061,8.806435343630113
06224404747,apartment,3,8.6284,8.21972947870782
06224405621,apartment,3,8.6148,8.194561366904768
06224405727,apartment,3,8.392,8.219636740636783
06224405751,apartment,3,8.6671,8.219404895459194
06224409129,apartment,3,8.0218,8.215017511683921
06224415315,apartment,3,8.1213,8.179926655982952
06224415358,apartment,3,8.2431,8.130438217153106
06224417350,apartment,3,7.9844,8.214118082951853
06224421587,apartment,3,8.2727,8.251294677340011
06224422516,apartment,3,8.1006,8.256047248704839
06302500370,apartment,9,8.1987,8.226926031110159
06307001666,apartment,9,8.2548,8.364461609750718
06307001674,apartment,9,8.3618,8.360699172677926
06307703857,apartment,9,8.3576,8.413457452457223
06307704292,apartment,9,8.3183,8.41218921662122
06307707828,apartment,9,8.2199,8.390019344129726
06307708158,apartment,9,8.294,8.390653462047728
06307708336,apartment,9,8.2683,8.442107348747687
06307709170,apartment,9,8.2365,8.394424799125227
06308702021,apartment,9,8.1468,8.3621812086533
06308702765,apartment,9,8.2295,8.333365514219038
06310202448,apartment,9,8.3261,8.381680403415146
06310901966,apartment,9,8.1043,8.218825381575192
06410903316,apartment,4,8.294,8.562037545289648
06417402681,apartment,9,8.2567,8.547531172305007
06422301618,apartment,4,8.7529,8.494387744487
06422401957,apartment,4,8.2217,8.450912638866926
06503200757,apartment,4,7.9514,8.328895266087356
06510000792,apartment,4,8.7403,8.539420514537984
06510502488,apartment,4,8.4912,8.400045837226905
06510502704,apartment,4,8.5172,8.400045837226905
06510504456,apartment,4,8.7725,8.466266451444149
06512200721,apartment,4,8.2182,8.312889997047295
06512200756,apartment,4,8.6237,8.308801984707756
06609402851,apartment,4,8.323,8.423076927288802
06609403600,apartment,4,8.2059,8.395337929457208
06612703628,apartment,4,8.5288,8.335616381419408
06615301679,apartment,4,8.3888,8.381496609481264
06629400631,apartment,4,8.5027,8.10655982678437
06629400641,apartment,4,8.6507,8.164006262335397
06663103008,apartment,4,8.3517,8.178305517188216
06663200305,apartment,4,8.3688,8.183746665070714
06706102040,apartment,4,8.4991,8.410101874295203
06713400841,apartment,4,8.6059,8.487004440410676
06715303096,apartment,4,8.4024,8.513839057168669
06716901701,apartment,4,8.3547,8.597902329346638
06716902392,apartment,4,8.3115,8.631133123386121
06718206466,apartment,4,8.0879,8.422771306433214
06718206997,apartment,4,8.0997,8.419705360208235
06718401821,apartment,4,8.5001,8.622573982372963
06718601845,apartment,4,8.2035,8.399702546709406
06718604852,apartment,4,8.8049,8.575012158678126
06718607835,apartment,4,8.3913,8.603762935601477
06719101048,apartment,4,8.0905,8.386526619108631
06719101323,apartment,4,8.0905,8.385935216888623
06721401071,apartment,4,8.3593,8.438597923975324
06722408779,apartment,4,8.7767,8.606292337543316
06722601935,apartment,4,7.6557,8.306996977186767
06722702839,apartment,4,8.7536,8.622593246405613
06724701171,apartment,4,8.6392,8.639525849318643
06725400485,apartment,4,8.0943,8.359888064437149
06726201206,apartment,4,8.0098,8.343241982289987
06726803591,apartment,4,8.609,8.567907916847119
06727800332,apartment,4,8.6744,8.601616343349516
06728001409,apartment,4,8.4717,8.487547956409665
06728004629,apartment,4,8.4244,8.529114292367307
06734700909,apartment,4,8.4171,8.506100221887424
06735200500,apartment,4,8.0038,8.306932836801703
06738301537,apartment,4,8.4547,8.49831829904475
06738502672,apartment,4,8.0331,8.363507162268707
06747500512,apartment,4,8.0375,8.284202203415479
06800802891,apartment,4,8.8634,8.657288908752905
06801100866,apartment,4,8.1622,8.421697770456264
06801101331,apartment,4,8.342,8.674828080286384
06801504037,apartment,4,8.6924,8.680843186779853
06802301105,apartment,4,8.5042,8.718288884726311
06802701154,apartment,4,8.5172,8.627301362310627
06802701162,apartment,4,8.478,8.61966830193351
06802701197,apartment,4,8.5172,8.627301362310627
06802701219,apartment,4,8.478,8.61966830193351
06803501035,apartment,4,8.5905,8.398943077819895
06803800970,apartment,4,7.8584,8.308638709662784
06803905357,apartment,4,8.5949,8.660402988828459
06804002237,apartment,4,8.6995,8.708580946864574
06804100549,apartment,4,8.5043,8.44539121450235
06804100948,apartment,4,8.5045,8.43818075184624
06804104366,apartment,4,8.9227,8.691368655403853
06809501061,apartment,4,8.5024,8.365651076927357
06809601260,apartment,4,8.5473,8.437915047530062
06816201401,apartment,4,8.6006,8.610379483970087
06816600894,apartment,4,8.6484,8.447630937237607
06816800796,apartment,4,8.5805,8.701246054545994
06819400861,apartment,4,7.502,8.328931453793492
06823000538,apartment,4,8.0577,8.4196455959806
06837100971,apartment,4,8.3664,8.502627928653617
06837101056,apartment,4,8.3907,8.501874218684073
06843200664,apartment,4,8.6197,8.642018573210136
06843200699,apartment,4,8.7796,8.642018573210136
06843401058,apartment,4,8.5994,8.726556823444247
06844201052,apartment,4,8.4151,8.495547109166509
06845001121,apartment,4,8.3459,8.426843116581049
06850701126,apartment,4,8.1918,8.459149492857474
06900601170,apartment,4,8.7968,8.780882626762128
06901702124,apartment,4,8.107,8.398291012242106
06903300945,apartment,4,8.4547,8.391499375066488
06904901101,apartment,4,8.3647,8.428092909627148
06905900508,apartment,4,8.3853,8.48524783679871
06905902012,apartment,4,8.2594,8.470232144512869
06906501089,apartment,4,7.9771,8.356607541041198
06907101671,apartment,4,8.2295,8.477389160842332
06907804263,apartment,4,8.6713,8.603373826730143
06907804549,apartment,4,8.6835,8.577283854124518
06908201181,apartment,4,9.2883,8.72396446613237
06909501233,apartment,4,8.1448,8.365250980241484
06909502175,apartment,4,8.0965,8.233993034872052
06909800788,apartment,4,8.1586,8.424435754080422
06912300839,apartment,4,8.4188,8.537891216973579
06915802223,apartment,4,8.1361,8.165956815772393
06916302781,apartment,4,8.1971,8.240548067355313
06916306246,apartment,4,8.0381,8.172637634643038
06916306513,apartment,4,7.972,8.284902970001466
06916309431,apartment,4,8.442,8.281982735430422
06916402741,apartment,4,8.5442,8.354098857386491
06916502703,apartment,4,8.5092,8.49623286519259
06916603135,apartment,4,8.3453,8.327078734567463
06916801336,apartment,4,8.1532,8.359768010262567
06917500887,apartment,4,8.213,8.185815124914537
06917701955,apartment,4,8.7429,8.550170372052328
06919001764,apartment,4,8.4089,8.45911945388898
06920400901,apartment,4,8.3862,8.478961447804538
06920504790,apartment,4,7.7231,8.301462641559505
06920506432,apartment,4,8.5869,8.436728358365938
06920514427,apartment,4,8.3774,8.576076950295016
06920800764,apartment,4,8.0413,8.395297955489498
07004304272,apartment,4,8.4616,8.58905474088455
07004602117,apartment,4,8.4727,8.564305947599713
07004602176,apartment,4,8.4575,8.567854360919759
07004602230,apartment,4,8.4584,8.60789042235641
07004602265,apartment,4,8.4878,8.569628567579782
07009101469,apartment,4,8.1084,8.404529798847031
07011600736,apartment,4,8.7767,8.673975969139452
07013100552,apartment,4,8.5359,8.749460756781781
07014800566,apartment,4,8.2973,8.428691941755515
07015000873,apartment,4,8.5826,8.317116006808746
07015006650,apartment,4,7.9353,8.403009133143923
07016102742,apartment,4,8.1315,8.517307021299027
07016104087,apartment,4,8.1467,8.469701366668906
07016110966,apartment,4,8.089,8.5606596251754
07016111563,apartment,4,8.2314,8.462876315471089
07016500993,apartment,4,8.1435,8.553647408413712
07021901763,apartment,4,8.0554,7.984163372175663
07022304211,apartment,4,8.4289,8.454930439197849
07022304300,apartment,4,8.3349,8.456939681224707
07022304531,apartment,4,8.3245,8.404381693540682
07023009167,apartment,4,8.0743,8.365525373267271
07023010785,apartment,4,8.1117,8.392886594450426
07023013067,apartment,4,8.6624,8.616862732252006
07023013202,apartment,4,8.7443,8.662826426823692
07030000439,apartment,4,8.0426,8.437844990317675
07030000811,apartment,4,8.0775,8.439619196977697
07030001461,apartment,4,8.045,8.461967229379699
07030100344,apartment,4,8.0317,8.38869838440369
07030100611,apartment,4,8.1213,8.392246797723736
07030501063,apartment,4,7.9753,8.416512056233358
07030904370,apartment,4,8.1178,8.36119548212268
07030905105,apartment,4,8.0725,8.372316977294401
07030905385,apartment,4,8.2456,8.361786884342688
07032500366,apartment,4,8.4619,8.331657206247629
07032609821,apartment,4,8.2453,8.522681910855336
07032611508,apartment,4,8.2409,8.517626711793303
07032613128,apartment,4,8.6618,8.344825553407793
07032615392,apartment,4,8.6144,8.424119798329103
07036800186,apartment,4,7.8753,8.372907332616595
07041302008,apartment,4,8.5405,8.701553283623184
07041700712,apartment,4,7.8911,8.41483085114632
07103701679,apartment,4,7.8025,7.9722640507039575
07105203781,apartment,4,7.9749,8.016220227050336
07105204532,apartment,4,7.8823,8.08123947519865
07106001511,apartment,4,7.8539,7.9965344662412825
07106301574,apartment,4,7.6323,7.8142433472087545
07106405711,apartment,4,8.3994,8.153967506018779
07106405868,apartment,4,8.4821,8.193682826045531
07108301393,apartment,4,8.253,8.161182083806027
07108305641,apartment,4,7.9406,8.076389366803035
07108306441,apartment,4,8.0529,8.025054530641091
07110700879,apartment,4,7.9014,8.087798229690707
07114301081,apartment,4,8.3665,8.072256352183127
07114403860,apartment,4,7.6857,8.024242643358118
07118803601,apartment,4,8.0923,8.030858993544593
07118807362,apartment,4,8.4545,7.93435878170464
07118807524,apartment,4,8.2954,7.933767379484633
07121101564,apartment,4,8.2515,8.442056526920348
07122002888,apartment,4,8.4514,8.483937265574626
07131004472,apartment,4,7.9971,7.980356121464721
07133902117,apartment,4,8.7218,8.404073344574892
07133902710,apartment,4,8.6837,8.394108601215079
07133904101,apartment,4,8.6546,8.445529128326655
07136002370,apartment,4,8.1775,8.071228655203425
07136003075,apartment,4,8.3253,8.067903698566228
07136807867,apartment,4,8.0225,8.200413518807787
07136812461,apartment,4,8.6713,8.328175607961713
07136826578,apartment,4,8.3391,8.228983755507954
07136900921,apartment,4,8.0141,8.289188342790192
07137401244,apartment,4,8.1328,8.286912944606462
07137604005,apartment,4,7.7877,8.053850333592779
07141601457,apartment,4,8.1588,8.192665722167414
07141605592,apartment,4,8.7082,8.258072417860244
07142000880,apartment,4,7.8649,8.205509332895764
07142300426,apartment,4,8.4427,8.079064215351584
07142500638,apartment,4,7.9194,8.038430323423405
07143106674,apartment,4,8.0932,8.144609462793445
07143111368,apartment,4,8.2861,8.111494784287558
07143114197,apartment,4,8.5329,8.107238942037501
07143116157,apartment,4,8.2861,8.107238942037501
07143122191,apartment,4,8.3444,8.113700681997075
07143500585,apartment,4,8.0598,8.105290318892882
07143802565,apartment,4,8.4454,8.190900211167465
07143802964,apartment,4,7.9796,8.188534602287435
07143802972,apartment,4,8.0765,8.191491613387472
07143802980,apartment,4,8.0765,8.192674417827487
07143803138,apartment,4,8.0195,8.186168993407405
07144001681,apartment,4,7.9552,8.129999050699398
07144008617,apartment,4,7.9552,8.25987416314154
07144202707,apartment,4,8.5172,8.223746958378968
07144300415,apartment,4,7.9168,8.035741599924545
07145002183,apartment,4,8.2777,8.173925025314553
07145002396,apartment,4,8.2509,8.170376611994508
07146403262,apartment,4,7.902,8.143793662000375
07146406921,apartment,4,8.2035,8.1599301825903
07146415627,apartment,4,8.7531,8.453378553216057
07146601366,apartment,4,7.7733,8.018432875118032
07150200397,apartment,4,8.2118,8.067930569289706
07150300413,apartment,4,7.9225,8.02074262524708
07150700901,apartment,4,8.2548,8.343704079778117
07150702661,apartment,4,8.5017,8.342521275338102
07151804768,apartment,4,8.4192,8.578371334656858
07151805918,apartment,4,8.4518,8.572935078660768
07151807252,apartment,4,8.4077,8.574822921336812
07151807295,apartment,4,8.4219,8.58147397291171
07202201186,apartment,4,8.4475,8.563058437233652
07202305534,apartment,4,8.357,8.413496865069366
07202504774,apartment,4,8.9227,8.796600492425672
07203800652,apartment,4,8.8521,8.624479472497057
07204705343,apartment,4,8.7502,8.540852957662644
07205201462,apartment,4,8.1213,8.526405050153942
07205302102,apartment,4,8.8503,8.640217682240454
07205400848,apartment,4,8.3439,8.464065721995162
07206404723,apartment,4,7.966,8.504498994623676
07206405381,apartment,4,8.0232,8.502724787963654
07206405398,apartment,4,8.4151,8.52859281232121
07206416527,apartment,4,8.4462,8.778121456382838
07206416616,apartment,4,8.4314,8.776938651942823
07207001363,apartment,4,8.4356,8.597295943244823
07207201826,apartment,4,8.1689,8.436986355721924
07210403841,apartment,4,7.8692,8.340842480705629
07210802029,apartment,4,8.2677,8.535034541488859
07210902287,apartment,4,8.3389,8.546130034787955
07211903491,apartment,4,8.6226,8.65583421846844
07212201235,apartment,4,8.2708,8.456277802756924
07212702323,apartment,4,8.8739,8.544530354700742
07212802344,apartment,4,8.4578,8.400135930454196
07212803189,apartment,4,8.1944,8.534509533962577
07212904716,apartment,4,8.3214,8.554732160696172
07213001973,apartment,4,7.9999,8.53889375218706
07213202669,apartment,4,7.9594,8.340865177552022
07213603698,apartment,4,8.0186,8.346721496987529
07214702576,apartment,4,8.1319,8.434163430523318
07216804252,apartment,4,8.7197,8.848874838884125
07216806670,apartment,4,8.7657,8.875052836235787
07218502954,apartment,4,8.2267,8.460940347765245
07218803237,apartment,4,8.4161,8.557084962759609
07301004176,apartment,4,8.8739,8.339426969215856
07301006071,apartment,4,8.8105,8.654335200426173
07301802897,apartment,4,8.8967,8.513938041745417
07302204446,apartment,4,8.3672,8.326057288885984
07304602309,apartment,4,8.0109,8.157937614382826
07305100692,apartment,4,7.9964,8.289944910262152
07305801119,apartment,4,8.3462,8.315788429140323
07315600612,apartment,4,8.7855,8.49163140464958
07316101164,apartment,4,8.333,8.257653148823882
07326613354,apartment,4,8.2523,8.495692230074336
07326613400,apartment,4,8.3023,8.495100827854328
07326709890,apartment,4,8.4776,8.324010329337378
07329700568,apartment,0,8.7659,8.526463801398783
07404304512,apartment,7,8.4157,8.357328677261432
07407603766,apartment,7,8.5172,8.304707195203735
07408903615,apartment,7,8.6938,8.405245995302977
07420500274,apartment,7,8.207,8.663960691408075
07421300481,apartment,7,8.6144,8.418864226948346
07421400990,apartment,7,8.8379,8.36065781087886
07422001275,apartment,7,8.4589,8.47695050794215
07422102160,apartment,7,8.3837,8.31684175076752
07437801248,apartment,7,8.4118,8.740022489436052
07503900989,apartment,4,8.558,8.423145951460938
07504500879,apartment,4,8.7156,8.452440560096031
07504500992,apartment,4,8.668,8.442579877836204
07509000841,apartment,4,8.6024,8.754528618471873
07509000866,apartment,4,8.633,8.762450656129003
07509000955,apartment,4,8.633,8.762450656129003
07510101948,apartment,4,8.0789,8.472571449751172
07510700779,apartment,4,8.7136,8.595431719561587
07510701503,apartment,4,8.6813,8.598388730661624
07510801273,apartment,4,8.7721,8.68675837679795
07510903084,apartment,4,9.28,8.536332489157486
07510903475,apartment,4,9.0708,8.526342227015611
07521702352,apartment,4,8.4785,8.627009857608067
07521702611,apartment,4,8.9029,8.735683189973075
07525405395,apartment,4,8.5801,8.310605018947058
07534101816,apartment,7,8.2623,8.26259314734046
07534203201,apartment,7,8.1665,8.261210374605295
07534203945,apartment,7,8.3816,8.256815697503477
07534404207,apartment,7,8.1117,8.067980622131538
07535000452,apartment,4,8.0943,8.10739955834762
07600905345,apartment,7,8.4102,8.316286762076045
07601201651,apartment,7,8.3837,8.527703604949721
07602403991,apartment,7,8.5817,8.033897228961262
07602405471,apartment,7,8.5567,8.023821300873909
07606001855,apartment,4,7.8139,8.037386223516313
07606700885,apartment,4,7.9964,8.042465475696861
07607800646,apartment,7,7.9,8.283133379017318
07607800867,apartment,7,8.0725,8.2795174600453
07611002181,apartment,4,7.9442,8.197707485516373
07611002260,apartment,4,8.1636,8.196524681076358
07615503388,apartment,4,7.9394,8.245925288156771
07618301336,apartment,7,8.5907,8.221727926812228
07618602549,apartment,7,8.254,8.262428039377445
07618700591,apartment,7,8.294,8.36406697906946
07618700656,apartment,7,8.294,8.358207409600368
07629003625,apartment,7,8.193,8.081815754813594
07630200595,apartment,7,8.1281,8.23885842365673
07630200773,apartment,7,8.2323,8.24252065457491
07632802177,apartment,7,8.0691,8.343682760312166
07634500283,apartment,7,8.0882,7.98895261560121
07646302074,apartment,7,8.5034,8.021077281252822
07651302478,apartment,7,8.1526,8.13684472260271
07677404847,apartment,4,8.0766,8.109447816063234
07677405207,apartment,4,8.2102,8.115050898818787
07677406076,apartment,4,8.1622,8.11152799335775
07677800904,apartment,7,7.9844,8.338179763608126
07701400664,apartment,7,8.2459,7.990767444271762
07703801666,apartment,7,8.0721,8.381682568584175
07707302540,apartment,7,8.2118,8.34125011164737
07711601395,apartment,7,7.8141,8.591844355506575
07713900756,apartment,7,8.3179,8.979789261432114
07737202668,apartment,7,7.6355,8.71740864784916
07747100639,apartment,7,8.3374,8.758479317776786
07749301917,apartment,7,8.5523,8.788881457044646
07801200780,apartment,7,8.0403,8.554546352064836
07803701736,apartment,7,8.1017,8.269474573335112
07809201867,apartment,7,8.5267,8.336528809947406
07822800698,apartment,7,8.7387,8.753513299320495
07822804383,apartment,7,8.6305,8.753513299320495
07824900819,apartment,7,8.1893,8.5915599774518
07826803179,apartment,7,8.9002,8.335069570535255
07835105063,apartment,7,8.2263,8.83960433115074
07835105497,apartment,7,8.1591,8.840336777334377
07835106541,apartment,7,8.1591,8.837406992599831
07835106914,apartment,7,8.4258,8.843266562068923
07835107023,apartment,7,7.9768,8.838139438783468
07835107449,apartment,7,8.1196,8.871109866927076
07835107821,apartment,7,8.1557,8.866715189825257
07835118191,apartment,7,8.0864,8.825258822139824
07835118335,apartment,7,8.2295,8.827456160690733
07835121875,apartment,7,8.1605,8.82909573541071
07835122332,apartment,7,8.3561,8.779231286769312
07835123924,apartment,7,8.294,8.83706054467851
07835123959,apartment,7,8.294,8.831200975209418
07835125171,apartment,7,8.3768,8.781194974373083
07835128896,apartment,7,8.4425,8.861647937049055
07837104791,apartment,7,8.4611,8.697713905726047
07837107888,apartment,7,8.5913,8.734063186672865
07837112611,apartment,7,8.2659,8.701854267569079
07837112725,apartment,7,8.4241,8.697459590467261
07837113731,apartment,7,8.3724,8.703307321648843
07837114000,apartment,7,8.398,8.706969552567026
07840102352,apartment,7,8.0362,8.207625243390378
07841201907,apartment,7,8.4752,8.600082887147018
07841602014,apartment,7,7.8494,8.200665389316567
07844200901,apartment,7,8.7364,8.914763155782879
07844200987,apartment,7,8.6962,8.911100924864698
07844200995,apartment,7,8.5473,8.946763064882981
07844202645,apartment,7,8.6595,8.948227957250253
07851901960,apartment,7,8.6359,8.615199686016133
07851902886,apartment,7,8.7369,8.653745435565954
07851903361,apartment,7,8.6867,8.656763770815193
07851904870,apartment,7,8.76,8.728690825561891
07851905737,apartment,7,8.6747,8.660020126064014
07852001580,apartment,7,8.4489,8.561244598514865
07852902774,apartment,7,8.2884,8.951898799164953
07852904300,apartment,7,8.2998,8.959669143021195
07852907962,apartment,7,8.3052,8.94645522176657
07852910041,apartment,7,8.4737,8.93863527618469
07852913156,apartment,7,8.1342,8.957459441320967
07852913271,apartment,7,8.2884,8.962586564606422
07853002386,apartment,7,7.6628,8.947505524132728
07853010982,apartment,7,8.153,8.964503725781261
07853109644,apartment,7,8.1117,8.978944039464404
07853112793,apartment,7,8.3612,8.998800272405933
07853119380,apartment,7,8.0682,8.96278594648431
07853201109,apartment,7,8.2824,8.9584734371037
07853203391,apartment,7,8.2334,8.962253990875125
07853206038,apartment,7,8.1445,8.956701371805877
07853207891,apartment,7,8.2332,8.953027302600187
07853208065,apartment,7,8.2182,8.959619318252916
07853208863,apartment,7,8.3752,9.015679274692218
07853211538,apartment,7,8.408,8.970413079749148
07853213018,apartment,7,8.323,8.961159182580545
07853216726,apartment,7,8.1225,8.991020039465612
07913300639,apartment,7,8.6258,8.410894650887164
07917103617,apartment,7,8.0529,8.378064370877466
07917400638,apartment,7,7.9194,8.36801116167362
07917401669,apartment,7,8.0304,8.366546269306346
07920200792,apartment,7,8.4141,8.26287062584954
07966901602,apartment,8,8.4571,8.244887577131305
07966906507,apartment,8,8.5072,8.431034362265834
07974502223,apartment,7,8.0672,8.354760688396707
07974503841,apartment,7,8.1117,8.353295796029435
07974505524,apartment,7,8.1117,8.383774276304585
08001903028,apartment,7,8.6755,8.407913325829131
08001903451,apartment,7,8.6398,8.419815970023427
08004501265,apartment,7,9.0662,8.380254070434171
08004704001,apartment,7,8.9227,8.2314287405989
08004904701,apartment,7,8.4988,8.531799468650616
08006500940,apartment,7,8.2118,8.45335308187243
08009105465,apartment,7,8.6405,8.450399022020369
08009309710,apartment,7,8.6485,8.713317555307512
08009401781,apartment,7,8.7093,9.063783706572563
08009401803,apartment,7,8.5648,9.067882231417483
08011403214,apartment,7,8.9227,8.778998604831177
08012201216,apartment,7,8.4746,8.989888476958038
08012301636,apartment,7,8.6252,9.00784082850576
08012901341,apartment,7,8.9776,9.049320159299318
08015101891,apartment,7,8.8961,9.047008454972945
08015218276,apartment,7,8.8615,8.495078465949259
08015220823,apartment,7,8.7632,8.51500228813881
08015225205,apartment,7,8.829,8.495898100329171
08015226570,apartment,7,8.71,8.542315042528989
08015502225,apartment,7,8.9341,8.435700723850601
08015508622,apartment,7,8.8644,8.508324286703083
08015509106,apartment,7,8.8644,8.506859394335809
08015510422,apartment,7,8.8972,8.506126948152172
08015517907,apartment,7,9.1171,8.484871752130541
08100504199,apartment,7,8.6507,9.009566617624074
08100506965,apartment,7,8.4501,9.006636832889528
08100506981,apartment,7,8.7786,9.006636832889528
08100507031,apartment,7,8.5801,9.009566617624074
08102702273,apartment,7,8.3645,8.938718584205455
08108000319,apartment,0,8.9394,8.570224602600607
08109801099,apartment,0,8.5313,8.440235232944485
08109901794,apartment,0,9.2192,8.683044227027843
08113502701,apartment,0,8.7754,8.487635217266323
08113604421,apartment,0,8.5439,8.451754941381596
08113606602,apartment,0,8.6634,8.429363278847227
08113901272,apartment,0,8.9032,8.462219085650585
08115700721,apartment,0,8.9102,8.630508834428557
08116600745,apartment,0,8.9085,8.66650005119146
08116701525,apartment,0,8.4785,8.537878991636205
08116803875,apartment,0,8.998,8.577386048015562
08116804782,apartment,0,8.7179,8.565068321091339
08116804863,apartment,0,8.8694,8.563779532069752
08116807196,apartment,0,8.9186,8.563784748878701
08121802121,apartment,0,9.0656,8.956146341319478
08121802245,apartment,0,9.0251,8.957112933085668
08121802271,apartment,0,9.3135,8.957112933085668
08122700993,apartment,0,8.6084,8.500324824491688
08122701752,apartment,0,9.0349,8.702663526142459
08122706258,apartment,0,8.7928,8.60093213332551
08122801481,apartment,0,8.5007,8.537238907402061
08122901182,apartment,0,8.8612,8.654944555629042
08122905889,apartment,0,9.2904,9.064088695708964
08124201961,apartment,0,8.9443,8.28766331976092
08132400267,apartment,0,9.1112,8.509732030307712
08136001715,apartment,0,9.0097,8.697870621739616
08136006199,apartment,0,8.7875,8.672227285369008
08136200459,apartment,0,8.5998,8.473277253951629
08136700796,apartment,0,8.9488,8.487892070201493
08220600780,apartment,7,8.1673,8.225502913891857
08220600993,apartment,7,7.9294,8.150322969398887
08221102555,apartment,7,8.386,8.268930612336199
08221201561,apartment,7,8.096,8.238726329741528
08221801194,apartment,7,8.3679,8.267814035293657
08221801429,apartment,7,8.4492,8.265616696742748
08222101528,apartment,7,8.4379,8.280168708024181
08222103237,apartment,7,8.2097,8.228607390132469
08223001683,apartment,7,8.3912,8.282646460979498
08223007584,apartment,7,8.5076,8.283919624901335
08223202883,apartment,7,8.5511,8.111207587221186
08223205467,apartment,7,8.8683,8.111207587221186
08223207710,apartment,7,8.5454,8.331655777920021
08223209519,apartment,7,8.6026,8.264938719102735
08223210721,apartment,7,8.7682,8.288994428521317
08223211572,apartment,7,8.6783,8.261835743603422
08225202661,apartment,7,8.1724,8.230214175147307
08225601327,apartment,8,8.1834,8.194261214692057
08235700646,apartment,8,8.1146,8.627418930965682
08235702436,apartment,8,8.5764,8.756469399648777
08236303918,apartment,8,8.2537,8.684434114398416
08236800997,apartment,8,8.0652,8.69359666594088
08237000366,apartment,8,8.4881,8.736211468136329
08241204140,apartment,6,8.9732,8.927654067325022
08242001261,apartment,6,9.1317,8.972949415891073
08243700511,apartment,6,8.8049,8.65108413945505
08245003700,apartment,7,8.1335,8.245565447262
08245003964,apartment,7,7.995,8.23970587779291
08245006564,apartment,7,8.3202,8.24078030282548
08245006971,apartment,7,8.1849,8.252524883504336
08245007269,apartment,7,8.3026,8.254570698034064
08245804541,apartment,8,8.2295,8.223720431914765
08245809101,apartment,8,8.3654,8.222642032565133
08245814369,apartment,8,8.0141,8.184415206699182
08245818844,apartment,8,8.362,8.128676210085425
08245820407,apartment,8,8.3451,8.130029507996136
08252806120,apartment,6,9.1497,9.086938049716313
08252810462,apartment,6,8.9635,9.012177269618592
08254801045,apartment,8,8.8437,8.858419147728153
08260700891,apartment,8,8.3856,8.837007048592904
08263000580,apartment,8,8.4423,8.76252674236787
08263501962,apartment,8,8.4423,8.687406317863966
08264101232,apartment,8,8.5042,8.674071903479849
08264103715,apartment,8,8.5217,8.595222177702311
08303210343,apartment,0,8.8948,8.83036592582022
08304201038,apartment,0,8.9271,8.770408024556094
08304904942,apartment,6,9.1981,9.02929628224928
08309700520,apartment,0,9.1145,8.818319206195508
08309701381,apartment,0,9.2442,8.821897606250793
08310202938,apartment,6,9.0083,9.042548744962033
08317702111,apartment,0,9.0747,8.70857106381322
08319002060,apartment,6,8.8416,8.755159340941107
08321101542,apartment,0,9.2749,8.710141243147461
08322012322,apartment,6,9.4775,8.798292793255712
08322013701,apartment,6,9.1521,8.719116969920174
08322202385,apartment,6,9.2653,9.225272307586822
08322202474,apartment,6,9.1835,9.222807460747898
08322202482,apartment,6,9.2177,9.224677789987386
08322202741,apartment,6,9.1557,9.218051319952398
08322202751,apartment,6,9.2365,9.217456802352961
08322202962,apartment,6,9.2903,9.225272307586822
08322203063,apartment,6,9.2255,9.096895470278856
08322203217,apartment,6,9.1954,9.224677789987386
08322204159,apartment,6,9.1638,9.22586682518626
08322204302,apartment,6,9.1458,9.217456802352961
08500103531,apartment,6,8.8655,8.665591500174218
08501304522,apartment,6,8.969,8.838488543381686
08501304905,apartment,6,8.9778,8.900561855416065
08501305030,apartment,6,9.1324,8.839677578580561
08501305049,apartment,6,9.0839,8.839677578580561
08501305162,apartment,6,8.9988,8.80944306285029
08501305227,apartment,6,8.9415,8.83789402578225
08501305766,apartment,6,9.1553,8.840866613779436
08501306002,apartment,6,8.9419,8.808254027651415
08501306193,apartment,6,8.993,8.810632098049165
08501306207,apartment,6,9.1717,8.82832124355128
08501306541,apartment,6,8.9988,8.810037580449729
08501401005,apartment,6,8.8373,8.50239840780834
08501402060,apartment,6,8.8339,8.457976346996617
08501402443,apartment,6,8.8779,8.422728328631218
08501501281,apartment,6,8.3882,8.39400565244655
08501702277,apartment,6,8.7428,8.540677629982365
08501710180,apartment,6,9.6042,8.961742795672732
08501711608,apartment,6,8.6928,8.67032065078022
08501712884,apartment,6,8.7419,8.585225074531682
08502301624,apartment,6,9.2254,8.945086981426552
08502401051,apartment,6,9.0798,8.581733098204401
08502506005,apartment,6,9.0579,8.768460546854465
08502601891,apartment,6,9.2488,8.597630776693041
08502800371,apartment,6,8.7561,8.477877713183922
08503201429,apartment,6,8.2548,8.45817325512614
08503801231,apartment,6,9.0442,8.465450025305394
08503902036,apartment,6,9.1702,8.614867514342658
08506200911,apartment,6,9.1522,8.915106544471067
08506201055,apartment,6,9.1649,8.845072338750796
08506201527,apartment,6,9.0465,8.801123929615875
08506201551,apartment,6,9.0928,8.800529412016438
08506201675,apartment,6,9.0217,8.912728474073317
08506202183,apartment,6,9.1871,8.912728474073317
08506202396,apartment,6,9.0428,8.912133956473879
08506202434,apartment,6,9.1117,8.914512026871629
08506203201,apartment,6,9.1067,8.915701062070504
08506203384,apartment,6,9.0982,8.914512026871629
08509302073,apartment,6,9.3953,8.497849430455176
08509511624,apartment,6,8.6412,8.567983650142331
08509801916,apartment,6,8.7695,8.689015738811225
08509802548,apartment,6,8.7637,8.610167285286257
08509802637,apartment,6,8.9883,8.683299450518732
08510000761,apartment,6,8.2609,8.470014272730973
08510001340,apartment,6,8.6052,8.632878548547819
08510003602,apartment,6,8.9961,8.790756431226413
08510401888,apartment,6,9.2072,8.395565091907383
08510502668,apartment,6,8.81,8.47716763379705
08510604304,apartment,6,8.7403,8.255714281203932
08511702008,apartment,6,8.739,8.208659330047036
08511704604,apartment,6,8.4854,8.065580127571103
08511901442,apartment,6,8.6226,8.374369929659766
08511901647,apartment,6,8.4555,8.404887126956318
08512409134,apartment,6,9.5806,8.598382377352278
08512601957,apartment,6,8.8226,8.441957381037664
08512602937,apartment,6,8.8587,8.482858394046529
08512603054,apartment,6,8.4719,8.482858394046529
08512603631,apartment,6,8.4132,8.4114346742461
08512605391,apartment,6,8.9177,8.414563736708082
08512605677,apartment,6,8.959,8.421285304793315
08512701021,apartment,6,9.004,8.396105323395668
08512704462,apartment,6,8.6052,8.385063885489263
08512805471,apartment,6,8.5997,8.228116615246691
08513002410,apartment,6,8.6588,8.172273605904984
08513003311,apartment,6,8.9227,8.351228936427459
08513003387,apartment,6,8.8099,8.357174112421834
08514501755,apartment,6,9.0052,8.398411943180701
08514802321,apartment,6,9.2103,8.662836749637469
08516802094,apartment,6,8.7387,8.255776823104597
08528000321,apartment,6,9.0078,8.651398388316712
08528701565,apartment,6,8.9904,8.319572739147155
08532500651,apartment,6,8.7189,8.336636094262929
08534701067,apartment,6,8.775,8.64488389871241
08534701156,apartment,6,8.7456,8.53393316993073
08542601602,apartment,6,8.8127,8.686294653196155
08543002745,apartment,6,9.2322,8.464839381645088
08543800390,apartment,6,8.6886,8.515498345361772
08543900761,apartment,6,8.9203,8.700115055794171
08543901030,apartment,6,9.0368,8.703682161390796
08543901065,apartment,6,8.9028,8.704276678990233
08544301312,apartment,6,9.0106,8.268279579950846
08544401694,apartment,6,8.719,8.272425776263688
08545202768,apartment,6,9.0852,8.416428214028576
08545700776,apartment,6,8.786,8.427180541822686
08545801319,apartment,6,9.0632,8.605743518688772
08554400801,apartment,6,8.6163,8.409642397560884
08554400887,apartment,6,7.7778,8.280015475150169
08555401992,apartment,6,9.1576,8.766398975723439
08555402379,apartment,6,8.8906,8.563009682417572
08558702004,apartment,6,9.0448,8.725875966412591
08561402334,apartment,6,8.8377,8.596174491966362
08561403691,apartment,6,8.9808,8.629196882023063
08561404310,apartment,6,9.0706,8.631835015106091
08562402893,apartment,6,9.0456,8.56493220421432
08564301660,apartment,6,8.7979,8.65146027969026
08564303663,apartment,6,9.0006,8.734190683077873
08565703010,apartment,6,9.1945,8.724095067404914
08600503310,apartment,6,8.7723,8.671248927263157
08601001629,apartment,6,8.4226,8.675160590441005
08601004369,apartment,6,9.2841,8.629404742843523
08601202470,apartment,6,8.4434,8.42002208655705
08601601162,apartment,6,8.163,8.531937469592023
08601601200,apartment,6,8.0295,8.53253198719146
08601700705,apartment,6,8.5957,8.578862766057679
08602101864,apartment,6,8.6457,8.440736649148795
08602400969,apartment,6,8.7295,8.41921359068527
08602500701,apartment,6,8.5066,8.238601618443996
08602803893,apartment,6,8.541,8.537556735218697
08603401462,apartment,6,9.1384,8.263791667761229
08603401586,apartment,6,9.2512,8.263197150161792
08603402361,apartment,6,9.2937,8.769409842968512
08604605134,apartment,6,9.145,8.451311289512907
08604607781,apartment,6,8.8739,8.495797552316121
08604608494,apartment,6,9.2442,8.448132876855855
08605800666,apartment,6,9.1769,8.333773405167074
08605802367,apartment,6,9.3742,8.392571842267557
08605804548,apartment,6,9.1168,8.457479267681354
08605804807,apartment,6,9.1225,8.456290232482477
08607200771,apartment,6,8.558,8.09732020200267
08609700291,apartment,6,9.0919,8.337554082452366
08610501523,apartment,6,8.3858,8.182373949739546
08610604322,apartment,6,8.9845,8.39615864254126
08610701026,apartment,6,9.0336,8.273909454695202
08612001676,apartment,6,9.0562,8.466499839768675
08612301769,apartment,6,8.566,8.306983183278923
08613700993,apartment,6,8.6014,8.13595929576255
08613901026,apartment,6,8.6381,8.23579371181502
08615800758,apartment,6,8.6066,8.145764891513181
08616201432,apartment,6,8.6936,8.397695929284357
08617800917,apartment,6,8.7409,8.344325173318154
08621700506,apartment,6,8.743,8.346138041208299
08624100615,apartment,6,8.46,8.235490294739934
08624502845,apartment,6,8.6507,8.169399885537471
08624504880,apartment,6,8.8482,8.43688553690028
08624505631,apartment,6,8.6548,8.49681106060483
08625101364,apartment,6,8.1595,8.185817534049136
08625903010,apartment,6,8.8266,8.392628161132894
08626102534,apartment,6,8.8344,8.44509762840168
08626103352,apartment,6,8.8512,8.350079489028804
08627000662,apartment,6,7.8621,8.347872687679402
08629700238,apartment,6,8.6963,8.414959837815566
08629700408,apartment,6,8.7733,8.414959837815566
08629701201,apartment,6,8.8786,8.411987249818377
08632401051,apartment,6,8.0441,8.116675853820913
08632900889,apartment,6,8.4341,8.209415191747429
08635101936,apartment,6,9.1369,8.58606192728745
08635102614,apartment,6,8.9448,8.442048125806778
08637402046,apartment,6,9.2821,8.911352545159442
08639009058,apartment,6,8.446,8.441734383041561
08639009694,apartment,6,8.657,8.439950830243248
08639009945,apartment,6,8.7038,8.449732253896581
08639009971,apartment,6,8.7796,8.445896006237623
08639010382,apartment,6,8.7144,8.449732253896581
08639011931,apartment,6,8.7823,8.289343062905974
08639013901,apartment,6,8.816,8.39882568607122
08639014531,apartment,6,8.692,8.397042133272906
08639014965,apartment,6,8.5946,8.436485561562264
08639015066,apartment,6,8.8273,8.46418324669269
08643002151,apartment,6,8.2709,8.107738175883846
08643400777,apartment,6,8.5323,8.7134607194752
08643504262,apartment,6,8.9612,8.820807189234134
08700604038,apartment,8,8.6563,8.634544329016716
08700901229,apartment,8,9.0619,8.640707801549176
08700901296,apartment,8,8.8024,8.639692828116143
08700902111,apartment,8,8.897,8.746202084850026
08701103199,apartment,8,9.0517,9.020952831158459
08701103334,apartment,8,8.8589,9.021291155636137
08701104500,apartment,8,8.8891,9.021291155636137
08701105302,apartment,8,9.0213,9.013591395076352
08701105825,apartment,8,8.9825,9.015621341942419
08701106341,apartment,8,8.9435,9.015959666420096
08701107143,apartment,8,9.0569,9.020276182203103
08701107402,apartment,8,8.8255,9.019937857725425
08701204467,apartment,8,8.8356,9.030634109766273
08701801910,apartment,2,8.7855,8.861307223511272
08703600701,apartment,2,8.4021,8.75157395077983
08704300531,apartment,2,7.7987,8.63545585376615
08705501377,apartment,2,8.3078,8.78983677644441
08705503094,apartment,2,8.5801,8.785880645395858
08705505526,apartment,2,8.7035,8.904230889205913
08705509629,apartment,2,8.7948,8.927059637015752
08706800866,apartment,2,8.0082,8.51663423501619
08707202751,apartment,2,8.7855,8.72868476622499
08707203063,apartment,2,8.712,8.670327179236889
08707302371,apartment,2,8.3914,8.668684664586602
08707303173,apartment,2,9.0301,8.668119738161256
08707308345,apartment,2,8.6103,8.727656988882162
08707502141,apartment,2,8.833,8.644916587430204
08707503938,apartment,2,8.8763,8.710262480486762
08707601611,apartment,2,8.7508,8.740592366270707
08707602863,apartment,2,8.6871,8.727169277029777
08707604394,apartment,2,9.0078,8.704289489695118
08707605196,apartment,2,8.9418,8.700956761469248
08707605420,apartment,2,9.0208,8.672454730481233
08708801649,apartment,2,8.5828,8.701609624212493
08709201742,apartment,2,8.2421,8.623682803878992
08711600764,apartment,6,8.7788,8.519791561134774
08712202622,apartment,6,8.9246,8.568082278750035
08714301865,apartment,6,8.8273,8.357500177949946
08714901056,apartment,6,8.5393,8.49594665636998
08714901129,apartment,6,7.9234,8.495352138770544
08716001117,apartment,6,8.673,8.365758576486462
08716400712,apartment,6,8.6406,8.484332091148499
08717401402,apartment,6,8.8501,8.590446529961358
08717800889,apartment,6,8.5905,8.491084883078296
08719601026,apartment,6,8.7082,8.61026979683404
08720600607,apartment,2,8.7197,8.681458181104817
08721501297,apartment,2,8.5732,8.6530857093634
08725501984,apartment,8,8.8988,8.656321602771023
08725502263,apartment,8,8.8199,8.655983278293345
08731403778,apartment,2,8.6748,8.806791068213952
08731403832,apartment,2,8.6467,8.804531362512568
08731406173,apartment,2,8.8647,8.80499015133442
08731500358,apartment,2,8.7614,8.621893117423845
08731502581,apartment,2,8.7392,8.68814585226993
08731502989,apartment,2,8.9012,8.682629337067056
08731504329,apartment,2,8.7415,8.684076993238413
08731510566,apartment,2,8.8199,8.664329089978155
08736602221,apartment,8,8.3702,8.536126144118132
08737401939,apartment,6,8.3952,8.387815176959238
08739605620,apartment,2,8.9215,8.986894608439947
08739608093,apartment,2,8.8666,9.013625010651122
08741000153,apartment,2,8.1461,8.64291605214881
08742402050,apartment,8,8.7292,8.660497089545636
08743401074,apartment,8,8.8173,8.668091762440293
08743401708,apartment,8,8.8457,8.730322821188135
08743403026,apartment,8,8.6472,8.76711205494141
08743404030,apartment,8,8.8597,8.760118419537283
08743404340,apartment,8,8.7978,8.760795068492639
08743405428,apartment,8,8.904,8.756381902671665
08743503667,apartment,8,8.4777,8.620737259232499
08744402031,apartment,6,8.4045,8.614226693227332
08745502791,apartment,2,8.6498,8.618923216793812
08745502846,apartment,2,9.1265,8.614480670120923
08745503702,apartment,2,8.8411,8.651484965429917
08747500808,apartment,2,8.3131,8.709976908593715
08747501634,apartment,2,8.0732,8.698592373963374
08801301472,apartment,2,8.767,8.72313185265618
08801302411,apartment,2,8.7641,8.755902720152323
08801304293,apartment,2,8.621,8.736362016225486
08801307561,apartment,2,8.6305,8.764340049625568
08801308035,apartment,2,8.8069,8.76546990247626
08801309147,apartment,2,8.8049,8.72976724721455
08802600392,apartment,2,7.6726,8.646814993169532
08803404831,apartment,2,8.9598,9.040343804728145
08803503714,apartment,2,8.294,8.524413894885996
08803505938,apartment,2,8.7993,8.59872042881825
08803507450,apartment,2,8.7711,8.659996282386397
08803601651,apartment,2,8.5969,8.43077537022044
08803602011,apartment,2,8.2752,8.515138279224862
08803605932,apartment,2,8.8078,8.53305846999435
08803900950,apartment,2,8.702,8.524260473644393
08804100435,apartment,2,8.7638,8.369004459517331
08804607033,apartment,6,8.7787,8.73141145941132
08809301692,apartment,2,8.2076,8.46290521771765
08813004346,apartment,2,8.3409,8.816301129205238
08814600831,apartment,2,8.7718,8.67902304147656
08815808574,apartment,2,8.9252,8.67071870827138
08815808701,apartment,2,8.7072,8.671001171484054
08815810641,apartment,2,8.8943,8.645055583181378
08815813993,apartment,2,8.851,8.586105964221899
08815816951,apartment,2,8.1637,8.474458372675025
08815817689,apartment,2,8.5861,8.527011832518431
08816201371,apartment,2,8.2315,8.447274084235197
08816901101,apartment,2,8.9858,8.59682083353723
08817006076,apartment,2,8.2819,8.513176665574644
08817008168,apartment,2,8.4914,8.422360438301348
08817015695,apartment,2,8.645,8.545470863641324
08817016675,apartment,2,8.6871,8.53624233764036
08817017183,apartment,2,8.5922,8.565203406777348
08817201006,apartment,6,8.4106,8.396581177425231
08824100724,apartment,2,8.262,8.49963080067755
08827201033,apartment,2,8.0635,8.753990154086
08829803731,apartment,2,8.1125,8.599229901382419
08829806706,apartment,2,8.5764,8.530347425664374
08900201107,apartment,6,8.285,8.398236057042112
08900201247,apartment,6,8.2021,8.399425092240987
08901000563,apartment,2,8.3523,8.330187025285309
08901001187,apartment,2,8.5717,8.331034414923328
08901501503,apartment,6,8.6565,8.477768473341543
08901501899,apartment,6,8.4764,8.510118783080603
08902501280,apartment,6,8.145,8.277126636047578
08902601498,apartment,6,7.6866,8.282014222629272
08903902467,apartment,6,8.7618,8.438550541702961
08904300398,apartment,6,8.7126,8.416979965598145
08905203523,apartment,6,8.7458,8.338982588697366
08905203779,apartment,6,8.6226,8.340273531775088
08905204201,apartment,6,8.8869,8.375425378559898
08906001800,apartment,6,8.948,8.332129647974027
08907307326,apartment,2,8.8728,8.29677800113216
08907308039,apartment,2,8.3288,8.357898192640928
08907602522,apartment,2,8.2209,8.153099177816348
08907603294,apartment,2,7.94,8.151522346183457
08907603367,apartment,2,8.2114,8.154557884589494
08907802459,apartment,2,8.8418,8.389592530676689
08908200908,apartment,2,8.7116,8.510829143559373
08908300856,apartment,2,8.3326,8.344272008785456
08908609377,apartment,2,8.7068,8.521091424340426
08909502150,apartment,2,8.0591,8.254760590285732
08910301996,apartment,2,8.8739,8.286212518727716
08910405341,apartment,2,8.3317,8.182634171300535
08910503866,apartment,2,8.4511,8.173403652191876
08910900628,apartment,2,8.008,8.00999406149236
08911101214,apartment,2,8.2236,8.102506318985254
08911101427,apartment,2,8.1117,8.185857275468745
08911103721,apartment,2,8.85,8.16195449733771
08911300594,apartment,2,8.0443,8.162910958093336
08911400221,apartment,2,8.2788,8.134591280198444
08911700983,apartment,2,8.0091,8.189553749512827
08911801852,apartment,2,7.9605,8.175026682434067
08913306085,apartment,2,8.1117,8.249398369085046
08913306549,apartment,2,7.3995,8.121763184234918
08913502887,apartment,2,8.4487,8.173404457868434
08913807191,apartment,2,8.2063,8.259567722265016
08915101855,apartment,2,8.4338,8.320103537621213
08915101979,apartment,2,8.3927,8.330703988596415
08915103051,apartment,2,8.4407,8.32264570653527
08919300501,apartment,2,7.9245,8.097298472490376
08921005692,apartment,2,7.7207,8.002238319173088
08921400575,apartment,2,7.9933,8.123163337170723
08923300446,apartment,2,8.08,8.161056701926046
08927200764,apartment,2,8.1176,8.176806909372125
08931200757,apartment,1,8.2599,8.23485057117643
08931501341,apartment,1,8.5312,8.31293401990042
08946600667,apartment,1,7.8837,8.117525463478659
08950001624,apartment,1,8.5308,8.267964806619615
08950602776,apartment,1,8.2453,8.395597775992012
08950602997,apartment,1,8.1117,8.398217850735307
08950603713,apartment,1,8.2851,8.396471134239777
08950604231,apartment,1,8.1468,8.396471134239777
08956201633,apartment,1,8.4454,8.291554656490245
08956400792,apartment,1,8.6507,8.412854322388121
08956801363,apartment,1,7.6487,8.103262981279832
08958502584,apartment,2,8.1075,8.106705732789218
08958503068,apartment,2,8.1328,8.164234474685626
08958700866,apartment,2,8.6616,8.169675599128984
08959404276,apartment,2,8.2005,8.170872035581104
08959404853,apartment,2,8.5489,8.259019361549576
09005902256,apartment,2,8.7403,8.440972329424348
09006001521,apartment,2,8.8388,8.372296730352945
09006103330,apartment,2,8.0014,8.27991055234501
09006106259,apartment,2,9.2438,8.364787757569603
09006109681,apartment,2,8.9959,8.425461486040426
09006302422,apartment,2,8.1524,8.320958406191998
09006702935,apartment,2,8.4746,8.367607461331065
09009410463,apartment,2,8.0491,8.433541800462926
09009411478,apartment,2,8.1565,8.387657230982327
09010601072,apartment,2,8.184,8.641295156796028
09015000360,apartment,2,8.8235,8.543077356187226
09015000743,apartment,2,8.6775,8.59354240338742
09015001359,apartment,2,8.749,8.594107329812767
09015002630,apartment,2,8.6588,8.595519645876132
09015003912,apartment,2,8.6588,8.595802109088805
09015004072,apartment,2,8.6494,8.595237182663459
09015004196,apartment,2,8.7139,8.595237182663459
09015004382,apartment,2,8.6204,8.595519645876132
09019400347,apartment,2,8.3174,8.429384703256833
09019400721,apartment,2,8.3402,8.428819776831489
09028100334,apartment,2,8.6842,8.529092787728354
09033101033,apartment,2,8.1658,8.451185002693514
09034604632,apartment,2,8.9399,8.570245977794672
09035530152,apartment,2,8.1676,8.41342859248196
09036700991,apartment,2,7.9258,8.265187119941977
09040201803,apartment,2,8.0064,8.469459093528256
09042303670,apartment,2,8.0334,8.40176519371498
09042304898,apartment,2,8.0875,8.398801729319404
09042305320,apartment,2,8.0418,8.453461589072525
09042308087,apartment,2,7.9269,8.404832602714174
09042309679,apartment,2,8.036,8.407910282123884
09042310049,apartment,2,8.1287,8.407404926045539
09042310375,apartment,2,8.0247,8.413940638106377
09042310774,apartment,2,8.0626,8.413940638106377
09042401443,apartment,2,8.5014,8.382200545759128
09042403292,apartment,2,8.3648,8.389560865093262
09042403543,apartment,2,8.5532,8.387866085817224
09043100862,apartment,2,8.2889,8.386854130609708
09043100919,apartment,2,8.3866,8.388266446673072
09043102921,apartment,2,8.2788,8.40431181884645
09043103853,apartment,2,8.2396,8.402617039570412
09043105643,apartment,2,8.5042,8.382468595402301
09043107581,apartment,2,8.3894,8.423230718188876
09043107859,apartment,2,8.3729,8.343658844801189
09043108456,apartment,2,8.5172,8.42670413525526
09043110175,apartment,2,8.7471,8.547844169918026
09044401866,apartment,2,8.2011,8.468196778230272
09044402171,apartment,2,8.2011,8.467349388592254
09044405802,apartment,2,8.6226,8.714545490906197
09045701529,apartment,2,8.0472,8.541134000719756
09046100251,apartment,2,8.395,8.364968647916019
09046200205,apartment,2,8.784,8.413842395942817
09046202747,apartment,2,8.5647,8.420285314153983
09046207323,apartment,2,8.6068,8.399208543767081
09046806235,apartment,2,8.1846,8.412075277743584
09046809722,apartment,2,8.4001,8.492089432764612
09046814823,apartment,2,8.096,8.339839631601588
09046831566,apartment,2,8.3958,8.460318562312771
09100302031,apartment,1,8.4727,8.2474836298282
09101202332,apartment,1,8.655,8.175066981052572
09101700898,apartment,1,7.9731,8.070050327486856
09101703048,apartment,1,7.7926,8.07906588855311
09102504596,apartment,1,8.1572,8.14098948540443
09102506785,apartment,1,8.1117,8.112711221618078
09104302710,apartment,2,8.0002,8.090077748736679
09104305681,apartment,2,8.0677,8.173564394106581
09104305922,apartment,2,8.118,8.171869614830541
09106107168,apartment,1,8.5778,8.276970483784337
09107603568,apartment,1,8.1543,8.090492075054662
09109503595,apartment,2,7.988,7.988827077701304
09116900839,apartment,2,8.0029,8.059945274530794
09117000572,apartment,2,7.6868,8.0093088594357
09117200261,apartment,2,8.24,8.057236011109017
09117201901,apartment,2,8.096,8.05447017568047
09117203457,apartment,2,8.1117,8.055600028531162
09121200701,apartment,2,8.3329,8.049548023078618
09121300641,apartment,2,7.9487,8.035947649671389
09122600507,apartment,2,7.9374,8.036080438267291
09122602356,apartment,2,8.7584,8.384572073570583
09125600737,apartment,2,8.0251,8.036074735477815
09136501077,apartment,2,7.7915,8.066449454325621
09159402571,apartment,1,8.3234,8.0975327947736
09159404248,apartment,1,8.0362,7.971754863139538
09302502341,apartment,2,8.0539,8.469396014544904
09302506681,apartment,2,8.5598,8.75871080302753
09302705250,apartment,2,8.5397,8.626755404149906
09302710221,apartment,2,8.729,8.619254606224201
09303401255,apartment,2,8.2182,8.377761780179618
09303402863,apartment,2,8.2912,8.404112237981389
09303404173,apartment,2,8.409,8.433090238798094
09303502736,apartment,2,8.4942,8.40868664475727
09303504097,apartment,2,8.6269,8.35496967595758
09303504771,apartment,2,8.5913,8.389246528790173
09303505220,apartment,2,8.5999,8.388398548095656
09304001900,apartment,2,8.7829,8.476964461183915
09304003393,apartment,2,8.5854,8.492583929918867
09304507774,apartment,2,8.6735,8.592855780229328
09305601707,apartment,2,8.3755,8.565652834848983
09422301203,apartment,2,8.3453,8.078980535035582
09422309832,apartment,2,8.253,8.09267679836798
09422316911,apartment,2,8.4039,8.291157278167537
09422318580,apartment,2,8.7226,8.289923587969563
09531200882,apartment,2,8.5717,8.764230568642162
09532300201,apartment,2,8.1566,8.4280012783201
09532302727,apartment,2,8.2311,8.4280012783201
09532307656,apartment,2,7.9823,8.376262360479199
09532307761,apartment,2,8.1787,8.376544823691871
09532308229,apartment,2,8.1188,8.377957139755237
09532309535,apartment,2,7.8796,8.375132507628507
09532310746,apartment,2,8.0754,8.377957139755237
09544401423,apartment,2,8.2821,8.209203792119292
09544401784,apartment,2,8.0776,8.206865937144755
09602310766,apartment,7,8.6042,9.211071208226816
09602600381,apartment,7,9.1281,8.290125013735716
09612701636,apartment,7,9.1384,8.403201237883007
09700205533,apartment,7,9.0052,8.347698149075088
09700208214,apartment,7,8.6995,8.344301248169037
09700300773,apartment,7,8.8397,8.336385218399384
09700306984,apartment,7,8.723,8.381740483035637
09700307360,apartment,7,8.657,8.297886136380663
09700307549,apartment,7,8.635,8.300083474931572
09700307662,apartment,7,8.6515,8.295688797829754
09700307816,apartment,7,8.6068,8.293491459278846
09700307913,apartment,7,8.6835,8.377345805933818
09700308065,apartment,7,8.5994,8.382472929219274
09700308278,apartment,7,8.6995,8.380275590668363
09700701964,apartment,7,8.7135,8.312399539563009
09700704483,apartment,7,8.796,8.284600831748147
09700900169,apartment,7,8.7471,8.397916312750796
09700902242,apartment,7,8.8521,8.389138796834668
09701400313,apartment,7,8.9505,8.245702682039218
09701705378,apartment,7,8.7248,8.541157501703754
09703300243,apartment,7,8.6439,8.301620050342342
09706400737,apartment,7,8.6728,8.633122080323314
09712609626,apartment,7,8.7866,8.293236898466066
09800600981,apartment,7,8.8408,8.65787042408029
09801105593,apartment,7,8.6771,8.614096515112461
09801106913,apartment,7,8.6622,8.617758746030644
09801111356,apartment,7,8.6836,8.64044316568205
09801114649,apartment,7,8.4684,8.567921312963563
09801801018,apartment,7,8.8551,8.829220372880242
09801801832,apartment,7,8.6886,8.808563604472544
09801803002,apartment,7,8.7422,8.804901373554362
09801803673,apartment,7,8.7776,8.875850447231713
09803000454,apartment,7,8.5496,8.611440368248044
09803005103,apartment,7,8.9492,8.541312165241933
09803007807,apartment,7,8.906,8.606398513673842
09803008544,apartment,7,8.9621,8.605666067490205
09803009516,apartment,7,9.1097,8.607130959857479
09803009613,apartment,7,8.9519,8.676053131859492
09803011650,apartment,7,9.0717,8.532162119485122
09803015230,apartment,7,8.844,8.597105689378298
09803015680,apartment,7,8.8699,8.593200340333961
09803016148,apartment,7,8.8749,8.594175904643752
09803016229,apartment,7,8.9177,8.59759501743578
09803016441,apartment,7,8.9025,8.594908350827389
09803019023,apartment,7,8.9018,8.599303027929206
09803103180,apartment,7,9.109,8.7164526863818
09803202537,apartment,7,8.9154,8.75643528937529
09803404954,apartment,7,8.615,8.873935542816355
09803405500,apartment,7,8.6514,8.87466798899999
09803405721,apartment,7,8.6691,8.87466798899999
09803406426,apartment,7,8.7175,8.905377959734682
09806302771,apartment,7,8.4543,8.856250034117709
09806500695,apartment,7,8.298,8.508045165954737
09900300386,apartment,7,8.2157,8.8615281006067
09900301455,apartment,7,8.4014,8.879940005753314
09900701062,apartment,7,8.8739,8.950091794117983
09901302706,apartment,7,8.7767,8.912316859255121
09901901375,apartment,7,8.6482,9.074507412362285
09904200564,apartment,7,8.6336,8.942764770474769
09904313253,apartment,7,8.5685,8.860333274661052
09904700516,apartment,7,8.2889,8.596195713401636
09905404155,apartment,7,8.7845,8.969508485817299
10002403918,apartment,9,8.3229,8.197377694233799
10003003824,apartment,9,8.4919,8.21297251516523
10003006203,apartment,9,7.9949,8.187770788033752
10003202177,apartment,9,8.2109,8.185537316850606
10005500795,apartment,9,8.2687,8.274056363903668
10005501406,apartment,9,7.8438,8.106620958868174
10005701499,apartment,9,8.2586,8.144255242276794
10005701960,apartment,9,8.3211,8.132358865631936
10009301584,apartment,9,8.6196,8.39659555131126
10009301703,apartment,9,8.6544,8.39621508056046
10009301851,apartment,9,8.7224,8.3974657810538
10009501842,apartment,9,8.5613,8.37072873263146
10100705651,apartment,8,8.0652,8.475234372947059
10105300501,apartment,8,7.9237,8.32560725067869
10107103991,apartment,8,8.2846,8.566585974813957
10107104831,apartment,8,8.6435,8.510774808687561
10107105399,apartment,8,8.7556,8.509083186299172
10111003546,apartment,8,8.165,8.734680486646178
10111400359,apartment,8,7.893,8.719148206479723
10111500744,apartment,8,8.1051,8.732238399214296
10111503204,apartment,8,8.2506,8.76067053343266
10111602946,apartment,8,8.4363,8.727736181865438
10113500652,apartment,8,7.8994,8.547573931937333
10115701116,apartment,8,8.2754,8.574269588453244
10120900490,apartment,8,8.4106,8.664021261391028
10120901403,apartment,8,8.2987,8.6273216711721
10131202048,apartment,8,8.6849,8.750323927050117
10131207392,apartment,8,8.6541,8.878487948915058
10131207414,apartment,8,8.9029,8.953871249287209
10131207910,apartment,8,8.6173,8.875572273070249
10131211594,apartment,8,8.8114,8.87388065068186
10132403640,apartment,8,8.3447,8.661340935998659
10134501798,apartment,8,8.4142,8.690234638837495
10138501040,apartment,8,9.0211,8.594885499628079
10138600421,apartment,8,8.8363,8.670050756824002
10138600537,apartment,8,8.788,8.673095677123102
10139100406,apartment,8,8.3792,8.420749546681408
10139905463,apartment,8,8.3432,8.689075896721643
10139906001,apartment,8,8.323,8.686707625377899
10139906011,apartment,8,8.363,8.688399247766288
10139907008,apartment,8,8.4704,8.637805058624282
10139907733,apartment,8,8.362,8.637466734146605
10139908616,apartment,8,8.321,8.688399247766288
10139909371,apartment,8,8.3392,8.688737572243966
10139910319,apartment,8,8.3332,8.687384274333255
10139910351,apartment,8,8.3432,8.688399247766288
10140000622,apartment,8,8.2344,8.589466421395947
10141401094,apartment,8,8.5629,8.681898509559058
10141503288,apartment,8,9.0606,8.775278584515304
10148607445,apartment,8,8.3284,8.510995083908258
10148607501,apartment,8,8.331,8.51065675943058
10149701054,apartment,8,9.2793,9.02277809656822
10152800319,apartment,8,8.4768,8.490155896822959
10152801501,apartment,8,8.5655,8.490155896822959
10152904416,apartment,8,8.7898,8.682239932520735
10154604339,apartment,6,8.1328,8.559010141042245
10154900825,apartment,8,8.2154,8.310050911382694
10155401921,apartment,6,7.8753,8.39093623718599
10155500758,apartment,8,7.6585,8.298375000042327
10155702660,apartment,8,8.4355,8.498065667127955
10155703020,apartment,8,8.3691,8.474332397859358
10155704515,apartment,8,8.5263,8.475009046814714
10155704906,apartment,8,8.3584,8.478053967113814
10155705491,apartment,8,7.8414,8.464713889128085
10155706186,apartment,8,8.0914,8.450720663520112
10157707368,apartment,8,8.3093,8.60309465647856
10158303791,apartment,8,8.4039,8.611503918054085
10158304747,apartment,8,8.6036,8.583601983246442
10161602702,apartment,8,8.476,8.40286660123228
10161603407,apartment,8,8.4167,8.50926925848958
10163000531,apartment,8,8.353,8.630696052276294
10203000731,apartment,9,8.4764,8.414617159817105
10203000942,apartment,9,8.4764,8.415124454151506
10203201328,apartment,9,8.5172,8.379871021530036
10206600762,apartment,9,8.2453,8.268187848479045
10206601076,apartment,9,8.581,8.334378950573702
10206601467,apartment,9,8.6411,8.334759421324502
10206603079,apartment,9,8.5239,8.235891309032455
10206604581,apartment,9,8.4674,8.32324669843117
10206605217,apartment,9,8.5074,8.321851639011566
10208802826,apartment,9,8.8049,8.286176418834646
10209700571,apartment,9,8.0696,8.255729395519962
10209900805,apartment,9,8.6201,8.406115759456132
10210403046,apartment,9,8.4905,8.442371579151022
10211104530,apartment,9,8.6226,8.628346988708369
10211803307,apartment,9,8.7487,8.305681512151764
10211803358,apartment,9,8.6928,8.34337820156065
10211902720,apartment,9,8.5778,8.301359998978285
10302533582,apartment,2,8.1784,8.277410911116672
10302557600,apartment,2,7.9434,8.473686943618699
10302558879,apartment,2,7.8685,8.421638272375393
10304700834,apartment,2,8.4289,8.176840940572655
10304701581,apartment,2,8.5172,8.175993550934635
10305004505,apartment,8,8.8493,8.732331193303672
10401000965,apartment,7,7.8924,8.067489403471324
10401101591,apartment,7,7.6927,8.022273293905386
10402401939,apartment,7,8.1557,8.081837251810677
10402701037,apartment,7,8.3211,8.143022883259382
10404904113,apartment,7,7.8604,7.849977591817712
10405501136,apartment,7,7.8147,8.26086959171947
10405504178,apartment,7,8.1699,8.282048444178386
10407402356,apartment,7,8.1252,8.274226030609821
10407406440,apartment,7,8.1222,8.301742070400154
10409501343,apartment,7,8.3052,8.456788014418073
10410304181,apartment,7,8.5929,8.820199477569336
10410304688,apartment,7,8.4555,8.82312926230388
10410305171,apartment,7,8.4555,8.821664369936608
10410902216,apartment,7,8.1229,8.570286077727879
10411401687,apartment,7,8.1807,8.699376648689483
10411500741,apartment,7,8.1281,8.703855724157048
10414005138,apartment,7,8.3786,8.650366294766759
10414007343,apartment,7,8.0064,8.683216134239528
10417801172,apartment,7,8.6715,8.873114240015477
10417801830,apartment,7,8.5629,8.876044024750023
10417802276,apartment,7,8.5035,8.878973809484568
10417802357,apartment,7,8.5172,8.873114240015477
10417802594,apartment,7,8.511,8.873114240015477
10417802721,apartment,7,8.5759,8.875311578566386
10417803485,apartment,7,8.5295,8.878973809484568
10417803817,apartment,7,8.6055,8.878241363300933
10417803868,apartment,7,8.5591,8.878973809484568
10417804252,apartment,7,8.7018,8.833851376428226
10502300999,apartment,7,8.2659,8.392336097907997
10516003525,apartment,7,8.7248,8.213037509074024
10628102304,apartment,7,8.5172,8.318907923538392
10707517256,apartment,7,8.3406,8.173695417501973
10709300629,apartment,7,8.5887,8.297474724350842
10711202647,apartment,7,8.1147,8.153505609867825
10718500996,apartment,7,8.1242,8.172490903972648
10718504428,apartment,7,8.0362,8.14485819511364
10721603342,apartment,7,7.8445,8.003967677377615
10722401077,apartment,7,8.057,8.165386195157772
10729500771,apartment,4,7.9798,8.014360513634665
10729501646,apartment,4,7.9406,8.017954973862702
10743504223,apartment,7,8.2896,8.114151300748759
10743508547,apartment,7,8.6608,8.142294681938164
10743512838,apartment,7,8.6026,8.28276686972038
10743514377,apartment,7,8.5879,8.26670845857511
10743602306,apartment,7,8.5325,8.126124316614645
10744702150,apartment,7,8.0543,8.166362099138333
10744703025,apartment,7,8.096,8.16797614130359
10904302015,apartment,4,8.6975,8.092257439740326
10905202952,apartment,4,8.4584,8.124807039836213
10905208004,apartment,4,8.2352,8.125989844276228
11020401280,apartment,3,8.1229,8.423914199407127
11021301271,apartment,3,8.4431,8.654699995115903
11021901953,apartment,3,8.2428,8.452947049507852
11024302570,apartment,3,8.0064,8.41202962676014
11028801040,apartment,3,8.8049,8.760081010169932
11029000726,apartment,3,8.3349,8.68493957680018
11042602645,apartment,3,7.7047,8.344006356287279
11048102131,apartment,3,7.8835,8.39375963607478
11048702323,apartment,3,7.9633,8.416025191602708
11050712780,apartment,3,8.5983,8.6638397912671
11050713663,apartment,3,8.7403,8.68544585816511
11052002233,apartment,3,8.4142,8.472844628065063
11106601849,apartment,3,8.1022,8.579149976801409
11133301036,apartment,5,8.5119,8.448103313302989
11140700684,apartment,5,8.0839,8.281481731789587
11148805027,apartment,3,8.2224,8.362215678813833
11155307185,apartment,3,8.2998,8.529525940026874
11155307649,apartment,3,8.2428,8.512307446716342
11159200695,apartment,5,7.9549,8.334630936362867
11159203317,apartment,5,8.1106,8.361251292688191
11242200664,apartment,5,8.1713,8.373317007742159
11244401071,apartment,5,8.1605,8.409588120730074
11244401349,apartment,5,8.2586,8.382559179550974
11245601635,apartment,5,8.1728,8.215393968081255
11263103277,apartment,5,8.2623,8.394840276066027
11266402194,apartment,5,7.9137,8.129605614387616
11266406122,apartment,5,8.1237,8.299974699739101
11266406157,apartment,5,8.0893,8.303979634685627
11266406289,apartment,5,8.0195,8.303394457193507
11266406300,apartment,5,8.074,8.303394457193507
11267100541,apartment,5,8.3837,8.28890139594346
11285702149,apartment,5,8.0725,8.280168922275214
11285702238,apartment,5,8.2548,8.279583744783094
11301001855,apartment,3,8.8763,8.831242621272352
11302301445,apartment,3,8.4482,8.75915245398063
11304102601,apartment,3,8.0826,8.511247395447619
11308301161,apartment,3,8.5674,8.86294909950874
11308301242,apartment,3,8.5913,8.863041837579775
11316501034,apartment,3,8.2572,8.81614607665738
11316501069,apartment,3,8.4248,8.85294345952036
11316501107,apartment,3,8.5638,8.855707501205336
11317900714,apartment,3,8.7139,8.866636854126597
11325200981,apartment,3,8.645,8.802361697844127
11342201451,apartment,3,8.0668,8.43452947394512
11360701248,apartment,3,8.3549,8.754761950655586
11361500416,apartment,3,8.6088,8.664895442556716
11361501481,apartment,3,8.5705,8.664988180627752
11361502664,apartment,3,8.4752,8.664292675011927
11361503423,apartment,3,8.5442,8.664756365367106
11361505043,apartment,3,8.3311,8.72509795920318
11361506155,apartment,3,8.5172,8.72171545179587
11400101068,apartment,5,8.2601,8.542262240058111
11405800193,apartment,5,7.9427,8.280898041529497
11406405204,apartment,5,8.5025,8.578489786743928
11407505504,apartment,5,8.4233,8.421787334248837
11408601590,apartment,5,8.3228,8.474907066255025
11408901195,apartment,5,7.9896,8.191584023066694
11409903183,apartment,5,8.1532,8.218142006866909
11410800813,apartment,5,7.9896,8.335608099553012
11410800945,apartment,5,8.2428,8.33642734804198
11411003089,apartment,5,8.3371,8.423713900912865
11411003501,apartment,5,8.2372,8.434428615647597
11411003585,apartment,5,8.294,8.447223147344014
11411003658,apartment,5,8.1676,8.446989076347165
11411003755,apartment,5,8.3096,8.447106111845589
11411201476,apartment,5,7.7164,8.188880334018869
11411203924,apartment,5,7.7609,8.189114405015717
11411204009,apartment,5,7.8835,8.188880334018869
11411601806,apartment,5,8.0258,8.411698525415595
11412601346,apartment,5,8.3761,8.426453940520414
11412601370,apartment,5,8.3147,8.469804584153817
11412701881,apartment,5,8.2089,8.48121476497802
11419901205,apartment,5,8.2562,8.471468578195115
11419902066,apartment,5,8.163,8.5185158884305
11425501140,apartment,5,7.9274,8.125799990160933
11425801357,apartment,5,8.274,8.343845326932566
11426200756,apartment,5,7.6393,8.114473772816673
11430100868,apartment,5,8.2295,8.327372336623661
11437604861,apartment,5,8.0709,8.1823164365236
11437605671,apartment,5,8.2245,8.38295662510045
11437607585,apartment,5,8.5034,8.368047348081472
11437608336,apartment,5,8.3837,8.333074242535417
11437611035,apartment,5,8.4839,8.285327587407664
11439100593,apartment,5,8.2187,8.283046844484726
11501805338,apartment,5,7.7571,8.316696804749956
11510500870,apartment,5,8.4145,8.469531949457657
11523504111,apartment,5,7.7245,8.010432679271279
11523504764,apartment,5,7.8793,8.010081572776006
11524900711,apartment,5,7.683,8.176541992281594
11524900949,apartment,5,7.9922,8.15105588202985
11534402348,apartment,5,8.197,8.346373593915626
11534403298,apartment,5,8.1932,8.346841735909322
11534403336,apartment,5,7.7232,8.346607664912474
11604903529,apartment,3,8.4347,8.37996833656186
11604904861,apartment,3,7.9547,8.467949812048618
11605503990,apartment,3,8.4592,8.442598145784187
11605506450,apartment,3,8.4068,8.451971164233646
11605507988,apartment,3,8.2637,8.452063902304682
11607503262,apartment,3,8.2421,8.567730649950057
11609500775,apartment,3,8.4505,8.61098643235956
11609500805,apartment,3,8.4505,8.611079170430596
11625001532,apartment,3,8.3261,8.57552307704472
11626402786,apartment,3,7.9576,8.435654001967505
11626402999,apartment,3,8.0247,8.435700371003023
11626403121,apartment,3,8.0998,8.436117692322684
11626701937,apartment,3,8.3904,8.480104160300836
11626702399,apartment,3,8.1468,8.480150529336354
11631704418,apartment,3,8.2538,8.208349937516353
11631704884,apartment,3,8.1759,8.233306408609163
11631903331,apartment,3,8.3106,8.26554099172296
11632001501,apartment,3,8.294,8.286037593450523
11632004754,apartment,3,8.5939,8.347169532443543
11632802731,apartment,3,8.1483,8.240533099866298
11633001813,apartment,3,8.3538,8.34842080316783
11633004251,apartment,3,8.2793,8.395420637928954
11633004987,apartment,3,8.0995,8.395467006964472
11636201341,apartment,3,8.4882,8.393129390079116
11640200796,apartment,3,8.3931,8.425473367404283
11640204279,apartment,3,8.279,8.4109432383097
11640204465,apartment,3,8.0317,8.383242929999264
11640204570,apartment,3,8.1858,8.38356751324789
11640204953,apartment,3,8.2245,8.410989607345218
11640703259,apartment,3,7.9576,8.358884854039466
11643901019,apartment,3,8.5172,8.825090339224447
11652604889,apartment,3,8.2703,8.427311162532876
11652606822,apartment,3,8.4652,8.38882436343533
11653701543,apartment,3,8.0677,8.25860771385847
11653802412,apartment,3,8.1892,8.390419973248434
11715200887,apartment,3,8.0376,8.46067489616464
11719500664,apartment,3,8.462,8.513710547992302
11726500801,apartment,3,8.5402,8.51731233481798
11728601346,apartment,3,8.0403,8.223002662258159
11730900673,apartment,3,8.1407,8.304586454155787
11730902544,apartment,3,8.1689,8.304864668368895
11730905829,apartment,3,8.1987,8.341008580346063
11730907112,apartment,3,8.689,8.411308626167383
11738704873,apartment,3,8.2376,8.280981290667919
11738707473,apartment,3,8.0995,8.281074028738955
11738708208,apartment,3,8.0225,8.280981290667919
11738708380,apartment,3,8.1535,8.280795814525847
11738708801,apartment,3,8.1358,8.281074028738955
11738709824,apartment,3,8.034,8.255301595424099
11739904353,apartment,3,8.2998,8.44934930526609
11741108331,apartment,3,8.5919,8.634818935563269
11744205913,apartment,3,8.1266,8.327366090009242
11744214017,apartment,3,8.6551,8.642046232803313
11808300571,apartment,3,8.1987,8.604378322618622
11812900731,apartment,3,8.3862,8.722313029533218
11819601969,apartment,3,8.2118,8.322000942407156
11819705810,apartment,3,8.4802,8.390221198548556
11830603123,apartment,9,8.3428,8.329029374627144
11830605533,apartment,9,8.6673,8.365930021010328
11834701251,apartment,9,8.6173,8.543702215404368
11835601676,apartment,9,8.1237,8.274022712557061
11836802942,apartment,9,8.3703,8.165650650556156
11838406661,apartment,3,8.3725,8.61176253914671
11847301532,apartment,9,8.4903,8.311943396540197
11852700271,apartment,9,8.2043,8.298002074229935
11852800223,apartment,9,7.8847,8.172195356997
11852801742,apartment,9,8.0912,8.170105189164245
11853001103,apartment,9,8.3768,8.308379863274954
11853001200,apartment,9,8.1689,8.26911755688447
11854100733,apartment,9,8.6436,8.601005448704466
11854102086,apartment,9,8.5219,8.416874456237062
11913600725,apartment,1,7.9194,8.283897545122556
11913600989,apartment,1,8.0221,8.280970418604898
11915300575,apartment,1,7.8657,8.27862723677066
11917102258,apartment,1,8.0915,8.259347453330562
11919502350,apartment,1,8.4302,8.458878587839314
11928000771,apartment,1,8.4734,8.171640431047017
11928001490,apartment,1,8.392,8.183756768845413
11928001598,apartment,1,7.9659,8.19939229274442
11928002306,apartment,1,8.4566,8.186376843588707
11928002608,apartment,1,8.4154,8.202012367487715
11929808517,apartment,1,8.7701,8.614383436163525
11934101507,apartment,1,8.3428,8.207415502296548
11934200981,apartment,1,8.0064,8.250296867287494
11934201722,apartment,1,7.849,8.273427599450239
11934202001,apartment,1,7.7537,8.273440655918378
11934202011,apartment,1,7.8714,8.270820581175082
11934300488,apartment,1,8.4752,8.357027386088486
11934303134,apartment,1,8.1586,8.363140893822843
11934303568,apartment,1,8.2157,8.359647460831782
11934308225,apartment,1,8.1731,8.352035197473514
11934308837,apartment,1,7.824,8.310024791978964
11934311404,apartment,1,7.9329,8.282431114096461
11934900914,apartment,1,8.2346,8.322729567501964
11934904030,apartment,1,8.535,8.410285285275656
11934904162,apartment,1,8.5172,8.40941192702789
11934904219,apartment,1,8.409,8.40941192702789
11934904316,apartment,1,8.6687,8.487001880271608
11934905223,apartment,1,8.3811,8.478268297793957
11934905665,apartment,1,8.4808,8.481523835135997
12002100712,apartment,2,8.1117,8.288652882325776
12002402867,apartment,2,8.4767,8.373381762686932
12002403121,apartment,2,8.3994,8.389420896361678
12002801729,apartment,2,8.7541,8.41482997816952
12003403131,apartment,2,8.3387,8.264922342040476
12003403921,apartment,2,8.4254,8.259042979673689
12003404111,apartment,2,8.4995,8.261020222162399
12003404715,apartment,2,8.4995,8.261585148587745
12003406777,apartment,2,8.537,8.458552149189824
12003406912,apartment,2,8.6995,8.514130536341945
12003410510,apartment,2,8.8679,8.451634163839866
12003411134,apartment,2,8.6163,8.461103587000183
12004208324,apartment,2,8.6648,8.505543414358446
12007708001,apartment,2,8.5172,8.520456737241902
12007803495,apartment,2,8.2589,8.323209495593932
12007804181,apartment,2,8.5172,8.322644569168586
12007809086,apartment,2,8.1605,8.385363773636373
12007816139,apartment,2,8.5725,8.367015579981539
12007817550,apartment,2,8.3349,8.43501599887265
12007817933,apartment,2,8.4286,8.381552944433501
12007819502,apartment,2,8.4324,8.432158689401916
12007823674,apartment,2,8.4839,8.377262040045743
12007823811,apartment,2,8.4482,8.435609981672524
12012703401,apartment,2,7.6487,8.145419397243606
12031101187,apartment,2,8.8144,8.49359557879373
12040203922,apartment,2,7.81,8.002109526637831
12040204023,apartment,2,8.2645,8.006702129985177
12040800947,apartment,2,8.1751,8.31445364822917
12040801048,apartment,2,8.0032,8.315018574654516
12040801153,apartment,2,8.1751,8.313041332165806
12040802907,apartment,2,8.1075,8.303961388610059
12040803644,apartment,2,8.2379,8.306503557524117
12040809960,apartment,2,8.2987,8.326070800608678
12040810144,apartment,2,7.7848,8.30896736961653
12040811809,apartment,2,8.4611,8.477973458946177
12040812082,apartment,2,8.4345,8.451452538984938
12041100671,apartment,2,8.3576,8.455076166035791
12041105118,apartment,2,8.3706,8.38994977695382
12042502110,apartment,2,8.2901,8.09448091364059
12044200804,apartment,2,8.3002,8.299301783429238
12103903446,apartment,2,8.3782,8.528076123755223
12109500831,apartment,2,8.2685,8.069489857920324
12111407460,apartment,2,8.2171,8.075009298553722
12111602441,apartment,2,8.0546,8.062287862860698
12117000826,apartment,2,7.8604,7.955939457052644
12125001429,apartment,2,8.1887,8.33089085640472
12125907401,apartment,2,8.4189,8.389924191479956
12200403266,apartment,8,8.4457,8.604072158468304
12200702328,apartment,8,8.8841,8.69962232055143
12200704411,apartment,8,8.635,8.684113679303575
12203500548,apartment,8,7.6009,7.976315859252846
12203900260,apartment,8,8.2295,8.045940397037787
12208001140,apartment,8,7.693,7.827411396169314
12208801147,apartment,8,8.1918,7.991949212036162
12209102341,apartment,8,7.8153,7.9507364146864665
12210101416,apartment,8,8.096,8.003893298259456
12210101718,apartment,8,8.1557,8.019979146313803
12210102242,apartment,8,8.2331,8.010409512519624
12213303419,apartment,8,7.7985,7.817522166759355
12214502962,apartment,8,7.9258,7.862970177682909
12214505856,apartment,8,7.9576,7.928088872386546
12214507468,apartment,8,8.1619,7.956988163250182
12214507905,apartment,8,8.3257,7.9547378918161264
12214509320,apartment,8,8.2802,7.954399567338449
12214509533,apartment,8,8.1619,7.956311514294827
12214509894,apartment,8,8.3253,7.926535588162744
12214510191,apartment,8,8.2138,7.958341461160893
12214600298,apartment,8,8.0413,7.971370461800087
12214600859,apartment,8,8.0126,7.966122167638227
12214601685,apartment,8,8.0721,7.971708786277765
12214601812,apartment,8,7.9768,7.970693812844732
12217401946,apartment,8,7.8859,7.870763571090354
12300201584,apartment,8,8.1117,8.557586695864927
12300501251,apartment,8,8.4333,8.441636155452908
12300503661,apartment,8,8.6662,8.526945063947682
12300900881,apartment,8,8.6323,8.612714084362826
12301500798,apartment,8,8.0098,8.302784565551665
12301502065,apartment,8,8.223,8.326932754528947
12307101356,apartment,8,8.0985,8.24623955638066
12307101372,apartment,8,8.1377,8.244547933992271
12310103119,apartment,8,8.2548,8.23899911730365
12310107068,apartment,8,8.453,8.172396946454338
12310302286,apartment,8,8.1543,8.604001351118708
12310302723,apartment,8,8.079,8.604339675596385
12315103028,apartment,8,8.8123,8.282915536628868
12322700753,apartment,8,8.1624,8.232715592757504
12322701954,apartment,8,8.1577,8.232109535962808
12408400588,apartment,7,8.382,8.3414848960156
12410402215,apartment,7,8.4995,8.372080827252802
12411600789,apartment,7,8.2898,8.415154340684342
12412001749,apartment,7,8.2048,8.324795295865647
12412002222,apartment,7,8.4925,8.326992634416555
12416501495,apartment,7,7.9521,8.248504610414708
12417405767,apartment,7,7.9207,8.331676271225426
12417407603,apartment,7,8.4995,8.427732975393537
12417408928,apartment,7,8.6945,8.392453657536677
12417501863,apartment,7,8.3257,8.369196222006726
12502100398,apartment,7,7.9984,8.124126922289236
12512403474,apartment,7,8.1172,8.395815664654693
12512403891,apartment,7,8.2185,8.396548110838328
12513105035,apartment,7,8.3666,8.54073106169665
12516600541,apartment,7,8.0317,8.392859428587245
12516900502,apartment,7,8.4237,8.51104594037416
12728902819,apartment,4,8.3066,8.113899770045565
12731000200,apartment,4,8.3318,8.12505372003845
12731000936,apartment,4,8.4537,8.125645122258456
12731006081,apartment,4,8.5017,8.12978493779851
12731007108,apartment,4,8.2785,8.130376340018517
12821200918,apartment,4,8.3473,8.168825305163784
12821300718,apartment,4,8.4362,8.229990870538103
12902301153,apartment,3,7.926,8.383568822068215
12902301927,apartment,3,7.3545,8.38389340531684
12902302011,apartment,3,7.9146,8.383754298210286
12902302559,apartment,3,7.7611,8.383939774352358
12902303679,apartment,3,7.8034,8.395085321037682
13010901428,apartment,3,8.2501,8.561399079630444
13010901959,apartment,3,8.3473,8.561770031914588
13012901158,apartment,3,7.9128,8.355570421078752
13014002371,apartment,3,8.3399,8.48277087883769
13014003191,apartment,3,7.9911,8.464777163083086
13014003319,apartment,3,7.9844,8.457086642176112
13014200688,apartment,3,8.4407,8.38905486244442
13014203385,apartment,3,8.2118,8.384747015326745
13014204284,apartment,3,8.2583,8.387862695430002
13031002546,apartment,3,8.0189,8.293567837987325
13031004050,apartment,3,7.9121,8.334665294365788
13032704943,apartment,5,7.8162,8.18307289407333
13037000200,apartment,3,7.803,8.22716194580662
13037001789,apartment,3,7.7595,8.233953199040918
13100303074,apartment,5,7.8109,8.21366279460206
13109702060,apartment,5,7.9817,8.156985105613371
13109702338,apartment,5,8.0617,8.156868070114946
13109702486,apartment,5,8.077,8.157453247607068
13110901322,apartment,5,8.1277,8.146567060614263
13111203106,apartment,5,8.2836,8.2433247162299
13327808197,apartment,5,8.0164,8.28766581987291
13328005977,apartment,5,7.9089,8.147325380826633
13409000241,apartment,5,8.1196,8.236744173435845
13446404456,apartment,5,7.7138,8.154417546835663
13446404650,apartment,5,7.7331,8.154300511337238
13522801554,apartment,5,8.3349,8.375947338314703
13538902649,apartment,5,8.0133,8.365354589895048
13625901632,apartment,5,7.7339,8.149025714572957
13632301041,apartment,5,8.1328,8.101025924807983
13704101876,apartment,5,8.5172,8.220414148935738
13706200235,apartment,5,7.6795,8.12668274262532
13706200472,apartment,5,7.7926,8.14610091550072
13706301376,apartment,5,7.9959,8.371833498775715
13714201695,apartment,5,7.8982,8.250329660864702
13805202694,apartment,5,7.9736,8.222641181546653
13811101349,apartment,5,8.0893,8.380578438302766
13834901465,apartment,5,8.6011,8.614617787855217
13834901473,apartment,5,8.6011,8.614617787855217
13834901503,apartment,5,8.625,8.614851858852065
13834901661,apartment,5,8.6121,8.614266681359943
13834905320,apartment,5,8.8198,8.672424096954305
13834905691,apartment,5,8.8222,8.672190025957459
13834908680,apartment,5,8.6011,8.626318663847336
13834908893,apartment,5,8.6312,8.630530693212455
13903003548,apartment,5,8.1388,8.410584576595276
13906600644,apartment,5,8.0025,8.299852820185587
13907402218,apartment,5,8.0451,8.306598765451056
13918700398,apartment,5,7.7517,8.343650662463997
14000400419,apartment,5,7.7863,8.220738629879435
14026606944,apartment,5,7.9391,8.243616391356507
14027103407,apartment,5,8.0783,8.315497257602756
14028100371,apartment,5,7.9329,8.103983888756188
14102001580,apartment,5,8.0383,8.161750054511588
14102600964,apartment,5,8.1639,8.314376916470472
14105701184,apartment,5,8.0652,8.366655719966666
14105701941,apartment,5,7.916,8.366304613471394
14105705661,apartment,5,7.7544,8.36560240048085
14202000853,apartment,5,8.3147,8.403302288363417
14202800787,apartment,5,8.4039,8.663120729104484
14208001711,apartment,5,8.6373,8.650518896583051
14208301197,apartment,5,8.7179,8.580574528302517
14208301227,apartment,5,8.781,8.584236494665607
14208301480,apartment,5,8.6603,8.588314864680639
14208600542,apartment,5,8.6108,8.48576960883474
14209400520,apartment,5,8.1873,8.445067148042485
14209601275,apartment,5,8.0898,8.453089583860777
14210200483,apartment,5,8.3021,8.536331663295083
14210200531,apartment,5,8.3021,8.535980556799812
14211900721,apartment,5,8.3321,8.579192471773627
14213500763,apartment,5,8.5172,8.545714592298523
14216202208,apartment,5,8.2453,8.410299641020256
14301902243,apartment,3,8.3143,8.361801748648585
14302400314,apartment,3,7.8403,8.747120546811566
14302502524,apartment,3,8.0652,8.44240746352275
14303001561,apartment,3,8.3862,8.423555099089395
14304600167,apartment,3,8.3205,8.346890911848657
14304801057,apartment,3,8.2118,8.34500937143681
14307203002,apartment,5,8.1117,8.178445493902572
14307206461,apartment,5,8.3837,8.248362059519009
14307302205,apartment,5,8.1773,8.13207829872341
14307303090,apartment,5,8.4966,8.16253819134508
14401801457,apartment,5,8.3773,8.464567250334778
14406501931,apartment,5,8.1117,8.374324407897522
14410501282,apartment,5,8.0539,8.280338918165242
14410503171,apartment,5,7.838,8.327382836451171
14416102185,apartment,5,7.768,8.185609768659033
14416107411,apartment,5,8.6915,8.430310944048893
14420801122,apartment,5,7.7933,8.27097460269482
14602300854,apartment,3,8.3622,8.421321536664244
14603100735,apartment,3,8.4505,8.353516863549592
14612900765,apartment,3,7.8067,8.208421667125279
14707502414,apartment,3,8.7167,8.261262477950462
14719700445,apartment,3,7.8355,8.231082917585258
14719703126,apartment,3,7.824,8.211093608787268
14719800687,apartment,3,7.8886,8.222856354730117
14719801896,apartment,3,7.8625,8.200462025104443
14719803831,apartment,3,7.7945,8.208363080244991
14720502661,apartment,3,7.8623,8.2691133709759
14720503275,apartment,3,8.1091,8.263456237747805
14720504425,apartment,3,7.9619,8.230621611951545
14720504468,apartment,3,7.8435,8.20760603463025
14728200603,apartment,3,8.0446,8.224882813567788
14728201081,apartment,3,8.0947,8.256099910000597
14728205362,apartment,3,8.0962,8.22246491019586
14728208302,apartment,3,7.9891,8.22288300802532
14728208469,apartment,3,8.0396,8.220314321709031
14728211141,apartment,3,8.002,8.225343818197882
14728212350,apartment,3,8.4372,8.392265891467027
14728215031,apartment,3,8.6055,8.392312260502544
14728217281,apartment,3,8.355,8.345100094116699
14729302361,apartment,3,8.5457,8.43180584865725
14729302574,apartment,3,8.2855,8.407034853706513
14729304321,apartment,3,8.3117,8.42960894157724
14729304585,apartment,3,8.4684,8.42960894157724
14729304951,apartment,3,8.6558,8.443203274539588
14731100894,apartment,3,8.3811,8.34487926997272
14733600479,apartment,5,8.3931,8.235408907318318
14733803477,apartment,5,7.9715,8.105144033846102
14733808665,apartment,5,8.2385,8.275211686891414
14734002001,apartment,5,8.1183,8.15628213013313
14735001203,apartment,5,8.0472,8.11235859524841
14735001637,apartment,5,7.9853,8.111890453254713
14735200788,apartment,3,7.9317,8.208856767843004
14735200958,apartment,3,7.9111,8.208903136878522
14805001691,apartment,3,7.5279,8.021886905014146
14815400465,apartment,3,8.1689,8.276531496565417
14818901309,apartment,3,8.0359,8.284723259274262
14908700426,apartment,3,7.901,8.341082106497574
14932601221,apartment,3,7.9403,8.314476005555917
14932601335,apartment,3,7.7742,8.314568743626953
14935200102,apartment,3,7.9988,8.323785909271404
15002902005,apartment,3,8.1951,8.274117846426499
15028504211,apartment,5,8.1388,8.583138738604866
15028507421,apartment,5,8.1807,8.579786623088067
15028508282,apartment,5,7.7637,8.55065335204543
15028600332,apartment,3,8.1987,8.201864073354669
15106400480,apartment,3,8.0598,8.405173523443482
15110202299,apartment,5,8.1032,8.474371660447716
15112302827,apartment,5,8.0529,8.295202310900077
15112304234,apartment,5,7.9728,8.351222869560523
15112304651,apartment,5,7.9103,8.351456940557371
15112305605,apartment,5,8.0854,8.382209533932276
15119903281,apartment,5,8.0164,8.50216971662962
15119905871,apartment,5,8.2509,8.499897468606363
15119906396,apartment,5,8.0487,8.500833752593756
15119906965,apartment,5,8.0864,8.492654121662607
15119907759,apartment,5,7.7063,8.490452294647318
15120003728,apartment,5,8.3489,8.55842187227848
15120005895,apartment,5,8.3816,8.565762648366295
15120008509,apartment,5,8.2385,8.61243682590326
15120009221,apartment,5,8.3573,8.580309927417318
15212402696,apartment,3,8.415,8.445489041210635
15310404588,apartment,3,8.1742,8.419446545339477
15408001112,apartment,3,8.5668,8.537932893860429
15408001661,apartment,3,8.3109,8.5381183700025
15408001708,apartment,3,8.5172,8.550672024277356
15413106441,apartment,3,7.6454,8.207931656427903
15423101831,apartment,3,8.3143,8.392233861199724
15423904950,apartment,3,7.6059,8.237465581855446
15423905302,apartment,3,8.1117,8.239641788191848
15425301269,apartment,3,8.0897,8.283187745822694
15509801149,apartment,3,8.1591,8.393846402510302
15523011230,apartment,3,7.9911,8.49829524934905
15523017281,apartment,3,8.3286,8.644101552382269
15523017451,apartment,3,8.3837,8.644472504666412
15523019096,apartment,3,8.5172,8.644426135630894
15523019959,apartment,3,8.6068,8.644147921417787
15523021678,apartment,3,8.4457,8.663275370972912
15523021732,apartment,3,8.558,8.624075191905332
15523025517,apartment,3,8.1763,8.615320285843733
15523028370,apartment,3,8.1445,8.615505761985805
15528302101,apartment,3,8.3021,8.656332551221325
15536906541,apartment,3,8.0679,8.629804155655112
15603604890,apartment,3,7.9596,8.350925621663764
15603608136,apartment,3,7.453,8.377271171389612
15603612214,apartment,3,7.6397,8.40014266373128
15603612966,apartment,3,7.8724,8.418413138550578
15603612982,apartment,3,7.9625,8.418227662408507
15603615647,apartment,3,8.0292,8.41859861469265
15603619847,apartment,3,7.824,8.391704998782822
15603800762,apartment,3,8.5172,8.504984514266594
15603806906,apartment,3,8.6458,8.50701971543773
15705904516,apartment,1,8.0652,8.024029171571708
15705905210,apartment,1,8.1706,8.025379365441689
15705905520,apartment,1,8.1117,8.03236623142381
15707901468,apartment,1,8.5374,8.287759932153264
15707910378,apartment,1,8.3862,8.273330041656937
15709608512,apartment,1,7.9984,8.047604750001266
15709609756,apartment,1,7.7063,8.01532707524833
15709610924,apartment,1,7.8341,8.021663178057906
15709614512,apartment,1,8.6095,8.168239240966857
15709620849,apartment,1,8.2376,8.091538696929272
15710400547,apartment,1,7.8835,8.011824600416452
15710401241,apartment,1,8.0266,8.010077883920921
15710500576,apartment,1,8.2489,8.050528889594323
15711100237,apartment,1,7.8337,7.998842947982025
15713006701,apartment,1,8.0403,8.025992679123814
15713008079,apartment,1,8.0329,8.00906877274404
15713010235,apartment,1,8.3888,8.136196151340195
15713010502,apartment,1,8.1807,8.173218520515311
15713018988,apartment,1,8.3413,8.240034849377805
15718601991,apartment,1,7.9898,8.040081149464902
15720801722,apartment,1,8.1807,8.05392527522815
15721000642,apartment,1,7.9939,7.985887293575468
15721001584,apartment,1,7.9294,7.989380726566528
15721003201,apartment,1,8.4495,8.084797795965068
15721003552,apartment,1,8.3927,8.105508606082017
15721006322,apartment,1,8.0214,8.078055529043286
15721300859,apartment,1,7.824,7.936999237516116
15721301413,apartment,1,7.8312,7.937872595763881
15721402767,apartment,1,8.0943,8.043213123793977
15721403844,apartment,1,8.2536,8.063330365175478
15722000824,apartment,1,8.0523,8.045249451767681
15722403686,apartment,1,8.0415,7.969928943462114
15722900752,apartment,1,8.239,8.014877293852287
15722901392,apartment,1,8.192,8.022077677573133
15722901937,apartment,1,8.0014,8.018011150682876
15722902259,apartment,1,8.2043,8.018584244582073
15722905908,apartment,1,7.7018,7.969866777736376
15722907595,apartment,1,7.805,7.988679835233014
15722909660,apartment,1,8.1213,7.992868770362378
15722912181,apartment,1,7.744,7.997060312189215
15722919348,apartment,1,8.1117,8.113475922739571
15722923231,apartment,1,8.351,8.060237659528198
15722923507,apartment,1,8.273,8.051953363200177
15722924007,apartment,1,8.3001,8.045966581281222
15722926565,apartment,1,7.9032,8.166627071912508
15722927669,apartment,1,7.7634,8.169247146655804
15722928721,apartment,1,8.0247,8.202746511339658
15903800601,apartment,8,8.6713,8.693287529760472
15903802019,apartment,8,8.5374,8.69232020103853
15908800480,apartment,8,8.2127,8.281836719897345
15908800901,apartment,8,8.1055,8.283866666763412
15908803390,apartment,8,8.1634,8.28104732495806
15909800492,apartment,8,7.77,8.194157524418111
15913500694,apartment,8,7.9857,8.256249567054114
15914001195,apartment,8,8.0523,8.279728784480625
15914002019,apartment,8,8.1025,8.278713811047592
15915900649,apartment,8,7.4456,8.5783157311336
15915901734,apartment,8,7.8103,8.577639082178244
15916509285,apartment,8,8.479,8.614002103896885
15916517601,apartment,8,8.2462,8.6813423304247
15916517660,apartment,8,8.2649,8.681004005947022
15916517709,apartment,8,8.2271,8.680327356991667
15916519752,apartment,8,8.2035,8.60392618683636
15916601874,apartment,8,8.1605,8.614050653295838
15916603362,apartment,8,8.137,8.584514709460601
15916603435,apartment,8,8.0858,8.585191358415956
15916604271,apartment,8,8.2025,8.615403951206549
15916606523,apartment,8,8.0734,8.616080600161904
15916606744,apartment,8,8.1977,8.58316141154989
15916607422,apartment,8,8.0317,8.583499736027568
15916608305,apartment,8,8.34,8.585599179744754
15916608585,apartment,8,8.0672,8.583838060505245
15916801377,apartment,8,8.411,8.38321313828876
15917705304,apartment,8,7.8575,8.383840544674845
15917708532,apartment,8,7.832,8.394940805345728
15917711584,apartment,8,8.1288,8.477357086184751
15917712815,apartment,8,8.2102,8.474312165885651
15917713668,apartment,8,8.1483,8.467793586543433
15921002738,apartment,8,8.1543,8.656202456318812
15921004579,apartment,8,8.8408,8.60202018203272
15921006547,apartment,8,8.8444,8.65913040872205
15929105900,apartment,8,8.3741,8.661266265669756
15929109418,apartment,8,8.363,8.682592483627023
15929109655,apartment,8,8.3741,8.680224212283278
15929109965,apartment,8,8.4682,8.70594314534094
15929114391,apartment,8,8.3261,8.717549431364034
15929115681,apartment,8,8.3741,8.716819386451219
15929117453,apartment,8,8.3349,8.715466088540508
15929117496,apartment,8,8.4674,8.692257438779748
15930801915,apartment,8,7.5147,8.249312840995282
16004901813,apartment,8,8.0376,8.325210649195094
16004904987,apartment,8,8.3962,8.318875353718266
16010901811,apartment,8,7.4392,8.44343015511118
16017301194,apartment,8,8.059,8.226701744528615
16017701869,apartment,8,8.0064,8.197648710569903
16017705678,apartment,8,8.2083,8.139586697441677
16017705996,apartment,8,8.3434,8.249038378804027
16017901213,apartment,8,8.0973,8.230548473497706
16019501506,apartment,8,8.2521,8.29333470877421
16019502723,apartment,8,8.2521,8.292658059818855
16021303521,apartment,8,8.1335,8.260582453363579
16021701215,apartment,8,7.7287,8.204855963989196
16023801128,apartment,8,8.2978,8.209993585165124
16023801251,apartment,8,8.5965,8.21067023412048
16023901653,apartment,8,8.0256,8.192776041836428
16024901126,apartment,8,8.3059,8.288379239915
16026900461,apartment,8,8.2623,8.324080094511206
16026902154,apartment,8,8.2642,8.312959969061005
16026902456,apartment,8,8.3554,8.327881062222485
16026903045,apartment,8,8.2623,8.324418418988884
16027702353,apartment,8,8.5952,8.315833954034243
16027702612,apartment,8,8.6439,8.315495629556565
16027704161,apartment,8,8.7096,8.368806442109554
16027704720,apartment,8,8.6781,8.323355620093473
16028302995,apartment,8,8.4188,8.284804478579396
16028701008,apartment,8,8.2295,8.250010853878804
16028701441,apartment,8,8.1315,8.170294772859677
16036804491,apartment,8,8.1233,8.189280202946692
16036805585,apartment,8,8.1682,8.190633500857404
16036812271,apartment,8,8.6305,8.153008043409187
16036812573,apartment,8,8.7403,8.149963123110087
16037001951,apartment,8,8.3468,8.152950820474395
16037002117,apartment,8,8.265,8.15531909181814
16037002478,apartment,8,9.1938,8.215242098002033
16037006147,apartment,8,8.9872,8.137848749464546
16200100984,apartment,2,8.0679,8.531943879625192
16200105110,apartment,2,8.1233,8.546044556448726
16200106575,apartment,2,8.6748,8.549816131652715
16200109019,apartment,2,8.2628,8.534984688336312
16200111056,apartment,2,8.394,8.53752685725037
16200112869,apartment,2,8.7208,8.616934579958459
16200115302,apartment,2,8.8858,8.653083880283724
16200116481,apartment,2,8.9513,8.532931439206607
16200117828,apartment,2,8.8698,8.532366512781259
16200122104,apartment,2,8.5925,8.601780058843378
16200136180,apartment,2,8.4154,8.68019961678218
16200136512,apartment,2,8.3886,8.63686476678506
16200145929,apartment,2,8.2533,8.79873214389383
16200501792,apartment,2,8.5839,8.44466807161109
16200503736,apartment,2,8.3688,8.445232998036436
16200503981,apartment,2,8.4998,8.445515461249109
16203501327,apartment,2,8.465,8.25510784758761
16203606714,apartment,2,8.4839,8.453980993751536
16203609705,apartment,2,8.267,8.451438824837478
16203610797,apartment,2,8.1304,8.492047984541859
16205102926,apartment,2,8.1605,8.255073134808006
16208400502,apartment,2,8.7072,8.574217182137991
16221300761,apartment,2,8.0848,8.239161743738848
16221602520,apartment,2,7.9207,8.136882171465269
16325601148,apartment,2,7.9176,8.2992056583116
16325602276,apartment,2,8.1205,8.300900437587638
16325700626,apartment,2,7.7187,8.276629281614369
16511710989,apartment,8,8.4118,8.064059429944281
16511711594,apartment,8,8.4978,8.106127007183584
16513500981,apartment,8,8.1353,7.955554211058628
16513500991,apartment,8,8.2659,7.953185939714883
16536502778,apartment,2,7.7194,7.985601705198565
16536503499,apartment,2,7.5314,8.012641349713988
16537104253,apartment,2,8.5703,8.450537265577895
16537111071,apartment,2,8.4611,8.453361897704625
16540402146,apartment,2,7.9176,8.066096542859308
16540700295,apartment,2,7.9194,8.390685517429915
16540700392,apartment,2,8.0472,8.392097833493281
16541406676,apartment,2,8.2179,8.155002291811506
16600403763,apartment,8,8.2158,8.008997198726302
16603305134,apartment,8,8.6226,8.29501604097803
16606502674,apartment,8,7.9431,8.244762961566941
16624902735,apartment,8,8.2295,8.323476368951203
16624906153,apartment,8,8.235,8.387841944290804
16624906277,apartment,8,8.3953,8.389195242201515
16624908751,apartment,8,8.127,8.418320647521577
16624909871,apartment,8,8.1117,8.420012269909966
16624911203,apartment,8,7.7264,8.39824169358491
16626708111,apartment,8,8.3493,8.48135516262287
16626708146,apartment,8,8.6583,8.482708460533582
16626709053,apartment,8,8.3894,8.484960137603677
16701402241,apartment,8,8.0529,8.395457308477672
16715904633,apartment,8,7.4335,8.113498151375282
16721801581,apartment,8,8.263,8.318882182629931
16805900688,apartment,8,7.8996,7.9680489279604805
16809301622,apartment,8,8.0405,8.035280814664667
16809301681,apartment,8,8.096,8.0332508677986
16810001815,apartment,8,7.7933,7.97287915862188
16810003931,apartment,8,8.4161,8.15984798741659
16813000925,apartment,8,7.8427,7.831610985181435
16813001107,apartment,8,7.6962,7.8439643413276485
16825608613,apartment,8,8.8426,7.993214594056275
16825608885,apartment,8,8.581,7.994229567489309
16829701014,apartment,8,7.9798,7.892603015282969
16829707391,apartment,8,8.0175,8.007272925951721
16832001834,apartment,8,7.9139,7.991727959938528
16832002326,apartment,8,7.9215,7.9731924326889185
16832407180,apartment,8,8.1487,8.040429038557196
16900901653,apartment,8,8.0186,8.651376664877366
16900902609,apartment,8,8.0348,8.651376664877366
16900908720,apartment,8,8.0348,8.654298441029315
16900915719,apartment,8,8.1481,8.654356899248146
16900923681,apartment,8,8.1763,8.746071564797305
16900929541,apartment,8,8.074,8.721223333636965
16901800370,apartment,8,8.1367,8.771180648196541
16901901614,apartment,8,8.2424,8.632204481440976
16902001285,apartment,8,8.5019,8.799488188221524
16902001846,apartment,8,8.5817,8.819049301094552
16902002001,apartment,8,8.4833,8.818710976616874
16902100879,apartment,8,8.0012,8.703034677953418
16902103398,apartment,8,8.1828,8.760874185303354
16902106559,apartment,8,8.36,8.889837368224269
16902301602,apartment,8,8.409,8.755305504013096
16902302056,apartment,8,8.3501,8.752260583713996
16902304131,apartment,8,8.2143,8.752641057964048
16902601241,apartment,8,7.9795,8.693963170299222
16902601835,apartment,8,8.0819,8.655205977723972
16902800714,apartment,8,8.5397,8.761479872161788
16902800927,apartment,8,8.3966,8.76114154768411
16902801303,apartment,8,8.4358,8.687892680231275
16902803780,apartment,8,8.099,8.780290083830176
16902803837,apartment,8,8.2803,8.686724056092135
16903101739,apartment,8,8.1263,8.727869915748464
16903600883,apartment,8,8.2078,8.690847974770431
16903601571,apartment,8,8.4392,8.777141740836123
16903602071,apartment,8,8.3157,8.775788442925412
16903602576,apartment,8,8.3374,8.777221139292948
16903602940,apartment,8,8.294,8.778156714269157
16903603602,apartment,8,8.3819,8.779251086159015
16903702880,apartment,8,8.1784,8.711249341341833
16903901875,apartment,8,8.5672,8.809987103015455
16904003420,apartment,8,8.1328,8.731257484421139
16904004362,apartment,8,8.3559,8.730580835465783
16904006721,apartment,8,8.6103,8.815526177041507
16904006861,apartment,8,8.5317,8.815864501519185
16904007485,apartment,8,8.3717,8.726872418005438
16904007681,apartment,8,8.428,8.81654115047454
16904007841,apartment,8,8.6081,8.81654115047454
16904007981,apartment,8,8.6516,8.814849528086151
16906202781,apartment,8,8.1942,8.742452725897863
16906203060,apartment,8,8.2228,8.740422779031796
16907600438,apartment,8,7.9519,8.606625997589003
16908401110,apartment,8,7.8989,8.59463094888486
16908903485,apartment,8,7.9365,8.1005888237831
16911901196,apartment,8,8.3075,8.372015336352343
16911902631,apartment,8,8.372,8.382279517119573
16911903237,apartment,8,8.3075,8.389310485444557
16911903555,apartment,8,8.0189,8.523499276240887
16911903970,apartment,8,7.8764,8.49107540905299
16911904578,apartment,8,8.0368,8.483557702684159
16911905167,apartment,8,7.5558,8.491752058008345
16919700947,apartment,8,7.8909,8.501758917665141
16919701978,apartment,8,8.4589,8.658519400126169
16919703377,apartment,8,8.3866,8.718874300600604
16919703415,apartment,8,8.3042,8.71785932716757
16919903201,apartment,8,8.3872,8.594106881445958
16919904593,apartment,8,8.4344,8.63199365223494
16919904992,apartment,8,8.5344,8.624615359403407
16919907444,apartment,8,8.6149,8.756408665953229
16920201861,apartment,8,8.4719,8.764979722888192
16920303034,apartment,8,8.3712,8.820372482064933
16920501995,apartment,8,8.4755,8.867336251738374
16920502071,apartment,8,8.4231,8.863953006961596
16920504579,apartment,8,8.5689,8.865982953827663
16920601302,apartment,8,7.9993,8.644318736241154
16921205087,apartment,8,8.4452,8.730826437639015
16921206131,apartment,8,8.4482,8.657748140355816
16921400823,apartment,8,8.294,8.649938952512235
16921402435,apartment,8,8.0739,8.61752911304169
16921402451,apartment,8,8.1348,8.615499166175622
16921900966,apartment,8,8.187,8.540855171183557
16922302124,apartment,8,7.9191,8.442895371856952
16922500988,apartment,8,8.2479,8.629271902244987
16922603655,apartment,8,8.4584,8.820868127822397
16922605658,apartment,8,8.4338,8.807104674805569
16922606131,apartment,8,8.7171,8.804736403461824
16926907179,apartment,8,8.4952,8.633309584594938
16926912857,apartment,8,8.1526,8.820174191743087
16929000271,apartment,8,7.824,8.116896335600298
16929001510,apartment,8,7.8427,8.11824963351101
16930101019,apartment,8,7.8611,8.618813372264874
16930101035,apartment,8,8.3487,8.76828385150237
16930102856,apartment,8,8.0133,8.639110165346636
16930403112,apartment,8,8.2334,8.640971083830912
16930403473,apartment,8,8.0635,8.644016004130012
16930403937,apartment,8,8.0819,8.642324381741624
16930414815,apartment,8,8.5268,8.830040588661465
16930416028,apartment,8,8.8144,8.828687290750754
16930416435,apartment,8,8.6229,8.828348966273076
17000403445,apartment,8,8.595,8.439441377330883
17001002428,apartment,8,8.6836,8.627284734060469
17001003149,apartment,8,8.6836,8.628976356448858
17001100977,apartment,8,8.2311,8.525266541782294
17001202214,apartment,8,8.81,8.75854233009872
17001204373,apartment,8,8.774,8.75854233009872
17001502412,apartment,8,8.0214,8.441610655364423
17001900248,apartment,8,8.2798,8.58073291138861
17002101241,apartment,8,8.1568,8.548100841475438
17002201823,apartment,8,8.1807,8.730572796657905
17002201912,apartment,8,8.1066,8.727189551881127
17002301275,apartment,8,7.7334,8.475771223046056
17002301755,apartment,8,7.7439,8.544229149406654
17003701196,apartment,8,7.9606,8.607600188657226
17003902280,apartment,8,7.9294,8.512401232865514
17004300322,apartment,8,7.8177,8.541293241407217
17004901024,apartment,8,7.5433,8.186098903412098
17004901733,apartment,8,7.4388,8.207834842741988
17005901192,apartment,8,8.3301,8.404078068619912
17005905295,apartment,8,8.1461,8.739938442467592
17006202433,apartment,8,8.3489,8.812490454210751
17006202786,apartment,8,8.2976,8.810122182867007
17006203200,apartment,8,8.1673,8.733984017673544
17007302466,apartment,8,8.2144,8.660703608201146
17007302806,apartment,8,8.3584,8.608705271129528
17007305287,apartment,8,8.2985,8.664521215781747
17007307573,apartment,8,8.0115,8.566299743402814
17007309967,apartment,8,8.1554,8.665418427447642
17007310868,apartment,8,8.363,8.654974950952798
17013201676,apartment,8,8.392,8.568720803949768
17015900539,apartment,8,7.4876,8.052260649259356
17015901217,apartment,8,8.1951,8.3407222363084
17017105418,apartment,8,7.6843,8.186681028911211
17017403400,apartment,8,8.101,8.268463775884202
17017403877,apartment,8,7.4931,8.142999762543477
17018408155,apartment,8,7.6247,8.345957696614102
17018902982,apartment,8,8.1543,8.70287352245339
17018903792,apartment,8,8.5022,8.722455110208717
17019202798,apartment,8,8.5446,8.823245916670485
17019203441,apartment,8,8.3849,8.79297728314478
17019204197,apartment,8,8.4472,8.819267725365156
17019400621,apartment,8,7.5785,8.446309201215598
17019606295,apartment,8,8.0018,8.590437577106465
17019606570,apartment,8,8.1456,8.593144172927888
17019606651,apartment,8,7.7746,8.590437577106465
17102101790,apartment,8,7.7295,8.054402982555192
17102102789,apartment,8,8.2255,8.336918464713058
17102102800,apartment,8,8.3501,8.291337646410868
17103705290,apartment,8,7.3905,8.01559036131189
17104300324,apartment,8,7.599,8.04933076680629
17104301487,apartment,8,8.1421,8.181933117406954
17106601232,apartment,8,7.8034,8.10887535196964
17110102059,apartment,8,8.1658,8.308491232063655
17111900919,apartment,8,7.8059,8.08051577521875
17116202500,apartment,8,8.713,8.630088998896017
17116202683,apartment,8,8.3143,8.629074025462984
17116400728,apartment,8,7.6426,8.517061540917947
17116401961,apartment,8,8.0169,8.560705094424254
17116404243,apartment,8,8.8309,8.62679568040258
17116600328,apartment,8,7.657,8.433385173080486
17116702031,apartment,8,8.0219,8.218596206411343
17116702368,apartment,8,8.1195,8.216210052635589
17117503350,apartment,8,8.5074,8.308441641672196
17117706561,apartment,8,8.434,8.10041016382411
17117712758,apartment,8,8.5848,8.099733514868754
17118301069,apartment,8,7.57,8.091586025629695
17118900701,apartment,8,7.8608,8.55294404147227
17118903409,apartment,8,7.7746,8.519363061676362
17119101209,apartment,8,7.8623,8.352065157532785
17119101314,apartment,8,7.7753,8.35443342887653
17119202315,apartment,8,8.75,8.665897257497596
17119204156,apartment,8,8.4737,8.645143721780338
17119204725,apartment,8,8.554,8.813431940828703
17119204970,apartment,8,8.5896,8.667243016234696
17119205675,apartment,8,8.5172,8.667919665190052
17119205799,apartment,8,8.5457,8.667581340712374
17119503587,apartment,8,8.0133,8.172061691745219
17119801197,apartment,8,7.627,8.459534493551795
17119807209,apartment,8,8.6412,8.685689412898602
17119903038,apartment,8,7.7683,8.595294547916183
17119903569,apartment,8,7.8685,8.582675455473302
17119905456,apartment,8,7.574,8.628998001386535
17119906010,apartment,8,8.0317,8.620875771124416
17119908064,apartment,8,7.7533,8.51399354045439
17120001670,apartment,8,8.4727,8.59219875867457
17120002065,apartment,8,8.544,8.591860434196892
17120002243,apartment,8,8.4555,8.594905354495992
17120003509,apartment,8,8.5265,8.5745929417716
17120201300,apartment,8,7.9557,8.458618961868655
17120202048,apartment,8,8.3033,8.553831537597912
17120202625,apartment,8,8.4389,8.660283607380599
17120301828,apartment,8,8.4284,8.533302381516298
17120302581,apartment,8,7.953,8.46097106673605
17120310290,apartment,8,8.7569,8.595686143507638
17120402081,apartment,8,8.9967,8.640122701770387
17120606793,apartment,8,7.9918,8.63465776270835
17120800379,apartment,8,7.8633,8.500583252058497
17121001569,apartment,8,8.3608,8.666113777366558
17121003472,apartment,8,7.9126,8.483735380705248
17121100745,apartment,8,8.32,8.607388891182532
17121302712,apartment,8,8.4467,8.617912651957433
17121304804,apartment,8,8.6396,8.755842851044164
17121601299,apartment,8,8.3931,8.56941465978851
17121700440,apartment,8,8.1063,8.721036403655699
17121801727,apartment,8,8.5127,8.622811352808391
17121802243,apartment,8,8.5997,8.620443081464646
17121802881,apartment,8,8.4621,8.551939503810713
17121808934,apartment,8,8.9239,8.80712488998191
17122000231,apartment,8,8.5389,8.635464050403371
17122000231,apartment,8,8.3421,8.635802374881049
17122213217,apartment,8,8.3291,8.722022765827184
17123100653,apartment,8,8.0891,8.613973592340546
17124301091,apartment,8,8.1724,8.248249064584552
17124703807,apartment,8,8.294,8.36919416372616
17125805999,apartment,8,7.7777,8.06884250186583
17125808041,apartment,8,8.1689,8.194296926453191
17125810704,apartment,8,8.1617,8.226805817375002
17125813274,apartment,8,8.4986,8.239037677478017
17126700554,apartment,8,8.6934,8.227778769966058
17126703634,apartment,8,8.5795,8.189040784357717
17126703898,apartment,8,8.96,8.179412984804136
17127002966,apartment,8,8.2642,8.756278347434936
17127004871,apartment,8,8.2125,8.799875452578679
17127102979,apartment,8,8.4078,8.2211183859845
17127106532,apartment,8,8.371,8.29276533081584
17127700590,apartment,8,8.4139,8.183404269230405
17127701589,apartment,8,8.4341,8.18103599788666
17127701813,apartment,8,8.5474,8.180359348931304
17128002390,apartment,8,8.3871,8.218756071175395
17128003575,apartment,8,8.4118,8.215711150876295
17129803613,apartment,8,8.1103,8.739737253026831
17129803729,apartment,8,8.1114,8.739228458417372
17129803842,apartment,8,8.1114,8.739228458417372
17129803974,apartment,8,8.1157,8.740413901982187
17129804040,apartment,8,8.1095,8.742632310490697
17129804059,apartment,8,8.1133,8.742293986013019
17129804512,apartment,8,8.0994,8.737384016328837
17129804636,apartment,8,8.0994,8.737722340806515
17129804733,apartment,8,8.1099,8.741617337057663
17129806183,apartment,8,8.3557,8.886337474371967
17130014430,apartment,8,8.6836,8.627062241074087
17130022476,apartment,8,8.6052,8.623830349634556
17130024770,apartment,8,8.5065,8.7044513080605
17130024959,apartment,8,8.4737,8.704789632538178
17130028296,apartment,8,8.5848,8.684166983022847
17130201230,apartment,8,8.3972,8.679077503157542
17130206836,apartment,8,8.2489,8.703063756829874
17130209223,apartment,8,8.4122,8.584390868525578
17206500977,apartment,2,8.4553,8.188739564920331
17234700799,apartment,2,7.7564,7.935936523920201
17234702627,apartment,2,8.0472,7.94711248456194
17235303599,apartment,2,8.2058,8.045199221862063
17235303742,apartment,2,8.2618,8.044916758649391
17300805158,apartment,2,7.789,8.321577187919036
17300806367,apartment,2,7.9501,8.298054942300048
17300808823,apartment,2,7.8678,8.296077699811336
17300809137,apartment,2,7.9533,8.325678345449417
17300809633,apartment,2,7.9553,8.31052910946244
17300810216,apartment,2,7.8662,8.336740196548442
17330201501,apartment,2,7.934,8.033231070827576
17331001654,apartment,2,7.7512,7.841748830623507
17331003150,apartment,2,7.9418,8.156248877127254
17331003169,apartment,2,7.9782,8.153706708213198
17331003355,apartment,2,7.9041,8.154554097851216
17332001941,apartment,2,8.197,8.048629018407714
17332002263,apartment,2,8.0882,8.015823639567124
17332004002,apartment,2,8.0772,8.118219730557144
17427403990,apartment,2,8.1605,8.344149229838425
17431209109,apartment,2,7.9438,8.388887270753711
17616409392,apartment,2,8.6553,8.496035807852728
17616416682,apartment,2,8.5536,8.496187279080669
17616417328,apartment,2,8.5536,8.49646974229334
17616418502,apartment,2,8.5536,8.498729447994725
17709800229,apartment,2,7.8823,8.203630571098444
17709800253,apartment,2,7.9725,8.202783181460426
17714300451,apartment,2,8.3931,8.364022153830941
17714304285,apartment,2,8.46,8.36486954346896
17714306563,apartment,2,8.4302,8.363457227405595
17805802067,apartment,2,8.4065,8.272898326596858
17806500439,apartment,2,9.0086,8.522203938396691
18300200664,apartment,8,8.294,8.042340899327789
18302901163,apartment,8,8.207,8.07982781035012
18303201602,apartment,8,8.0288,7.965893831213211
18303400575,apartment,8,7.9706,7.98464770462871
18309108906,apartment,8,8.3994,8.07181630312343
18309109279,apartment,8,8.489,8.071477978645753
18309113306,apartment,8,8.3349,8.071139654168075
18309113969,apartment,8,8.1117,7.981445365436846
18309114191,apartment,8,8.1442,7.99763335012066
18310802861,apartment,8,7.9639,8.03077801678745
18310803469,apartment,8,8.1456,8.033398523191957
18311100461,apartment,8,8.1032,7.980441521028164
18311801192,apartment,8,8.4589,8.199654868437134
18311802997,apartment,8,8.5448,8.212684873538704
18311903610,apartment,8,7.9988,8.092158260423105
18312204831,apartment,8,8.0434,8.100556685987636
18312301142,apartment,8,7.6852,8.192150006724031
18312302661,apartment,8,7.701,8.2153898734982
18312500250,apartment,8,7.6468,8.246066234851092
18312701914,apartment,8,8.0631,8.030118092591744
18312702090,apartment,8,7.7304,8.033169677846114
18312704484,apartment,8,7.7205,8.094019141227696
18406100760,apartment,8,8.0109,8.265164902746477
18406501145,apartment,8,8.1622,8.281971710164818
18425205531,apartment,8,8.0635,8.30082794621293
18425206544,apartment,8,8.1407,8.298797999346863
18501601259,apartment,8,7.8915,8.309339593456535
18501803021,apartment,8,7.8841,8.272623856963023
18505403168,apartment,8,8.566,8.37154264597362
18505403613,apartment,8,8.4919,8.371880970451297
18505404865,apartment,8,8.4362,8.346593629943756
18505404921,apartment,8,8.5161,8.3489619012875
18505406000,apartment,8,8.5419,8.376772227317389
18505407521,apartment,8,8.0415,8.358138581401326
18505408054,apartment,8,8.4409,8.358138581401326
18505409255,apartment,8,8.6442,8.30734166970713
18505409352,apartment,8,8.6049,8.30734166970713
18505409840,apartment,8,8.7355,8.332635028292978
18505412302,apartment,8,8.7514,8.282849024909469
18505412833,apartment,8,8.631,8.274003672740156
18512001061,apartment,8,7.8623,8.109828370282841
18513202011,apartment,8,8.406,8.289049123679815
18600213370,apartment,8,8.2123,8.327940030920066
18600608863,apartment,8,7.5022,8.444098524329567
18600623781,apartment,8,8.3428,8.581348038474863
18600630184,apartment,8,7.9728,8.583967134007741
18600904829,apartment,8,8.4966,8.604563296444182
18606801835,apartment,8,7.5386,8.25546314552531
18608101911,apartment,8,8.0588,8.450094376279658
18608202661,apartment,8,8.1094,8.479656402795735
18608202785,apartment,8,8.0294,8.48202467413948
18700100705,apartment,7,7.7104,8.398625809814826
18724402795,apartment,7,7.8442,8.451857314336875
18724404380,apartment,7,7.7164,8.44892752960233
18724406642,apartment,7,8.5325,8.524484563820076
18800303179,apartment,7,7.8753,8.321647757325985
18800303470,apartment,7,8.0238,8.32677488061144
18803703933,apartment,7,7.889,8.352009341182455
18803704980,apartment,7,8.0064,8.370286850345895
18803706835,apartment,7,7.9519,8.373949081264078
18901900881,apartment,7,8.1807,8.332515722889594
19005501749,apartment,7,8.2721,8.406861313708221
19005505426,apartment,7,8.4727,8.39813302158911
19005507399,apartment,7,8.1543,8.389059551744776
19005509472,apartment,7,8.1543,8.442694262652395
19108900395,apartment,4,8.1807,8.218537749379228
19108900468,apartment,4,8.1807,8.217354944939213
19108900654,apartment,4,8.1188,8.212032324959145
19108901308,apartment,4,8.294,8.216763542719205
19201418271,apartment,5,8.3423,8.317006639599514
19300202331,apartment,5,8.3696,8.249679819792703
19601704425,apartment,9,8.8537,8.520883388537358
19601704654,apartment,9,8.6855,8.52151750645536
19601822843,apartment,9,8.3717,8.364418761059454
19603702535,apartment,9,8.5007,8.493705036090713
19603702675,apartment,9,8.3741,8.497587283477376
19603706328,apartment,9,8.1996,8.49523693003155
19603708495,apartment,9,8.5507,8.43714604899394
19603710244,apartment,9,8.4219,8.437019225410339
19603713979,apartment,9,8.5038,8.4963865514258
19603714721,apartment,9,8.4684,8.532873792995467
19700103810,apartment,7,8.4055,8.801703850340896
19700602795,apartment,7,8.5359,8.799878077767007
19700605964,apartment,7,8.7058,8.796070033640351
19700608491,apartment,7,8.6412,8.800930343690768
19700610501,apartment,7,8.8457,8.702140956179681
19700615889,apartment,7,8.948,8.597107371510596
19700617962,apartment,7,8.5092,8.847391651969007
19700621791,apartment,7,8.4566,8.844027586501182
19700623725,apartment,7,8.5572,8.854466705830422
19700629898,apartment,7,8.6792,8.702755417940928
19701600648,apartment,0,8.6392,8.529895590363218
19701601423,apartment,0,8.8897,8.562899597655953
19701601822,apartment,0,8.8524,8.56128861137897
19701603426,apartment,0,8.7596,8.563543992166746
19701902067,apartment,0,8.5946,8.529214435111042
19701902814,apartment,0,8.7719,8.468387157476409
19701916610,apartment,0,8.5099,8.592324673145987
19701918907,apartment,0,8.7333,8.547131936351896
19703912167,apartment,0,8.7517,8.730900549365126
19704401433,apartment,0,8.5172,8.874311448811149
19704403762,apartment,0,8.6618,8.937989355805204
19704416686,apartment,0,8.5172,8.882071024695243
19706301290,apartment,0,9.2814,8.603836505215874
19706305032,apartment,0,9.0049,8.704279374323455
19706305121,apartment,0,9.199,8.651987400532635
19812200400,apartment,4,7.9696,8.303756971414055
19812200842,apartment,4,8.0302,8.301391362534025
19901600838,apartment,7,8.4684,8.434382435723586
19905405320,apartment,7,8.1582,8.287703939193241
19905405835,apartment,7,7.9782,8.29451117591761
19905408818,apartment,7,8.0064,8.295243622101246
20101100361,apartment,8,7.8982,8.3148401426399
20101400258,apartment,8,7.9202,8.263174353452575
20101501331,apartment,8,7.9733,8.319604452646258
20105000858,apartment,8,8.0156,8.335549557249708
20111200294,apartment,8,7.3734,8.410965364719386
20111400358,apartment,8,8.1796,8.536284897834816
20111400706,apartment,8,8.4616,8.533916626491072
20204704081,apartment,7,8.2623,8.476760180560085
20204704381,apartment,7,7.9725,8.406645137196746
20204704500,apartment,7,8.3165,8.487920057194643
20800203362,apartment,7,8.3539,8.289205101067632
20800205446,apartment,7,8.4815,8.340596556001275
21002601876,apartment,7,7.6454,8.181239286665946
21401400424,apartment,7,8.5253,8.502904137427812
21401402354,apartment,7,8.537,8.494536780061736
21402008900,apartment,7,8.2479,8.305809254654902
21402009370,apartment,7,7.9749,8.269078358349638
21402300326,apartment,7,7.9979,8.27072005229864
21402301391,apartment,7,8.2171,8.266882261551409
21402301993,apartment,7,8.0427,8.26834715391868
21402302507,apartment,7,8.2171,8.26248758444959
21402401378,apartment,7,7.9953,8.368476181418522
21402402757,apartment,7,8.2013,8.357090500214511
21402407181,apartment,7,8.4181,8.471853275627625
21403300303,apartment,7,7.8649,8.288205075844377
21500304709,apartment,7,7.893,8.235089550338952
21601000403,apartment,7,8.3187,8.316285152052028
22702300829,apartment,4,8.2435,8.096146321978884
22702302309,apartment,4,8.2331,8.090823701998817
22702302317,apartment,4,8.1501,8.097567401677807
23006701354,apartment,5,8.1724,8.137405239809008
23007604621,apartment,5,7.8817,8.124324318879014
23008900222,apartment,5,8.3453,8.145300395524247
23009700601,apartment,5,8.3517,8.153409086284697
23009702378,apartment,5,8.1532,8.149384397576501
23009702920,apartment,5,8.0506,8.153318037628598
23009802704,apartment,5,7.966,8.16160972514781
23010002635,apartment,5,7.9492,7.971136204583757
23010200720,apartment,5,8.1807,7.97639454991516
23010503911,apartment,5,8.1117,7.977819696342765
23010505432,apartment,5,8.3453,7.977572145995325
23011800489,apartment,5,8.2295,8.095888869391489
23013312457,apartment,5,7.9111,8.163126137816812
23205501150,apartment,5,7.8565,8.154025296744926
23300901357,apartment,5,8.1132,8.322996447732818
23300901616,apartment,5,8.2017,8.322411270240698
23304501760,apartment,5,7.9698,8.379216704203888
23400801788,apartment,5,7.8545,8.207994643231162
23400804159,apartment,5,7.7407,8.188608987894137
23400804442,apartment,5,7.6337,8.18954527188153
23400804469,apartment,5,7.5492,8.21591684811541
23400807093,apartment,5,7.6277,8.216853132102804
23400809150,apartment,5,7.6352,8.216033883613836
23403802009,apartment,5,7.6867,8.18176736494156
23404902236,apartment,5,8.1215,8.316393523802653
23603401725,apartment,5,7.359,8.198535830284515
23903009219,apartment,5,7.9218,8.483307096994489
24100601008,apartment,5,8.4407,8.398246132165378
24100602365,apartment,5,8.3028,8.39801206116853
24100805371,apartment,5,8.4449,8.469464709741747
24100805800,apartment,5,7.9519,8.465950942515196
24504701721,apartment,5,7.5909,8.375971909764084
24512301397,apartment,5,7.6204,8.281541201137244
24600801529,apartment,5,7.6076,8.36975334083068
24601003510,apartment,5,7.6081,8.37686092190914
24601104252,apartment,5,7.8034,8.36836553397631
24601204427,apartment,5,7.9294,8.45875067811078
24609902301,apartment,5,7.9251,8.068199899868697
24825916838,apartment,5,7.6535,8.296882575887702
29903506900,apartment,6,8.7421,8.520309465069838
29903507842,apartment,6,8.7403,8.466003849951397
29903919172,apartment,6,9.5402,8.547292150745442
29904103540,apartment,6,8.6832,8.778217977911117
29904605643,apartment,6,8.7981,8.527911137537677
29904704511,apartment,6,9.2305,8.804354567617523
29906701011,apartment,6,8.8319,8.635065023203248
29906705211,apartment,6,9.1482,8.585399457216434
29907406153,apartment,6,8.9772,8.724932668045366
29907505631,apartment,6,8.6664,8.707818135839963
29907705193,apartment,6,9.2347,8.754483335187714
29908205917,apartment,6,8.8366,8.61075227508097
29908206115,apartment,6,8.7216,8.60428767282431
29908206808,apartment,6,9.3263,8.555830782768016
29908206808,apartment,6,8.7305,8.54988560677364
29908208223,apartment,6,8.975,8.612141008714211
29908208479,apartment,6,8.8674,8.612735526313648
29908302491,apartment,6,9.5288,9.035683022262223
29908302769,apartment,6,9.0246,9.036872057461098
29908303791,apartment,6,9.0169,9.034493987063348
29908304176,apartment,6,9.2525,9.035683022262223
29908304461,apartment,6,8.9484,9.033899469463911
29908308155,apartment,6,9.2184,9.04944577515305
29908707351,apartment,6,8.8429,9.063166795736766
29909407262,apartment,6,9.0741,8.65289225355784
29909801841,apartment,6,8.8319,8.587751162755806
29909801882,apartment,6,8.5889,8.62339434806492
29909901331,apartment,6,8.9433,8.592692254096042
29910105428,apartment,6,8.8807,8.709739504758154
29910600186,apartment,6,8.5514,8.454066770624394
29911001634,apartment,6,9.1179,8.611997640641993
29911002150,apartment,6,8.7536,8.523560281445949
29911101329,apartment,6,8.8391,8.539239664666448
29911101991,apartment,6,8.6748,8.541531060379766
29911102562,apartment,6,8.509,8.539747507581453
29911103054,apartment,6,9.0489,8.554136848652417
29911403538,apartment,6,9.3746,8.433563038279585
29911403554,apartment,6,8.8856,8.442261323831863
29911406405,apartment,6,8.6894,8.404384583883214
29911501203,apartment,6,8.6045,8.514847750520328
29911602158,apartment,6,8.4112,8.315296774253705
29911708231,apartment,6,9.515,8.380381634083413
29911708398,apartment,6,9.5056,8.383948739680038
30001501019,apartment,6,8.9284,8.85619184732702
30001501183,apartment,6,8.9227,8.93728780493012
30004601731,apartment,6,8.4802,8.00545869499528
30004602630,apartment,6,7.8707,8.166984596689417
30005402228,apartment,6,8.192,8.095195309125907
30005403054,apartment,6,7.882,7.8847004807340255
30005903456,apartment,6,8.3288,7.995841811277671
30006301141,apartment,6,8.0713,7.917102824390006
30006702731,apartment,6,8.2443,7.956145429504297
30007301135,apartment,6,8.178,7.932993915103522
30008900342,apartment,6,8.3379,8.005403822210251
30008900423,apartment,6,8.8558,8.000647681414751
30011400495,apartment,6,8.3562,8.496633457222927
30103001351,apartment,8,7.9273,8.535766989453718
30103001589,apartment,8,7.6612,8.534413691543007
30104200526,apartment,8,8.6615,8.437548342367055
30104600761,apartment,8,7.8783,8.420534733954117
30104701096,apartment,8,8.157,8.544430790056577
30105100339,apartment,8,7.9094,8.51183132599201
30105100533,apartment,8,8.0014,8.511443723281321
30105201275,apartment,8,8.1586,8.506809386509605
30105403617,apartment,8,8.0652,8.640200922146617
30105406489,apartment,8,7.9261,8.599028960794044
30105406683,apartment,8,8.024,8.588271815686449
30105409690,apartment,8,8.024,8.589631957396879
30105410567,apartment,8,7.9399,8.619385952766379
30105411792,apartment,8,8.1193,8.590646930829912
30105414090,apartment,8,7.943,8.622979874995996
30105425483,apartment,8,8.6226,8.675987280826048
30105429659,apartment,8,8.4677,8.705322246585773
30105429691,apartment,8,8.462,8.70566057106345
30105432341,apartment,8,8.7611,8.775213454021603
30105433486,apartment,8,8.5087,8.702555080959282
30105434008,apartment,8,8.7022,8.872478869954305
30105434911,apartment,8,8.5648,8.953171952470854
30105436019,apartment,8,8.7156,8.952495303515498
30105436043,apartment,8,8.7549,8.950127032171753
30105800871,apartment,8,8.2142,8.838710757704677
30107201728,apartment,8,8.798,8.598244271158483
30200501752,apartment,1,8.4268,8.646585822442187
30201503341,apartment,9,8.6071,8.550722772700038
30202800943,apartment,1,8.3712,8.460389923870979
30300402071,apartment,3,8.6102,8.70284126546198
30300402098,apartment,3,8.7139,8.672512741531266
30300705971,apartment,3,7.7589,8.260427622326622
30300709924,apartment,3,8.2542,8.391854933692077
30300711082,apartment,3,8.169,8.389722143538057
30300720278,apartment,3,8.2771,8.565025040583528
30301401338,apartment,3,8.548,8.58173433457885
30303402129,apartment,3,8.0288,8.251463223539226
30306601270,apartment,3,8.0064,8.257545414892054
30401800821,apartment,4,8.4851,8.402285240448972
30405301194,apartment,4,8.7677,8.428046161566037
30405900357,apartment,4,8.1521,8.39854520483047
30406402581,apartment,4,8.3442,8.433417376673972
30408404555,apartment,4,8.3143,8.366274411510801
30408404881,apartment,4,8.278,8.373201867750128
30409301849,apartment,4,8.6183,8.448750942284555
30409303256,apartment,4,8.4957,8.54692017349833
30409304996,apartment,4,8.5791,8.548102977938346
30409305135,apartment,4,8.691,8.580753931349097
30412300785,apartment,4,8.2887,8.490790783605899
30412301617,apartment,4,8.3284,8.49493059914595
30412305371,apartment,4,8.4064,8.558609417661312
30412400682,apartment,4,8.3369,8.476407351521479
30412401522,apartment,4,8.191,8.479364362621517
30501000604,apartment,4,8.0383,8.053441616507
30501002178,apartment,4,8.1481,8.178284245754858
30501002720,apartment,4,8.2816,8.180058452414881
30501004774,apartment,4,8.0893,8.180058452414881
30501005495,apartment,4,8.1481,8.180058452414881
30505201418,apartment,4,8.3521,8.077767534947219
30505203887,apartment,4,8.3288,8.07481052384718
30505206762,apartment,4,8.2149,8.12243194225369
30506602017,apartment,4,7.9837,8.04846571212441
30507704395,apartment,4,8.162,8.130065485250059
30507705057,apartment,4,8.2366,8.13617964543199
30508201443,apartment,4,7.9839,8.091955676242218
30508903553,apartment,4,7.7796,7.970876497117391
30509001715,apartment,4,7.9638,8.075119503190487
30509001804,apartment,4,8.0864,8.079850720950548
30509002797,apartment,4,8.0064,8.07689370985051
30513101354,apartment,4,8.076,8.084958940222915
30513700282,apartment,4,7.9977,8.0746314090496
30514303589,apartment,4,7.7116,8.081256608736075
30610900355,apartment,0,8.2118,8.39597639205883
30610909441,apartment,0,8.0064,8.319043868717868
30610909689,apartment,0,8.074,8.319719039976295
30611204697,apartment,0,8.8183,8.713180681628495
30611204913,apartment,0,8.5703,8.700332534058056
30611501081,apartment,0,8.674,8.494898208036117
30611704924,apartment,0,8.905,8.768916530984923
30611705246,apartment,0,8.7608,8.769560925495716
30612602777,apartment,0,8.4199,8.266250316038338
30612603218,apartment,0,8.1718,8.335696325022607
30613401181,apartment,0,8.1117,8.378178928101793
30701704370,apartment,7,8.0101,8.106679400604559
30702501384,apartment,7,8.3349,8.09814515154482
30702601664,apartment,7,8.5714,8.323316108018036
30702603322,apartment,7,8.221,8.290693030939378
30708200920,apartment,7,8.1117,8.045976923815708
30708203385,apartment,7,7.8681,8.044011001195695
30708203466,apartment,7,7.7966,8.047673232113878
30708204845,apartment,7,8.1152,8.111615676381398
30708401489,apartment,7,7.8456,8.107382082958157
30708601178,apartment,7,7.9219,8.080346655797092
30708601291,apartment,7,7.9715,8.079614209613457
30708601429,apartment,7,7.9048,8.079614209613457
30708602948,apartment,7,8.3089,8.19562125118956
30818100645,apartment,7,7.8456,8.199018145242658
30818100793,apartment,7,7.824,8.204145268528112
30818201980,apartment,7,7.9092,8.217676146336526
30901601257,apartment,1,8.2742,8.686598549755969
30902503976,apartment,1,8.5088,8.684153271401621
30902504158,apartment,1,7.8953,8.642822614476472
30902505091,apartment,1,8.5425,8.705930868464133
30902505472,apartment,1,8.6239,8.704184151968603
30902506738,apartment,1,8.2319,8.674776069517113
30902507084,apartment,1,8.4605,8.572866478341979
30902600955,apartment,1,8.5731,8.887565820006133
30902600998,apartment,1,8.771,9.030197980496578
30902601099,apartment,1,8.8474,9.028266594292946
30902704823,apartment,1,8.5644,8.704117209255061
30902803368,apartment,1,8.5734,8.685321765120417
30903103051,apartment,1,8.7337,8.751701385810094
30903103122,apartment,1,8.7425,8.757814893544449
30903104331,apartment,1,8.8669,8.702888122117978
30903104412,apartment,1,8.7168,8.698521330879153
30903201434,apartment,1,8.363,8.81462047010184
30903201752,apartment,1,8.2685,8.705461561390589
30903401281,apartment,1,8.6788,8.732305425199225
30903401360,apartment,1,8.5685,8.732305425199225
30903503007,apartment,1,8.7591,8.730621787386502
30903603834,apartment,1,8.1366,8.633455825767678
30903605527,apartment,1,8.0229,8.698859360362619
30903605705,apartment,1,8.294,8.699732718610385
30903610849,apartment,1,8.4021,8.738050545860347
30904002656,apartment,1,8.3881,8.54673496667975
30904300894,apartment,1,8.5637,8.819990167310737
30904401224,apartment,1,8.8849,8.840769289613545
30904500729,apartment,1,8.2879,8.672564571029199
30904501571,apartment,1,8.4219,8.688317338063234
30904707821,apartment,1,8.9129,8.768357760957018
30904708567,apartment,1,8.6173,8.743476804690559
30904802172,apartment,1,8.294,8.74832540703149
30904802474,apartment,1,8.2228,8.752692198270317
30905002706,apartment,1,8.3326,8.658067280003907
30905101178,apartment,1,8.5862,8.88216051562799
30905506496,apartment,1,8.616,8.663237975529217
30905508944,apartment,1,8.6454,8.886226070130903
30905509258,apartment,1,8.8017,8.783585380792584
30905604897,apartment,1,8.6299,8.711648871670072
31001204260,apartment,1,8.5416,8.181304544886368
31002702851,apartment,1,8.5269,8.194103032539836
31002904649,apartment,1,8.2418,8.230732911997698
31002909616,apartment,1,8.619,8.305194802855592
31003003262,apartment,1,8.6548,8.303871756117752
31003004137,apartment,1,8.6697,8.379578703662382
31004302034,apartment,1,7.928,8.091061497195696
31004302093,apartment,1,8.0222,8.08494798946134
31004302468,apartment,1,8.5172,8.239676030061984
31004503511,apartment,1,8.3102,8.219640948576002
31004600450,apartment,1,8.7492,8.08921571006331
31004601457,apartment,1,8.8244,8.020191910813077
31004601694,apartment,1,8.7577,8.019318552565313
31004607013,apartment,1,8.768,8.033948687800724
31005904569,apartment,1,8.6327,8.15160870915555
31006201545,apartment,1,8.4128,8.142149644609638
31006602752,apartment,1,8.3728,8.042872708275038
31007001671,apartment,1,8.4386,8.02527608935125
00101901127,commercial,0,8.2097,8.397377252749713
00104403063,commercial,0,8.163,8.341182928273794
00104403071,commercial,0,8.1689,8.403206743180695
00104600160,commercial,0,9.0768,9.056854423410313
00104704217,commercial,0,8.0546,8.504902394866733
00104704251,commercial,0,8.3124,8.504902394866733
00104706163,commercial,0,8.3784,8.50329140858975
00104707984,commercial,0,8.7329,8.504902394866733
00104708492,commercial,0,8.4909,8.50522459212213
00104709261,commercial,0,8.6225,8.503935803100543
00104709553,commercial,0,8.5172,8.50522459212213
00300704003,commercial,0,7.5239,8.272098379897411
00501701850,commercial,0,8.4752,8.336375524560665
00506804127,commercial,0,8.1683,8.31902917612539
00506804135,commercial,0,8.1313,8.378409751722923
00600600416,commercial,0,8.6915,8.312227571187872
00600707611,commercial,0,9.0982,8.680805921026083
00601500768,commercial,0,8.0973,8.685157420941543
00602306744,commercial,0,7.292,8.127970054778652
00700203461,commercial,0,7.7128,8.234307881969505
00700504621,commercial,0,8.3311,8.448378304519936
00700900780,commercial,0,8.2671,8.152488281251923
00701209909,commercial,0,8.3015,8.286832094675251
00704505517,commercial,0,7.9647,8.391016763752972
00801200229,commercial,0,8.4118,8.289400922743408
00804302766,commercial,0,8.7316,8.484843488736999
00809302586,commercial,0,7.8623,8.371952256444619
00809302594,commercial,0,7.7231,8.342388403649332
00809302608,commercial,0,7.8055,8.359889106607493
00809302861,commercial,0,7.734,8.432135139568459
00901610240,commercial,0,8.3526,8.048005489065806
00901900028,commercial,0,9.3157,8.218623303823495
00904512614,commercial,0,9.0699,8.290181230137492
00905103939,commercial,0,8.5817,8.491329516890733
00905107837,commercial,0,8.7113,8.429326715705308
00906200725,commercial,0,8.7775,8.603845704913262
00906209201,commercial,0,8.5439,8.51772962798022
00907106226,commercial,0,8.5744,8.361172546402196
00907603130,commercial,0,8.7096,8.630169024078029
00908401701,commercial,0,8.4506,8.547523383053768
00910103100,commercial,0,7.9696,8.268679725098357
01001907949,commercial,0,8.3573,8.654152288987763
01001909453,commercial,0,8.5397,8.664991382042054
01002506573,commercial,0,8.9872,8.308346206200868
01002709822,commercial,0,8.5607,8.119026022150747
01002709865,commercial,0,7.6852,8.11870382489535
01003005632,commercial,0,8.5302,8.807047278976489
01005602484,commercial,0,8.6902,8.882145062640495
01005801770,commercial,0,7.4485,8.778589869686563
01006900411,commercial,0,9.9523,9.118033372452892
01006900624,commercial,0,9.8294,9.107993105843533
01006903704,commercial,0,8.7498,8.962065488981192
01007301279,commercial,0,8.5982,8.760462649438244
01007301333,commercial,0,9.1652,8.571721539419427
01009400037,commercial,0,9.028,8.766192603191845
01009400991,commercial,0,9.0768,9.099395033048067
01009901524,commercial,0,8.9185,9.022239715594742
01107001455,commercial,0,8.7371,8.62272341936756
01111400032,commercial,0,9.6803,8.383252394673823
01206807393,commercial,0,8.4575,8.4440860398715
01214202225,commercial,7,8.5172,8.14649262530541
01300105038,commercial,0,8.5849,8.569458631002258
01300105186,commercial,0,8.7504,8.572881994561222
01300913819,commercial,0,8.6995,8.669762717649228
01300913827,commercial,0,8.6146,8.684348019784714
01302204904,commercial,0,8.3393,8.533596153635347
01404803866,commercial,0,8.5952,8.748621291908934
01406703834,commercial,0,8.7736,8.918757742756878
01406703850,commercial,0,8.8371,8.932247252024354
01507302541,commercial,0,8.4288,8.683180334530427
01507302584,commercial,0,8.3724,8.76590926437796
01507302592,commercial,0,8.4067,8.773191865101426
01509403272,commercial,6,8.4912,8.572543423392428
01509403280,commercial,6,8.6358,8.604636156550427
01607404311,commercial,6,7.9671,8.474115535488917
01609902068,commercial,6,8.2548,8.56153862481349
01610104900,commercial,6,8.3736,8.685154192394467
01610105346,commercial,6,8.6662,8.616737927116565
01610611810,commercial,6,8.6603,8.891197770428304
01614801398,commercial,6,9.7212,8.676424646141827
01616302879,commercial,6,8.3774,8.703260990119798
01616402997,commercial,6,8.2824,8.850918607969959
01708000161,commercial,9,8.6407,7.914913640606476
01902100182,commercial,0,8.3931,8.20512467706004
01908400201,commercial,0,8.5242,8.114862547240955
01909400149,commercial,0,8.2607,7.94945279055827
02007200368,commercial,0,8.9002,8.64205667812992
02009106253,commercial,0,8.5881,8.588163486145481
02009106474,commercial,0,8.6103,8.547435338480096
02100700049,commercial,0,8.207,8.201183800937654
02103406419,commercial,0,8.2923,8.554288916646998
02103406435,commercial,0,8.2923,8.554288916646998
02200615531,commercial,0,8.6082,8.625703781652371
02200617275,commercial,0,8.8185,8.608381443486934
02200618263,commercial,0,8.6277,8.642573000663212
02200618621,commercial,0,8.7721,8.603441925716737
02300200457,commercial,7,8.2871,8.609560248373228
02505702871,commercial,9,8.4527,8.362626864053011
02702900331,commercial,9,8.6102,8.066123147806483
02706203889,commercial,9,8.3015,8.287240355480865
02803715813,commercial,9,8.4415,8.246842449456004
02906702382,commercial,9,8.2771,8.450714170269753
02909500268,commercial,9,8.4668,8.304772198082325
03000700935,commercial,9,8.4423,8.28004818339562
03001800046,commercial,9,8.6638,8.224882406372426
03003901060,commercial,9,9.2363,8.595032044606912
03003902687,commercial,9,9.0693,8.59439792668891
03007301726,commercial,9,8.532,8.366262645265795
03010510780,commercial,9,8.9388,8.400023968705662
03103400918,commercial,9,8.7882,8.107881661663956
03104300488,commercial,9,8.7403,8.040978292947024
03202004212,commercial,9,8.8571,8.450436985642305
03202900463,commercial,9,8.3973,7.946321043163167
03203602717,commercial,9,8.1894,8.286511927128027
03404002962,commercial,1,8.1543,8.168141880703214
03600313983,commercial,0,8.2912,8.571018097211427
03600313991,commercial,0,8.2912,8.571018097211427
03602200991,commercial,0,8.6472,8.566161548133039
03701703876,commercial,1,8.0769,8.351075322667757
03702801642,commercial,1,8.847,8.876771704472569
03907403002,commercial,1,9.9108,8.738744162426936
03907604970,commercial,1,7.8886,8.619964166360834
03907605012,commercial,1,7.9374,8.618217449865304
04013001039,commercial,1,8.1807,8.164126402413629
04102909788,commercial,6,8.9227,8.965524985359533
04109100161,commercial,6,9.3841,8.06393287080497
04111002404,commercial,6,8.722,8.60624280210309
04112404123,commercial,6,8.3481,8.60118176075506
04118403293,commercial,6,8.363,8.39254152628598
04118403617,commercial,6,8.3894,8.391352491087105
04118404656,commercial,6,8.6875,8.394325079084291
04118902842,commercial,6,8.3052,8.41310231936479
04122903378,commercial,6,8.9013,8.425346283569848
04122903858,commercial,6,8.691,8.427724353967598
04124402678,commercial,6,8.8426,8.363216055272517
04202100166,commercial,1,8.2985,8.45098709840946
04213810631,commercial,6,9.1081,8.683563655924006
04213811387,commercial,6,9.1678,8.679996550327381
04301702458,commercial,1,8.2171,8.384197995415226
04305102978,commercial,1,8.3221,8.37973757308684
04305103567,commercial,1,8.1551,8.37799085659131
04305103613,commercial,1,8.2849,8.369399220995739
04506200810,commercial,1,9.0914,8.839572433485928
04624500180,commercial,1,7.9866,8.08303634721706
04708004230,commercial,1,8.6365,8.651965550600064
04710305811,commercial,1,8.3032,8.475799640100552
04715801167,commercial,1,7.5239,8.371837008325835
04716700887,commercial,1,7.8847,8.195450639529671
04719100661,commercial,1,8.1987,8.124535366856362
04722603170,commercial,1,7.7202,8.442316574994623
04722603189,commercial,1,7.7202,8.442316574994623
04728700828,commercial,1,7.3757,8.45315392921309
05000600452,commercial,1,7.5789,7.963602469951178
05004400962,commercial,1,8.2618,8.277806986627175
05004402231,commercial,1,8.5628,8.236015815967844
05004403171,commercial,1,8.4072,8.38680055823683
05228700341,commercial,9,7.6897,7.850347708754976
05403204601,commercial,9,9.2597,8.528061860141342
05404301112,commercial,9,8.6631,8.417409799780934
05404601248,commercial,9,8.489,8.454954354790265
05404601493,commercial,9,8.3593,8.41154744310888
05405200141,commercial,9,8.7064,8.198087867590282
05422905210,commercial,9,8.9191,8.398293141887402
05422905857,commercial,9,8.5172,8.380178198579115
05505100120,commercial,3,9.097,7.989129442412012
05604001104,commercial,3,7.7725,7.972543640181209
05615301392,commercial,9,8.1987,8.286540891646396
05703600413,commercial,3,8.6268,7.996376796553069
05706700397,commercial,3,8.3674,7.939260864442338
05803900737,commercial,3,9.5437,8.312394306100513
05815809871,commercial,3,8.4706,8.522741029416466
06017500090,commercial,3,8.5172,8.112893555416237
06219008685,commercial,9,7.3733,8.157242162312292
06219008847,commercial,9,7.4007,8.157495809479492
06415100580,commercial,9,8.7536,8.4422228740311
06636800348,commercial,4,8.5268,7.90933518380271
06722403440,commercial,4,8.3041,8.387614043052256
06854400260,commercial,4,8.6995,8.235936187186983
06916313021,commercial,4,8.2149,8.270497421463286
06918600011,commercial,4,8.7183,7.988600137810948
06920502534,commercial,4,7.5163,8.089270299425381
07016503232,commercial,4,8.3608,8.593443621920871
07016503240,commercial,4,8.3608,8.593443621920871
07300802362,commercial,4,8.4684,8.576095471047273
07305001090,commercial,4,8.4833,8.31621369338534
07315704329,commercial,4,8.2666,8.348272746118708
07315706054,commercial,4,8.1568,8.37475966947549
07315706143,commercial,4,8.1891,8.347089941678693
07330500615,commercial,0,8.323,8.51672764992258
07330501743,commercial,0,8.5927,8.518660833454959
07408901329,commercial,7,8.3349,7.980035824633866
07433900128,commercial,7,8.1665,8.469721164101298
07502600493,commercial,4,8.1007,8.047760566892661
07703500356,commercial,7,8.8132,8.231428207501429
07725500464,commercial,7,8.338,8.493446776088128
07840201423,commercial,7,8.3238,8.212225461128693
08000602377,commercial,7,8.3894,8.756748216394936
08004703275,commercial,7,8.4527,8.273704213740864
08009107689,commercial,7,7.9217,8.480193842541983
08015513537,commercial,7,8.561,8.512409760605632
08136402523,commercial,0,8.5862,8.815581771157964
08220600225,commercial,7,7.2843,7.793023151231956
08321202373,commercial,0,8.442,8.757289909791538
08322005601,commercial,6,8.1695,8.659820564872163
08322005611,commercial,6,8.1695,8.661009600071038
08322005921,commercial,6,8.6268,8.721317044761689
08509510865,commercial,6,8.5898,8.501219832920238
08510004366,commercial,6,8.503,8.661749122029912
08512700211,commercial,6,8.8597,8.155007004156634
08516600564,commercial,6,8.4764,8.182960772285199
08528000338,commercial,6,9.498,8.718900748859276
08544501451,commercial,6,8.1003,8.245043472624808
08544502008,commercial,6,8.1242,8.20888510683264
08549700691,commercial,6,8.2588,8.1599610049799
08550400912,commercial,6,7.9587,7.953347923193089
08551401998,commercial,6,8.585,7.928519957066164
08551700758,commercial,6,9.0516,7.882806274624951
08552601311,commercial,6,7.9048,8.08130697224652
08554004159,commercial,6,8.2345,8.359308404441146
08554103033,commercial,6,8.1807,8.501493834890123
08563204521,commercial,6,8.635,8.418641753336518
08564100241,commercial,6,8.0653,7.809951061980075
08564100258,commercial,6,7.8612,7.764639273162692
08600200660,commercial,6,7.8876,8.321852892977677
08600604338,commercial,6,7.8152,8.42002048304367
08600604346,commercial,6,7.8152,8.42002048304367
08600901871,commercial,6,8.2272,8.63381488189135
08600902134,commercial,6,8.3814,8.668031748593208
08600902266,commercial,6,8.3814,8.668031748593208
08600902398,commercial,6,8.3814,8.668031748593208
08600902525,commercial,6,8.3814,8.668031748593208
08600902657,commercial,6,8.3814,8.668031748593208
08604001425,commercial,6,8.1229,8.274564259278094
08620604198,commercial,6,8.4232,8.31765011229394
08625800361,commercial,6,9.1572,8.41884167441646
08637504825,commercial,6,8.6797,8.680541016357216
08639012202,commercial,6,8.2024,8.269940017326315
08639012555,commercial,6,8.4256,8.275139036567689
08707507437,commercial,2,8.2775,8.632416385879177
08707901356,commercial,2,8.1437,8.736060249439447
08707902255,commercial,2,8.1052,8.73351808052539
08708701709,commercial,2,8.6629,8.631744907539018
08708702489,commercial,2,8.4134,8.564183931988591
08717001781,commercial,6,8.1352,8.7376599162119
08717001986,commercial,6,8.1644,8.729883725272565
08717003652,commercial,6,8.2556,8.7507631098703
08718003923,commercial,6,8.4547,8.636372861091644
08731511521,commercial,2,7.516,8.612247220479762
08731512097,commercial,2,7.9486,8.610559360278012
08731512127,commercial,2,7.9076,8.609994433852666
08743011284,commercial,8,8.4535,8.770773062909809
09016200150,commercial,2,9.2937,8.177098196126662
09046303985,commercial,2,8.2152,8.273784398360556
09046303993,commercial,2,8.2152,8.273784398360556
09046304191,commercial,2,8.2065,8.304666898258736
09046304531,commercial,2,8.2149,8.304384435046064
09046304639,commercial,2,8.2295,8.265559386773933
09101204076,commercial,1,7.8982,8.158359083226395
09102400413,commercial,1,8.1536,7.804437244763104
09106103545,commercial,1,7.9041,8.053144064648002
09106103936,commercial,1,7.915,8.12700543085953
09129500011,commercial,2,7.3702,7.689234216540586
09706800352,commercial,7,9.0055,8.706166819136921
09708502936,commercial,7,7.676,8.215467592235829
09708503002,commercial,7,7.9784,8.209157359887183
09708503010,commercial,7,8.2308,8.215467592235829
09708505765,commercial,7,8.6026,8.266178831553399
09708507271,commercial,7,8.2586,8.31496490951619
09708510947,commercial,7,8.3711,8.257216286584994
09708516864,commercial,7,8.63,8.103053199028837
09800901590,commercial,7,8.4798,8.08295877043377
09805802329,commercial,7,8.5559,8.588906955392773
09903700695,commercial,7,7.1082,8.165132916962872
10005300321,commercial,9,8.1731,8.256494653971693
10005300559,commercial,9,8.3066,8.256621477555292
10212300181,commercial,9,8.406,7.87862005721554
10212600361,commercial,9,8.2537,7.9045352729201355
11035000570,commercial,3,8.4757,8.225876739962704
11407501428,commercial,5,7.9074,7.751821000508505
11611400170,commercial,3,8.4428,8.20099533642127
11613100395,commercial,3,8.0131,8.122190056755757
11718600053,commercial,3,9.4727,8.113460235271585
11733600212,commercial,3,7.6761,7.804147853028711
11830607218,commercial,9,8.7934,8.407422669729076
12500500216,commercial,7,8.4844,8.198864978099664
15509400292,commercial,3,8.1586,8.036954007769722
16025800366,commercial,8,8.2976,7.905532489707927
16807101413,commercial,8,7.7421,7.640779321919288
16908400343,commercial,8,8.2808,8.262693788573609
16922101161,commercial,8,8.3581,8.646530894301016
17122105988,commercial,8,8.0126,8.557923341728323
17122106453,commercial,8,7.9671,8.559938253948639
17130003153,commercial,8,8.3994,8.654983584897714
17130003986,commercial,8,8.1754,8.641417876295934
17130005555,commercial,8,8.5685,8.643786147639679
17130006861,commercial,8,8.2808,8.642771174206645
17425800021,commercial,2,7.893,7.614059843524274
19701607553,commercial,0,8.5652,8.598811381396064
19702203073,commercial,0,8.5914,8.623529874986016
19702203081,commercial,0,8.6133,8.613946818890277
19702203091,commercial,0,8.5834,8.626822784027548
19702204584,commercial,0,8.7803,8.61265802986869
19702404885,commercial,0,8.2149,8.398593916573697
19703909174,commercial,0,8.1807,8.716498562583286
19703909182,commercial,0,8.5172,8.787961355398926
19703909190,commercial,0,8.1807,8.716498562583286
19704803337,commercial,0,8.1637,8.656632831879827
19704803345,commercial,0,8.3942,8.705593377985824
19704803353,commercial,0,8.3942,8.705593377985824
19705503396,commercial,0,7.896,8.604408267028273
29903509276,commercial,6,8.6995,8.54357730906049
29903509292,commercial,6,8.6995,8.54357730906049
29903509306,commercial,6,8.6603,8.542982791461053
29903509314,commercial,6,8.4707,8.476331519447456
29903509322,commercial,6,8.6112,8.5245734935689
29904900556,commercial,6,8.6226,8.482093214858633
29905008509,commercial,6,8.5129,8.393152118298463
29913900131,commercial,6,9.2793,8.417133159911561
30004401260,commercial,6,8.7009,7.7774603464176915
30602804202,commercial,4,8.5267,8.592058114205937
30602805497,commercial,4,8.178,8.524354572344375
30602805772,commercial,4,8.5076,8.588509700885892
00400900440,house,9,8.8457,8.48377539976803
00404400205,house,0,7.846,8.354755699932026
00407200576,house,9,8.3741,8.69669182887504
00605000352,house,0,8.7493,8.628371286735767
01003000630,house,0,9.0877,8.903748435805252
01003511716,house,0,9.3555,8.496256448345235
01101200456,house,0,9.0027,8.529578861593539
01102900168,house,0,8.9857,8.516727611730243
01200200586,house,7,8.862,8.5466532707108
01200200624,house,7,8.9352,8.558774535456177
01200600088,house,7,8.9337,8.717103191067935
01200700864,house,7,8.6656,8.599928822993798
01201300169,house,7,9.105,8.598602842568008
01203900724,house,0,8.3774,8.562464167057056
01204801932,house,0,8.5929,8.683504910166844
01205600574,house,0,8.711,8.636138652124778
01205900314,house,0,9.4335,8.588868759240082
01209100592,house,0,9.5242,8.714207396860896
01209900211,house,0,8.7505,8.408875190968239
01210601001,house,0,9.6899,8.598537920190122
01210902389,house,0,8.3986,8.609802279515671
01214900641,house,0,8.6284,8.50590298908692
01215001282,house,0,8.8581,8.593190373939382
01215100541,house,0,8.6565,8.534997652528634
01216100101,house,0,9.469,8.5924049564652
01217000321,house,0,9.0866,8.481586276330642
01500708429,house,0,8.8273,8.818924779079262
01500708542,house,0,8.8637,8.732164307635427
01506200338,house,0,9.1662,8.45935209999067
01614800928,house,6,8.9952,8.982436225715848
01703200152,house,9,8.7403,8.400542644680279
01803400511,house,0,8.2295,8.926846141987067
01806500590,house,0,8.7403,8.707542194679592
01806600072,house,0,8.862,8.9050078026182
01902400471,house,0,8.8356,8.853698187958038
01902800214,house,0,8.7096,8.428074456413235
01904500749,house,0,8.554,8.436457594627838
01905300468,house,0,8.5913,8.599559541956179
01910200654,house,0,8.3622,8.347458277819786
01910500631,house,0,8.6842,8.601755387173004
02102000311,house,0,8.8337,8.64559031659143
02104600057,house,0,8.8125,8.769702006852278
02106800053,house,0,8.9227,8.910889339593199
02107700400,house,0,8.2981,8.53365470338914
02109400269,house,0,8.4096,8.627125629809596
02109400341,house,0,8.9446,8.664463794934822
02109900441,house,0,8.5913,8.72477666564324
02200600410,house,0,9.4082,8.79838068498929
02206100568,house,7,8.797,8.93679231126119
02208100549,house,0,8.8899,8.770732564652786
02302100069,house,7,8.3021,8.761569496150603
02302100352,house,7,8.5172,8.79394952814404
02307200126,house,7,9.2496,8.672671404094249
02307800565,house,7,9.1452,8.684376161423643
02308900555,house,7,8.4802,8.925274636415047
02309800058,house,7,9.1678,8.621845751213115
02400900272,house,7,9.4918,8.690143507667294
02403500151,house,7,9.3645,8.930756834545171
02403800661,house,7,9.3281,9.115920590676142
02403800831,house,7,9.0711,8.920680013039254
02404000624,house,7,8.3602,8.57901957147811
02404101307,house,7,8.6446,8.84217918780558
02404101692,house,7,9.4823,8.835488250231052
02404500104,house,7,9.2103,8.661690758205676
02404800442,house,7,8.9271,8.65268711610141
02405100096,house,7,9.2287,8.848502839679815
02405100096,house,7,9.1616,8.848502839679815
02407001168,house,7,8.5708,8.474016947946538
02408100585,house,7,8.1526,8.68285087758708
02408100593,house,7,8.2097,8.690960475486957
02408200199,house,7,7.9978,8.391618549891028
02602800732,house,9,8.6644,8.396756834008055
02604000377,house,9,8.0418,8.44022852883545
02606600584,house,9,8.0754,8.412558151745422
02606900057,house,9,8.2221,8.457220683923312
02700700791,house,9,8.704,8.5859431048259
02703700581,house,9,8.8273,8.561169191504945
02706300663,house,9,8.6006,8.433246884199308
02706400188,house,9,8.6618,8.557849877180647
02708700901,house,9,9.0027,8.63361462089396
02800700440,house,9,8.8402,8.462830608315583
02805500091,house,9,8.635,8.534689895973392
02806402026,house,9,8.2909,8.132043748977212
02900300185,house,9,9.078,8.4312260474358
02902500599,house,9,8.5346,8.405587648419107
02907400071,house,9,8.1001,8.245524730872358
02907801661,house,9,8.3608,8.541149776218786
03000301471,house,9,8.6305,8.832173467327856
03008700993,house,9,8.3155,8.645362077681298
03010100760,house,9,8.9629,8.721429549987285
03010700695,house,9,8.4302,8.49187686346594
03011100624,house,9,8.8481,8.531029939171352
03011900213,house,9,8.7742,8.573830882656873
03014700495,house,9,8.2486,8.40237073650815
03102100589,house,9,8.6995,8.424412662996277
03102900119,house,9,8.4722,8.293701336455051
03102900283,house,9,8.5172,8.400408722359296
03104900388,house,9,8.1807,8.200874676654477
03104900582,house,9,8.5252,8.373197040922957
03105800123,house,9,8.2308,8.432834788092233
03108600311,house,9,8.5004,8.604645292154943
03109401231,house,9,8.1025,8.519841343796301
03201000191,house,9,8.9131,8.671610248932051
03203501066,house,9,8.8448,8.463720708281166
03203601788,house,9,8.1328,8.603804601042064
03204300463,house,9,8.7536,8.490267701940663
03206604192,house,9,9.028,8.730327437203945
03207300456,house,9,8.9737,8.472031983726271
03214000225,house,9,8.6125,8.312468007913704
03217500997,house,9,8.9661,8.614566418238738
03218300436,house,9,9.0706,8.587245368615553
03303700435,house,0,8.3466,8.65455731755521
03304701354,house,0,8.8567,8.638869365610502
03306800635,house,0,8.4118,8.520952709575521
03401000527,house,0,8.3147,8.715639954404008
03402500841,house,0,7.9819,8.365076035476186
03405000114,house,1,9.185,8.391171161223449
03405400368,house,1,8.4482,8.529502593592865
03406700225,house,1,8.7403,8.554491861537379
03407800045,house,1,8.6125,8.404549109779204
03408100071,house,1,8.5038,8.410684535698419
03408101205,house,1,8.6618,8.439885817544397
03408200661,house,1,8.5004,8.37482590867536
03408500789,house,0,8.408,8.556376577194852
03500900682,house,9,8.5942,8.456047678734313
03501000707,house,9,8.7048,8.230949845658806
03502406219,house,1,8.5046,8.56337179993888
03502600112,house,9,8.5878,8.512635689244197
03503700171,house,9,8.1167,8.465231811353966
03505301302,house,1,8.7959,8.220889206832215
03505501158,house,1,8.4378,8.1803166663217
03506000829,house,9,8.5587,8.442018600518917
03506400789,house,9,8.1192,8.406248456302727
03507200589,house,9,8.3349,8.541664470367419
03508100448,house,9,8.4659,8.467870504579064
03508100715,house,9,8.0991,8.471479203051473
03508500381,house,9,7.6009,8.411118804381854
03508700526,house,9,7.9194,8.412014622795981
03704200158,house,1,8.9532,8.751244360310782
03704300187,house,1,8.8139,8.74035244104773
03706705451,house,1,8.974,8.72420472470374
03707000281,house,1,9.058,8.740468049322155
03708200187,house,1,8.9124,8.786049009852597
03709100070,house,1,9.1458,8.608913961379113
03804500323,house,0,8.1564,8.66671290347901
03809300160,house,1,8.9193,8.778869220164143
03810200905,house,1,9.0401,8.82887270401354
03811200046,house,1,8.4831,8.828594463619961
03900400083,house,1,8.8553,8.516834978106374
03901900160,house,1,8.0973,8.432160729937436
03902000287,house,1,8.7179,8.414845220973783
03906700135,house,1,9.1659,8.654216310719987
03907102843,house,1,9.1224,8.754020617577725
03913900888,house,1,8.93,8.29009941250603
03914000120,house,1,8.4244,8.52104593586932
03914800607,house,1,8.6995,8.486507552557615
04005600271,house,1,8.0877,8.322775267659157
04006300204,house,1,8.4619,8.417414583081452
04007400113,house,1,8.9271,8.360944260588102
04009500115,house,1,8.6558,8.574507152594714
04012600850,house,1,8.8896,8.361886614086838
04012800183,house,1,8.1077,8.25705447689208
04013100339,house,1,8.531,8.410948631238316
04013400340,house,1,8.193,8.47434849201059
04013500469,house,1,8.9266,8.430107336658471
04015400097,house,1,8.7699,8.466925778532929
04015500131,house,1,8.1847,8.117585743562305
04017200346,house,1,8.4219,8.454564854899543
04017300456,house,1,9.1645,8.440868203363909
04102500146,house,6,9.3948,8.394395117188763
04124600054,house,6,9.2844,8.69610780406608
04203900514,house,1,9.1319,8.887180839913578
04215700991,house,1,8.4047,8.5954374218119
04216200273,house,1,9.014,9.133520630012715
04301700706,house,1,9.3661,8.54983734851981
04302900490,house,1,8.825,8.410940430919183
04302900512,house,1,8.8049,8.398589479769052
04305700522,house,1,8.1093,8.326724297704697
04307200381,house,1,8.5357,8.462294783137327
04307700090,house,1,8.4919,8.643069232322954
04307900251,house,1,8.421,8.417856698196372
04309400523,house,1,8.5994,8.438124525955553
04309800920,house,1,8.9256,8.368610626086838
04309900429,house,1,9.028,8.527105622868849
04313200541,house,1,8.6763,8.317969729006077
04314400293,house,1,8.4652,8.222766339992248
04314801425,house,1,8.0973,8.336591880990659
04315500615,house,1,8.2698,8.346032664876663
04315500631,house,1,8.1644,8.299625971949387
04318200183,house,1,8.2816,8.772153755584094
04319100034,house,1,8.3096,8.263032997393358
04319801350,house,1,8.7741,8.492181779292217
04409500635,house,9,8.2843,8.261093940155858
04410600338,house,9,7.9462,8.192984611504068
04410800647,house,9,8.4527,8.353066229389839
04411100347,house,9,8.0448,8.375260118653966
04412800199,house,9,7.8435,8.403253016553775
04412900401,house,9,7.61,8.249248520586976
04413200081,house,9,8.3064,8.278668708301703
04502000310,house,1,8.46,8.886343762009881
04503300490,house,1,8.0552,9.048827555987236
04503700812,house,1,8.7093,8.894473544062231
04503900412,house,1,9.0753,8.950576277424751
04503901011,house,1,8.7248,8.943685462389526
04513801166,house,1,8.4455,8.67414697007138
04516000253,house,1,8.3349,8.649506756366456
04519000254,house,1,8.4262,8.560234446022012
04519500206,house,1,8.4675,8.834630466285358
04523700664,house,6,8.6719,8.227626135517825
04529000494,house,1,8.6752,8.919517715868764
04530100294,house,6,9.028,8.437201246331536
04530700186,house,6,8.4919,8.423785412805273
04530800091,house,1,8.3071,8.802208715246524
04531300548,house,6,8.2923,8.317719454766891
04600900553,house,1,8.7275,8.465571622812769
04601300592,house,1,8.7469,8.499942864747098
04605800761,house,1,8.4431,8.794739497183278
04607900443,house,1,8.2682,8.552729487215316
04609600064,house,1,8.294,8.584807833119038
04610702381,house,1,8.2283,8.721162269346923
04610800209,house,1,8.1372,8.71881468069276
04611300862,house,1,8.9596,8.848201429142458
04611301060,house,1,9.0672,8.882402495903559
04615000200,house,1,8.449,9.000565890958093
04619102776,house,1,7.8028,8.77564803357327
04619900354,house,1,7.9388,8.876318393113387
04620100846,house,1,8.2766,8.806862594037433
04622100053,house,1,8.642,8.3607064315006
04622100355,house,1,8.5301,8.38347145949045
04624400771,house,1,8.5086,8.426806793839138
04700100249,house,1,8.5882,8.725567195402213
04700200421,house,1,7.9313,8.560141903755389
04702300229,house,1,8.363,8.57771882704848
04704700496,house,1,8.2295,8.777732875014758
04706303753,house,1,8.4678,8.808493816119796
04707100333,house,1,8.2315,8.5449899550174
04708801191,house,1,8.1754,8.881598888026126
04708802137,house,1,8.8418,8.896580679164405
04709400520,house,1,8.6995,8.553235138647196
04713800082,house,1,8.7087,8.57309659487145
04714500661,house,1,9.0926,8.680642338456792
04714600583,house,1,8.2695,8.458909293269201
04717000811,house,1,8.5942,8.411829158077516
04719801021,house,1,8.5994,8.326495343511306
04720400965,house,1,8.1096,8.21262620953473
04721100175,house,1,8.7487,8.803145109551355
04724800208,house,1,7.4418,8.292928929445331
04803000077,house,1,8.4267,8.727210374830214
04803700494,house,1,8.239,8.554441770658535
04803801002,house,1,8.6692,8.623726595461454
04804500316,house,1,8.622,8.737608621119323
04807000330,house,1,8.2808,8.573005409079338
04807000500,house,1,8.6851,8.537416875675579
04807400053,house,1,9.0332,8.43060867439717
04810000109,house,1,9.477,8.747733176519874
04814000324,house,1,8.3141,8.535040789777177
04815401446,house,1,8.137,8.346320823146419
04819000251,house,1,8.6226,8.51189257595829
04822400182,house,1,7.8494,8.10538492699861
04823401530,house,1,9.2243,8.233367038335125
04824500605,house,1,8.6713,8.301024483898304
04825200540,house,1,8.6995,8.171220858201732
04826900104,house,1,8.1877,8.073306972855397
04828500871,house,1,8.6226,8.684684330647897
04830700084,house,1,8.2161,8.662716833242099
04831001775,house,1,8.297,8.456613844617186
04832600486,house,1,8.479,8.646643439226123
04834500845,house,1,8.5374,8.644868213182246
04836600601,house,1,9.0886,8.665541848823354
04836700061,house,1,8.0327,8.557520203055546
04839400571,house,1,8.6975,8.460076706019935
04839600333,house,1,8.3187,8.489881414308021
04842100389,house,1,8.5685,8.271708203045826
04901200526,house,1,8.5849,8.690567665282993
04903300455,house,1,8.4652,8.729625928435794
04903600270,house,1,7.9931,8.669364983374614
04903600386,house,1,8.4946,8.804291200052694
04905600618,house,1,8.1689,8.478093790093942
04906100392,house,1,8.2212,8.52202238736589
04909900802,house,1,8.2677,8.489044413262897
04911101040,house,1,8.3894,8.45566139173999
04913600850,house,1,7.8666,8.137832547270154
04914300915,house,1,8.24,8.394052123670956
04920400691,house,1,8.1363,8.335735907062272
04920500297,house,1,8.3248,8.349796293993595
04923000953,house,1,8.5188,8.535416935173442
04924000353,house,1,8.1461,8.443954569459553
04924100315,house,1,8.0227,8.514297846124327
04925900226,house,1,8.6915,8.584108531573179
04927601293,house,1,8.1452,8.34884676167153
04927601811,house,1,8.0385,8.304998873671561
04945000451,house,1,7.874,8.27484297980935
04945100527,house,1,8.6928,8.560928075551018
04945100586,house,1,7.9092,8.438494577845535
04945500576,house,1,7.5533,8.276663478761481
05000500407,house,1,8.3837,8.510187485162781
05008501119,house,1,8.3749,8.265560189374911
05008800450,house,1,8.7248,8.301881182149348
05014300022,house,1,8.5829,8.33187743952398
05014600727,house,1,7.9811,8.37154384034004
05016100179,house,1,8.8945,8.701511077759156
05016700559,house,1,7.9391,8.472741147174608
05018400153,house,1,8.4482,8.345659607852841
05018800518,house,1,8.442,8.373589395160682
05019000671,house,1,7.7628,8.320637835356798
05021100211,house,1,8.4019,8.423542010787031
05022800462,house,1,8.055,8.399649648601006
05101001041,house,9,8.6662,8.36824234182185
05101711950,house,9,8.7675,8.735104893547788
05101711993,house,9,8.7359,8.735104893547788
05102800302,house,9,8.4482,8.517282880273028
05104900428,house,9,8.2541,8.004091764837368
05106400503,house,9,7.8251,7.911761262953271
05107701949,house,9,8.6173,8.07064659563976
05110000522,house,9,8.3662,8.016733547666048
05110100527,house,9,8.552,8.090145802426218
05110600422,house,9,8.8162,8.312062766789207
05111300287,house,9,8.568,8.071934362366354
05111600469,house,9,8.8001,8.220659816446984
05111600485,house,9,8.8144,8.220025698528982
05113000345,house,9,8.6373,8.147545021312306
05113100625,house,9,8.8708,8.26812252284908
05114800388,house,9,8.9002,8.330995771168777
05114900234,house,9,8.955,8.309354406437798
05115501783,house,9,8.3296,8.088558181800364
05116200401,house,9,8.7123,8.234215426345713
05116400301,house,9,8.5081,8.053531650418375
05117600568,house,9,7.9823,8.030558788271755
05117700732,house,9,8.4423,7.962732231357688
05122500355,house,9,7.7853,8.003051903713658
05122500398,house,9,7.8187,7.933648295071424
05122500908,house,9,8.7485,8.072900156256464
05122700826,house,9,8.5256,8.195742948062982
05122700842,house,9,8.5584,8.195362477312182
05123200282,house,9,9.0478,8.599572389747184
05124500506,house,9,8.4802,7.975049147999437
05129700708,house,9,8.4787,8.027729923070648
05130000358,house,9,7.9385,7.886024665991016
05131100712,house,9,8.2912,8.382699630597896
05132000126,house,9,8.8356,8.263530066103385
05132100619,house,9,8.5642,8.248614615446174
05132400442,house,9,8.3034,8.231044464049546
05133700921,house,9,8.2345,8.220816461007468
05133701055,house,9,8.9227,8.386347900914208
05133701195,house,9,8.4957,8.352082437292788
05133901828,house,9,8.9081,8.072412446532363
05201900526,house,9,8.4607,8.629111247292302
05202401043,house,9,8.6372,8.317643360710852
05202700075,house,9,7.9699,8.486358713706231
05204400958,house,9,8.3096,8.58352696616398
05204400974,house,9,8.8049,8.58365378974758
05205300418,house,9,8.3349,8.653920757397941
05205402644,house,9,8.5682,8.491601490597283
05205402776,house,9,8.5926,8.528542401567089
05206900869,house,9,8.7267,8.524223137421634
05207800957,house,9,8.3653,8.478129725319867
05209600564,house,9,8.9782,8.48529707316475
05224603439,house,9,8.8523,8.344353435938846
05225700543,house,9,8.905,8.648896822880873
05229200057,house,9,8.3472,8.22855012399631
05232901087,house,9,8.731,8.402356618136224
05236700485,house,9,8.163,8.451086973263521
05301000535,house,9,7.6009,8.35149563048283
05303300757,house,3,8.3096,8.660338587140169
05304900227,house,9,9.2103,8.613885745573
05308900183,house,9,8.3481,8.484836019435884
05312400505,house,3,8.5384,8.386598277537777
05331700365,house,9,7.9215,8.551186676262098
05334200304,house,9,8.6036,8.414472640836316
05406201263,house,9,8.7403,8.583491117948169
05407200538,house,9,8.6723,8.489221968890682
05409801946,house,9,8.4784,8.42647351964052
05417300561,house,9,8.948,8.609389665598114
05418000081,house,9,8.6252,8.463584530822816
05419800489,house,9,8.6454,8.50611196367801
05428100125,house,9,8.1117,8.33663346419994
05428300191,house,9,9.0982,8.444493607280817
05500600133,house,3,8.3684,8.579235993688318
05507800510,house,3,8.4895,8.415959165520636
05508300491,house,3,8.779,8.488166289542333
05513000369,house,3,8.6305,8.664309942259202
05520100561,house,3,8.0604,8.524989520611435
05521401180,house,3,8.0014,8.599981593206278
05522004150,house,9,9.0205,8.5796066375032
05522202361,house,9,8.9922,8.635785380446235
05522900881,house,3,8.668,8.667124353229456
05523001090,house,3,8.6507,8.543033723382113
05523900052,house,3,8.6851,8.530635165626363
05524000977,house,3,8.8739,8.820375721217449
05525200945,house,3,8.4482,8.76056142375378
05526601293,house,3,8.3221,8.655691886635575
05527300297,house,3,9.1951,8.584185128421709
05528500801,house,3,8.2054,8.596532443487138
05529100309,house,3,8.7796,8.693475416766535
05530300391,house,9,8.7017,8.477488659122688
05530900380,house,3,8.8655,8.582780488295146
05535000671,house,3,8.4531,8.35197857493638
05535800260,house,3,8.8537,8.387358895323322
05608100131,house,3,7.8598,8.32012950537092
05608400178,house,3,8.1807,8.448453434294054
05610701600,house,3,8.5289,8.42539327858478
05612303157,house,9,8.4347,8.459976262268748
05612600615,house,9,8.1757,8.43489888809414
05612700245,house,9,8.2146,8.38006225113215
05613001219,house,3,8.2637,8.35361395035204
05619401553,house,3,9.1387,8.421083708160287
05620501991,house,9,8.2428,8.537070755096321
05620600149,house,3,8.2752,8.39391355637104
05623400973,house,3,8.5172,8.368286555974853
05623700136,house,3,8.5942,8.565939605807975
05700800489,house,3,8.2591,8.627253652912788
05701700690,house,3,8.1495,8.487029372170651
05701900118,house,3,8.2428,8.317142845785721
05703200350,house,3,8.6226,8.40561196913163
05704600107,house,3,8.0709,8.4162197565723
05704702058,house,3,8.2659,8.588299156572424
05705400667,house,3,7.9768,8.292122410920518
05706800545,house,3,8.2171,8.329332803419756
05708600901,house,3,8.2631,8.393617863634692
05708600918,house,3,8.1826,8.476128615009765
05709400734,house,3,8.6797,8.50989299462014
05711201409,house,3,8.5323,8.530742505066035
05713501213,house,3,8.4925,8.436535462095238
05716300537,house,3,8.5685,8.500537549914831
05716500331,house,3,7.8913,8.250387172343775
05718001189,house,3,8.1047,8.31484947738291
05720300368,house,3,8.689,8.77203409673647
05725400646,house,3,8.4876,8.798864998690721
05725800628,house,3,7.9782,8.510768302338535
05728000975,house,3,8.8919,8.76967742984793
05728000991,house,3,8.8049,8.768122326662263
05800201341,house,3,8.4284,8.537069381610957
05800701709,house,3,8.3332,8.569181919954245
05801000682,house,3,7.9804,8.6045466937362
05802901721,house,3,9.0106,8.715615281086304
05803201138,house,3,8.359,8.617150421954479
05803800831,house,3,8.9359,8.984941060420375
05805900890,house,3,8.6482,8.471769179613878
05806401103,house,3,8.478,8.456074956901235
05808200172,house,3,8.4032,8.568967411240362
05808500338,house,3,8.4764,8.520303701212308
05810201458,house,3,8.8595,8.632225690320695
05811200293,house,3,8.5425,8.718421670447151
05811300484,house,3,8.2863,8.901541221694252
05813401857,house,3,8.2674,8.691985797962467
05814000686,house,3,8.0845,8.390528051420315
05815201502,house,3,8.4895,8.780110802877783
05815600296,house,3,8.9002,8.723708785661499
05816501038,house,3,8.7991,8.674130545780049
05816901036,house,3,8.545,8.748442125196426
05817600900,house,3,8.4198,8.830125422709536
05817900785,house,3,8.0334,8.663322392680806
05818001016,house,3,8.9486,8.832123903188261
05818301443,house,3,8.8154,8.82060527455348
05819500725,house,3,8.7843,8.854535205659648
05824000220,house,3,8.42,8.72274162270547
05900901262,house,3,9.1036,8.607815687495204
05901000234,house,3,8.1787,8.444271282727549
05901301137,house,3,8.3012,8.50003907574396
05901605292,house,3,8.4449,8.654388244834655
05901605306,house,3,8.4449,8.654759197118798
05902800641,house,3,8.4895,8.61621680300543
05903000266,house,3,8.566,8.547296896693007
05903604242,house,3,8.6855,8.685505726788508
05904301960,house,3,8.1117,8.714650872708054
05905302057,house,3,8.9609,8.661021410567434
05906501592,house,3,8.2772,8.696411537727597
05907301351,house,3,8.6965,8.805544307017094
05907700564,house,3,8.6061,8.579397643121231
05908400386,house,3,8.7988,8.69558598519199
05908500283,house,3,7.8494,8.533363770976397
05908900761,house,3,8.7382,8.60817472536182
05909500775,house,3,8.7308,8.718995252505056
05909500783,house,3,8.7229,8.717693299065086
05909800841,house,3,8.7962,8.70478258117507
05909900838,house,3,8.168,8.692461665481593
05911101181,house,3,8.9446,8.796704176121292
05911401096,house,3,8.0064,8.739362916424097
05912900738,house,3,8.6042,8.584566402669441
05913000897,house,3,8.5791,8.543888765973813
05913101324,house,3,8.0121,8.721185039751306
05913700759,house,3,8.2097,8.511078045894298
05913701399,house,3,8.1178,8.635401447330896
05913800966,house,3,8.3894,8.666879062736303
05914100968,house,3,8.8503,8.77644600331067
05914201039,house,3,8.6713,8.63083861637302
05915101267,house,3,8.8919,8.821810501480723
05915101798,house,3,8.5172,8.783584987565249
05915200818,house,3,7.8481,8.481544057910368
05915300464,house,3,8.9792,8.687256927792514
05915600751,house,3,8.6609,8.699190538098703
05917901384,house,3,8.3914,8.637095248187213
05917902161,house,3,8.812,8.770881180403517
05918100202,house,3,7.9403,8.399269360476298
05918600124,house,3,8.3958,8.529778245678665
05921100382,house,3,8.5374,8.72433694243232
05922000667,house,3,8.4665,8.615425715648168
05922100866,house,3,8.8883,8.723101788717505
05922200453,house,3,8.3194,8.492950650489467
05922600117,house,3,8.4162,8.345568892003215
05923900084,house,3,8.0317,8.50063711076099
05924401480,house,3,8.601,8.588244576142088
05925100468,house,3,9.0006,8.809988399915781
05925400178,house,3,8.6416,8.53892061104956
05926102715,house,3,8.6603,8.745639100740256
05928800606,house,3,7.8753,8.250067149511139
05929601070,house,3,8.0778,8.4954684046323
05931100733,house,3,8.435,8.769837554889806
06000800444,house,3,7.694,8.136055337004368
06002700439,house,3,8.2993,7.995734501041855
06002900683,house,3,7.8054,8.12564359639466
06002900691,house,3,7.8054,8.12564359639466
06003405295,house,3,8.7294,8.553942416490894
06003501121,house,3,8.8772,8.427692795058462
06004101060,house,3,8.2224,8.24578131274554
06004101125,house,3,8.4449,8.280095270082109
06004900737,house,3,8.2065,8.130263313490117
06007201651,house,3,8.395,8.21248392095227
06007700259,house,3,7.6299,8.093374627665776
06008200845,house,3,8.5965,8.412824146792378
06008200896,house,3,8.7737,8.420335127238603
06008300645,house,3,8.239,8.224837513135899
06008400321,house,3,8.1887,8.140365110091778
06011001076,house,3,8.5881,8.569067486874198
06012903065,house,3,8.683,8.540519548668378
06013100901,house,3,8.372,8.37385784020217
06014800530,house,3,8.5952,8.187263836548832
06015601991,house,3,8.2844,8.547499985642256
06016600466,house,3,8.6959,8.464897713223799
06017601261,house,3,8.7921,8.71764309240747
06019800611,house,3,8.4659,8.11684995440059
06023800361,house,3,8.9804,8.477606240156922
06023900471,house,3,8.9515,8.416988799297183
06024600488,house,3,8.3786,8.158822479536244
06026200606,house,3,8.4616,8.149887343535857
06028400572,house,3,8.6936,8.07882052403815
06031500434,house,3,7.9638,8.200421683219592
06100600471,house,3,7.7867,8.24194332534825
06102800079,house,3,8.0053,8.344477284949186
06103601851,house,3,8.276,8.505882593374764
06103601894,house,3,8.4345,8.457904637779341
06103803543,house,3,8.6386,8.660838312782227
06103803594,house,3,8.4131,8.590169735485308
06104701371,house,3,8.7612,8.383903430195575
06104900321,house,3,8.4219,8.370860309120042
06106101698,house,3,8.2621,8.5016844046463
06106801126,house,3,8.5172,8.70294529915191
06106900965,house,3,8.8127,8.647724017757643
06108203412,house,3,8.8717,8.762993554711318
06108600195,house,3,8.0631,8.488113162211746
06109503207,house,3,8.1117,8.753208484134865
06109900419,house,3,8.7829,8.70988117323958
06112200392,house,3,8.7704,8.653734970227683
06114101758,house,3,9.0375,8.748180796708384
06114101898,house,3,9.0905,8.750698570783367
06114500024,house,3,7.8917,8.366983495257703
06114700589,house,3,8.6206,8.61741308372572
06115402700,house,3,9.0655,8.626120394303861
06115402832,house,3,8.3052,8.655682331730496
06115402999,house,3,8.294,8.527080066529214
06115607051,house,3,9.0527,8.759295951363823
06201200304,house,9,8.5172,8.44619487366815
06203400335,house,9,9.444,8.52072932248755
06203600156,house,9,8.8302,8.515235283298633
06203700071,house,9,8.5936,8.563591001138278
06204700502,house,9,8.5477,8.450248342976257
06210600530,house,9,8.5758,8.427149120607856
06211200943,house,9,8.7403,8.596709105613586
06211300141,house,9,8.6343,8.413549220449084
06211800363,house,9,7.7786,8.429055617889142
06213200231,house,9,8.6622,8.328649647744975
06214100591,house,9,8.1951,8.755915469788514
06216300377,house,9,8.4792,8.446705312979894
06218900894,house,9,8.59,8.458136197981862
06219800818,house,9,8.3428,8.418698834186129
06306600167,house,9,8.8714,8.555501912612186
06306900284,house,9,7.8324,8.418309187973131
06325100271,house,9,7.7863,8.301834485382193
06409900260,house,4,8.8255,8.49197317631187
06414900321,house,9,8.6226,8.67425972225502
06416700980,house,4,8.235,8.470139620524222
06500802004,house,4,8.654,8.507946178411673
06504701466,house,4,8.7443,8.463909973336378
06506300604,house,4,7.9633,8.388091228086667
06508101072,house,4,8.6701,8.470553065401386
06509000431,house,4,8.4542,8.444134529086469
06510400316,house,4,9.0943,8.44060806395812
06511000370,house,4,8.3745,8.296944420605303
06512600185,house,9,8.6163,8.522181651026951
06515800754,house,4,8.5425,8.347641562062163
06602400665,house,4,8.0472,8.347790742157759
06602600796,house,4,7.9447,8.305192841505379
06603901455,house,4,8.4381,8.069613463950358
06606400643,house,4,8.8049,8.319006051027374
06608301154,house,4,8.8388,8.582745023146995
06608801742,house,4,8.7113,8.445682038568968
06611000828,house,4,8.0923,8.143064608974356
06611700153,house,4,8.1117,8.322730123495223
06618801230,house,4,8.1022,8.403657789661594
06620600824,house,4,8.4372,8.527981824637276
06622400423,house,4,7.8426,8.322872510390198
06624500271,house,4,8.1402,8.37920092493051
06626601725,house,4,8.478,8.404605667838414
06628900411,house,4,8.2324,8.191991001134177
06629300149,house,4,8.5222,8.040602534019047
06631000734,house,4,8.5731,8.235936563972572
06631400368,house,4,8.363,8.282019960430684
06633000227,house,4,8.5172,8.299474064565965
06638900102,house,4,8.0709,8.253476607974159
06645101181,house,4,8.4854,8.36420793314777
06653100030,house,4,8.3136,8.420024740430296
06654400690,house,4,8.4015,8.38232418952388
06655900451,house,4,8.5014,8.308248505340933
06656700454,house,4,8.6754,8.427771254837584
06659500200,house,4,8.132,8.323064286535267
06661200138,house,4,8.382,8.071967794579896
06661400714,house,4,8.3349,8.45920027680182
06701100538,house,4,8.4921,8.426127136734141
06701201369,house,4,8.5477,8.577807032518571
06702102399,house,4,8.363,8.5130983937882
06703701547,house,4,8.6418,8.432037264124336
06703804087,house,4,7.9408,8.529467136641031
06704500707,house,4,8.0135,8.341266195957274
06704501551,house,4,8.0273,8.355353326663241
06705401079,house,4,8.6311,8.68188517361778
06705601272,house,4,8.4278,8.533751890813411
06707800965,house,4,8.1399,8.496493990353711
06708800535,house,4,8.75,8.550066116736478
06710401308,house,4,8.371,8.423224572736556
06710500632,house,4,8.6578,8.452713364089815
06713300332,house,4,8.7403,8.625794567464968
06714200781,house,4,9.0272,8.73619317739669
06716101012,house,4,8.2577,8.477488085431554
06716101381,house,4,8.2659,8.527373917719787
06716101403,house,4,7.5625,8.299957132644726
06717001283,house,4,8.2453,8.525207446811711
06720100297,house,4,8.9081,8.576350573103046
06720201972,house,4,8.3187,8.646144860664013
06720600893,house,4,9.0502,8.583360372879994
06721601257,house,4,7.8579,8.535770467073878
06722801111,house,4,8.041,8.506766991800195
06726201338,house,4,8.919,8.657354855049562
06727300887,house,4,7.9146,8.346487015989474
06727400474,house,4,8.3789,8.35121814738816
06728601899,house,4,8.6936,8.613528707578993
06728902163,house,4,8.4302,8.527408401411318
06730500182,house,4,9.0852,8.72008195886337
06730600322,house,4,8.1342,8.414315027957366
06731600229,house,4,8.2577,8.414529003123931
06733300095,house,4,8.1257,8.324247522062239
06734800229,house,4,8.566,8.504573962228616
06734901149,house,4,8.1242,8.444529949936191
06735100077,house,4,9.0067,8.557925758615761
06736700310,house,4,8.8239,8.4993977058161
06737500544,house,4,8.4641,8.486167972467149
06738200641,house,4,8.5713,8.466364385896311
06739100187,house,4,7.3789,8.28253625261122
06741200029,house,4,8.5511,8.376114041756077
06741900381,house,4,8.2035,8.433879032646372
06744300350,house,4,8.6284,8.494309553182111
06747800095,house,4,8.6851,8.465740433669344
06748100038,house,4,8.6595,8.499053201405466
06748300878,house,4,8.1865,8.578106651943482
06749300421,house,4,7.9164,8.305113070671771
06750200109,house,4,8.0709,8.354642378403462
06800200867,house,4,7.9225,8.465451198304613
06801503324,house,4,8.7808,8.651020839947462
06802601931,house,4,9.0768,8.557033417268963
06803902455,house,4,8.4219,8.595798674398422
06808000697,house,4,8.8939,8.704502553922618
06810100962,house,4,8.36,8.508855223893
06810101179,house,4,8.1998,8.51966426695555
06810101942,house,4,8.5172,8.622034501712685
06812500283,house,4,8.5004,8.418411443583013
06812500364,house,4,8.7156,8.5136294895981
06814601745,house,4,8.3261,8.573941075129792
06814800985,house,4,7.9374,8.434447545984836
06815400670,house,4,8.6829,8.517378071002843
06816100751,house,4,8.1568,8.532729682809382
06816700724,house,4,8.7052,8.509296135204693
06818200508,house,4,7.937,8.245244153335427
06820200846,house,4,8.4931,8.444716784605088
06824001759,house,4,8.5862,8.671424244221903
06825800094,house,4,8.3875,8.445060840564121
06826200521,house,4,8.6978,8.465639255588076
06826200600,house,4,8.3021,8.379273720082303
06826500825,house,4,7.7576,8.355694593537805
06826600341,house,4,8.3889,8.44975983333333
06828400569,house,4,8.6226,8.565344163109927
06829200466,house,4,7.9782,8.395134896046539
06829200547,house,4,8.4684,8.390377009845718
06830700213,house,4,8.41,8.35668745126832
06832000383,house,4,7.6009,8.487648910741179
06836900524,house,4,9.0005,8.639143651759062
06837700162,house,4,8.3671,8.525426727701854
06837700308,house,4,8.087,8.498767729457127
06839500322,house,4,8.7036,8.600718172951341
06839800652,house,4,8.5489,8.479906188879863
06843100392,house,4,8.7598,8.582331244845308
06845300887,house,4,8.0488,8.472080098035729
06848000108,house,4,8.2428,8.493777258377396
06851401266,house,4,8.0626,8.445552551923132
06852000524,house,4,8.8284,8.544037088026595
06853200020,house,4,7.9939,8.501351355029554
06853200241,house,4,8.3324,8.418805453657784
06853401468,house,4,8.3253,8.54639674669072
06854101352,house,4,9.004,8.696530483041915
06854202167,house,4,8.7403,8.620257990253528
06900900631,house,4,8.3576,8.541959061814698
06902301662,house,4,8.7057,8.618267353206438
06907600218,house,4,8.8818,8.579959472132341
06908400123,house,4,9.2013,8.49187465376114
06909201566,house,4,8.9567,8.505543216823188
06911300479,house,4,8.7759,8.575597107960215
06913101058,house,4,8.1031,8.435414533112203
06915300600,house,4,8.3868,8.408201158479969
06915700201,house,4,8.637,8.563536485926722
06916100826,house,4,8.4412,8.450794845624806
06917300160,house,4,8.5817,8.527895265120682
06917701130,house,4,8.4482,8.416890599529042
06917900151,house,4,8.0552,8.412784508790445
07004601420,house,4,8.294,8.503807444067546
07004701751,house,4,8.7121,8.45888229192015
07006501709,house,4,8.2525,8.671395655216172
07006702569,house,4,8.8269,8.53392392491611
07006703212,house,4,8.1543,8.446746524424308
07007800610,house,4,7.9995,8.506218047390997
07008100612,house,4,8.6051,8.429009665112176
07008800533,house,4,8.2245,8.480543720961082
07009200572,house,4,8.2876,8.632608275927547
07010800456,house,4,8.1432,8.668242897462301
07012501219,house,4,7.4101,8.516340403862928
07012700351,house,4,8.0041,8.622675469756592
07013802761,house,4,8.5172,8.85847070697468
07015502100,house,4,7.7311,8.634029496837071
07016101010,house,4,8.6042,8.692763717237314
07016101894,house,4,8.6785,8.733192771680041
07017604342,house,4,8.0383,8.481349991876442
07017800486,house,4,8.37,8.567144726676117
07018100844,house,4,7.9774,8.078948668459715
07018401232,house,4,8.4547,8.530520736301483
07018401240,house,4,8.2396,8.531432858344914
07019301126,house,4,8.0064,8.549689994573042
07019302025,house,4,8.7739,8.609976865365995
07019302637,house,4,7.9492,8.368672429483128
07019304222,house,4,8.1605,8.419648255495957
07019304362,house,4,8.3044,8.667162540052047
07020700421,house,4,8.4828,8.556087441325865
07021100401,house,4,8.4759,8.474512437045975
07021300050,house,4,8.1938,8.452272313307981
07023007652,house,4,8.1689,8.475210287570464
07023011749,house,4,8.4641,8.572864217860385
07024701250,house,4,8.7916,8.708901170923632
07024801115,house,4,8.4032,8.634106753669753
07024902442,house,4,8.6057,8.628007561252973
07028500446,house,4,8.2742,8.648798241094017
07033300492,house,4,7.9837,8.115220933353685
07035000615,house,4,7.9481,8.42694500390888
07035800621,house,4,8.3489,8.083247909643847
07037400033,house,4,7.9111,8.32234589499037
07037700711,house,4,8.6226,8.4531318569852
07039402981,house,4,8.2385,8.671936400223261
07039403145,house,4,8.606,8.66456853657596
07041000125,house,4,8.3533,8.4236191825193
07041200221,house,4,8.4392,8.679428946043544
07105201436,house,4,8.2183,8.139076189106476
07107200356,house,4,7.7814,8.034905401819053
07109600335,house,4,8.4684,8.313950273402495
07111100964,house,4,8.2396,8.386752640261106
07112700681,house,4,8.5262,8.468189091777921
07113500692,house,4,8.3407,8.542509812338377
07125100090,house,4,8.7932,8.204006359033048
07125700489,house,4,8.0645,8.162873161268777
07127100330,house,4,8.3416,8.15746584365247
07132100483,house,4,8.2063,8.152430982712325
07136800722,house,4,8.4302,8.178483021823247
07137604838,house,4,8.8049,8.200012711321795
07137701132,house,4,8.1157,8.152419986159446
07141605770,house,4,8.363,8.44135727662525
07146402894,house,4,9.0489,8.223707218612319
07147000201,house,4,8.8257,8.21714180685234
07147301749,house,4,8.4684,8.050073377780402
07151500165,house,4,8.363,8.418719771237384
07151500361,house,4,9.14,8.507861607137476
07152200548,house,4,8.0754,8.553509646007614
07200500429,house,4,8.46,8.236863692001693
07202501953,house,4,8.2903,8.621859477670798
07202900025,house,4,8.1305,8.524484418538899
07203200991,house,4,8.1731,8.627318089797157
07204400240,house,4,8.9546,8.842798980491896
07205901103,house,4,8.5903,8.708393224553996
07206000924,house,4,8.391,8.76706168905272
07209800077,house,4,9.1413,8.648728075094862
07210100504,house,4,8.5459,8.690744053863003
07211900431,house,4,8.6226,8.654865710636527
07213601008,house,4,8.1495,8.722314448925127
07216802888,house,4,8.3796,8.611730911083676
07217600391,house,4,8.1707,8.615892197146627
07217801524,house,4,8.1117,8.622007190715344
07220101864,house,4,8.3931,8.541215259559882
07220800479,house,4,9.1598,8.770101585540317
07221000581,house,4,8.2439,8.586666922767295
07221100993,house,4,8.406,8.648277447076936
07221101205,house,4,8.948,8.740103573539173
07222100334,house,4,8.363,8.391457431021937
07305600679,house,4,8.9324,8.709498398186945
07306101714,house,4,8.3223,8.360365028923454
07326000115,house,4,8.5083,8.37130952193294
07329100188,house,4,8.6558,8.508791725504748
07504100102,house,4,7.9481,8.160928982667853
07506800421,house,7,8.3143,8.305961121672429
07507000281,house,7,8.2649,8.179003195979702
07513601011,house,4,8.406,8.570371546120061
07514200266,house,4,8.4821,8.609643610946451
07520300986,house,7,8.6805,8.523134758643835
07520500551,house,7,8.5685,8.335569592075156
07522600758,house,4,9.3355,8.401124293648959
07524002165,house,7,7.4684,8.221851793832188
07525406294,house,4,8.6941,8.424665748062058
07525406340,house,4,8.6177,8.458485981976317
07525801649,house,4,8.4131,8.523374717279726
07530400606,house,4,8.3946,8.614638888011877
07534401364,house,7,8.2548,8.199481926168238
07535300200,house,7,8.097,8.34744980455384
07536100299,house,4,7.4052,8.098706070613142
07600800454,house,7,8.902,8.293634391627522
07608500107,house,7,8.8092,8.2446215377363
07609100897,house,7,8.351,8.233989438665997
07609800414,house,7,8.3864,7.94867330785468
07609800538,house,7,9.013,8.26216606519702
07609800546,house,7,8.9719,8.264676099311174
07610000744,house,7,8.4668,7.959133328142801
07610300438,house,4,8.163,8.155933793963591
07610501840,house,4,8.3,8.328062414588462
07614400331,house,4,7.5796,8.295365990285154
07616500285,house,7,7.9676,7.810339598803101
07617400438,house,7,8.4735,8.373942938311112
07618302529,house,7,8.6063,8.306224555613328
07619200037,house,7,8.1388,7.962226345960085
07620700171,house,7,8.532,8.275756554212823
07624800349,house,7,8.4875,8.393108587479707
07624800578,house,7,8.6905,8.398936632641888
07624800616,house,7,8.8876,8.484826137530622
07628500331,house,7,8.4699,8.16587866482157
07642500408,house,7,8.8626,8.277100061955927
07643000281,house,7,8.6101,8.188734520351257
07643200270,house,7,8.4118,8.08559289816366
07645100206,house,7,8.5041,8.163222303112853
07645100461,house,7,8.3349,8.086073974439381
07646304018,house,7,8.9714,8.223198840477107
07648900041,house,7,7.9811,8.019524334818332
07650200231,house,7,7.6009,8.074127448242228
07651301201,house,7,8.055,8.24131799056136
07651303032,house,7,8.5318,8.328746529172552
07651303083,house,7,8.7598,8.362526900567012
07677600352,house,7,8.3506,8.372670738114307
07700400768,house,7,8.6226,8.269151102315421
07700500193,house,7,8.3758,8.51914244369384
07703000655,house,7,8.036,8.583024233274275
07705800438,house,7,8.4659,8.435171579550017
07714300736,house,7,7.824,8.797756686984684
07724800545,house,7,8.4291,8.986009811994922
07730800462,house,7,8.8383,8.345209603122983
07730800489,house,7,9.0649,8.42650797093533
07737205225,house,7,8.3027,8.873889089252923
07743601587,house,7,8.4094,8.481180924831175
07743602206,house,7,8.5484,8.631659537817276
07744801644,house,7,8.0133,8.788837042649146
07744801903,house,7,8.1687,8.957982414901693
07802601142,house,7,8.8855,8.67948936481952
07803000827,house,7,8.797,8.482501896662885
07805100551,house,7,8.9872,8.394949193416208
07805400504,house,7,8.5352,8.69759522716737
07805401081,house,7,9.0315,8.882501011965445
07806101462,house,7,8.46,8.432083024530575
07807100230,house,7,8.6995,8.712090551887638
07807100516,house,7,8.7852,8.558147830043104
07807200383,house,7,8.1117,8.584246833773157
07807300213,house,7,8.6326,8.655908671687731
07808900451,house,7,8.4381,8.39024783212246
07808901679,house,7,8.4034,8.511864742384414
07818000461,house,7,8.2272,8.72723457995898
07818100458,house,7,8.7403,8.65516511085076
07818601252,house,7,8.3862,8.813722878012445
07821300187,house,7,8.2589,8.629706137354582
07821500569,house,7,8.9483,8.89333336996488
07821600717,house,7,8.4289,8.67997219283306
07822400312,house,7,8.7702,8.720343559892283
07823700638,house,7,8.7584,8.830473364235985
07824100431,house,7,8.6792,8.649552113246799
07824500012,house,7,8.7511,8.64079420109367
07825300599,house,7,8.8167,8.405308982121626
07825300701,house,7,8.728,8.463288734608536
07825801512,house,7,8.503,8.421994812380529
07826200113,house,7,9.0142,8.361750210387715
07826400694,house,7,8.3041,8.216973530601912
07832400633,house,7,8.7308,8.378618445633972
07836900177,house,7,8.2254,8.806189721456136
07838100437,house,7,8.0864,8.308285110926857
07840202659,house,7,8.9036,8.865061464925715
07840900577,house,7,8.6903,8.718478917435094
07840900712,house,7,8.4064,8.66541992086481
07841000723,house,7,8.4611,8.63080262445072
07842801851,house,7,8.1678,8.472509411059535
07843200649,house,7,8.747,8.349804741848963
07844700386,house,7,8.8385,8.997055905546523
07849100085,house,7,8.8451,8.985495545307433
07852809731,house,7,9.0576,9.117200827371105
07852810969,house,7,9.0711,9.124569473430752
07917800199,house,7,8.4945,8.263486808396484
07919900255,house,7,8.294,8.394776868005358
07966001482,house,7,8.4621,8.453879137382868
07966400468,house,7,7.9462,8.386212966778062
07966600041,house,7,8.6724,8.269475124589718
07966900851,house,8,8.5054,8.371965708535392
07973200037,house,7,8.7179,8.460035877103511
07975600164,house,7,8.4764,8.367489070498433
07977200198,house,7,8.6936,8.465485532541615
07977400073,house,7,8.585,8.465958409612364
08000501287,house,7,8.667,8.745546219928517
08002100336,house,7,8.5817,8.528293496794948
08003300169,house,7,8.0715,8.564044399304422
08004500900,house,7,8.1437,8.359374368377152
08006200580,house,7,8.2437,8.751929400034664
08008400171,house,7,8.3106,8.766500173339264
08009400890,house,7,8.5984,9.15717630095751
08010600814,house,7,8.3949,9.056604139256258
08011000608,house,7,9.3114,9.188578021404366
08011300555,house,7,8.1285,9.21431271681548
08013100871,house,7,8.7891,9.071791550303669
08013100928,house,7,8.975,9.080330343856039
08013400255,house,7,8.838,9.122428838591123
08013500055,house,7,9.105,9.03409625093305
08013700526,house,7,8.9105,9.122712083793925
08014804015,house,7,8.8763,8.580638732066245
08100501351,house,7,9.5444,9.05800931091929
08100501386,house,7,8.4557,8.956842623037607
08102402318,house,7,9.0749,9.039829243974005
08104200951,house,7,9.0632,9.251186031478403
08107000013,house,7,9.1592,9.072869055667862
08108700620,house,0,9.3943,8.575664928981048
08108800609,house,0,9.1281,8.50702764680561
08117600161,house,0,9.0776,8.552106135035395
08117700131,house,0,9.5165,8.753802922743173
08118200337,house,7,9.4523,9.172996787154169
08126100109,house,0,8.8273,8.593618144900962
08126200774,house,0,9.1203,8.749536677457275
08127100234,house,0,9.6566,8.612754547502327
08127400084,house,0,9.2724,8.537768046473001
08130100576,house,0,9.4335,8.53008534534071
08131500756,house,0,8.9429,8.569545133324086
08132002423,house,0,9.417,8.619898873718519
08133000122,house,7,8.7721,9.137085878672236
08134900445,house,0,9.4565,8.545423711559707
08218100563,house,7,8.6627,8.405666750136525
08221300039,house,7,8.3349,8.397930431485753
08235800470,house,8,8.3096,8.903336865461673
08236800172,house,8,8.9345,8.904035835478052
08244100176,house,6,9.2591,8.619840891697656
08245009768,house,7,8.3261,8.401887144755941
08245800937,house,8,8.1007,8.091518470739848
08250200268,house,6,8.8168,8.668643566638169
08256100265,house,8,8.5419,8.661471865561388
08260400375,house,8,8.4175,8.878077711349802
08260600544,house,8,8.8296,8.85570723489934
08260800233,house,8,8.5972,8.861398994787763
08261100261,house,8,8.8268,8.929384954140291
08262800230,house,8,8.3289,8.743427129411604
08263100461,house,8,8.1178,8.803758803212343
08309500149,house,0,9.4617,8.70078095341084
08320500699,house,0,9.2512,8.815991205546444
08321200699,house,0,9.1735,8.9983730712372
08321200801,house,0,8.9717,8.804810773640396
08421500333,house,6,9.2867,8.504872831403235
08500501278,house,6,8.3462,8.6406107069142
08507900267,house,6,9.1188,8.74862626125861
08512000848,house,6,9.3506,8.87785531204657
08515400413,house,6,8.7891,8.424530182817366
08518400384,house,6,9.4133,8.718951963094584
08519400345,house,6,8.8247,8.611213012009127
08519400388,house,6,8.9798,8.537418273258979
08519400507,house,6,8.5817,8.560759882369204
08532100503,house,6,8.9976,8.58511555155356
08558901376,house,6,8.7165,8.57875149040889
08564700492,house,6,8.6524,8.636315767837363
08564900191,house,6,8.5564,8.643995164035054
08603800529,house,6,8.9717,8.562703033062688
08604301186,house,6,9.4409,8.580821775037727
08608000180,house,6,8.8672,8.583036141519326
08608400138,house,6,8.9227,8.693839476220052
08608600137,house,6,8.5172,8.594474880567663
08613500730,house,6,8.3994,8.43434398835004
08615300501,house,6,8.5172,8.64894831189266
08616900128,house,6,8.2008,8.250160250937027
08617000538,house,6,8.2135,8.371352775646493
08617000554,house,6,8.2484,8.350117420085677
08627000123,house,6,8.9899,8.647650669288023
08627908877,house,6,8.2922,8.655975981835242
08628900462,house,6,8.297,8.681418902785879
08635700661,house,6,8.465,8.42543991420079
08638500017,house,6,8.6335,8.40159531406827
08641100156,house,6,8.9994,8.566041330297354
08641700498,house,6,8.422,8.538208646736054
08641800255,house,6,8.4856,8.477025330530422
08641800433,house,6,8.6287,8.59013098521098
08641900233,house,6,8.2585,8.52268315805183
08643300144,house,6,8.1229,8.337359784164057
08706100279,house,2,8.1678,8.799567667118119
08706100325,house,2,7.8145,8.720270808461297
08711500182,house,6,8.5972,8.575305614934823
08712900265,house,6,8.3656,8.555205600397233
08714000261,house,6,8.5972,8.558335165429396
08718100406,house,6,8.7734,8.704455728089664
08722700153,house,2,8.7403,8.631900656112387
08726200287,house,2,8.1057,8.745793648414976
08726200597,house,2,8.7035,8.809211446249641
08728201280,house,2,8.6319,8.859477132138299
08730100968,house,2,8.7601,9.045498479214325
08730300282,house,2,8.491,8.813455984221982
08732001592,house,2,8.8339,8.80113475599271
08736400335,house,2,8.7323,8.626422506322719
08737300725,house,6,9.5332,8.755075779439027
08737600281,house,2,8.4537,8.723456104330324
08737901273,house,2,8.8768,8.421509732113643
08737902271,house,2,9.6055,8.416746597336765
08737902581,house,2,9.0027,8.61308376187805
08740200396,house,2,8.5007,8.757644729798766
08740900551,house,2,8.5023,8.803410306715683
08745500983,house,2,9.0612,8.82120278013713
08747500018,house,2,8.4813,8.759640684999749
08800400426,house,2,8.5124,8.575476745675012
08800800254,house,2,8.2594,8.78837075909525
08805800384,house,6,8.4299,8.551976498249829
08808600114,house,2,8.7102,8.590500915569008
08808800644,house,2,8.8069,8.676187575555801
08809800311,house,2,8.9647,8.796764716732937
08810100174,house,2,8.1117,8.478169230641253
08812000101,house,2,8.7997,8.505862375077964
08814400921,house,2,9.0672,8.595335979678147
08815801936,house,2,8.2736,8.710066551834986
08815802746,house,2,8.6078,8.729348197909335
08815819711,house,2,8.4817,8.740066755103895
08815820132,house,2,9.0321,8.861795446606061
08817018961,house,2,9.0793,8.69134259633859
08819300656,house,2,8.9081,8.625460673610096
08819300672,house,2,8.974,8.672071443800707
08821400281,house,6,8.5723,8.374801698837041
08821400425,house,6,9.1133,8.366391373910226
08821600386,house,6,8.7279,8.544389391117207
08825000227,house,2,8.5332,8.736126200727224
08825900422,house,2,9.4214,8.637006457082704
08828900148,house,2,8.7337,8.767417507119864
08829800341,house,2,8.4229,8.668247868318634
08829802204,house,2,8.9446,8.765772972162463
08829802379,house,2,8.6386,8.829560676616323
08900200127,house,6,8.5072,8.54245710967436
08901500302,house,6,8.7248,8.486022877098275
08902300447,house,6,8.3182,8.459090018800522
08903600460,house,2,8.4011,8.457815437049229
08903900944,house,6,8.4206,8.535020235769132
08907000417,house,2,8.7213,8.676975334938577
08907301530,house,2,8.9635,8.51890835942349
08911000485,house,2,8.341,8.116985189650562
08911300251,house,2,8.5355,8.301489926029141
08912200836,house,2,8.2894,8.304263933169867
08912400061,house,1,8.1951,8.433293769721676
08917200125,house,2,8.0943,8.344251187187199
08917500481,house,2,7.6009,8.204326367521855
08918600305,house,2,7.8345,8.24376222367676
08918700806,house,2,7.9877,8.382462687021519
08920500177,house,1,8.363,8.583628622694384
08921500553,house,2,8.2195,8.21400365837319
08923800351,house,2,8.1672,8.165559432155305
08929300693,house,1,8.4764,8.27102241220257
08930500730,house,1,8.0583,8.512036584660194
08932500665,house,1,8.3837,8.534731316842427
08933500510,house,1,8.3536,8.442229271891968
08934200618,house,1,8.558,8.652615882689501
08935400361,house,2,7.8389,8.287925366922572
08937900254,house,6,8.2039,8.589212339182247
08938100294,house,6,8.1347,8.332854537168073
08938300315,house,6,8.6912,8.404997744450169
08939000250,house,6,8.5806,8.269172109998248
08939900251,house,2,8.5284,8.368720673461661
08941600359,house,6,8.3559,8.095684797310984
08941600741,house,6,8.5419,8.18756428173848
08942200461,house,6,8.1963,8.132222882170051
08942300431,house,6,8.2972,8.172669265022382
08942400191,house,2,7.9111,8.219516661686528
08942900461,house,6,8.2359,8.082723062273752
08942900569,house,6,8.3021,8.121090723473802
08943300352,house,6,8.7829,8.207219791242315
08943700091,house,1,7.5793,8.185472749050566
08944500924,house,1,7.8948,8.227304222976391
08947300233,house,6,8.2177,8.143354176589675
08947600644,house,6,7.4538,7.96632044942168
08948800485,house,6,8.2744,8.112587396663528
08951500047,house,6,8.3328,8.440169897362182
08951500136,house,6,8.5817,8.495201689583142
08951600831,house,6,8.183,8.344939395526362
08955700040,house,2,8.5769,8.397798476476172
08956300399,house,1,8.2314,8.315556598201091
08956300569,house,1,8.2928,8.282514310768864
08956300577,house,1,8.2742,8.282899505370967
08956901287,house,1,8.3666,8.257645861868475
08957001549,house,2,8.6748,8.460342013368908
09002700369,house,2,8.9327,8.57477993145583
09005000724,house,2,8.7354,8.73610935373427
09005200685,house,2,8.0411,8.28098469801594
09006500259,house,2,8.8049,8.300158441088868
09009600874,house,2,8.242,8.530414218787547
09009800490,house,2,7.9877,8.469664315742536
09009800571,house,2,8.5361,8.59657726127786
09010100545,house,2,8.5172,8.601142921687305
09013600530,house,2,7.8841,8.756433896190408
09015600449,house,2,8.8133,8.775794983166984
09015700389,house,2,8.9674,8.863802073321022
09016300406,house,2,8.1837,8.636454127803095
09016300465,house,2,8.2163,8.618077076131193
09017700777,house,2,8.8035,8.48476629004539
09019800043,house,2,8.7355,8.520919579414182
09021700271,house,2,8.5751,8.383950198637546
09021800731,house,2,8.297,8.369807303572287
09022600424,house,2,8.8155,8.517204762933755
09023400038,house,2,9.0635,8.606564275292962
09029900660,house,2,8.3961,8.788925228683503
09029900709,house,2,8.4668,8.789772618321521
09030900210,house,2,8.7791,8.40830955045943
09031300268,house,2,8.3117,8.411908418775566
09032800825,house,2,8.6797,8.608016831082768
09033400294,house,2,8.1924,8.57439769981056
09037400337,house,2,8.4241,8.34320344319799
09037901001,house,2,8.8495,8.804523874247224
09038100345,house,2,7.9576,8.592197887485053
09041800451,house,2,8.7765,8.501156148302648
09042301090,house,2,8.2751,8.486419305627292
09042600365,house,2,8.6226,8.582394774188865
09043300251,house,2,8.7796,8.600541643952834
09043500402,house,2,7.7832,8.440974996705721
09045000059,house,2,9.2103,8.659915054321074
09047000013,house,2,8.6836,8.563330993633995
09047400224,house,2,8.8136,8.562234160438532
09106301029,house,1,7.7379,7.990717967885534
09106801323,house,2,8.3349,8.249373350669739
09108800235,house,2,8.4118,8.236021045190121
09109600728,house,2,8.4159,8.132521073098527
09110000615,house,2,7.7142,8.156895611475942
09110200401,house,2,8.2623,8.203215971298714
09110500685,house,2,8.2439,8.197371530289264
09112901091,house,2,8.0348,8.330489817950896
09112901318,house,2,8.1007,8.195061971978996
09117500257,house,2,8.503,8.135579426292153
09120400381,house,2,8.0208,8.041937147869255
09120600348,house,2,8.6133,8.188463736333613
09121400229,house,2,8.596,8.280065261520056
09122600302,house,2,8.4925,8.226977431031134
09123100699,house,2,8.0317,8.140405163929486
09127100553,house,2,8.4302,8.193739000095203
09127500071,house,2,8.1801,8.31993223737819
09128000234,house,2,7.824,8.069215455906061
09129600057,house,2,8.312,8.198449587730135
09130000742,house,2,7.7091,8.07200543332908
09130100062,house,2,7.8579,7.963089968279727
09130300347,house,2,7.8869,7.9776868390092375
09134100318,house,2,7.8977,7.976942499653919
09135700130,house,2,8.3018,8.140431708094388
09137000225,house,1,8.0064,8.080809465661293
09144700237,house,2,8.1281,8.16066003819315
09157000212,house,2,8.2261,8.212310951229608
09158600140,house,2,8.1917,8.108136841301192
09301800284,house,2,8.5564,8.448550716388617
09304400511,house,2,9.0637,8.632542591786315
09308900837,house,2,8.7623,8.39156802041071
09309300132,house,2,8.3315,8.452619117552452
09312201034,house,2,8.5557,8.709105745172884
09413100810,house,2,8.657,8.519829786017626
09414402195,house,2,8.2428,8.449552747868756
09415200774,house,2,8.3248,8.570274128459172
09500500231,house,2,8.5208,8.244307829680853
09505100124,house,2,8.8655,8.452736908052659
09506300046,house,2,7.998,8.282601338054262
09507700609,house,2,8.2898,8.201662382621018
09509200141,house,2,8.1641,8.228470181124244
09509800041,house,2,7.7753,8.20918873699455
09514900413,house,2,7.9773,8.089177747273874
09516000088,house,2,7.3342,8.115242441888261
09516800017,house,2,8.3296,8.237758079581232
09521400315,house,2,8.433,8.131781455978759
09521600284,house,2,9.3759,8.334459922464921
09523600362,house,2,8.3674,8.157744648936557
09527503922,house,2,9.105,8.384040003971963
09528000770,house,2,8.3662,8.33244396398385
09528700160,house,2,8.1117,8.368586202577383
09530500378,house,2,7.897,8.434151236921311
09536000075,house,2,9.075,8.22898246124482
09539000211,house,2,8.4813,8.346157728578891
09539100437,house,2,8.3442,8.399137891598674
09541400299,house,2,9.0672,8.34716255199774
09541500171,house,2,8.6125,8.323162999772022
09544400214,house,2,8.8861,8.528080854222273
09544400486,house,2,8.7905,8.498373768004727
09544400494,house,2,8.5895,8.520222609199775
09600400369,house,7,9.3612,8.54291944010816
09600800359,house,7,9.4864,8.481180854265546
09706700404,house,7,8.7962,9.096493750446912
09707500425,house,7,8.9321,9.208197797495302
09708200451,house,7,8.4916,9.28012173714759
09804500043,house,7,8.6842,8.64605683999852
09904800375,house,7,8.2324,8.67412182391708
09904900027,house,7,8.645,8.796327012952453
10000300410,house,9,8.2829,8.262300468258678
10001100385,house,9,8.6006,8.355990477738343
10001400427,house,9,7.9434,8.278258622677546
10002300043,house,9,9.0257,8.390085602676963
10007100654,house,9,8.4844,8.295658625632617
10007600282,house,9,8.4219,8.28818109035168
10008100054,house,9,8.1483,8.245109379725532
10008100321,house,9,8.2436,8.414090630758697
10008700477,house,9,8.1274,8.207644991168134
10009300251,house,9,8.6713,8.294244960468106
10009700322,house,9,8.363,8.310588937853163
10009700500,house,9,8.3741,8.414916229714416
10010400671,house,9,8.5568,8.355043788950217
10010800475,house,9,8.2367,8.297928180761126
10010800866,house,9,8.366,8.365257552305252
10102400139,house,8,8.6507,8.381130072383174
10105200165,house,8,8.2217,8.435878386428417
10105300100,house,8,7.8933,8.359777373821913
10105400334,house,8,8.7883,8.498005847682046
10105800146,house,8,8.621,8.67137984247303
10107200278,house,8,8.5584,8.455254774349058
10107300140,house,8,8.7796,8.60855987657284
10107700270,house,8,8.3245,8.56378734057991
10109100777,house,8,9.1633,8.623750861292256
10109400533,house,8,8.3759,8.678416508100327
10111005001,house,8,8.6821,8.953643271255766
10111005141,house,8,8.9468,8.926390972207468
10112300447,house,8,8.5428,8.725308692236641
10112400514,house,8,8.3428,8.712136511751474
10112500047,house,8,8.058,8.646595054601022
10112700593,house,8,8.5934,8.754448722653379
10113800028,house,8,8.1013,8.557714699891084
10115000568,house,8,8.4966,8.793345048757859
10115100406,house,8,8.6806,8.769690216950794
10115100635,house,8,8.6125,8.699615295227003
10115700829,house,8,8.0754,8.699307467859732
10116100957,house,8,8.3383,8.658868359178708
10119300401,house,8,8.3219,8.653678342166064
10120500492,house,8,8.1015,8.71343928648065
10120500591,house,8,8.5735,8.705265655334568
10121200042,house,8,7.8519,8.611911263166988
10122100262,house,8,8.8247,8.817012345154819
10123301393,house,8,8.9149,8.94764473206068
10127000126,house,8,8.5172,8.644078253638721
10132200898,house,8,7.9768,8.651746206857363
10132500204,house,8,8.655,8.831658844058001
10133300578,house,8,8.9539,8.80383132203619
10139000150,house,8,9.0595,8.837755329287353
10146200291,house,6,8.9285,8.291787687628895
10147000377,house,6,8.8995,8.203439108602444
10149000412,house,8,8.2644,8.448103870324585
10151100641,house,8,8.1756,8.445670576624813
10154000123,house,8,8.182,8.466183348625371
10155600698,house,8,7.8564,8.440827070734171
10156400382,house,8,7.7768,8.448676539767785
10156800275,house,8,7.824,8.535973241030975
10156900301,house,8,8.3349,8.43237629575038
10157100609,house,8,8.4527,8.458536068612114
10157201332,house,6,9.2103,8.741188306900533
10157708127,house,8,8.1742,8.676356120053736
10157801046,house,8,8.0064,8.60553748548009
10158301284,house,8,8.2306,8.545153025547373
10160000504,house,8,8.6995,8.581676980449128
10160100703,house,8,8.5976,8.809602170107949
10160102481,house,8,8.5697,8.746531425696226
10160102730,house,8,8.2727,8.648208446074158
10160300729,house,8,7.9412,8.55584457633792
10160900777,house,8,8.3763,8.715033538794527
10161500713,house,8,8.1522,8.517529959401605
10162100956,house,8,8.0819,8.41625188489211
10163700485,house,8,8.752,8.75761009090486
10201700122,house,9,7.917,8.276734457486995
10203300652,house,9,8.6781,8.651851209031047
10205500373,house,9,8.3664,8.488637729853767
10206300351,house,9,8.4482,8.501696171780178
10206900847,house,9,7.9215,8.347014501051564
10207001145,house,9,8.7278,8.47775866006366
10207600065,house,9,8.6624,8.398849497542393
10208200192,house,9,7.7675,8.312166213767084
10210600720,house,9,8.3155,8.422129018702897
10210700911,house,9,8.4137,8.466922173062443
10210800525,house,9,8.356,8.369285714380542
10212600337,house,9,8.3956,8.332787157635455
10301200105,house,8,8.5627,8.045569778918992
10301800420,house,8,8.2815,8.065415057794889
10302527396,house,2,8.4764,8.394983137436672
10304200114,house,2,8.385,8.169160246188104
10304300410,house,2,8.4039,8.240322448217372
10304800200,house,2,8.0164,8.250768254814595
10304900973,house,2,8.4482,8.249725841761375
10401200794,house,7,7.3424,8.054140838362464
10401500690,house,7,8.2145,8.263924822034951
10401800813,house,7,8.5966,8.20342269181386
10401801631,house,7,8.0247,8.272248429362474
10402400657,house,7,8.375,8.161104186131327
10402401416,house,7,8.489,8.228613401639073
10402900021,house,7,8.2295,8.228756467535502
10402900341,house,7,8.775,8.279981116122135
10403900254,house,7,8.1956,8.296258786066135
10405400984,house,7,8.4595,8.517467852453214
10405500539,house,7,8.5817,8.440248143617275
10405900928,house,7,8.2659,8.305778203125818
10406501350,house,7,8.0542,8.37008418129033
10406502039,house,7,8.0563,8.374227073609966
10407802664,house,7,8.2406,8.479743293276558
10408000405,house,7,8.2233,8.392133382875258
10408700547,house,7,8.4543,8.490064552851576
10410301042,house,7,8.4253,8.931304693840913
10414200216,house,7,7.9202,8.876890633779045
10414700022,house,7,8.3303,8.779956021821999
10501400140,house,7,8.3511,8.472503060494056
10501400248,house,7,7.7863,8.282893121122088
10502200064,house,7,8.4995,8.453213196726395
10502200722,house,7,8.9227,8.636155368617498
10503400350,house,7,8.7179,8.500155409866004
10504000240,house,7,8.8374,8.529985102741865
10504500960,house,7,8.1484,8.330140496862967
10504800506,house,7,8.2113,8.255705967789831
10506900435,house,7,8.7742,8.47568126591349
10507900447,house,7,8.6765,8.508075879786633
10509900428,house,7,8.1223,8.241717404972725
10510100294,house,7,8.6458,8.302792701515724
10511300556,house,7,8.6627,8.482895276330881
10512300509,house,7,8.2808,8.358852536863143
10512400333,house,7,8.4118,8.265225548921656
10512800552,house,7,8.6112,8.381679169142842
10514501064,house,7,8.7075,8.529211277241668
10514700512,house,7,8.037,8.351292816492638
10601500406,house,7,8.4837,8.422577466476593
10602800306,house,7,8.9177,8.415430943272465
10604300157,house,7,7.906,8.079553498338587
10605300657,house,7,8.4219,8.24829744072034
10609000577,house,7,8.1263,8.172133131863127
10609000739,house,7,8.1605,8.339662134655903
10610500480,house,7,8.4512,8.242821734716841
10610800468,house,7,8.9092,8.233688092891446
10612600350,house,7,8.1639,8.093913482477898
10618400337,house,7,8.4557,8.376031797813827
10618800386,house,7,8.894,8.414126386882465
10625401157,house,7,7.4259,8.036470749692008
10627500101,house,7,7.7714,8.166889334967763
10700700365,house,7,8.4659,8.219774622949862
10704000260,house,7,7.9792,8.113180629866703
10707900300,house,7,7.897,8.115510019277043
10709500474,house,7,8.5598,8.372503550137939
10710300459,house,7,8.1372,8.108333892556221
10711600391,house,7,8.2396,8.359276911031838
10714000131,house,7,7.9626,8.146164200242982
10714200491,house,7,8.5575,8.324568996622839
10714300143,house,7,8.9982,8.251997281289267
10718700261,house,7,7.941,8.03975918778582
10721604608,house,7,8.1225,8.15031100668576
10722200225,house,7,8.1703,8.096820784205647
10722200373,house,7,8.0882,8.306758972620331
10722200381,house,7,8.0882,8.306026526436694
10722200391,house,7,8.2824,8.300166956967603
10722200446,house,7,8.0882,8.302364295518512
10722200454,house,7,8.0882,8.301631849334875
10722200578,house,7,8.2217,8.307491418803966
10722400674,house,7,8.2732,8.256314459756968
10724500341,house,7,8.4178,8.256544374118203
10726600481,house,7,8.3951,8.20505613765732
10731400241,house,7,8.6781,8.272537157230966
10733400115,house,7,8.1773,8.192234431677806
10734900375,house,7,8.2144,8.148012319571533
10739400036,house,7,7.9294,8.152232208079337
10739400044,house,7,7.4366,8.060489433003054
10739400117,house,7,8.2264,8.220794499939856
10739500464,house,7,8.5256,8.33901572008356
10740000331,house,7,8.0338,8.204281364010784
10741401133,house,7,7.6508,8.113131513107607
10743400169,house,7,7.935,8.087386904011499
10743800167,house,7,8.4269,8.244511560957807
10743800337,house,7,8.8107,8.194203314744
10744700514,house,7,8.3501,8.157959480662246
10745700283,house,7,7.8932,8.053840251131211
10801600552,house,4,8.6535,8.393676565928315
10804700817,house,7,8.3415,8.276714742915226
10807800464,house,4,7.9817,8.06425157431401
10810100303,house,4,8.9029,8.24445721293274
10812500414,house,4,8.1689,8.063148358468904
10816600294,house,4,8.5852,8.229669326619439
10816700469,house,4,8.8754,8.14420459648107
10817600255,house,4,8.8075,8.164238652913797
10818500564,house,4,8.6945,8.13757642950592
10818500572,house,4,8.3181,8.070118736075305
10819300143,house,4,8.4631,8.148326647022857
10900400462,house,4,8.2648,8.083419313514776
10904600385,house,4,7.9686,8.111110847722951
10905703595,house,4,8.4859,8.066757575250014
10906400278,house,4,8.0105,8.013897901850948
10906400588,house,4,8.489,8.130258401485165
10906500795,house,4,7.9699,8.199754265470016
10906500930,house,4,8.1927,8.293194264493238
10906900386,house,4,8.7415,8.132580699632497
10908301560,house,4,9.0937,8.146653103166743
10911200125,house,4,8.2694,8.05318322634325
10916401099,house,4,8.409,8.15207608148495
10916401293,house,4,8.4864,8.147665480900733
10917200690,house,4,7.9311,8.01589046106804
10917202987,house,4,8.503,8.144175718870141
10917203363,house,4,8.8167,8.267639049554091
10917900412,house,4,9.1458,8.202874226074295
10919500918,house,4,8.0472,8.215650557812683
10919501401,house,4,7.8457,8.115358326010531
10919600920,house,4,8.1117,8.500641661636712
10921300378,house,4,8.8529,8.179225161236403
10921900391,house,4,8.7655,8.22381897030891
10921900553,house,4,8.9525,8.226775981408949
11004000791,house,3,7.6628,8.39429474315283
11005800218,house,3,8.3728,8.61539517945944
11011900806,house,3,8.4214,8.482221469618736
11012101222,house,3,8.3261,8.610525642210138
11012400467,house,3,8.7377,8.552622775475644
11013600524,house,3,8.677,8.604902766346672
11014200392,house,3,8.5817,8.558465024681803
11014500434,house,3,8.3109,8.512624600199702
11015800628,house,3,8.4882,8.494091499799508
11017800013,house,3,7.3593,8.341102512473157
11017800404,house,3,8.6251,8.570491832364125
11021300682,house,3,8.159,8.66459180608468
11026700476,house,3,8.7796,8.715288116940359
11027300048,house,3,7.6809,8.531340958222108
11028900197,house,3,8.797,8.60108843593669
11029200253,house,3,8.7948,8.654278665968608
11029500631,house,3,8.7318,8.781846981013853
11029900727,house,3,8.3654,8.79830248446457
11035200596,house,3,8.3105,8.648694473890512
11036200352,house,3,8.7725,8.721774704042469
11038905124,house,3,8.368,8.464322402112664
11041800222,house,3,8.3245,8.363367062283594
11042601231,house,3,8.3349,8.488376513535055
11043800165,house,3,8.1291,8.423569733741767
11044300239,house,3,8.1807,8.542781816318922
11045900329,house,3,8.3702,8.394386315531584
11046701214,house,3,7.6094,8.43588295435978
11047801301,house,3,8.5598,8.683844080976165
11048703214,house,3,8.5495,8.765325303136509
11050000128,house,3,8.2548,8.496703333074503
11050700723,house,3,7.7519,8.344830635797315
11050703269,house,3,8.5529,8.744099749120315
11053200421,house,3,8.1807,8.448665459158319
11102100871,house,3,8.7671,8.613889073787057
11102200599,house,3,8.3847,8.579048645002398
11102700257,house,3,8.5917,8.454303202649996
11112700853,house,5,8.7292,8.466670068748513
11113800525,house,5,8.0591,8.129528617810287
11116400706,house,5,8.6042,8.279348145486589
11116600251,house,5,8.0893,8.274749572766568
11120700794,house,5,8.6819,8.58427143158354
11123500052,house,5,8.4912,8.222352534295604
11124601030,house,5,8.3208,8.143104110795685
11124700713,house,5,8.8209,8.222225991944992
11126501203,house,5,8.5355,8.202532073569945
11127200304,house,3,8.6842,8.925141076312137
11131601598,house,5,8.4844,8.319851122133606
11132200597,house,5,8.2439,8.471729535383638
11132200619,house,5,8.2439,8.472314712875757
11134101340,house,5,8.4684,8.331277813608919
11134200624,house,5,8.5703,8.314290024841858
11134300661,house,5,8.3664,8.225159898016022
11134800461,house,5,7.9015,8.113444817100662
11135500621,house,5,8.392,8.297547993409314
11135901545,house,5,8.0096,8.146635956323012
11136100643,house,5,8.904,8.1712335299756
11136600034,house,5,9.2505,8.28276999215969
11136900585,house,5,8.2594,8.2095639991597
11139502386,house,5,7.9438,8.280112713659836
11140300694,house,5,9.184,8.270403958714299
11140301666,house,5,8.1568,8.157367140993832
11140801030,house,5,8.1507,8.447261381690458
11141100680,house,5,7.9712,8.168744008090226
11146700317,house,3,8.3529,8.39744539553196
11146900383,house,5,8.7508,8.411382326262036
11148805841,house,3,8.5717,8.700115904369083
11149800487,house,5,8.1749,8.333261304896006
11156300281,house,5,8.4219,8.415245668888367
11158500253,house,5,8.3121,8.243405883769878
11159900344,house,5,8.6651,8.451874751101368
11201900191,house,5,8.4302,8.246818826727948
11205300200,house,5,8.7423,8.202458411328708
11206600461,house,5,8.503,8.361982241965428
11214100537,house,5,7.9063,8.142424251725696
11215500733,house,5,8.621,8.474450635164231
11218400497,house,5,8.5172,8.261088836236095
11231200390,house,5,7.9294,8.246082806150685
11234800380,house,5,7.8982,8.195458703029708
11235000280,house,5,8.5766,8.324535477312534
11238800636,house,5,8.3407,8.353368637641548
11239801172,house,5,8.4177,8.24350448005715
11241000343,house,5,8.1605,8.226668229415264
11246500336,house,5,7.988,8.115471338687437
11246600381,house,5,8.4046,8.216826885589601
11247400513,house,5,8.2644,8.441886874296781
11248200364,house,5,8.4154,8.423507341336833
11248400665,house,5,9.0078,8.274854040047574
11253300193,house,5,8.7914,8.4745105044304
11254100872,house,5,8.0229,8.500790420501753
11254500226,house,5,7.8106,8.22656900944747
11257301666,house,5,8.635,8.474189351529047
11257301879,house,5,7.807,8.401569007615315
11257302026,house,5,8.4286,8.543788239941883
11257401156,house,5,8.5796,8.404429105366773
11257901256,house,5,8.4201,8.403752758168846
11263500322,house,5,7.8716,8.192850015239436
11264200421,house,5,8.8173,8.62941062092887
11266000630,house,5,8.0622,8.308471712978097
11267300646,house,5,7.4267,8.161100615138492
11268500770,house,5,8.0472,8.20997356004887
11269903399,house,5,7.6009,8.406878318325823
11269903410,house,5,7.8591,8.403339886532962
11276600444,house,5,8.2428,8.227837530186662
11276800729,house,5,7.216,8.182350994736574
11276801075,house,5,8.1624,8.454759392496882
11278400523,house,5,8.4527,8.251342136481176
11285703870,house,5,8.548,8.465774602821977
11286501491,house,5,8.323,8.517993478590117
11302200533,house,3,8.775,8.694109423337819
11303400374,house,3,8.4009,8.7296653924279
11303800747,house,3,8.6995,8.826049436419874
11304700835,house,3,8.3862,8.774674605073788
11305400134,house,3,8.2772,8.583564312726462
11306700514,house,3,8.7556,8.983301814682427
11307200388,house,3,8.6156,8.90991988626537
11308200616,house,3,8.4821,8.745928037276347
11312700350,house,3,8.3257,8.74743455545913
11313500940,house,3,8.7556,8.875510017994985
11313701431,house,3,8.3216,8.80601334335497
11314200509,house,3,8.7657,8.707243808850887
11315300353,house,3,8.4527,8.693659203893434
11315900423,house,3,8.3848,8.76624502370259
11316800503,house,3,8.6864,8.918127546257196
11320900126,house,3,8.2277,8.545217253177318
11324900457,house,3,8.4684,8.611779679756804
11327100060,house,3,7.9218,8.485647741986385
11327100648,house,3,8.5883,8.701113047139142
11327200677,house,3,8.7721,8.698409296317802
11329400339,house,3,8.635,8.61385500182477
11329702041,house,3,8.8883,8.698127870491868
11329800310,house,3,8.7279,8.637603695399719
11330800264,house,3,8.4566,8.599843667670495
11333501454,house,3,8.6896,8.670271303933403
11334100781,house,3,8.442,8.78729053868521
11336300565,house,3,8.5172,8.825103290069654
11336601271,house,3,8.6316,8.752407800657611
11339300442,house,5,8.2808,8.407640831018261
11343001713,house,3,8.9562,8.934132148399813
11343401606,house,3,8.9625,8.991247922989295
11349000123,house,5,9.2651,8.600018918185926
11356400557,house,3,8.4974,8.789398212778513
11360900623,house,3,8.5298,8.70998088803919
11360901549,house,3,8.8049,8.787987892624884
11400800330,house,5,8.0292,8.487962192991187
11400901137,house,5,8.7641,8.645873631695277
11400901277,house,5,8.297,8.654752056574395
11401100189,house,5,8.7044,8.555131731203264
11401300145,house,5,8.5872,8.506548402989683
11403200571,house,5,8.6244,8.666384183984842
11404400353,house,5,8.8482,8.36202792099994
11405700458,house,5,8.4752,8.406623770767453
11406800278,house,5,8.8163,8.59498596919925
11407801294,house,5,8.6343,8.486638235263648
11409100757,house,5,8.9227,8.467265839732725
11409202002,house,5,8.4821,8.56899433698023
11409202037,house,5,8.4233,8.569345443475504
11409300713,house,5,8.5019,8.272683948454791
11411001272,house,5,8.6311,8.494346851858394
11411204645,house,5,8.3519,8.481116944359007
11411400878,house,5,8.1268,8.335637255044855
11412103923,house,5,8.4302,8.444307288947188
11413701654,house,5,8.5723,8.492917397228982
11413701824,house,5,8.131,8.441017812615616
11414002105,house,5,8.1918,8.48210991866851
11414800559,house,5,8.5462,8.425370059748774
11416201989,house,5,8.9496,8.45967205065638
11417900988,house,5,8.1858,8.547845008625078
11419700390,house,5,8.0985,8.370044121862149
11420600698,house,5,8.3271,8.582726084122164
11421700114,house,5,7.9656,8.322230022178385
11424400367,house,5,8.294,8.227424268917883
11426400100,house,5,8.1951,8.266145515044723
11426602234,house,5,7.9276,8.521314457658999
11426602579,house,5,7.8167,8.545670272052543
11427702070,house,5,8.1586,8.511544916224974
11429001061,house,5,8.0175,8.609721670433878
11429301634,house,5,8.3436,8.448445614009955
11429401124,house,5,8.9349,8.499956296159183
11429801637,house,5,8.6651,8.436256606873691
11434900745,house,5,8.611,8.419886026862658
11439400031,house,5,8.3197,8.21792910039892
11439400708,house,5,8.5322,8.570847995479573
11439400740,house,5,8.4864,8.570145782489028
11502600292,house,5,7.6843,8.122018813508658
11508002036,house,5,7.9953,8.333568339500774
11508002771,house,5,8.2548,8.333802410497622
11510600336,house,5,8.4631,8.287074007638717
11511700423,house,5,7.589,8.128928078656278
11521101352,house,5,7.2156,7.9974843550459696
11525501861,house,5,8.4482,8.245786429319981
11527300063,house,5,8.1509,8.25994401554438
11532900448,house,5,8.4764,8.14561789442076
11604200031,house,3,7.9294,8.35078441461282
11606100253,house,3,8.4256,8.432033978367508
11609200887,house,3,8.6603,8.636410964972532
11609700731,house,3,8.3909,8.4878930105178
11609900617,house,3,8.8017,8.555174063027557
11615700713,house,3,8.7657,8.621869321648926
11616400306,house,3,8.3285,8.547409507314935
11617401136,house,3,8.5575,8.617021494128888
11618000658,house,3,7.8633,8.401941225918385
11621600751,house,3,8.5519,8.64346714659124
11623000695,house,3,8.827,8.777083207586262
11623200678,house,3,8.5564,8.562333133622484
11625200411,house,3,8.235,8.53321263868068
11625600592,house,3,8.3579,8.453659573613518
11628700407,house,3,8.1543,8.46434618660134
11629000409,house,3,8.2017,8.401184590014429
11629100098,house,3,7.9504,8.182201011164706
11630500975,house,3,8.0511,8.273216073727845
11632900695,house,3,8.5547,8.226840454351265
11632901330,house,3,8.1193,8.266432760392904
11634100726,house,3,8.2431,8.196012249152677
11634200577,house,3,9.5703,8.477530179187054
11635000350,house,3,8.3547,8.271987177069246
11635600242,house,3,8.0943,8.176378961921579
11644500182,house,3,8.6161,8.66196511911985
11645500569,house,3,8.4206,8.546910475825968
11647100193,house,3,8.2659,8.29566923103174
11651300320,house,3,9.5636,8.535142434592432
11652100181,house,3,8.3147,8.437132040190441
11653200307,house,3,8.6173,8.635856271138536
11711900061,house,3,8.2327,8.523083761033813
11712500332,house,3,8.0064,8.47644187374693
11713700408,house,3,8.6086,8.603652623969062
11713800399,house,3,7.7945,8.339253392191901
11713800437,house,3,8.469,8.514182019956401
11717500594,house,3,8.4535,8.549505787923708
11719300185,house,3,8.2195,8.492752485572032
11719800900,house,3,8.6115,8.557413873938422
11719801011,house,3,8.6698,8.672041552987103
11719900621,house,3,8.4714,8.38800765761582
11720600235,house,3,7.9918,8.33185703052061
11720700108,house,3,8.8537,8.396978129672487
11722800312,house,3,8.6068,8.352506584940903
11723100152,house,3,7.901,8.28434818082039
11724000291,house,3,8.8319,8.432004314903951
11725600144,house,3,7.9754,8.345411112459097
11726900354,house,3,8.3894,8.477274982274361
11726904996,house,3,8.7498,8.585038079341878
11726905021,house,3,8.7869,8.585084448377394
11735800251,house,3,8.2226,8.44988203590613
11736700511,house,3,7.7815,8.333340254042316
11741200279,house,3,8.2113,8.442875940600626
11742300021,house,3,8.3428,8.418997194183385
11742300552,house,3,8.8377,8.628800984292722
11743500776,house,3,8.1366,8.326029559160272
11743500830,house,3,8.4659,8.550036779194022
11800400161,house,3,7.594,8.463142470713139
11801700231,house,3,8.5972,8.535531740759229
11803400209,house,3,8.0032,8.521414576205826
11805700412,house,3,8.1117,8.62636528945075
11806700270,house,3,8.2226,8.539795906874383
11808000551,house,3,7.6557,8.66025860295938
11808500465,house,3,8.1205,8.598002850924178
11809500582,house,3,8.561,8.739429791434034
11810400375,house,3,8.4449,8.583152173582608
11812200578,house,3,8.7744,8.688569653078005
11813402662,house,3,8.6152,8.56455202864122
11816400644,house,3,8.7011,8.738539840538404
11816900337,house,3,8.1992,8.49430768240496
11817000501,house,3,8.4966,8.627307294384982
11822801167,house,3,8.7033,8.67980903430983
11825000556,house,9,8.5329,8.549824444454815
11827600313,house,3,7.9766,8.42322976893171
11829300597,house,3,8.875,8.596954364826026
11831300671,house,9,8.0225,8.365927070254145
11831501286,house,9,8.1614,8.289362278592497
11832100544,house,9,8.4302,8.146674606306725
11833400290,house,9,7.9092,8.344993849932735
11833600771,house,9,8.7986,8.626180113639528
11834100101,house,9,8.7561,8.44387575342139
11835100553,house,9,8.5477,8.366460163655088
11835701794,house,9,8.2717,8.319531141366998
11836401311,house,9,8.5432,8.340123266220763
11837100178,house,9,8.9692,8.441093336381563
11839000103,house,3,8.246,8.44190842682754
11842600531,house,3,8.3147,8.53969181616825
11844600326,house,3,8.8991,8.821343426691513
11849500397,house,3,8.798,8.746291634175027
11852500688,house,9,9.4037,8.474726325399484
11852600631,house,9,8.4659,8.364007527585628
11852601131,house,9,9.0415,8.400849922597281
11852900163,house,9,8.0604,8.245145886691631
11903900262,house,1,8.076,8.28359362111545
11905700767,house,1,8.6758,8.398317179011189
11906000051,house,1,7.5072,8.399938935020792
11912000503,house,1,8.363,8.4588831262772
11913200212,house,1,8.4764,8.424295961234264
11916100138,house,1,8.0675,8.258442755138006
11920600506,house,1,8.3349,8.469944620077477
11922100365,house,1,8.5172,8.087916180217706
11924800641,house,1,8.4096,8.299238773954617
11924800811,house,1,8.0789,8.243932577344255
11924800852,house,1,8.4205,8.310859640612534
11926700162,house,1,8.3309,8.417848767742587
11927800519,house,1,8.3796,8.429976145376067
11930700449,house,1,8.6863,8.425762618320135
11931700469,house,1,8.3377,8.362514927157594
11932800092,house,1,8.2904,8.332634104729873
11933500521,house,1,8.3536,8.255698273505088
12000900517,house,2,7.8731,8.347985899825902
12002000637,house,2,8.1944,8.44936037628116
12002300290,house,2,7.8759,8.353412445423164
12004000324,house,2,8.3974,8.288449079418205
12004000375,house,2,8.5036,8.308379077766778
12007100087,house,2,8.4449,8.224736448479437
12007802316,house,2,8.3349,8.416607419738135
12007803290,house,2,8.1787,8.398088625379804
12008900192,house,2,8.1855,8.322841928865385
12009400045,house,2,8.7536,8.532220147385155
12010100211,house,2,8.2703,8.568780923743793
12010300466,house,2,8.2869,8.389982447707425
12011200953,house,2,8.1034,8.310282691307176
12011201062,house,2,8.4268,8.406393223158048
12014100488,house,2,8.1902,8.074873124527038
12014200393,house,2,8.1807,8.301172377314405
12014300363,house,2,8.0336,8.145008448919576
12016300387,house,2,8.0864,8.254223337722722
12017301433,house,2,8.3523,8.110631003397119
12017601127,house,2,8.5172,8.065750520854712
12020000317,house,2,8.526,8.150869395817718
12020101271,house,2,8.4379,8.221878900122274
12022100297,house,2,8.0604,7.97446432599491
12023200341,house,2,8.107,8.141277149160073
12028800312,house,2,7.8823,7.986795714019177
12030000042,house,2,8.4594,8.443345430826152
12030400776,house,2,8.4844,8.28602929780057
12030500126,house,2,8.323,8.296445306660814
12036401014,house,2,8.2548,8.134380721056207
12037900472,house,2,7.5949,8.358845452197986
12038301130,house,2,8.5685,8.589445444968513
12038701473,house,2,8.1117,8.113904454599615
12042300372,house,2,7.8728,8.116094991463694
12044300612,house,2,8.4338,8.405844665680837
12100300422,house,2,8.2311,8.355284878973016
12101200650,house,2,8.2525,8.51486086706291
12102300284,house,2,8.0297,8.610455623593202
12103801732,house,2,8.8049,8.848212928938068
12104000504,house,2,8.8142,8.678587364372397
12105500721,house,2,8.3542,8.611123718012369
12106802608,house,2,8.7139,8.76795817889669
12107500419,house,2,8.2528,8.387955468001554
12107600405,house,2,8.4755,8.217251231087786
12114900761,house,2,8.5172,8.232964767643148
12114900893,house,2,8.5172,8.27718684012777
12114901474,house,2,8.4527,8.267946947313549
12114901636,house,2,8.0138,8.320105858081421
12116000830,house,2,8.7584,8.324238547507091
12117001563,house,2,7.901,8.046418937663619
12119400309,house,2,8.6651,8.119324485891894
12123302782,house,2,8.2118,8.296925829161937
12123401357,house,2,9.0327,8.826866783522584
12125901772,house,2,8.8581,8.329433018781668
12126300561,house,2,8.5007,8.166457583027194
12202200461,house,8,8.3884,8.469929800170634
12204300380,house,8,8.7331,8.115379633300236
12207501761,house,8,8.5644,7.999378500179748
12209400340,house,8,8.1187,7.844079678178621
12217400141,house,8,8.2234,7.981035289349874
12300800801,house,8,8.4185,8.6729521536836
12301200328,house,8,8.786,8.491989454640335
12302100807,house,8,8.5172,8.569519779850495
12302300598,house,8,8.5492,8.571894131805491
12302400649,house,8,8.8226,8.503339331623136
12302400843,house,8,8.7153,8.632299657562074
12303600137,house,8,8.3376,8.45491127342972
12304700321,house,8,8.3837,8.474048060317399
12304900444,house,8,8.4676,8.479639146952916
12306100321,house,8,8.1638,8.405858277304883
12306300673,house,8,8.5588,8.496322676828603
12306500524,house,8,7.9877,8.305414459253457
12307600360,house,8,8.4575,8.525652972434358
12307900615,house,8,8.0281,8.463534466171247
12308600321,house,8,8.6759,8.53828452702287
12309600351,house,8,8.5417,8.445340136932751
12309900639,house,8,8.4966,8.701415286254353
12310300607,house,8,8.4331,8.651246318699434
12312300337,house,8,7.6679,8.112529990545964
12312300604,house,8,8.4975,8.158414998578804
12312301228,house,8,8.4584,8.247337803976848
12312400323,house,8,7.9769,8.125696768489991
12316200078,house,8,8.362,8.138843032615373
12316300961,house,8,9.0258,8.649071472757585
12317300084,house,8,8.0687,8.078561472114277
12405501243,house,7,8.2171,8.380376856120174
12409104028,house,7,8.5764,8.224952088488598
12409105504,house,7,8.6915,8.224653718046834
12409107132,house,7,7.9657,8.243574465220465
12409108619,house,7,8.5292,8.231886348164066
12409108661,house,7,8.7319,8.263396128263835
12409109518,house,7,8.1084,8.197020193114612
12409110060,house,7,8.7988,8.250447153800478
12409110907,house,7,8.0923,8.249451048528412
12416400893,house,7,8.4942,8.319768330884825
12416600371,house,7,8.3124,8.324669361621561
12508100251,house,7,8.165,8.186092987202706
12508800251,house,7,7.8898,8.097767231811492
12509300635,house,7,8.2861,8.186185100903238
12511900393,house,7,7.7123,8.12724628463012
12513700707,house,7,7.4747,8.047053532835397
12514000636,house,7,8.1748,8.259707263230435
12516200421,house,7,8.9835,8.250140382186164
12516500687,house,7,8.3547,8.388701547845772
12600400132,house,7,7.4075,8.230065192133944
12601100787,house,7,7.8835,8.244005909362501
12728700701,house,4,8.546,8.155245665302608
12728900220,house,4,8.2515,8.221923075141635
12733300848,house,7,7.8547,8.07949263292743
12800600429,house,4,8.2528,8.277966978272914
12816200395,house,4,9.0205,8.181343888273528
12821300319,house,4,8.8426,8.448482286065044
12821300351,house,4,8.8834,8.445200340246519
13013200889,house,3,8.6386,8.569571424646686
13018600621,house,3,8.2295,8.62962542221064
13020003848,house,3,8.9089,8.523011892897024
13020003937,house,3,8.7614,8.592368221802596
13022500059,house,3,8.0702,8.38128596352392
13022900741,house,3,7.7287,8.415651610673628
13029900265,house,5,8.2884,8.17061377899854
13039000127,house,3,8.1117,8.4100251346805
13040100261,house,3,8.6226,8.433150095333751
13101400820,house,5,8.918,8.526976842732733
13101600366,house,5,7.7853,8.161127182834345
13103700066,house,5,8.6226,8.193553464821676
13103700430,house,5,8.7849,8.406090557594338
13104900433,house,5,7.9999,8.170842600669705
13106700547,house,5,8.3069,8.212302416455264
13107201099,house,5,8.0612,8.207665044461557
13108000501,house,5,8.4544,8.286551201852252
13110700335,house,5,8.7285,8.236762332672475
13113500337,house,5,8.5022,8.389011817398352
13115100506,house,5,8.3209,8.225274835748829
13115801202,house,5,8.4181,8.337595271877131
13116600723,house,5,8.3941,8.184437942049708
13200600216,house,5,8.4013,8.50800284565291
13217600303,house,5,7.9084,8.315642268442954
13306000212,house,5,8.0354,8.29864806534737
13307900365,house,5,8.1807,8.36036609488232
13315100054,house,5,9.3355,8.420331129722738
13404500287,house,5,8.2674,8.228362933179785
13407100506,house,5,8.5817,8.492373552378663
13411600471,house,5,7.567,8.163966381257023
13414501367,house,5,8.5913,8.530564292009577
13415200301,house,5,7.8638,8.398095247439091
13416300059,house,5,8.5039,8.274719203203043
13417700085,house,5,8.2149,8.267133452221326
13419500520,house,5,7.7063,8.214614781956488
13421600421,house,5,8.4024,8.298689971735534
13422300278,house,5,8.1506,8.535772381948531
13427000051,house,5,7.9492,8.226487401722519
13429800101,house,5,7.9462,8.253645833383441
13429900361,house,5,7.5407,8.148393304458022
13432000341,house,5,8.9446,8.330811672573944
13436800413,house,5,7.8886,8.235719841898398
13444600584,house,5,7.9235,8.514768419805124
13445400511,house,5,8.3953,8.48864656769603
13446405177,house,5,8.4449,8.431247559773851
13449101160,house,5,8.4276,8.443193245168725
13450100512,house,5,8.4276,8.381712642696803
13510200720,house,5,7.9404,8.338106915626922
13530600181,house,5,8.4302,8.240044601968142
13600100407,house,5,8.5332,8.459371333335644
13633200176,house,5,7.2769,8.245878739891989
13703100061,house,5,8.8537,8.238306572482506
13804500470,house,5,8.2019,8.400803939152432
13806300932,house,5,8.4699,8.440648604637548
13806301394,house,5,8.4566,8.436863919425685
13806301483,house,5,8.3556,8.43969784998795
13806401585,house,5,8.3147,8.542035093198331
13806501301,house,5,8.7179,8.620312959828736
13806501393,house,5,8.6548,8.555566158310953
13813800481,house,5,7.8211,8.353848912642821
13834500355,house,5,8.0336,8.30783855413895
13901200451,house,5,8.614,8.281296347594465
13902800290,house,5,8.0368,8.436453521739184
13902902646,house,5,8.2677,8.232384161192169
13902903987,house,5,8.5058,8.458132770982251
13904700269,house,5,8.2815,8.281406312771272
13905900679,house,5,7.9743,8.267269193931208
13905900849,house,5,8.3501,8.580794600105762
13910100219,house,5,8.4584,8.471653192004513
13910300341,house,5,8.6226,8.210165248658905
13915300186,house,5,7.4982,8.267167586742227
13915500029,house,5,7.6086,8.213436248208518
13920300075,house,5,8.3147,8.201084823832055
13929500034,house,5,8.1445,8.365972304471873
13930500190,house,5,8.5172,8.38412628520557
14009200161,house,5,8.4631,8.406991334927284
14010400268,house,5,7.8953,8.30944383571456
14017000443,house,5,8.3667,8.425606631897907
14020000726,house,5,8.4527,8.389590692550605
14026002488,house,5,8.372,8.631147332099093
14040400304,house,5,7.5565,8.29439767660519
14101200271,house,5,7.9323,8.23942204519636
14101200377,house,5,7.9202,8.217603460346623
14102100910,house,5,8.1022,8.170791790923781
14102401236,house,5,8.1213,8.315185317229725
14102401376,house,5,7.8341,8.378300207956185
14102701043,house,5,8.5892,8.251366228650689
14102701841,house,5,8.0671,8.121120859386968
14104800871,house,5,8.1261,8.262122504248206
14104901198,house,5,8.5994,8.428972430208502
14105600116,house,5,7.92,8.435365050126919
14105700511,house,5,7.9947,8.413048343847056
14105801782,house,5,8.576,8.548763102327976
14201300578,house,5,8.3069,8.499713069629543
14204000842,house,5,8.7366,8.747009879312795
14205400135,house,5,8.5079,8.451480926854302
14205800291,house,5,8.5281,8.603455172398748
14207401201,house,5,8.6837,8.634637300281483
14211700471,house,5,8.6006,8.680999264264123
14211700481,house,5,8.5791,8.674826884527977
14212800666,house,5,7.9404,8.491431665448804
14213700401,house,5,7.4876,8.275966156545806
14214000896,house,5,8.0789,8.435708597068663
14214200186,house,5,8.0338,8.395392668640248
14215400669,house,5,8.635,8.385977050126808
14305500131,house,3,8.7263,8.383741995355415
14400600458,house,5,8.2278,8.227913445112453
14401100513,house,5,8.0164,8.39682746121681
14401100742,house,5,8.0917,8.394095881687452
14401100750,house,5,8.1216,8.394095881687452
14401500775,house,5,8.4134,8.424762546146518
14404202171,house,5,8.2234,8.29304680153437
14404202597,house,5,8.6781,8.354080239105532
14404202971,house,5,8.6316,8.367781910436385
14406200494,house,5,8.7238,8.399525083992945
14406300634,house,5,8.2767,8.200887444416042
14406500730,house,5,8.7334,8.441851474822844
14408301069,house,5,8.2872,8.328322680831926
14408400598,house,5,8.3493,8.28042945619224
14409200401,house,5,8.4738,8.34479261481541
14410501630,house,5,8.1648,8.36247600221732
14411200898,house,5,8.566,8.484761311940996
14411600802,house,5,8.489,8.261148600879427
14411800501,house,5,8.5886,8.351228853907745
14412600555,house,5,8.6159,8.460604923812472
14412700681,house,5,8.3741,8.44271246921025
14413100815,house,5,8.363,8.329485151305926
14413100858,house,5,8.3205,8.329485151305926
14414100568,house,5,7.8769,8.222334462573086
14417700051,house,5,7.9866,8.147672363547088
14417801575,house,5,8.4783,8.327592049975097
14501401061,house,5,8.3532,8.304769916688985
14502500630,house,5,8.1457,8.244692268683341
14503400605,house,5,8.7359,8.348798606504186
14503800689,house,5,8.6138,8.247337784123005
14506600621,house,5,8.7349,8.144524764776595
14507400715,house,5,8.8739,8.228855124172384
14508600361,house,5,8.5708,8.269362159518186
14509000161,house,5,7.8075,7.986872902677474
14509401107,house,5,8.7139,8.366962845039199
14509401239,house,5,8.2131,8.241127544278125
14510200160,house,5,8.8178,8.148695214685103
14510400658,house,5,8.3864,8.305894670734137
14511500451,house,5,8.5523,8.243772426014408
14511801591,house,5,8.3536,8.265198224788051
14511801631,house,5,8.5272,8.277727090257995
14511900441,house,5,7.8937,8.04954410411706
14513700520,house,5,8.1605,8.01320895175794
14514100195,house,5,8.276,8.264163406841138
14518400142,house,3,8.0663,8.239699612595649
14601200600,house,3,8.1526,8.604040528944747
14603800567,house,3,7.7867,8.24079355278093
14606400659,house,3,8.6333,8.625987180324108
14606500440,house,3,8.5012,8.582461354624602
14606900228,house,3,8.4684,8.431363557083262
14608400291,house,3,7.1309,8.179302249309735
14608400354,house,3,8.5238,8.40295781058085
14610200911,house,3,8.1304,8.246538229356139
14612700626,house,3,8.4812,8.36151999687536
14705200283,house,3,8.363,8.546738083041667
14707101258,house,3,8.6061,8.516027555237628
14707400301,house,3,8.6305,8.485323523320266
14707503011,house,3,9.4335,8.449174689416182
14707503410,house,3,9.2644,8.449128320380664
14711100031,house,3,7.489,8.182768616155034
14713200092,house,3,7.9234,8.18195074896499
14713200327,house,3,8.4619,8.185099604328686
14714300244,house,3,8.2496,8.524601224065039
14714700811,house,3,8.0604,8.301331447661067
14716900702,house,3,7.8781,8.174122959380654
14724001126,house,3,8.5478,8.270286187762505
14727200650,house,3,7.5741,8.203869973371063
14727800194,house,5,8.1229,8.121483885335818
14732500251,house,3,8.6381,8.353653141589787
14733000250,house,5,7.8763,8.251585648887172
14734301858,house,5,8.6507,8.351918247425875
14803400491,house,3,8.4177,8.299008976103785
14803500699,house,3,8.3547,8.14210499659815
14804000411,house,3,7.9956,8.20445394473806
14804200451,house,3,8.194,8.195476642945732
14804200771,house,3,7.7929,8.168900714705318
14805001241,house,3,9.0619,8.270585331405112
14805100582,house,3,8.7226,8.401021766889532
14813600068,house,3,7.9187,8.376294532202898
14815701589,house,3,8.1807,8.326657225683075
14815900263,house,3,8.4844,8.558641467564309
14816600247,house,3,7.7812,8.305134965583258
14817400780,house,3,8.0144,8.172279058515905
14819200649,house,3,7.9736,8.301232254154373
14820900322,house,3,7.9487,8.186659154959722
14825700331,house,3,8.5612,8.417388265260707
14825900010,house,3,7.394,8.192668659325438
14827500036,house,3,9.0672,8.479120718075208
14827800031,house,3,8.6626,8.365701950213817
14827800250,house,3,8.0864,8.294910664255188
14830300816,house,3,8.2232,8.350621808254855
14830301839,house,3,8.3717,8.302077152256764
14830500416,house,3,8.4699,8.337030824563211
14830500491,house,3,8.294,8.288581516239784
14900800235,house,3,7.9294,8.311930181072102
14904200097,house,3,8.5913,8.34626778915317
14905300680,house,3,8.536,8.53385441683354
14906800555,house,3,8.752,8.368400698287465
14912600384,house,3,8.2118,8.206324140388611
14916500112,house,3,8.0725,8.196832676588057
14918901270,house,3,7.9164,8.503163165490022
14919600797,house,3,8.2137,8.273347109631029
14920200403,house,3,7.7733,8.302339961362007
14924600511,house,3,8.0368,8.232332769599925
14926700130,house,3,8.7096,8.251065485155772
14929300311,house,3,8.2987,8.284030156025803
15002900797,house,3,8.6469,8.360584892993097
15007700141,house,3,7.6769,8.207807514080713
15009000521,house,3,8.3046,8.227627443475814
15011900435,house,3,8.4286,8.264356951992118
15013000458,house,3,8.4431,8.542536175271403
15015100670,house,3,8.1294,8.4504092297402
15019500861,house,3,8.4468,8.546398273136075
15020500533,house,3,8.706,8.29361990065585
15025600080,house,3,9.2955,8.30083275480412
15026500667,house,3,8.4102,8.437826611434534
15103100249,house,5,8.1188,8.433078945014422
15108300068,house,5,8.7179,8.443584798080737
15111700683,house,5,8.294,8.248464130655538
15111900267,house,5,8.7179,8.462939984823379
15117201247,house,5,7.6105,8.18214433720647
15120100146,house,5,8.7883,8.621990756222775
15206300410,house,3,7.9176,8.453161026219325
15208500352,house,3,8.2369,8.312187511745693
15210500100,house,3,8.6713,8.38308395526035
15213400611,house,3,8.3349,8.506286035263141
15214200187,house,3,8.1047,8.484122292794845
15215000513,house,3,8.7619,8.47571972752365
15217701111,house,3,8.5685,8.687492278450106
15219800514,house,5,8.3349,8.318393959783595
15221701080,house,3,7.8706,8.393447638428785
15224200856,house,5,7.8171,8.222333853850989
15224800349,house,5,8.8537,8.234473352019311
15225001172,house,5,8.0368,8.193333299734633
15225200418,house,5,8.1486,8.137367254578239
15225500926,house,5,8.3837,8.238246479960706
15226000978,house,5,8.4118,8.320873336033824
15226600282,house,5,9.105,8.402804267907424
15229001096,house,5,8.5791,8.37447638189554
15230300212,house,5,8.1017,8.160466104388725
15231200483,house,3,8.061,8.437468569492301
15231200602,house,3,8.4864,8.580650974005229
15231300801,house,3,7.8781,8.458545410168929
15233500425,house,3,8.4051,8.330068413229604
15234100811,house,3,8.4566,8.712528130896036
15235500414,house,3,7.6491,8.477402727198848
15235700571,house,5,8.5564,8.360370672228601
15300900434,house,3,8.4203,8.537360920407313
15302700068,house,3,8.1007,8.462044766696494
15303100056,house,3,8.294,8.477908577078567
15303500291,house,3,9.3033,8.577122657558075
15309400574,house,3,7.8903,8.373464387609578
15309800394,house,3,7.6654,8.438038622321368
15310304834,house,3,8.4947,8.54634053315168
15310401090,house,3,8.947,8.533167838247424
15318300269,house,3,7.4574,8.411124512014595
15400200353,house,3,8.2221,8.483165754797612
15402000319,house,3,9.0595,8.49793231904459
15405000298,house,3,8.3222,8.256119574774726
15406700773,house,3,7.6322,8.502968532090112
15406800824,house,3,7.7096,8.540835309869944
15409901109,house,3,8.0472,8.528369778726246
15418200398,house,3,8.1445,8.445318970894418
15501400706,house,3,7.8867,8.296488804835786
15508800394,house,3,7.7648,8.44294095135685
15509800241,house,3,8.9628,8.527209538363048
15511000549,house,3,8.4372,8.4743095008343
15512800387,house,3,8.7096,8.474025381065445
15512800549,house,3,8.4624,8.634093422030137
15512900551,house,3,8.5817,8.74898004251413
15517800172,house,3,8.363,8.575645753833776
15518001648,house,3,7.7611,8.507713318196878
15519001013,house,3,7.8575,8.557478758475693
15521500870,house,3,8.3962,8.657741176498979
15530500152,house,3,7.6052,8.40933885141876
15531101596,house,3,8.0035,8.214445104443483
15600501136,house,3,8.2434,8.523892960788967
15605001344,house,3,8.5352,8.73315519187391
15605001522,house,3,8.5004,8.731046445040342
15606200294,house,3,7.9478,8.53402027059707
15704300242,house,1,7.8803,8.099534957821614
15706100178,house,1,7.9811,8.092079271053949
15707100082,house,1,8.4804,8.115837194381967
15711600248,house,1,8.1045,8.063520757532519
15711800786,house,1,7.8192,7.974210245296793
15711900144,house,1,7.8119,8.03043379850432
15720702325,house,1,8.7685,8.262644256166485
15723300481,house,1,8.5172,8.129221169333276
15900200867,house,8,8.1022,8.461277223568738
15903200574,house,8,8.328,8.501610706856164
15903700348,house,8,8.3517,8.572110588928822
15906100074,house,8,8.4118,8.526494556345657
15908800235,house,8,7.6522,8.236601083373838
15912600377,house,8,7.7129,8.386277944574662
15917901057,house,8,8.3693,8.483702393832726
15919000278,house,8,8.5172,8.472397007618833
15920100337,house,8,8.0943,8.402106278812164
15921500266,house,8,8.6864,8.727463514957506
15921801071,house,8,8.6833,8.894057447440257
15922301666,house,8,8.6679,8.599154762434264
15922302050,house,8,8.196,8.59430083825002
15922700412,house,8,8.5974,8.800734874205316
15923500867,house,8,8.0919,8.647591763292894
15923800658,house,8,8.5564,8.601938048667225
15923800781,house,8,8.7916,8.599022372822416
15924200549,house,8,8.6713,8.509227813535492
15925600461,house,8,7.8656,8.37552141306065
15927400263,house,8,9.2873,8.364032607540937
15927601218,house,8,8.6656,8.442939534600958
15928100190,house,8,8.2978,8.293677618315701
15928300033,house,8,8.4815,8.449927765362832
16006400358,house,8,8.1336,8.31584876240889
16007600024,house,8,8.55,8.30866460198935
16011401359,house,8,8.1391,8.450078626875188
16011401782,house,8,7.7923,8.416680127360623
16013500370,house,8,8.5253,8.475429905703622
16015800169,house,8,8.1358,8.461110836043398
16016700524,house,8,8.5855,8.332593844670788
16016800340,house,8,8.3728,8.29599735319618
16016900760,house,8,8.1958,8.336731170678998
16016902518,house,8,8.2195,8.365748322659519
16017000046,house,8,8.323,8.341311531767504
16017400311,house,8,8.4358,8.282886136459862
16017900403,house,8,7.9663,8.181087939062067
16018301104,house,8,8.6484,8.418868350129648
16018700718,house,8,8.1509,8.478517658612056
16019500356,house,8,8.0709,8.18048901673303
16020200034,house,8,8.3953,8.233159636067423
16021101250,house,8,7.9081,8.307159183169185
16021300709,house,8,8.7796,8.451457075464202
16021900269,house,8,8.5434,8.397779233253637
16022500851,house,8,8.4102,8.519059304428675
16023500063,house,8,8.3191,8.421718089213371
16023600025,house,8,8.0613,8.242951775477465
16025000602,house,8,8.9826,8.437853998380877
16026600050,house,8,7.8484,8.366590510057303
16027000111,house,8,8.8537,8.48870130542167
16027300808,house,8,8.0661,8.293930097318722
16027700121,house,8,8.1187,8.362949554764107
16028100063,house,8,8.9368,8.379128415216357
16029900233,house,8,8.0325,8.234859059081478
16030500138,house,8,9.6623,8.512318271982595
16031100192,house,8,8.2906,8.247403054427519
16031800488,house,8,8.9661,8.4299149632319
16032200271,house,8,8.5796,8.269937758362415
16032900028,house,8,8.2999,8.303067574209354
16033100114,house,8,8.27,8.251466185880544
16034200104,house,8,9.0292,8.407264548865463
16035900223,house,8,9.0983,8.395044638318923
16036200731,house,8,8.6622,8.338802158200945
16036300637,house,8,8.0418,8.377898364200465
16036502396,house,8,8.0634,8.270561731658333
16036802772,house,8,8.0472,8.250043522919551
16111700080,house,2,8.5898,8.241532098014657
16200132401,house,2,9.5981,8.84612153339846
16201100511,house,2,8.2266,8.442111984855156
16203503079,house,2,8.7123,8.367326647740846
16204200533,house,2,8.4844,8.331063245706817
16204600620,house,2,8.4017,8.428693802639334
16205600276,house,2,8.3693,8.518626147329417
16206201049,house,2,8.4118,8.515029204901714
16206300993,house,2,8.061,8.359546447132377
16206800546,house,2,8.4118,8.498285878318299
16206900273,house,2,8.2295,8.497428402183752
16207200828,house,2,8.9465,8.536367941464402
16207701649,house,2,8.2245,8.344444206491014
16207701681,house,2,8.6995,8.424594329742124
16207800248,house,2,8.5,8.343069384044833
16208000156,house,2,7.8728,8.272354924345098
16213700438,house,2,8.898,8.316234532236114
16220101196,house,2,8.554,8.15840432426456
16221400820,house,2,8.4527,8.338695388834154
16301000551,house,2,8.716,8.319840819313022
16304000102,house,2,8.0472,8.403202336884585
16310000208,house,2,8.6863,8.467873275277148
16310302239,house,2,9.1711,8.659206486040189
16312500151,house,2,8.3042,8.383917843838638
16318000797,house,2,7.9447,8.189588891911443
16318600328,house,2,8.4039,8.303154718558957
16321000387,house,2,8.3735,8.284852447697
16321200890,house,2,8.6535,8.404035943073756
16322100288,house,2,8.3404,8.246093889401621
16412200273,house,2,8.101,8.47807144761198
16504700523,house,2,7.9111,8.227159452954403
16506600488,house,2,8.9569,8.491043187899324
16509400595,house,2,7.8392,8.228165800359518
16509800143,house,2,7.6592,8.145373195413088
16512400266,house,8,8.9942,8.126509837340292
16512700472,house,8,8.5292,8.167403200183182
16519300399,house,2,8.2858,8.58503407710428
16520800103,house,8,8.3349,8.344901779662752
16521300449,house,8,7.805,8.28024138443921
16527300191,house,2,8.3746,8.378955492692096
16527400054,house,2,8.0725,8.393882827427987
16536800175,house,8,8.1047,8.19456919401897
16536800523,house,8,8.4417,8.313511408242656
16542701531,house,8,8.2054,7.965359166676816
16601400113,house,8,7.9368,8.114731382727733
16601500339,house,8,8.3194,8.054799504532184
16602300384,house,8,8.4917,8.267634098875236
16605400533,house,8,7.8982,8.272427870218001
16606501589,house,8,8.5846,8.37173803273206
16606700311,house,8,8.074,8.292842902342874
16606800942,house,8,8.0317,8.336325573535476
16612500645,house,8,7.4547,8.221019713192355
16612900082,house,8,7.9644,8.266902754962492
16614500227,house,8,8.2247,8.288008324280337
16615501601,house,8,8.0949,8.518707868378852
16616500534,house,8,8.5909,8.35289265899784
16616700241,house,8,8.6133,8.548294104131319
16617500163,house,8,9.3645,8.39165356445571
16621200764,house,8,8.6021,8.274729933172777
16622800285,house,8,9.1901,8.437228155378408
16628400602,house,8,8.9566,8.49946218248157
16701900916,house,8,8.596,8.431115034823181
16702400232,house,8,8.5172,8.410597221548247
16706500452,house,8,8.2021,8.407686554075937
16722800104,house,8,8.6507,8.436999996462433
16802000422,house,8,8.6961,7.983648122289
16802200340,house,8,8.3588,7.974756530509426
16802601302,house,8,8.2548,7.9905489932202745
16805600821,house,8,8.3508,8.011671410613445
16806400565,house,8,8.0064,8.123789546847613
16806701190,house,8,8.163,8.041444056224567
16806800229,house,8,8.0273,8.041242080002988
16807101545,house,8,7.7031,8.092231617672324
16808000981,house,8,8.1773,8.038399225558038
16808800986,house,8,8.9798,8.134966399920064
16810010296,house,8,8.895,8.17998077825654
16810801269,house,8,8.4333,8.265160817875046
16811100590,house,8,9.0991,8.164950608138932
16813500189,house,8,8.553,7.938149021254472
16814400099,house,8,8.2221,7.921972712288104
16818800822,house,8,8.0805,7.951286684153647
16818800946,house,8,8.1897,7.99288937681205
16821700061,house,8,8.6353,7.979775368786883
16822100201,house,8,8.6797,8.09103651066097
16825600167,house,8,8.9917,8.030582156347574
16825601120,house,8,8.4795,7.997983159921992
16827200964,house,8,8.6018,8.1692945422386
16827201065,house,8,8.1017,8.07120693376951
16827700932,house,8,8.294,8.177772876252952
16828000551,house,8,8.4192,8.175412414700094
16828100084,house,8,8.3462,8.026051062420654
16832004388,house,8,8.3086,8.114808616900632
16832004612,house,8,8.5554,8.164751212154039
16832005147,house,8,8.7699,8.159113632042809
16832101235,house,8,8.5979,8.018600445010495
16832200179,house,8,8.4596,8.00456809138054
16832305418,house,8,8.0415,7.865442387847139
16832305541,house,8,8.0182,7.865442387847139
16901900553,house,8,8.3152,8.71967078074331
16905400164,house,8,8.7641,8.780452137255319
16907000244,house,8,8.5598,8.713529871314273
16908100269,house,8,7.8155,8.676165918739043
16913200179,house,8,8.7366,8.13648962068972
16913301080,house,8,8.6507,8.31467482502042
16925300262,house,8,8.5172,8.449841331267201
17004101151,house,8,8.403,8.714356571359984
17004101168,house,8,8.5397,8.714356571359984
17009100410,house,8,8.8377,8.768114085721407
17101100367,house,8,8.3808,8.370155298553588
17106200475,house,8,8.8674,8.31150756763683
17108500166,house,8,8.1757,8.333897434479717
17109500240,house,8,7.8982,8.554177215783389
17111000543,house,8,8.9227,8.371447543640086
17111000561,house,8,8.0661,8.270250827715998
17114700082,house,8,8.1315,8.743597044766231
17121900601,house,8,8.2643,8.798694417813621
17121900989,house,8,8.3649,8.799189191275016
17121901187,house,8,8.1599,8.737522234082054
17122200875,house,8,8.3143,8.586980859093444
17124702096,house,8,8.5952,8.613050696358556
17125000291,house,8,8.3969,8.413911926853409
17125100391,house,8,8.1616,8.339369742789557
17125500225,house,8,8.3268,8.248207966606326
17125600548,house,8,8.9143,8.638889964625362
17126000188,house,8,8.2113,8.251364807563156
17126705742,house,8,9.5468,8.555558699308154
17126707125,house,8,9.5887,8.4939622396526
17126707311,house,8,9.5508,8.375333580366416
17126707729,house,8,8.438,8.421930439567387
17126710770,house,8,9.3628,8.38259310857625
17127300770,house,8,8.6046,8.260472123164563
17127400090,house,8,8.1995,8.159947376360806
17127600537,house,8,8.5913,8.295716800822376
17127700027,house,8,8.2637,8.162751529996145
17127900451,house,8,7.7118,8.251059179038645
17206300171,house,2,8.6009,8.0966638311652
17207900774,house,2,8.1536,7.959355908459461
17213400540,house,2,8.5462,8.185450845146194
17217900572,house,2,7.676,8.023699160042714
17219500784,house,2,7.8023,8.11354891422014
17219500814,house,2,7.8023,8.112789866441652
17220100581,house,2,7.7331,8.046987974251062
17220400097,house,2,8.2659,8.143689787897957
17224700443,house,2,8.2642,8.20880827926261
17231201260,house,2,7.7205,8.023135769762506
17231204529,house,2,7.7063,8.077486482216214
17300100091,house,2,8.305,8.577924829571568
17301500628,house,2,8.3894,8.301015385774006
17303800084,house,2,8.0338,8.102252786686908
17306502157,house,2,8.5817,8.236481078066374
17308400033,house,2,8.9056,8.157664550854882
17311300494,house,2,8.7184,8.079085162302235
17312800814,house,2,8.4482,8.10881625855436
17320801166,house,2,8.1658,8.0847754519591
17320900636,house,2,8.3664,8.129260483750672
17322400665,house,2,8.576,8.277300528103195
17327300995,house,2,8.3349,8.086174062580715
17330300781,house,2,8.5732,8.119292492992711
17330303142,house,2,7.8034,8.02056387756776
17332000295,house,2,8.2987,8.163016111678775
17332200103,house,2,8.5041,8.195557792806767
17332500085,house,2,8.6713,8.188341725561216
17335400405,house,2,8.576,8.136523969338189
17410900147,house,2,8.0064,8.222133408261232
17415600060,house,2,7.7564,8.265329061690604
17416200074,house,2,8.1718,8.277898846816111
17419400112,house,2,8.0348,8.270868203273142
17420300088,house,2,8.5399,8.386536891907882
17422700016,house,2,8.0266,8.332356416244814
17426000809,house,2,7.1351,8.004396761485072
17512900448,house,2,7.2796,8.32798805624309
17515701179,house,2,8.1521,8.420228697724172
17518100362,house,2,8.6938,8.36084808292843
17604200507,house,2,8.479,8.296452437774134
17800700045,house,2,8.4939,8.317021337465635
17801400517,house,2,8.482,8.711280764367675
17801400924,house,2,8.7865,8.709609411873522
17804900251,house,2,8.0549,8.385122985366653
17811500621,house,2,8.2173,8.567243253278473
18003900440,house,8,8.5713,8.324110370462689
18003901196,house,8,8.6305,8.43888676897226
18101800149,house,8,7.3614,8.28932592979336
18103901031,house,8,8.4551,8.513607388785411
18107503693,house,8,8.5834,8.455523579813512
18108800306,house,8,7.5314,8.302480022195095
18111600193,house,8,7.9184,8.414324164845409
18201000985,house,8,8.5172,8.411417811090404
18202701057,house,8,8.5172,8.547204847752148
18202701073,house,8,8.4808,8.545851549841437
18305500224,house,8,8.3109,8.323237307662406
18306700324,house,8,8.4793,8.322283153508318
18310100336,house,8,8.8457,8.323161526500039
18311001560,house,8,8.0934,8.094132835852943
18311001919,house,8,8.5377,8.135505838366564
18311200644,house,8,8.9616,8.195985028690393
18311200830,house,8,8.8431,8.197676651078782
18312000460,house,8,8.9488,8.313414694967655
18312000827,house,8,8.6103,8.25975625411247
18312000940,house,8,8.7152,8.242757567093806
18312001327,house,8,8.762,8.28889368879271
18312002579,house,8,9.1086,8.296677492701335
18312002633,house,8,8.8787,8.296677492701335
18312002773,house,8,8.8112,8.24749645070333
18312101321,house,8,8.8145,8.393818213474596
18312101356,house,8,8.6226,8.39483318690763
18312205658,house,8,8.2197,8.164194083476943
18314100098,house,8,8.9087,8.414265751624281
18402500391,house,8,8.4188,8.448372838394272
18405200702,house,8,8.5731,8.55928781212025
18408200932,house,8,8.4369,8.511820685502354
18411300764,house,8,8.6746,8.308036720395672
18419300186,house,8,7.5844,8.322884418768279
18420802254,house,8,8.7584,8.451735807230824
18420900825,house,8,8.6042,8.470722597623963
18421700447,house,8,7.3405,8.146393799613698
18500400535,house,8,8.1572,8.366445466581327
18501500398,house,8,8.6507,8.44939023708785
18503000627,house,8,8.5172,8.400332540525573
18509200441,house,8,8.1213,8.362440426761507
18509200474,house,8,8.1769,8.361087128850796
18511800289,house,8,8.1862,8.222278084300942
18513200777,house,8,8.0186,8.312731049481176
18701401830,house,7,8.4431,8.636020994085117
18701402020,house,7,8.2506,8.590390729962207
18702900131,house,7,8.8049,8.580234457443119
18705901994,house,7,7.4171,8.395569655945913
18705902699,house,7,7.9041,8.303647273330046
18713200134,house,7,8.0334,8.357396760885388
18720600649,house,7,8.2341,8.376681525008937
18800702588,house,7,8.8457,8.296072795138896
18800704874,house,7,8.2903,8.427464224943316
18801400135,house,7,8.6472,8.59630655405963
18801800028,house,7,9.1521,8.344280616335288
18803101437,house,7,8.9838,8.460954840196315
18803600670,house,7,8.1391,8.36401625368814
18805100101,house,7,9.2103,8.330111453284484
18813100549,house,7,8.0266,8.269367975985286
18816000286,house,7,7.9999,8.271806678036343
18900102558,house,7,8.4491,8.321450693002287
18900102590,house,7,8.3186,8.234652362085292
18906201019,house,7,8.7457,8.347793310368326
18909500289,house,7,8.576,8.379149134199409
19006001952,house,7,9.0089,8.475224073678206
19006002533,house,7,7.7381,8.320119143648881
19008100591,house,7,8.3976,8.464937785149656
19109900186,house,4,8.7052,8.343376597800338
19200201295,house,5,8.3489,8.436396837482885
19204400209,house,5,7.5924,8.182420334378428
19211200058,house,5,9.105,8.541827172996154
19212500306,house,5,7.2597,8.253789969848096
19305500391,house,5,7.824,8.142716165888533
19403900163,house,5,7.9647,8.393639258265036
19405000860,house,5,8.6068,8.608169583334128
19601300200,house,9,8.6226,8.498943777824426
19601701205,house,9,8.566,8.413473117497063
19700600891,house,7,8.9669,8.779271482775451
19800300227,house,4,8.7918,8.479695938296182
19800500064,house,4,7.7018,8.29955508680762
19804300078,house,4,8.6548,8.417246446642695
19804400218,house,4,8.27,8.435276571820316
19806200550,house,4,8.8581,8.489882279248375
19806300148,house,4,8.2987,8.42876530788365
19808300390,house,4,8.1763,8.40953704787881
19811700337,house,4,8.7403,8.483063767228463
19902500071,house,7,7.9664,8.30914423178487
19902601811,house,7,8.9227,8.586146211114587
19902601838,house,7,8.9227,8.599929660140104
19904300681,house,7,8.5465,8.315626952403498
19905500803,house,7,8.4482,8.215491002136343
19905900453,house,7,8.1456,8.615263559552599
19907400776,house,7,8.0171,8.270749334901879
19909000392,house,7,8.6995,8.296932214804059
20001700063,house,0,8.9815,9.023001305906467
20002500173,house,6,9.498,8.945970088849577
20101201141,house,8,7.8886,8.482094863613575
20101702858,house,8,8.6885,8.484652222991851
20102300966,house,8,8.0182,8.455377547778458
20102900289,house,8,8.4547,8.387933934527595
20103400212,house,8,8.0516,8.356754467959629
20103400522,house,8,8.4171,8.5417500270017
20104900804,house,8,8.5298,8.460560059251101
20105300886,house,8,8.1751,8.460197249026855
20105600685,house,8,8.1539,8.403766715553706
20107500580,house,8,8.096,8.325819044882135
20110500723,house,8,8.4909,8.31937591425664
20110501320,house,8,8.5301,8.321405861122706
20207300397,house,7,8.276,8.272070332190442
20300700499,house,7,7.1504,8.121371017376749
20306200382,house,7,7.688,8.252913225075183
20700200248,house,7,8.0317,8.438329856776626
21401000701,house,7,7.8291,8.306757138531207
21401301000,house,7,7.8682,8.174366637227111
21402000438,house,7,8.7265,8.4883179453519
21402001868,house,7,8.2524,8.310678936896176
21402002112,house,7,8.77,8.489858628109804
21402002295,house,7,8.7743,8.483999058640713
21402100221,house,7,8.7477,8.555368216483522
21402100297,house,7,8.6871,8.562692678319888
21402100394,house,7,8.5536,8.555368216483522
21402100904,house,7,8.8323,8.55976289358534
21402101153,house,7,7.9533,8.404902425671617
21402103016,house,7,7.8736,8.392097250532922
21402105779,house,7,8.8589,8.50178018857087
21402500600,house,7,8.8187,8.639703351459904
21402500831,house,7,8.7179,8.638238459092632
21402500902,house,7,8.7623,8.637506012908995
21402601172,house,7,8.6578,8.574605633532187
21402601490,house,7,8.7204,8.515217139547053
22208800050,house,4,8.6667,8.656332353352237
23000500144,house,5,9.3186,8.219400533568269
23001200195,house,5,9.3439,8.30233281118835
23001700147,house,5,7.8177,8.000976614827186
23002500281,house,5,9.3329,8.397123484175829
23006000119,house,5,9.0562,8.225103680581746
23006300201,house,5,8.1154,8.054651264138878
23010600151,house,5,7.7155,8.130460258685343
23201500141,house,5,8.6302,8.076766924737301
23201500486,house,5,7.8791,8.072001510463215
23201601665,house,5,7.8778,8.153104967269101
23201700558,house,5,8.2895,8.230580333105157
23203200501,house,5,8.6335,8.350107488090602
23203200579,house,5,8.1987,8.231356205677436
23203200625,house,5,8.1839,8.261801546284742
23204400301,house,5,8.7129,8.266117590513394
23204500509,house,5,8.2385,8.462769325486715
24500401243,house,5,8.4566,8.787479657733929
24506300554,house,5,9.1822,8.571401451981842
24608700152,house,5,9.2937,8.408858117930556
24611000301,house,5,9.4151,8.362282664344988
26101600074,house,2,8.8049,8.547011272903228
28300800105,house,2,8.6003,8.35763901003951
29902803375,house,6,9.206,8.68642694809882
29906000560,house,6,9.1678,8.915494053941373
29911001189,house,6,9.6671,8.726605243276094
29911201201,house,6,8.2212,8.473958145771448
30002200314,house,6,8.9989,8.421429292350801
30005300506,house,6,8.635,8.21692886966702
30006800863,house,6,8.5429,8.377869434417189
30201400461,house,1,7.9782,8.388709203893276
30300600086,house,3,8.3837,8.408419224759248
30301600179,house,3,7.9167,8.323073054124924
30302000541,house,3,7.64,8.481592267537733
30302000795,house,3,7.4666,8.382274671620518
30303600362,house,3,8.5613,8.484290788452919
30304200368,house,3,8.0652,8.301546851704321
30304500175,house,3,8.0276,8.269698316536441
30309500580,house,3,7.7063,8.265167766325586
30400401395,house,4,8.5564,8.541896412321691
30401900158,house,4,8.7068,8.536577190419436
30402000304,house,4,8.7403,8.491289648914055
30402400221,house,4,8.8931,8.506123116083517
30406800471,house,4,8.2217,8.402175370814787
30501402109,house,4,8.4512,8.231598793322238
30501402508,house,4,8.5942,8.237803212892786
30503000091,house,4,8.1605,8.18426637960482
30504604500,house,4,8.4313,8.256245514545288
30504604535,house,4,8.0413,8.213541092818375
30505500334,house,4,8.168,8.048830584268915
30510400474,house,4,8.7044,8.172102600694823
30511202463,house,4,8.5802,8.177653533437335
30514101455,house,4,8.6954,8.202335269669533
30601100953,house,4,8.7168,8.721506870436176
30602800290,house,4,8.7108,8.685205211873066
30603100233,house,4,8.5172,8.647121718960543
30606400408,house,0,8.0562,8.304309534067949
30608500337,house,0,8.7855,8.513615775272138
30608501422,house,0,8.5542,8.593424506784356
30702001306,house,7,8.3316,8.216075339211416
30704300221,house,7,8.3884,8.104005272860372
30705600553,house,7,7.843,8.146278925693363
30706600212,house,7,8.9059,8.194498241374589
30708100071,house,7,8.363,8.227869603316245
30708205361,house,7,8.5075,8.31031913639997
30708601641,house,7,8.6173,8.295475327494218
30709000674,house,7,8.7819,8.222600741030998
30710400044,house,7,8.408,8.18831557475971
30710600086,house,7,8.2183,8.1875736556689
30711001399,house,7,8.6725,8.379562157907957
30711300876,house,7,7.9609,8.172353114867143
30805800414,house,7,8.7248,8.253685888744357
30815100326,house,7,8.0283,8.198681228018714
30815201726,house,7,7.5449,8.278369955157615
30900500287,house,1,8.6937,8.980002025350554
30901000474,house,1,9.0624,9.092684919619643
30902700331,house,1,8.3183,8.96602047043162
31000900204,house,1,8.537,8.369226340131705
31004301119,house,1,8.0036,8.137950168150043
31005000724,house,1,8.1195,8.117334628972293
31005801166,house,1,8.214,8.217873443722496
31005903139,house,1,8.0511,8.047865260637586
31010100103,house,1,8.0993,8.027614562195279
31010200590,house,1,8.4917,8.113737801340708
31011200365,house,1,8.4544,8.204962839589392
31011500423,house,1,8.1766,8.107936126980201
31011600355,house,1,8.4276,8.19193068957561
