sql,tipo_imovel,bloco,y_ln,yhat_ln
00102004854,apartment,0,8.9719,8.874326705932617
00102101671,apartment,0,8.6618,8.764304161071777
00102102295,apartment,0,8.4412,8.568543434143066
00102310815,apartment,0,8.8957,8.931575775146484
00102600996,apartment,0,8.0155,8.310312271118164
00103705041,apartment,0,8.67,8.860050201416016
00103705201,apartment,0,8.7307,8.860050201416016
00103705538,apartment,0,8.7022,8.860050201416016
00103705740,apartment,0,8.8571,8.774223327636719
00103705953,apartment,0,8.8651,8.859495162963867
00103706208,apartment,0,8.7522,8.859293937683105
00103706216,apartment,0,8.6754,8.859030723571777
00103706569,apartment,0,8.8314,8.77598762512207
00103706674,apartment,0,8.7885,8.864570617675781
00103707158,apartment,0,8.7076,8.859786987304688
00104800593,apartment,0,8.0789,8.688345909118652
00204900964,apartment,0,8.525,8.538040161132812
00205301010,apartment,0,8.0985,8.628527641296387
00206600232,apartment,0,8.2388,8.38173770904541
00207100901,apartment,0,8.1956,8.351151466369629
00207401446,apartment,0,8.0819,8.373161315917969
00208003584,apartment,0,8.3187,8.633501052856445
00208004041,apartment,0,8.4338,8.620362281799316
00208005137,apartment,0,8.6183,8.68815803527832
00301107394,apartment,0,8.3904,8.809469223022461
00301109222,apartment,0,8.9179,8.869370460510254
00301109656,apartment,0,8.9562,8.848518371582031
00301110964,apartment,0,8.9118,8.84200668334961
00301200671,apartment,0,7.8648,8.300339698791504
00301302316,apartment,0,8.2064,8.410670280456543
00301504210,apartment,9,8.3323,8.405701637268066
00301602085,apartment,9,8.1506,8.590131759643555
00301604053,apartment,9,8.7803,8.656244277954102
00301605051,apartment,9,8.7802,8.67645263671875
00301610010,apartment,9,8.6254,8.584054946899414
00301612064,apartment,9,8.5817,8.614752769470215
00301614148,apartment,9,8.716,8.690796852111816
00301903247,apartment,0,8.4702,8.468754768371582
00301906238,apartment,0,8.6198,8.803106307983398
00302901337,apartment,9,8.3679,8.249025344848633
00302901442,apartment,9,8.3705,8.244852066040039
00302901965,apartment,9,8.3705,8.250673294067383
00303400560,apartment,0,8.0396,8.212653160095215
00304202428,apartment,9,8.4584,8.513895034790039
00304206342,apartment,9,8.6662,8.620092391967773
00304206458,apartment,9,8.9872,8.92303466796875
00306001608,apartment,9,8.1807,8.470710754394531
00306009821,apartment,9,8.6995,8.760821342468262
00306012464,apartment,9,8.578,8.574933052062988
00306013045,apartment,9,9.1536,8.760937690734863
00306019000,apartment,9,8.7905,8.792428970336914
00306019231,apartment,9,8.6754,8.79858112335205
00306800421,apartment,0,8.3901,8.475932121276855
00306800713,apartment,0,8.5009,8.503177642822266
00306800810,apartment,0,8.2359,8.503177642822266
00306900580,apartment,9,8.5332,8.288278579711914
00400501066,apartment,0,8.0558,8.32571792602539
00400502828,apartment,0,8.1918,8.37938404083252
00401501531,apartment,9,8.4007,8.43204402923584
00401601595,apartment,9,8.3688,8.450712203979492
00401604462,apartment,9,8.3489,8.424694061279297
00401900118,apartment,0,8.1456,8.512249946594238
00401900290,apartment,0,8.406,8.649086952209473
00401900487,apartment,0,8.1944,8.508886337280273
00401902862,apartment,0,8.366,8.646783828735352
00401903001,apartment,0,8.256,8.512249946594238
00403402883,apartment,0,8.3517,8.407654762268066
00403704863,apartment,0,7.7088,8.441505432128906
00403705517,apartment,0,8.1321,8.51981258392334
00404301541,apartment,0,7.8625,8.255131721496582
00404800696,apartment,9,8.2594,8.137535095214844
00404803271,apartment,9,8.196,8.159090995788574
00404805061,apartment,9,8.1918,8.197070121765137
00404808301,apartment,9,8.1658,8.338793754577637
00404903241,apartment,9,8.6928,8.416122436523438
00405100906,apartment,9,8.5448,8.623760223388672
00405202156,apartment,0,8.6667,8.595536231994629
00405209551,apartment,0,8.5454,8.574601173400879
00405210191,apartment,0,8.3434,8.720288276672363
00405217791,apartment,0,8.5678,8.55767822265625
00405700415,apartment,9,8.0317,8.038605690002441
00406106762,apartment,0,8.4864,8.563685417175293
00406301581,apartment,9,8.3974,8.53095531463623
00501701788,apartment,0,8.262,8.293780326843262
00501709053,apartment,0,8.6713,8.437658309936523
00502306262,apartment,0,8.9548,8.700109481811523
00503406295,apartment,0,9.1659,8.906105995178223
00503509442,apartment,0,8.5002,8.469122886657715
00504400398,apartment,0,8.419,8.454317092895508
00504400665,apartment,0,8.1456,8.381799697875977
00504604783,apartment,0,8.9401,8.878335952758789
00506300900,apartment,0,8.5172,8.5645751953125
00506401839,apartment,0,8.0652,8.349952697753906
00506805018,apartment,0,8.7002,8.883009910583496
00507104218,apartment,0,8.3349,8.387225151062012
00507626788,apartment,0,8.1526,8.408458709716797
00507633598,apartment,0,8.6226,8.879044532775879
00507810783,apartment,0,8.3165,8.51803207397461
00507811690,apartment,0,8.5829,8.588374137878418
00508602009,apartment,0,8.2679,8.518122673034668
00601102428,apartment,0,9.1114,8.431350708007812
00601305469,apartment,0,8.8834,8.41777515411377
00601321545,apartment,0,9.1548,8.931845664978027
00602008239,apartment,0,8.6744,8.533085823059082
00602013909,apartment,0,8.9561,8.782255172729492
00602201187,apartment,0,8.6765,8.702523231506348
00602406153,apartment,0,8.6226,8.571219444274902
00603003311,apartment,0,8.3131,8.523362159729004
00603003400,apartment,0,8.2788,8.482136726379395
00603006329,apartment,0,8.3066,8.282022476196289
00603007864,apartment,0,8.9978,8.723095893859863
00603803024,apartment,0,8.6338,8.555681228637695
00604004419,apartment,0,8.4711,8.419243812561035
00604006306,apartment,0,8.2577,8.391993522644043
00604014325,apartment,0,8.294,8.173945426940918
00604202679,apartment,0,8.1417,8.373693466186523
00604207638,apartment,0,8.1199,8.471297264099121
00604401507,apartment,0,8.5598,8.504143714904785
00605107025,apartment,0,8.5277,8.347237586975098
00605111227,apartment,0,8.3572,8.314614295959473
00605113882,apartment,0,8.6291,8.492790222167969
00605302162,apartment,0,8.5549,8.386302947998047
00605306311,apartment,0,8.2785,8.275614738464355
00605314675,apartment,0,8.326,8.415750503540039
00606002839,apartment,0,8.3786,8.405683517456055
00606202870,apartment,0,8.6145,8.26863956451416
00606301798,apartment,0,8.8049,8.364692687988281
00606404562,apartment,0,8.7813,8.390235900878906
00606503188,apartment,0,8.2683,8.572400093078613
00606800867,apartment,0,8.5172,8.545966148376465
00606803106,apartment,0,8.2489,8.502883911132812
00607008172,apartment,0,8.9195,8.557090759277344
00700102361,apartment,0,8.7064,8.453131675720215
00700203257,apartment,0,8.7424,8.486501693725586
00700501770,apartment,0,9.0106,8.270651817321777
00700501843,apartment,0,8.9826,8.438390731811523
00700800654,apartment,0,8.3894,8.376609802246094
00700900616,apartment,0,8.2861,8.487260818481445
00700900829,apartment,0,8.6995,8.800837516784668
00701104139,apartment,0,8.4544,8.423563003540039
00701107294,apartment,0,8.5346,8.287189483642578
00701203196,apartment,0,8.4057,8.431039810180664
00701204990,apartment,0,8.6036,8.528186798095703
00701302631,apartment,0,8.4844,8.653514862060547
00701502703,apartment,0,8.2334,8.250452995300293
00701600853,apartment,0,8.3016,8.552454948425293
00701701625,apartment,0,8.8888,8.418926239013672
00701801654,apartment,0,8.9632,8.349787712097168
00702002682,apartment,0,8.5557,8.61216926574707
00702003859,apartment,0,8.8309,8.649942398071289
00702005088,apartment,0,8.8049,8.638052940368652
00702300950,apartment,0,8.5929,8.321023941040039
00702301558,apartment,0,8.8799,8.619051933288574
00702302392,apartment,0,8.8739,8.503325462341309
00702303429,apartment,0,8.8739,8.414898872375488
00702603521,apartment,0,8.6359,8.349564552307129
00703001191,apartment,0,7.9576,8.460628509521484
00703304704,apartment,0,8.993,8.44408130645752
00703407351,apartment,0,9.1281,8.853400230407715
00703500392,apartment,0,8.4876,8.468996047973633
00703604953,apartment,0,8.3413,8.318427085876465
00704102481,apartment,0,8.4788,8.336030960083008
00704106531,apartment,0,8.4878,8.645113945007324
00704108097,apartment,0,9.1822,8.932640075683594
00704109549,apartment,0,8.6476,8.602982521057129
00704109621,apartment,0,8.8888,8.925154685974121
00704304511,apartment,0,8.62,8.363314628601074
00704702916,apartment,0,8.4514,8.3792724609375
00704704978,apartment,0,8.641,8.269560813903809
00704801272,apartment,0,8.5962,8.354255676269531
00704802422,apartment,0,8.597,8.546245574951172
00704802791,apartment,0,8.7891,8.685335159301758
00704906511,apartment,0,8.862,8.924055099487305
00705102467,apartment,0,8.6272,8.650251388549805
00705106810,apartment,0,8.5716,8.252896308898926
00705108589,apartment,0,8.3862,8.623100280761719
00705201767,apartment,0,8.5172,8.671871185302734
00705603245,apartment,0,8.8739,8.379776954650879
00705702030,apartment,0,8.6835,8.415782928466797
00705704181,apartment,0,8.9714,8.841438293457031
00706007220,apartment,0,8.1432,8.496228218078613
00706105079,apartment,0,8.2097,8.553190231323242
00706105478,apartment,0,8.392,8.548474311828613
00706203429,apartment,0,7.8841,8.408516883850098
00706300629,apartment,0,8.9227,8.701642990112305
00706311205,apartment,0,8.8467,8.811687469482422
00706311582,apartment,0,8.7881,8.721768379211426
00706312023,apartment,0,8.8953,8.84665584564209
00706312082,apartment,0,8.5172,8.578746795654297
00706400429,apartment,0,8.7045,8.271832466125488
00706700589,apartment,0,8.6449,8.554342269897461
00706801105,apartment,0,8.3453,8.585440635681152
00706801288,apartment,0,8.5755,8.657636642456055
00706803833,apartment,0,8.7685,8.753805160522461
00707013461,apartment,0,8.8093,8.69955825805664
00707101530,apartment,0,8.8169,8.607763290405273
00707102693,apartment,0,8.7285,8.634986877441406
00707102911,apartment,0,8.9161,8.763548851013184
00707105439,apartment,0,9.1515,8.963278770446777
00707200261,apartment,0,8.3517,8.614986419677734
00707604206,apartment,0,8.9577,8.542844772338867
00707701627,apartment,0,8.4727,8.365047454833984
00707714184,apartment,0,9.5925,8.868345260620117
00707718971,apartment,0,9.0608,8.908455848693848
00708101437,apartment,0,8.4219,8.276387214660645
00708101461,apartment,0,8.4402,8.289730072021484
00708103480,apartment,0,8.6006,8.6050386428833
00708104347,apartment,0,8.6164,8.322709083557129
00708107036,apartment,0,8.7573,8.572566032409668
00708108407,apartment,0,8.7571,8.511589050292969
00708110738,apartment,0,9.187,8.821911811828613
00708112366,apartment,0,9.0433,8.815740585327148
00708702104,apartment,0,8.6507,8.63846492767334
00709101651,apartment,0,8.4631,8.74185848236084
00709601492,apartment,0,8.6243,8.367388725280762
00709700865,apartment,0,8.6226,8.743550300598145
00800403193,apartment,0,8.5578,8.728174209594727
00800403266,apartment,0,8.5564,8.727828025817871
00800502345,apartment,0,8.0843,8.693885803222656
00800502531,apartment,0,7.9749,8.30984115600586
00800801040,apartment,0,8.5172,8.387657165527344
00800802438,apartment,0,8.4192,8.284052848815918
00801200601,apartment,0,8.4379,8.491127967834473
00801303419,apartment,0,8.3894,8.627946853637695
00801304768,apartment,0,8.276,8.70837688446045
00801306124,apartment,0,8.414,8.590492248535156
00801306264,apartment,0,8.4287,8.574241638183594
00801400546,apartment,0,8.2371,8.281907081604004
00801500702,apartment,0,8.7413,8.633647918701172
00803102976,apartment,0,7.893,8.292473793029785
00803303106,apartment,0,7.9576,8.306897163391113
00804402663,apartment,0,8.4466,8.351945877075195
00804911071,apartment,0,8.0247,8.537836074829102
00805000615,apartment,0,7.9909,8.365999221801758
00805300368,apartment,0,9.028,8.618824005126953
00805400941,apartment,0,8.3862,8.613677024841309
00805401040,apartment,0,8.3862,8.628167152404785
00806101369,apartment,0,8.1605,8.310254096984863
00806103434,apartment,0,8.061,8.427902221679688
00806300681,apartment,0,8.0523,8.351249694824219
00807300659,apartment,0,8.8049,8.670161247253418
00807802999,apartment,0,8.33,8.611793518066406
00807804444,apartment,0,7.8122,8.453880310058594
00807903760,apartment,0,8.2703,8.373730659484863
00807904864,apartment,0,8.2396,8.399238586425781
00807905089,apartment,0,8.4317,8.433691024780273
00808705016,apartment,0,8.3517,8.408622741699219
00808901494,apartment,0,8.4844,8.677082061767578
00809202549,apartment,0,8.5446,8.574856758117676
00809203820,apartment,0,8.3181,8.583381652832031
00900501065,apartment,0,8.4318,8.515506744384766
00900901772,apartment,0,8.3075,8.566399574279785
00901301671,apartment,0,9.0619,8.595877647399902
00901306010,apartment,0,8.5558,8.54285717010498
00901404152,apartment,0,8.6931,8.63940715789795
00901417688,apartment,0,8.5557,8.483561515808105
00901601055,apartment,0,8.8503,8.781473159790039
00901601081,apartment,0,8.8356,8.457804679870605
00901604641,apartment,0,8.668,8.444263458251953
00901702250,apartment,0,8.8049,8.45899772644043
00901807192,apartment,0,9.036,8.724267959594727
00901809446,apartment,0,8.5893,8.25422191619873
00901903930,apartment,0,8.6217,8.549217224121094
00901907812,apartment,0,8.9645,8.477290153503418
00901909548,apartment,0,8.9214,8.451247215270996
00902602810,apartment,0,8.716,8.650485038757324
00902603655,apartment,0,8.5942,8.662919044494629
00903203685,apartment,0,8.1851,8.357573509216309
00903503476,apartment,0,9.2103,9.064812660217285
00903503621,apartment,0,9.2442,9.083514213562012
00904500446,apartment,0,8.571,8.544206619262695
00904600572,apartment,0,9.0644,8.611615180969238
00904609987,apartment,0,9.2699,8.700647354125977
00904906205,apartment,0,9.2569,8.471000671386719
00905109961,apartment,0,8.792,8.517459869384766
00905112301,apartment,0,9.0123,8.667019844055176
00905201361,apartment,0,8.2224,8.513376235961914
00905202287,apartment,0,8.618,8.557334899902344
00905205057,apartment,0,8.8618,8.662945747375488
00905300629,apartment,0,8.8899,8.437309265136719
00905500334,apartment,0,8.7179,8.665431022644043
00905602234,apartment,0,8.8273,8.429571151733398
00905810384,apartment,0,9.5096,9.099272727966309
00906401496,apartment,0,8.7327,8.56963062286377
00906500206,apartment,0,8.0682,8.395988464355469
00906500303,apartment,0,8.1732,8.328187942504883
00907004954,apartment,0,8.7633,8.527073860168457
00907009395,apartment,0,9.4223,8.991317749023438
00907305474,apartment,0,9.6593,9.180830001831055
00907503403,apartment,0,8.5284,8.554217338562012
00907600964,apartment,0,8.8971,8.57986831665039
00908305028,apartment,0,8.7311,8.630818367004395
00908508212,apartment,0,8.6868,8.644680976867676
00908700741,apartment,0,8.6603,8.639966011047363
00908700830,apartment,0,9.1092,8.647088050842285
00908700881,apartment,0,9.0926,8.666016578674316
00908801051,apartment,0,8.7269,8.755178451538086
00908804555,apartment,0,8.955,8.647778511047363
00908902476,apartment,0,9.059,8.761996269226074
00908902913,apartment,0,8.9502,8.767667770385742
00909102481,apartment,0,8.9088,8.623268127441406
00909400989,apartment,0,8.4553,8.642853736877441
00909501327,apartment,0,8.1787,8.30007266998291
00909702527,apartment,0,8.1934,8.356937408447266
01000100251,apartment,0,8.9015,8.424012184143066
01000400700,apartment,0,9.0363,8.47988510131836
01001001141,apartment,0,8.8668,8.337302207946777
01001105699,apartment,0,8.4229,8.460680961608887
01001202910,apartment,0,8.6692,8.54526138305664
01001209419,apartment,0,8.8457,8.634182929992676
01001301633,apartment,0,8.5172,8.464433670043945
01001501101,apartment,0,8.6995,8.332573890686035
01001700562,apartment,0,8.8821,8.419127464294434
01001801601,apartment,0,8.8049,8.63499641418457
01002311756,apartment,0,8.637,8.497274398803711
01002410118,apartment,0,8.8711,8.447766304016113
01002410381,apartment,0,8.7955,8.446554183959961
01002414415,apartment,0,8.9561,8.63720417022705
01002421543,apartment,0,9.2238,8.96689510345459
01002421683,apartment,0,9.3794,8.943144798278809
01002421691,apartment,0,9.4061,8.943144798278809
01002510181,apartment,0,8.9851,8.704399108886719
01002514770,apartment,0,8.7129,8.579901695251465
01002701491,apartment,0,8.6272,8.380489349365234
01002902037,apartment,0,8.8114,8.7396879196167
01002903459,apartment,0,7.8829,8.357054710388184
01003212980,apartment,0,8.7179,8.739140510559082
01003303404,apartment,0,8.5352,8.566963195800781
01003405096,apartment,0,8.187,8.467711448669434
01003405126,apartment,0,8.363,8.380938529968262
01003523080,apartment,0,8.5172,8.281632423400879
01003529267,apartment,0,8.9227,8.549210548400879
01003537741,apartment,0,9.2298,8.701333045959473
01003541623,apartment,0,8.7242,8.636313438415527
01003701191,apartment,0,8.9582,8.620516777038574
01003702538,apartment,0,8.4368,8.691411018371582
01003702880,apartment,0,8.8322,8.691411018371582
01004803907,apartment,0,8.5267,8.560933113098145
01004804644,apartment,0,8.2369,8.50661849975586
01004807384,apartment,0,8.6365,8.56187629699707
01004815433,apartment,0,8.3951,8.371148109436035
01005003904,apartment,0,9.1448,8.684623718261719
01005800251,apartment,0,9.0211,8.758328437805176
01005800758,apartment,0,8.8155,8.665204048156738
01006002685,apartment,0,8.7526,8.776040077209473
01006202587,apartment,0,8.7275,8.726421356201172
01006700455,apartment,0,8.8018,8.728130340576172
01007501499,apartment,0,8.7349,8.748212814331055
01007900547,apartment,0,9.1834,8.767125129699707
01008900753,apartment,0,8.8238,8.669984817504883
01009400657,apartment,0,9.1839,8.631110191345215
01009600753,apartment,0,9.0372,8.902259826660156
01102302376,apartment,0,8.3723,8.50305461883545
01106906373,apartment,0,9.1324,9.007253646850586
01106908511,apartment,0,9.1209,8.995502471923828
01107401070,apartment,0,9.0191,8.733198165893555
01112306481,apartment,0,8.7445,8.384332656860352
01201602963,apartment,7,8.3564,8.509692192077637
01201603986,apartment,7,8.1727,8.428396224975586
01201605954,apartment,7,9.0213,8.71230697631836
01202003321,apartment,7,8.6619,8.745070457458496
01202100961,apartment,0,8.645,8.543381690979004
01202101038,apartment,0,8.635,8.55435562133789
01202302671,apartment,7,8.7064,8.555641174316406
01202302726,apartment,7,8.6144,8.526326179504395
01202701371,apartment,0,8.2908,8.496391296386719
01203301601,apartment,0,8.5719,8.805678367614746
01203301642,apartment,0,8.7992,8.812718391418457
01203401701,apartment,0,8.7403,8.434712409973145
01203503997,apartment,0,8.6901,8.626777648925781
01204500762,apartment,0,8.2515,8.79915714263916
01205104631,apartment,0,9.08,8.957084655761719
01205701321,apartment,0,8.5775,8.573490142822266
01205903313,apartment,0,8.4818,8.299778938293457
01205905758,apartment,0,8.92,8.762910842895508
01206801387,apartment,0,8.7354,8.712528228759766
01206803411,apartment,0,8.6882,8.670976638793945
01207001376,apartment,0,8.2331,8.645938873291016
01207405566,apartment,0,8.5392,8.571043014526367
01207503290,apartment,0,8.8482,8.909194946289062
01207503762,apartment,0,8.9353,8.915573120117188
01207805580,apartment,0,9.3034,9.027325630187988
01207805688,apartment,0,9.5905,9.025704383850098
01207806099,apartment,0,9.3739,9.001532554626465
01208302523,apartment,0,8.7034,8.824612617492676
01208500333,apartment,0,8.729,8.785208702087402
01209000849,apartment,0,8.7998,8.692185401916504
01209201720,apartment,0,8.6125,8.58394718170166
01209303248,apartment,0,9.0852,8.559598922729492
01209303272,apartment,0,8.6096,8.632296562194824
01209603136,apartment,0,8.657,8.518274307250977
01210000709,apartment,0,8.576,8.59814739227295
01210203847,apartment,0,8.5652,8.472553253173828
01210503905,apartment,0,9.0045,8.748321533203125
01210605732,apartment,0,8.6926,8.46710205078125
01210607875,apartment,0,8.5251,8.41597843170166
01210609959,apartment,0,8.81,8.677441596984863
01210903131,apartment,0,8.6634,8.81674575805664
01211300821,apartment,0,9.1616,8.871828079223633
01211703101,apartment,0,9.0123,8.891989707946777
01211706583,apartment,0,9.3382,9.055197715759277
01214201776,apartment,7,8.7238,8.494582176208496
01214202012,apartment,7,8.4858,8.488727569580078
01216100756,apartment,0,8.6144,8.613338470458984
01216802912,apartment,0,8.3741,8.443307876586914
01217304266,apartment,0,8.3402,8.742576599121094
01300602597,apartment,0,8.9421,8.58963394165039
01300603054,apartment,0,8.8714,8.753314018249512
01300610301,apartment,0,9.1947,8.999505043029785
01300905239,apartment,0,8.8137,8.67878246307373
01301102075,apartment,0,8.8997,8.918848991394043
01301206512,apartment,0,9.1856,8.986335754394531
01301305261,apartment,0,8.6548,8.614742279052734
01301306436,apartment,0,8.4503,8.538451194763184
01301401943,apartment,0,8.7163,8.794116973876953
01301505218,apartment,0,9.1631,8.798358917236328
01301700568,apartment,0,9.2035,8.691646575927734
01301703176,apartment,0,9.5819,9.27900218963623
01301804231,apartment,0,9.2758,8.878103256225586
01302004832,apartment,0,9.0801,8.960296630859375
01302005261,apartment,0,9.2027,8.97158432006836
01302302809,apartment,0,8.8739,8.850960731506348
01302302868,apartment,0,8.8793,8.857879638671875
01302906887,apartment,0,9.0576,8.938655853271484
01303003511,apartment,0,8.8323,8.937840461730957
01303101858,apartment,0,8.9029,8.678902626037598
01303102528,apartment,0,8.7035,8.735350608825684
01303104601,apartment,0,8.9952,8.694177627563477
01303110253,apartment,0,9.3439,9.232182502746582
01303301768,apartment,0,8.4974,8.749289512634277
01303504911,apartment,0,8.8169,8.94973087310791
01303602571,apartment,0,8.775,8.697757720947266
01303608006,apartment,0,8.974,8.98904037475586
01303807009,apartment,0,9.028,8.822182655334473
01304002241,apartment,0,8.8875,8.739330291748047
01304109356,apartment,0,9.3666,9.165199279785156
01304200388,apartment,0,8.9519,8.752032279968262
01304804623,apartment,0,9.2333,8.835503578186035
01304804674,apartment,0,9.0255,8.856532096862793
01305502523,apartment,0,8.6308,8.839715957641602
01305900987,apartment,0,8.73,8.62162971496582
01306001511,apartment,0,8.5536,8.796138763427734
01306003180,apartment,0,8.6695,8.698832511901855
01306102448,apartment,0,8.5517,8.797896385192871
01306105722,apartment,0,8.9544,8.689508438110352
01306200431,apartment,0,8.9067,8.813170433044434
01306401951,apartment,0,8.6325,8.824906349182129
01306502446,apartment,0,8.7863,8.652778625488281
01402801947,apartment,0,9.3768,8.84476089477539
01403002177,apartment,0,9.4731,8.747550010681152
01403911568,apartment,0,9.6846,9.268835067749023
01403911622,apartment,0,9.6789,9.2662992477417
01404802088,apartment,0,9.2904,8.75702953338623
01404902309,apartment,0,9.1561,8.76954174041748
01405010495,apartment,0,9.2416,9.164609909057617
01406801240,apartment,0,9.2736,8.801168441772461
01407802623,apartment,0,9.1926,8.78321647644043
01408601273,apartment,0,8.7875,8.676151275634766
01408610086,apartment,0,9.3157,8.992676734924316
01408801043,apartment,0,9.2305,8.67283821105957
01408805510,apartment,0,8.7129,8.806561470031738
01410203174,apartment,0,8.731,8.909399032592773
01410203867,apartment,0,9.0885,8.961224555969238
01500302503,apartment,0,9.0027,8.800692558288574
01500502405,apartment,0,8.9785,9.027165412902832
01500602795,apartment,0,8.5878,8.658780097961426
01500604003,apartment,0,8.9429,8.649998664855957
01500709174,apartment,0,8.978,8.705791473388672
01500801410,apartment,0,8.6656,8.859869003295898
01501601377,apartment,0,8.7525,8.852034568786621
01504401751,apartment,0,8.9905,8.892287254333496
01504501926,apartment,0,8.7403,8.718341827392578
01505803896,apartment,0,8.7156,8.799696922302246
01507600811,apartment,0,8.7051,8.624053001403809
01509100776,apartment,6,8.9785,8.828446388244629
01604601671,apartment,6,9.0718,8.827872276306152
01604800739,apartment,6,9.6014,8.866830825805664
01604801247,apartment,6,8.7374,8.789548873901367
01606504037,apartment,6,8.7216,8.81036376953125
01606506668,apartment,6,9.0877,8.792603492736816
01606507036,apartment,6,9.2374,8.785944938659668
01608004090,apartment,6,9.4442,8.810602188110352
01608008037,apartment,6,8.76,8.866593360900879
01608011951,apartment,6,9.1303,8.890789985656738
01608018261,apartment,6,9.7046,8.988335609436035
01611903191,apartment,6,9.2922,8.752634048461914
01612002579,apartment,6,8.9823,8.66384506225586
01613602359,apartment,6,9.3724,8.833099365234375
01613602499,apartment,6,9.0391,8.835601806640625
01614702829,apartment,6,8.8204,8.755354881286621
01614703442,apartment,6,9.2339,8.865277290344238
01615303049,apartment,6,9.1065,8.791380882263184
01615901264,apartment,0,9.1341,8.924394607543945
01616305673,apartment,6,9.0745,8.73617172241211
01616502584,apartment,6,9.2442,8.907483100891113
01616701854,apartment,6,8.9709,8.785477638244629
01616702605,apartment,6,9.4409,8.80791187286377
01701705273,apartment,9,8.6074,8.559865951538086
01800602383,apartment,0,8.6061,8.60641860961914
01803202416,apartment,0,8.0878,8.293318748474121
01803301430,apartment,0,8.5304,8.584925651550293
01804501042,apartment,0,8.2382,8.324726104736328
01804501123,apartment,0,8.4021,8.325685501098633
01804801437,apartment,0,7.7212,8.387977600097656
01804805246,apartment,0,7.8028,8.237119674682617
01805000373,apartment,0,7.887,8.23443603515625
01901001520,apartment,0,8.2795,8.339337348937988
01903300673,apartment,0,8.0985,8.292793273925781
01904503950,apartment,0,8.5019,8.478677749633789
01905305648,apartment,0,8.6538,8.477104187011719
01905308000,apartment,0,8.6108,8.476211547851562
01906100438,apartment,0,8.3033,8.53017807006836
01906101027,apartment,0,8.4662,8.53197193145752
01906106525,apartment,0,8.6978,8.72491455078125
01906111944,apartment,0,8.7403,8.714107513427734
01906112916,apartment,0,8.5627,8.535334587097168
01906116016,apartment,0,8.5325,8.685544967651367
01906116660,apartment,0,8.7091,8.682486534118652
01906116660,apartment,0,8.7091,8.68270492553711
01906118361,apartment,0,8.7706,8.680395126342773
01907801601,apartment,0,8.5152,8.252264976501465
01908100982,apartment,0,7.9047,8.2572660446167
01909800368,apartment,0,7.6756,8.192675590515137
01910501409,apartment,0,8.844,8.641176223754883
01910503088,apartment,0,8.7285,8.6447172164917
01910505609,apartment,0,8.8468,8.68440055847168
01910514292,apartment,0,8.5621,8.805343627929688
02000202675,apartment,0,8.0376,8.608808517456055
02000202871,apartment,0,8.0376,8.608808517456055
02000203371,apartment,0,8.0376,8.608766555786133
02000305581,apartment,0,8.6667,8.6344575881958
02000306322,apartment,0,8.6173,8.64868450164795
02000307531,apartment,0,8.7026,8.600499153137207
02000308376,apartment,0,8.8334,8.69474983215332
02000309496,apartment,0,8.7437,8.668914794921875
02000310885,apartment,0,8.5614,8.626440048217773
02000310966,apartment,0,8.54,8.623249053955078
02000312187,apartment,0,8.6329,8.623800277709961
02000312977,apartment,0,8.7324,8.672626495361328
02000313922,apartment,0,8.6708,8.651466369628906
02000314325,apartment,0,8.4802,8.685096740722656
02000401392,apartment,0,8.7369,8.600163459777832
02000800750,apartment,0,7.8522,8.223674774169922
02001101414,apartment,0,8.7803,8.628931045532227
02001101759,apartment,0,8.7729,8.660183906555176
02001400128,apartment,0,8.4118,8.579338073730469
02001400829,apartment,0,8.4727,8.627718925476074
02001401711,apartment,0,8.3972,8.597406387329102
02001402236,apartment,0,8.5925,8.609878540039062
02001403526,apartment,0,8.1924,8.618851661682129
02001405898,apartment,0,9.0394,8.903767585754395
02001505132,apartment,0,8.6376,8.580479621887207
02001602774,apartment,0,8.164,8.417598724365234
02001702507,apartment,0,8.1399,8.282517433166504
02001704593,apartment,0,8.0754,8.150283813476562
02002401871,apartment,0,8.9761,8.789953231811523
02003100921,apartment,0,8.6085,8.6458158493042
02004604174,apartment,0,8.626,8.621280670166016
02004701285,apartment,0,8.5366,8.524628639221191
02004701315,apartment,0,8.645,8.587547302246094
02004701846,apartment,0,8.2854,8.44856071472168
02004702494,apartment,0,8.6254,8.38818073272705
02004706775,apartment,0,8.7373,8.704794883728027
02004901063,apartment,0,8.5768,8.647624015808105
02004902604,apartment,0,8.5999,8.624926567077637
02004902779,apartment,0,8.5437,8.67070484161377
02006003739,apartment,0,8.3602,8.298789978027344
02006004522,apartment,0,8.7308,8.294353485107422
02006102631,apartment,0,8.6531,8.250675201416016
02006201638,apartment,0,8.4462,8.292757034301758
02006203037,apartment,0,8.4043,8.409512519836426
02006206222,apartment,0,8.6048,8.26112174987793
02006305786,apartment,0,8.5637,8.466784477233887
02006305883,apartment,0,7.9429,8.281895637512207
02006404377,apartment,0,8.0937,8.349312782287598
02006501526,apartment,0,8.2811,8.278693199157715
02006502573,apartment,0,8.4276,8.321603775024414
02006503855,apartment,0,8.4461,8.474720001220703
02006504703,apartment,0,8.7285,8.26961612701416
02006506951,apartment,0,8.4712,8.32343864440918
02006510800,apartment,0,8.7796,8.514627456665039
02006604147,apartment,0,8.7536,8.607911109924316
02006904541,apartment,0,8.7883,8.412361145019531
02007303949,apartment,0,8.406,8.28632640838623
02007303973,apartment,0,8.4631,8.278165817260742
02007704390,apartment,0,8.9395,8.50559139251709
02007704633,apartment,0,8.5958,8.30832576751709
02007805006,apartment,0,8.673,8.435893058776855
02007904381,apartment,0,8.9393,8.30650520324707
02008004155,apartment,0,8.4381,8.442066192626953
02008004181,apartment,0,8.6631,8.4580659866333
02008004570,apartment,0,8.9652,8.442066192626953
02008901491,apartment,0,8.7692,8.471956253051758
02008903478,apartment,0,8.3331,8.346837043762207
02008905217,apartment,0,8.8953,8.442070007324219
02009102800,apartment,0,8.3143,8.280967712402344
02009401301,apartment,0,8.8183,8.523192405700684
02100603515,apartment,0,8.6875,8.436570167541504
02100605925,apartment,0,8.3837,8.504910469055176
02100702068,apartment,0,8.7139,8.500313758850098
02100705751,apartment,0,8.7096,8.734172821044922
02100717561,apartment,0,8.9336,8.616472244262695
02100719785,apartment,0,8.7998,8.744375228881836
02100901184,apartment,0,8.7008,8.738330841064453
02100902229,apartment,0,8.6107,8.763266563415527
02101601567,apartment,0,8.5172,8.375472068786621
02102104826,apartment,0,8.9787,8.485095024108887
02102105301,apartment,0,8.9445,8.375325202941895
02102202984,apartment,0,8.488,8.23410415649414
02102301532,apartment,0,8.6424,8.615633010864258
02102503860,apartment,0,9.281,8.843358993530273
02102503925,apartment,0,9.477,8.899026870727539
02102503951,apartment,0,9.3981,8.88834285736084
02102601145,apartment,0,9.0227,8.663793563842773
02102604136,apartment,0,9.1828,8.779792785644531
02103502817,apartment,0,8.6146,8.479167938232422
02104001552,apartment,0,8.4143,8.437030792236328
02104202965,apartment,0,9.4545,8.898738861083984
02104802784,apartment,0,8.9711,8.779976844787598
02105001750,apartment,0,9.2793,8.95333194732666
02105400418,apartment,0,9.298,8.847240447998047
02105507743,apartment,0,8.5788,8.585660934448242
02105602339,apartment,0,8.9815,8.667899131774902
02105702147,apartment,0,8.6848,8.350800514221191
02105801552,apartment,0,9.4175,8.859955787658691
02105802982,apartment,0,9.2753,8.93525505065918
02105803024,apartment,0,9.246,8.95141887664795
02106502273,apartment,0,8.4404,8.570696830749512
02106504179,apartment,0,8.7038,8.510635375976562
02106602634,apartment,0,9.0698,8.526144981384277
02106705719,apartment,0,8.6924,8.79054069519043
02106705794,apartment,0,8.8206,8.7749605178833
02106801637,apartment,0,8.5462,8.661794662475586
02106808135,apartment,0,9.5114,8.917506217956543
02107201579,apartment,0,8.9496,8.6981840133667
02107401659,apartment,0,8.7865,8.687078475952148
02107406421,apartment,0,8.5584,8.503840446472168
02108503889,apartment,0,8.8008,8.390226364135742
02109104351,apartment,0,9.0742,8.58259105682373
02109104600,apartment,0,8.7765,8.58259105682373
02109104880,apartment,0,8.61,8.399723052978516
02110201401,apartment,0,8.7675,8.496360778808594
02110404906,apartment,0,8.8099,8.776002883911133
02110406402,apartment,0,9.454,9.004868507385254
02110407050,apartment,0,9.5227,9.004868507385254
02110407077,apartment,0,9.6241,8.987366676330566
02110407727,apartment,0,9.4823,8.990355491638184
02111404578,apartment,0,8.872,8.797281265258789
02200503644,apartment,7,8.9687,8.915143966674805
02200504896,apartment,7,9.1209,8.930241584777832
02200600771,apartment,0,9.0049,8.449932098388672
02200604319,apartment,0,8.9029,8.730194091796875
02200613768,apartment,0,8.947,8.839014053344727
02201400717,apartment,7,8.5454,8.727459907531738
02203102004,apartment,0,8.5713,8.508773803710938
02203202939,apartment,0,9.3945,8.848434448242188
02203300736,apartment,0,8.7971,8.586767196655273
02203400714,apartment,0,8.9435,8.698390007019043
02203700866,apartment,0,8.3894,8.52074909210205
02203700912,apartment,0,8.4929,8.535163879394531
02203702771,apartment,0,8.8845,8.833208084106445
02204101974,apartment,0,8.6261,8.45296859741211
02204402958,apartment,0,8.9792,8.688429832458496
02204500690,apartment,0,8.9145,8.454557418823242
02204601578,apartment,0,8.7838,8.512491226196289
02204801781,apartment,0,8.7208,8.570014953613281
02204804703,apartment,0,9.0086,8.74852466583252
02204904112,apartment,0,9.2982,8.822149276733398
02205102192,apartment,7,8.5222,8.806411743164062
02205200828,apartment,0,8.7855,8.355960845947266
02205204191,apartment,0,9.0141,8.808499336242676
02205205145,apartment,0,8.8036,8.711699485778809
02205301519,apartment,0,8.7248,8.490371704101562
02205603299,apartment,0,8.6244,8.405045509338379
02205700782,apartment,0,8.6185,8.616277694702148
02205702688,apartment,0,8.4985,8.503198623657227
02205804626,apartment,0,8.4437,8.446717262268066
02205901052,apartment,0,8.447,8.534589767456055
02205901249,apartment,0,8.5929,8.616016387939453
02205902717,apartment,0,8.6959,8.49367618560791
02206601168,apartment,0,8.5707,8.506282806396484
02206602741,apartment,0,8.8164,8.529133796691895
02206605341,apartment,0,8.7541,8.681315422058105
02206700999,apartment,0,8.5903,8.610848426818848
02206801043,apartment,0,8.7902,8.558170318603516
02206803259,apartment,0,8.7119,8.50909423828125
02206903334,apartment,0,8.5472,8.369242668151855
02206903717,apartment,0,8.5505,8.350874900817871
02207001504,apartment,0,8.5458,8.675561904907227
02207003191,apartment,0,8.3623,8.340008735656738
02207401121,apartment,0,8.4045,8.491886138916016
02207403459,apartment,0,8.4341,8.526243209838867
02207701522,apartment,0,8.5681,8.53295612335205
02207702057,apartment,0,8.7441,8.578563690185547
02208101162,apartment,0,8.6146,8.516107559204102
02208107322,apartment,0,9.2328,8.81554126739502
02208600932,apartment,0,8.2861,8.371749877929688
02301902587,apartment,7,8.9541,8.93967342376709
02302403551,apartment,7,8.8379,9.204644203186035
02302501527,apartment,7,8.7096,8.84245777130127
02302504925,apartment,7,9.1021,9.170478820800781
02303200415,apartment,7,7.9699,8.58357048034668
02303203007,apartment,7,8.9332,8.94898796081543
02304600794,apartment,7,8.6975,8.549217224121094
02304701851,apartment,7,8.8854,8.819704055786133
02305800673,apartment,7,8.2804,8.54660701751709
02305801254,apartment,7,8.6819,8.725737571716309
02306401217,apartment,7,8.9952,8.85272216796875
02307907491,apartment,7,8.8799,8.81055736541748
02309000949,apartment,7,8.7705,8.861871719360352
02309401587,apartment,7,9.0134,8.892236709594727
02309401625,apartment,7,8.9502,8.898658752441406
02400103569,apartment,7,8.5692,8.781188011169434
02400501068,apartment,7,8.3561,8.463582038879395
02400603251,apartment,7,8.5346,8.44627571105957
02401501673,apartment,7,9.0263,8.637595176696777
02401900500,apartment,7,8.534,8.789594650268555
02402504129,apartment,7,8.645,8.464344024658203
02402508256,apartment,7,8.7957,8.796442985534668
02402602627,apartment,7,8.7511,8.451823234558105
02403803499,apartment,7,9.0335,9.021167755126953
02404004611,apartment,7,8.6968,8.642434120178223
02404005707,apartment,7,8.323,8.763400077819824
02404005715,apartment,7,8.6797,8.76059627532959
02404005790,apartment,7,8.7248,8.81026840209961
02404900544,apartment,7,8.4631,9.004799842834473
02406102386,apartment,7,8.4122,8.721325874328613
02406102963,apartment,7,8.6076,8.752596855163574
02406200671,apartment,7,9.2221,8.901127815246582
02407106113,apartment,7,8.1851,8.692787170410156
02407203569,apartment,7,8.4074,8.714400291442871
02407900928,apartment,7,8.8417,8.750734329223633
02407900952,apartment,7,8.6882,8.763854026794434
02408300541,apartment,7,8.5786,8.541410446166992
02601601353,apartment,9,8.2245,8.317095756530762
02700205431,apartment,9,8.497,8.571441650390625
02700205820,apartment,9,8.4403,8.582559585571289
02700207866,apartment,9,8.2095,8.598797798156738
02701201586,apartment,9,8.3941,8.357816696166992
02701201950,apartment,9,8.4751,8.445060729980469
02702303749,apartment,9,8.7343,8.465718269348145
02702400884,apartment,9,8.5848,8.482439994812012
02702401694,apartment,9,8.4258,8.479710578918457
02702500625,apartment,9,8.8144,8.718606948852539
02702501516,apartment,9,8.8339,8.725787162780762
02702501788,apartment,9,8.8144,8.71426010131836
02702502237,apartment,9,8.6104,8.571327209472656
02702502555,apartment,9,8.8144,8.718606948852539
02702502598,apartment,9,8.8001,8.721338272094727
02703202873,apartment,9,8.5392,8.57966136932373
02703206380,apartment,9,8.4266,8.688058853149414
02703300751,apartment,9,8.5926,8.626980781555176
02703302061,apartment,9,8.5994,8.633321762084961
02705300511,apartment,9,8.294,8.207419395446777
02705700587,apartment,9,8.371,8.144038200378418
02706502207,apartment,9,8.7553,8.558812141418457
02706505893,apartment,9,8.4974,8.519120216369629
02707100749,apartment,9,8.2721,8.09018611907959
02707101613,apartment,9,8.1417,8.114081382751465
02707805750,apartment,9,8.6846,8.650497436523438
02707901407,apartment,9,8.5505,8.43350887298584
02707905542,apartment,9,8.7727,8.547272682189941
02707906018,apartment,9,8.7391,8.568830490112305
02707906891,apartment,9,8.7285,8.537151336669922
02707917419,apartment,9,8.9158,8.664673805236816
02708702823,apartment,9,8.5797,8.330228805541992
02708704291,apartment,9,8.5797,8.371678352355957
02708705253,apartment,9,8.3814,8.344780921936035
02708800353,apartment,9,8.5885,8.375308990478516
02708802674,apartment,9,8.5637,8.36585521697998
02801001430,apartment,9,8.1789,7.9694504737854
02801101885,apartment,9,8.0869,7.860284328460693
02802404581,apartment,9,8.2821,8.378887176513672
02802901761,apartment,9,7.9418,7.985574722290039
02803707314,apartment,9,8.8302,8.6207275390625
02803803798,apartment,9,8.6638,8.248103141784668
02805100956,apartment,9,8.3737,7.927811145782471
02805502159,apartment,9,8.6243,8.462431907653809
02805801814,apartment,9,8.6418,8.72557544708252
02806100828,apartment,9,8.3303,8.70849323272705
02806901111,apartment,9,8.7041,8.817715644836426
02806903343,apartment,9,8.6248,8.673822402954102
02806914851,apartment,9,8.4479,8.483735084533691
02806915341,apartment,9,8.55,8.481962203979492
02806915554,apartment,9,8.5598,8.606989860534668
02900205891,apartment,9,8.6934,8.502395629882812
02900207355,apartment,9,8.4722,8.582921981811523
02900401410,apartment,9,8.285,8.213788032531738
02900908299,apartment,9,8.5825,8.790305137634277
02901001300,apartment,9,8.2295,8.257930755615234
02902200821,apartment,9,8.4108,8.113293647766113
02904006060,apartment,9,8.7123,8.490922927856445
02904403108,apartment,9,8.5889,8.642004013061523
02904902937,apartment,9,8.7654,8.456949234008789
02904904301,apartment,9,8.9174,8.493193626403809
02904908919,apartment,9,8.9196,8.6731595993042
02904909001,apartment,9,8.8336,8.697178840637207
02905201649,apartment,9,8.3862,8.638862609863281
03000303731,apartment,9,8.3176,8.20540714263916
03000304411,apartment,9,8.4276,8.246859550476074
03000308172,apartment,9,8.4133,8.595873832702637
03000308571,apartment,9,8.5948,8.609881401062012
03000308865,apartment,9,8.5558,8.618941307067871
03002401447,apartment,9,8.7614,8.665323257446289
03003001361,apartment,9,8.2274,8.252891540527344
03003001833,apartment,9,8.191,8.302969932556152
03005203239,apartment,9,8.0934,8.68160629272461
03005401693,apartment,9,8.4879,8.301084518432617
03006503759,apartment,9,8.7036,8.477498054504395
03006802063,apartment,9,8.9697,8.674625396728516
03008601091,apartment,9,8.7556,8.090944290161133
03010500696,apartment,9,8.4499,8.161685943603516
03010702711,apartment,9,8.6797,8.659072875976562
03011701199,apartment,9,7.8277,8.099968910217285
03011900744,apartment,9,7.8789,8.060944557189941
03012500774,apartment,9,8.3053,8.156907081604004
03012906835,apartment,9,8.4457,8.400412559509277
03100301676,apartment,9,8.8855,8.533527374267578
03101402891,apartment,9,8.9035,8.674694061279297
03102301010,apartment,9,8.9002,8.166397094726562
03107400866,apartment,9,8.0652,8.082107543945312
03108501208,apartment,9,8.5387,8.376327514648438
03109000784,apartment,9,8.3994,8.005419731140137
03109001659,apartment,9,8.5957,8.469764709472656
03110202093,apartment,9,8.2808,8.202394485473633
03110800810,apartment,9,8.6785,8.452795028686523
03110803178,apartment,9,9.0634,8.541686058044434
03110804867,apartment,9,8.3829,8.541686058044434
03111005488,apartment,9,8.6507,8.384160995483398
03200201169,apartment,9,8.4746,8.019861221313477
03200801182,apartment,9,8.5033,8.506291389465332
03202001401,apartment,9,8.3432,8.132832527160645
03203301164,apartment,9,8.1571,8.036568641662598
03204301206,apartment,9,8.3453,7.958868980407715
03204400948,apartment,9,8.0228,7.99366569519043
03204601072,apartment,9,8.6533,7.892239570617676
03205001508,apartment,9,8.4306,8.075737953186035
03205201868,apartment,9,8.6934,8.320573806762695
03205501047,apartment,9,8.3751,8.425869941711426
03206200301,apartment,9,8.2751,8.159734725952148
03212701307,apartment,9,8.1683,8.062952995300293
03213502121,apartment,9,8.3377,7.926843643188477
03213505153,apartment,9,8.5598,8.21345043182373
03213602035,apartment,9,7.824,7.9018049240112305
03213602493,apartment,9,8.5664,8.394245147705078
03217402839,apartment,9,8.3183,7.992350101470947
03300504430,apartment,0,8.2409,8.361706733703613
03300504635,apartment,0,8.1028,8.38277530670166
03300605911,apartment,0,9.1258,8.956402778625488
03301102298,apartment,0,8.6973,8.41345500946045
03301102891,apartment,0,8.6661,8.428716659545898
03301403761,apartment,0,8.5913,8.704132080078125
03301900429,apartment,0,8.447,8.516944885253906
03303104034,apartment,0,8.6398,8.673175811767578
03303106444,apartment,0,8.2694,8.543404579162598
03303602298,apartment,0,8.1956,8.15327262878418
03303605890,apartment,0,7.667,8.064821243286133
03303702217,apartment,0,8.096,8.36827278137207
03303702810,apartment,0,7.7351,8.318748474121094
03303705240,apartment,0,8.2627,8.232465744018555
03303708436,apartment,0,8.3102,8.269221305847168
03303903107,apartment,0,8.0995,8.268647193908691
03303905711,apartment,0,8.7614,8.695398330688477
03303906122,apartment,0,8.6924,8.692643165588379
03303907145,apartment,0,8.8567,8.692643165588379
03304003886,apartment,0,8.896,8.527914047241211
03304604375,apartment,0,8.1435,8.408746719360352
03304605118,apartment,0,8.1773,8.374312400817871
03304609113,apartment,0,8.3529,8.260181427001953
03304616284,apartment,0,9.1429,8.83117961883545
03304702131,apartment,0,8.0387,8.504573822021484
03304709991,apartment,0,8.9433,8.720452308654785
03305601493,apartment,0,8.2808,8.601571083068848
03305703733,apartment,0,8.5041,8.489548683166504
03305708311,apartment,0,8.5619,8.471485137939453
03305709235,apartment,0,8.5231,8.510553359985352
03305709383,apartment,0,8.6018,8.5220365524292
03306201111,apartment,0,8.8717,8.417472839355469
03306202290,apartment,0,8.7376,8.46166706085205
03400102407,apartment,0,8.8899,8.80679988861084
03400200522,apartment,0,8.1727,8.163496971130371
03400700231,apartment,9,8.6858,8.64168643951416
03400702498,apartment,9,8.8982,8.668086051940918
03402301342,apartment,9,8.7171,8.605731964111328
03403201414,apartment,0,8.2171,8.484088897705078
03403203239,apartment,0,8.3787,8.420772552490234
03403501809,apartment,9,8.5172,8.443540573120117
03403507904,apartment,9,8.4331,8.350616455078125
03403904369,apartment,1,8.4621,8.213653564453125
03404801717,apartment,1,8.1952,8.1421537399292
03405100690,apartment,1,8.4102,8.303387641906738
03405700566,apartment,1,8.7279,8.442670822143555
03405900603,apartment,1,8.4988,8.360968589782715
03405900621,apartment,1,8.6178,8.414237976074219
03406001432,apartment,1,8.5411,8.705228805541992
03406501419,apartment,1,8.3915,8.436225891113281
03407701306,apartment,1,8.6457,8.557650566101074
03407701535,apartment,1,8.6873,8.55859375
03408200874,apartment,1,8.1089,8.304627418518066
03408302421,apartment,1,8.7643,8.566320419311523
03500105858,apartment,9,8.4566,8.367362976074219
03500106757,apartment,9,8.4533,8.417848587036133
03500109251,apartment,9,8.7125,8.669103622436523
03500501494,apartment,9,8.6032,8.488017082214355
03500502873,apartment,9,8.6412,8.485801696777344
03500901921,apartment,9,8.7403,8.757486343383789
03504401419,apartment,9,8.1213,8.195916175842285
03504801646,apartment,9,8.2295,8.449307441711426
03507302276,apartment,9,8.8236,8.457192420959473
03508202623,apartment,9,8.8018,8.476149559020996
03508304612,apartment,9,8.3682,8.211265563964844
03508802698,apartment,9,8.5839,8.404281616210938
03508805069,apartment,9,8.5862,8.613777160644531
03509805143,apartment,9,8.5874,8.630979537963867
03509805259,apartment,9,8.489,8.514172554016113
03509805275,apartment,9,8.6042,8.630623817443848
03510303539,apartment,9,8.6316,8.703926086425781
03600504101,apartment,0,9.1362,8.525413513183594
03601100479,apartment,0,9.0401,8.5186767578125
03601300699,apartment,0,8.5811,8.592385292053223
03601300923,apartment,0,8.6553,8.572394371032715
03601301172,apartment,0,8.8273,8.609240531921387
03601301229,apartment,0,8.6192,8.528440475463867
03601901692,apartment,0,8.6949,8.402203559875488
03602202771,apartment,0,8.9678,8.537213325500488
03602203042,apartment,0,8.5653,8.361351013183594
03602203433,apartment,0,8.5172,8.363951683044434
03602701441,apartment,0,8.6863,8.523235321044922
03602703371,apartment,0,8.5942,8.576138496398926
03603001540,apartment,0,8.9319,8.308747291564941
03603102614,apartment,0,9.0768,8.566043853759766
03603105931,apartment,0,9.4531,9.04080581665039
03603106059,apartment,0,9.2213,9.015609741210938
03603700546,apartment,0,9.0525,8.584819793701172
03604001201,apartment,0,8.9172,8.597800254821777
03604503353,apartment,0,8.7769,8.736721992492676
03604504007,apartment,0,8.6975,8.818425178527832
03605800823,apartment,0,9.7098,8.935684204101562
03609401133,apartment,6,9.1672,8.845149993896484
03611706957,apartment,6,9.3225,9.106163024902344
03611707015,apartment,6,9.2753,9.103696823120117
03612801635,apartment,6,8.8187,8.800392150878906
03613802708,apartment,0,9.0975,8.66026496887207
03700500874,apartment,0,8.4391,8.52358627319336
03700501323,apartment,0,8.833,8.527710914611816
03700602170,apartment,0,9.3534,9.14830207824707
03700801645,apartment,0,9.262,8.529765129089355
03700804466,apartment,0,8.4219,8.545400619506836
03700804751,apartment,0,9.1067,8.503644943237305
03701209464,apartment,0,8.1342,8.622542381286621
03701300933,apartment,0,8.5803,8.717696189880371
03701418411,apartment,0,9.1659,8.979144096374512
03701900884,apartment,0,8.1173,8.510220527648926
03701901139,apartment,0,8.7875,8.568130493164062
03702102371,apartment,1,8.3912,8.699718475341797
03702202587,apartment,1,9.0325,8.549171447753906
03702301046,apartment,1,8.0155,8.639069557189941
03702301062,apartment,1,8.5213,8.631531715393066
03702401555,apartment,1,8.63,8.59622573852539
03702401733,apartment,1,8.7841,8.592686653137207
03702405186,apartment,1,8.9353,8.502549171447754
03702602798,apartment,1,8.971,8.933794975280762
03703301600,apartment,1,8.8858,8.502633094787598
03703302690,apartment,1,8.7734,8.434581756591797
03703500591,apartment,1,8.5012,8.620848655700684
03703605057,apartment,1,8.8247,8.765697479248047
03703605960,apartment,1,8.9661,8.816250801086426
03703606398,apartment,1,8.5642,8.666954040527344
03704014516,apartment,1,8.8984,8.899593353271484
03704308900,apartment,1,8.763,8.567496299743652
03704311065,apartment,1,8.9192,8.48106861114502
03704402877,apartment,1,9.0849,8.918675422668457
03704408883,apartment,1,9.1658,8.985776901245117
03704409812,apartment,1,9.3738,8.929617881774902
03705001752,apartment,1,8.7101,8.751030921936035
03705609602,apartment,1,9.6841,9.178964614868164
03706402610,apartment,1,8.7712,8.739703178405762
03707103366,apartment,1,8.6819,8.620170593261719
03707107493,apartment,1,8.8147,8.727315902709961
03707107663,apartment,1,9.064,8.735918998718262
03708100840,apartment,1,8.3442,8.58364486694336
03709100615,apartment,1,9.1291,9.053812980651855
03709302005,apartment,0,8.6881,8.782803535461426
03709800986,apartment,0,8.7623,8.69417667388916
03710302382,apartment,1,8.9872,8.647762298583984
03710304210,apartment,1,8.8318,8.538540840148926
03800104261,apartment,0,9.405,8.738824844360352
03800901528,apartment,0,8.7527,8.610342979431152
03800902672,apartment,0,8.7113,8.673009872436523
03800904020,apartment,0,8.7668,8.547937393188477
03800913690,apartment,0,9.2263,8.983329772949219
03802105291,apartment,0,8.6637,8.471410751342773
03802300531,apartment,0,8.4467,8.235397338867188
03802301617,apartment,0,8.7403,8.562206268310547
03802400178,apartment,0,7.8813,8.217041969299316
03802904389,apartment,0,8.9685,8.769665718078613
03802904461,apartment,0,9.1957,8.77771282196045
03803204542,apartment,0,8.7945,8.81262493133545
03803401054,apartment,0,8.2967,8.314455032348633
03803800722,apartment,0,8.9111,8.649335861206055
03804404871,apartment,0,8.6687,8.62499713897705
03804405851,apartment,0,8.6618,8.404399871826172
03804406637,apartment,0,8.7403,8.65320873260498
03804407242,apartment,0,8.633,8.711517333984375
03804407501,apartment,0,8.8164,8.604379653930664
03804407560,apartment,0,8.4995,8.68857479095459
03804407749,apartment,0,8.7072,8.604379653930664
03804418678,apartment,0,8.6651,8.569851875305176
03804425291,apartment,0,8.6442,8.482627868652344
03804437192,apartment,0,9.1397,9.050317764282227
03805303246,apartment,0,8.8919,8.816728591918945
03805501161,apartment,0,8.8079,8.533539772033691
03805904967,apartment,1,8.3155,8.519584655761719
03807206205,apartment,1,9.4371,9.130778312683105
03807303529,apartment,1,9.1751,8.88919734954834
03807304541,apartment,1,9.1119,8.897444725036621
03808200741,apartment,1,8.0761,8.58670711517334
03808401826,apartment,1,9.4452,9.099248886108398
03808503157,apartment,1,9.1483,8.883426666259766
03810300306,apartment,1,8.3774,8.774017333984375
03810701361,apartment,1,8.641,8.667434692382812
03902501332,apartment,1,8.6722,8.606179237365723
03902601027,apartment,1,9.024,8.559011459350586
03902801697,apartment,1,8.1665,8.64771842956543
03904100981,apartment,1,8.7808,8.428729057312012
03907104234,apartment,1,9.1776,8.819046974182129
03907608399,apartment,1,8.9114,8.858214378356934
03907702123,apartment,1,8.2727,8.569703102111816
03907703669,apartment,1,8.5918,8.708428382873535
03907707222,apartment,1,8.8149,9.039872169494629
03907707397,apartment,1,8.85,9.039872169494629
03908003032,apartment,1,8.7959,8.688791275024414
03913700765,apartment,1,8.6995,8.663500785827637
03914501383,apartment,1,8.6758,8.618775367736816
03915803057,apartment,1,8.7898,8.63857650756836
03915809349,apartment,1,8.8823,8.783406257629395
03916300751,apartment,1,8.3294,8.382670402526855
03916301403,apartment,1,8.2009,8.634441375732422
03916402031,apartment,1,8.9959,8.837632179260254
03917100436,apartment,1,8.3305,8.441646575927734
03917102757,apartment,1,8.5313,8.452836036682129
03917700824,apartment,1,8.5952,8.611315727233887
03917801043,apartment,1,8.5546,8.593061447143555
03917801329,apartment,1,8.5172,8.599579811096191
03917802511,apartment,1,8.6624,8.762758255004883
03917902028,apartment,1,8.3653,8.363836288452148
03918101282,apartment,1,8.5564,8.614877700805664
03918602257,apartment,1,8.6433,8.725592613220215
03918700852,apartment,1,8.4635,8.64401626586914
03919100468,apartment,1,8.5093,8.64232349395752
04000200720,apartment,1,8.0846,8.096419334411621
04000202138,apartment,1,8.6248,8.775675773620605
04001101483,apartment,9,8.872,8.642522811889648
04002601153,apartment,9,8.3183,8.070587158203125
04005100341,apartment,1,8.4399,8.25207805633545
04006800991,apartment,1,8.7435,8.502614974975586
04007400857,apartment,1,8.5542,8.305586814880371
04007600521,apartment,1,8.641,8.338020324707031
04008201319,apartment,1,8.294,8.355903625488281
04008201327,apartment,1,8.3586,8.350178718566895
04008203516,apartment,1,8.7322,8.648351669311523
04008600515,apartment,1,8.5954,8.364983558654785
04009201398,apartment,1,8.2782,8.345924377441406
04010700688,apartment,1,8.3946,8.408341407775879
04012001787,apartment,1,8.0135,8.40839672088623
04012201034,apartment,1,8.8199,8.657360076904297
04013000873,apartment,1,8.4086,8.470928192138672
04016101565,apartment,1,8.6319,8.463838577270508
04020002908,apartment,1,8.4654,8.235180854797363
04102902333,apartment,6,8.8597,8.627065658569336
04103402563,apartment,6,9.4222,8.705275535583496
04105802161,apartment,6,8.9906,8.714381217956543
04108002385,apartment,6,9.2506,8.699414253234863
04108600843,apartment,6,8.9672,8.487597465515137
04109100690,apartment,6,8.8162,8.878722190856934
04109500702,apartment,6,8.7081,8.278138160705566
04109500982,apartment,6,8.6022,8.374216079711914
04109704901,apartment,6,9.0504,8.422805786132812
04109707511,apartment,6,9.2698,8.56138801574707
04109803411,apartment,6,8.8499,8.403901100158691
04110201055,apartment,6,8.1679,8.480741500854492
04110303291,apartment,6,9.5009,9.141242980957031
04110304490,apartment,6,9.6327,9.140769004821777
04110403863,apartment,6,9.3029,8.925490379333496
04111202144,apartment,6,9.1486,8.457779884338379
04111505333,apartment,6,9.1036,8.506668090820312
04111600751,apartment,6,8.7189,8.603378295898438
04111601839,apartment,6,9.0859,8.60999870300293
04111704247,apartment,6,9.2503,8.694250106811523
04111801692,apartment,6,9.121,8.775382041931152
04112301960,apartment,6,8.9872,8.562349319458008
04112302320,apartment,6,8.5731,8.456074714660645
04112603770,apartment,6,8.9412,8.912075996398926
04112604777,apartment,6,9.1607,8.955473899841309
04113501300,apartment,6,8.6207,8.412435531616211
04113809771,apartment,6,8.7275,8.498557090759277
04114200940,apartment,6,8.9724,8.53590202331543
04114201769,apartment,6,9.028,8.431172370910645
04115205733,apartment,6,8.745,8.344730377197266
04115206111,apartment,6,8.8164,8.341737747192383
04115901160,apartment,6,8.5435,8.312821388244629
04116201881,apartment,6,8.8077,8.476933479309082
04116203750,apartment,6,9.2994,8.228889465332031
04116203955,apartment,6,9.294,8.420329093933105
04116800503,apartment,6,8.7267,8.381253242492676
04118202778,apartment,6,9.1481,8.977168083190918
04118801353,apartment,6,8.8928,8.343153953552246
04118803305,apartment,6,9.2197,8.737584114074707
04120301095,apartment,6,9.5665,9.087295532226562
04120301826,apartment,6,9.4967,9.08790397644043
04120303561,apartment,6,9.2725,8.805562019348145
04120303616,apartment,6,9.4488,8.805562019348145
04120800733,apartment,6,8.5646,8.350372314453125
04120800792,apartment,6,8.7345,8.34882926940918
04120900924,apartment,6,8.8,8.308510780334473
04120902307,apartment,6,9.2512,8.748214721679688
04122405734,apartment,6,9.3848,9.05849552154541
04122405785,apartment,6,9.4274,9.084555625915527
04122405904,apartment,6,9.3774,9.070382118225098
04123001033,apartment,6,8.4727,8.243937492370605
04123700942,apartment,6,8.9252,8.4100341796875
04123902960,apartment,6,9.3843,8.916290283203125
04123903029,apartment,6,9.4335,8.92977237701416
04123903746,apartment,6,9.4418,8.916013717651367
04125601070,apartment,6,8.9362,8.59329891204834
04127300531,apartment,6,8.8503,8.516460418701172
04128600474,apartment,6,9.2563,8.623265266418457
04129103938,apartment,6,8.2859,8.507831573486328
04200100959,apartment,1,8.6323,8.895251274108887
04201102424,apartment,1,8.898,8.665373802185059
04201307751,apartment,1,9.4582,9.184907913208008
04201701581,apartment,1,8.2918,8.845555305480957
04201900657,apartment,1,8.5733,8.809556007385254
04202301031,apartment,1,8.7375,8.73502254486084
04203400546,apartment,1,8.4727,8.774765014648438
04204000983,apartment,1,8.6553,8.716253280639648
04204501168,apartment,1,8.668,8.926451683044434
04204600921,apartment,1,8.631,8.899209976196289
04205103891,apartment,1,9.027,9.33809757232666
04207300457,apartment,1,8.9453,9.056401252746582
04207701826,apartment,1,8.6873,8.8106107711792
04208401427,apartment,1,8.6169,8.729645729064941
04210703605,apartment,1,8.9665,8.942502975463867
04210801887,apartment,1,8.3816,8.644878387451172
04211201131,apartment,1,9.0225,8.868011474609375
04211503571,apartment,1,8.507,8.671796798706055
04211801511,apartment,1,8.8014,9.040031433105469
04211801643,apartment,1,8.9408,8.932488441467285
04212506254,apartment,1,8.3155,8.72575569152832
04213201325,apartment,1,8.6485,8.694069862365723
04213900975,apartment,1,8.36,8.771343231201172
04214202775,apartment,1,8.7633,8.73017692565918
04214309251,apartment,1,8.9095,8.967782020568848
04214401557,apartment,1,8.5317,8.843852996826172
04216405592,apartment,1,8.5744,8.708895683288574
04218100578,apartment,1,9.0078,8.849563598632812
04218101213,apartment,1,9.0893,9.072066307067871
04218102651,apartment,1,9.1344,9.04499340057373
04218103836,apartment,1,8.8459,8.983506202697754
04218104506,apartment,1,8.7109,8.935614585876465
04218500649,apartment,1,8.4291,8.702096939086914
04219102477,apartment,1,9.0775,8.981619834899902
04219803238,apartment,1,9.1298,9.38632869720459
04300500878,apartment,1,8.8722,8.753998756408691
04300501297,apartment,1,8.8506,8.752259254455566
04300501327,apartment,1,8.8405,8.764093399047852
04300501610,apartment,1,8.8363,8.753975868225098
04300501750,apartment,1,8.8677,8.7347412109375
04300501777,apartment,1,8.8521,8.749774932861328
04300501785,apartment,1,8.8597,8.714470863342285
04300501841,apartment,1,8.7494,8.715415000915527
04300501858,apartment,1,8.7935,8.752982139587402
04300502846,apartment,1,8.8837,8.753998756408691
04301400461,apartment,1,9.1375,8.963410377502441
04301401458,apartment,1,8.8739,8.880667686462402
04303402605,apartment,1,8.5378,8.37236213684082
04303403075,apartment,1,8.3955,8.37236213684082
04305101092,apartment,1,8.9406,8.736078262329102
04305901862,apartment,1,8.5862,8.243861198425293
04306600971,apartment,1,8.294,8.294580459594727
04306601013,apartment,1,8.32,8.30274486541748
04306701761,apartment,1,8.4885,8.676222801208496
04306704963,apartment,1,8.9648,8.86885929107666
04307101006,apartment,1,8.7156,8.674483299255371
04308001463,apartment,1,8.8615,8.711955070495605
04308001730,apartment,1,8.7948,8.788002967834473
04308200822,apartment,1,7.9866,8.305570602416992
04308300614,apartment,1,8.5006,8.321272850036621
04308400953,apartment,1,8.6712,8.362569808959961
04309200583,apartment,1,8.3576,8.31407642364502
04309501133,apartment,1,9.2377,9.000247955322266
04309503039,apartment,1,9.3157,9.004405975341797
04309700659,apartment,1,8.2798,8.203429222106934
04310204252,apartment,1,9.0484,8.823978424072266
04310204899,apartment,1,9.0257,8.888797760009766
04310205240,apartment,1,8.8357,8.835063934326172
04310601731,apartment,1,8.8207,8.824604988098145
04310701175,apartment,1,8.6528,8.4964599609375
04310702821,apartment,1,8.7118,8.617799758911133
04310703380,apartment,1,8.6839,8.597336769104004
04310704255,apartment,1,8.7197,8.584967613220215
04311301707,apartment,1,8.7298,8.843624114990234
04311901100,apartment,1,8.3774,8.355700492858887
04315400572,apartment,1,8.2489,8.2875394821167
04315401390,apartment,1,8.6456,8.495098114013672
04315800686,apartment,1,8.5259,8.497329711914062
04317901651,apartment,1,8.2538,8.161697387695312
04320002822,apartment,1,8.7934,8.851482391357422
04320300718,apartment,1,8.7361,8.507139205932617
04320302125,apartment,1,8.6464,8.543091773986816
04320400593,apartment,1,8.5172,8.630634307861328
04320401670,apartment,1,8.5172,8.63588809967041
04320402197,apartment,1,8.5607,8.640043258666992
04320402480,apartment,1,8.5459,8.68151569366455
04402200611,apartment,9,8.6507,8.548369407653809
04402202477,apartment,9,8.7033,8.553507804870605
04404001282,apartment,9,8.7226,8.529303550720215
04404005652,apartment,9,8.7859,8.590539932250977
04404400527,apartment,9,8.5297,8.445122718811035
04404401851,apartment,9,8.8135,8.527430534362793
04407800488,apartment,9,8.561,8.480688095092773
04408700754,apartment,9,8.605,8.465619087219238
04408801305,apartment,9,8.4637,8.622930526733398
04409302183,apartment,9,8.722,8.521145820617676
04409302795,apartment,9,8.4888,8.506674766540527
04413001321,apartment,9,8.6458,8.478633880615234
04501801158,apartment,1,8.7881,8.920879364013672
04503902091,apartment,1,8.2997,8.785237312316895
04504001731,apartment,1,8.8012,8.961112976074219
04506302486,apartment,1,8.8304,9.008673667907715
04506702603,apartment,6,8.4829,8.336630821228027
04507901111,apartment,1,8.538,8.87511157989502
04508403166,apartment,1,8.7248,8.670550346374512
04508801579,apartment,6,8.9102,8.417495727539062
04510402449,apartment,6,8.6954,8.41721248626709
04510601034,apartment,6,9.1127,8.599380493164062
04512001204,apartment,1,8.3223,8.716415405273438
04514001023,apartment,1,8.4952,8.726261138916016
04514101524,apartment,1,8.4833,8.7391996383667
04514106161,apartment,1,8.8088,9.110297203063965
04515900609,apartment,1,8.3915,8.712413787841797
04516602865,apartment,6,8.4386,8.206319808959961
04518202953,apartment,6,8.7915,8.314957618713379
04518401573,apartment,6,8.5317,8.299113273620605
04519804302,apartment,6,8.6462,8.275748252868652
04520100402,apartment,6,8.9105,8.43952751159668
04520100712,apartment,6,8.7351,8.199795722961426
04521400914,apartment,6,8.4085,8.279747009277344
04524001808,apartment,6,8.78,8.241037368774414
04524002200,apartment,6,8.5992,8.332685470581055
04524002596,apartment,6,8.6539,8.331489562988281
04528600390,apartment,1,9.197,9.305455207824707
04529803236,apartment,1,7.9729,8.528564453125
04600600762,apartment,1,8.1817,8.420066833496094
04601102057,apartment,1,8.5359,8.683135032653809
04602011365,apartment,1,8.5429,8.723206520080566
04602011578,apartment,1,8.4734,8.72128963470459
04602014283,apartment,1,8.7734,8.836264610290527
04602014291,apartment,1,8.7661,8.83336353302002
04602303773,apartment,1,8.7806,9.041970252990723
04602902944,apartment,1,7.9436,8.420921325683594
04602906885,apartment,1,8.284,8.466633796691895
04602907164,apartment,1,7.9503,8.42867374420166
04602912044,apartment,1,8.7518,8.801984786987305
04602912109,apartment,1,8.6372,8.723026275634766
04603001381,apartment,1,8.2596,8.720243453979492
04603002149,apartment,1,8.6473,8.85771369934082
04603002157,apartment,1,8.7347,8.839620590209961
04603303165,apartment,1,8.6759,8.89153003692627
04603400969,apartment,1,8.6066,8.606710433959961
04603501978,apartment,1,8.1807,8.444700241088867
04605801391,apartment,1,8.1391,8.634180068969727
04606000971,apartment,1,8.294,8.677138328552246
04606012341,apartment,1,8.8388,9.04166030883789
04606012846,apartment,1,8.7245,9.02511215209961
04606013184,apartment,1,8.8571,9.031755447387695
04606102195,apartment,1,8.8128,8.953372955322266
04610804468,apartment,1,8.2808,8.579297065734863
04611301931,apartment,1,8.905,8.906411170959473
04611600602,apartment,1,7.8775,8.427277565002441
04615000571,apartment,1,8.4118,8.786282539367676
04615101600,apartment,1,8.406,8.589742660522461
04615200781,apartment,1,8.4118,8.542469024658203
04615901321,apartment,1,8.2192,8.395974159240723
04615902107,apartment,1,8.3536,8.539324760437012
04616500282,apartment,1,8.5664,8.945001602172852
04618500875,apartment,1,8.3484,8.809356689453125
04619102997,apartment,1,7.8168,8.556440353393555
04619104523,apartment,1,8.2109,8.696205139160156
04619701254,apartment,1,8.3813,8.822305679321289
04620204048,apartment,1,8.7494,8.717845916748047
04620701351,apartment,1,8.2643,8.448572158813477
04620702285,apartment,1,8.4925,8.61353588104248
04621800639,apartment,1,8.4326,8.36838150024414
04621803621,apartment,1,8.8504,8.765088081359863
04621804022,apartment,1,8.7508,8.766681671142578
04621903004,apartment,1,8.4805,8.730810165405273
04621904000,apartment,1,8.7723,8.78130054473877
04621904167,apartment,1,9.0944,8.781216621398926
04621905295,apartment,1,8.7372,8.786368370056152
04621905554,apartment,1,8.8398,8.783624649047852
04621905813,apartment,1,8.7725,8.784856796264648
04621905831,apartment,1,9.1537,8.783912658691406
04621905988,apartment,1,8.783,8.786368370056152
04621906305,apartment,1,9.0942,8.786452293395996
04621906321,apartment,1,8.7219,8.786368370056152
04621906569,apartment,1,9.0387,8.786368370056152
04621906631,apartment,1,9.1252,8.786739349365234
04621907115,apartment,1,8.7679,8.786739349365234
04621907239,apartment,1,9.1329,8.786368370056152
04621907506,apartment,1,8.7588,8.786739349365234
04621907549,apartment,1,8.7588,8.786739349365234
04621907727,apartment,1,8.4412,8.827750205993652
04622502313,apartment,1,8.4288,8.776739120483398
04624101219,apartment,1,8.8138,8.861322402954102
04624202554,apartment,1,8.6813,8.997507095336914
04624203348,apartment,1,8.8575,8.987550735473633
04624301171,apartment,1,8.269,8.399618148803711
04700401176,apartment,1,8.6682,8.650529861450195
04701701122,apartment,1,8.1951,8.633843421936035
04701702943,apartment,1,8.6849,8.710713386535645
04701802239,apartment,1,8.2351,8.63454532623291
04701805998,apartment,1,8.6277,8.98646354675293
04703102331,apartment,1,8.6885,8.77054500579834
04703502194,apartment,1,8.5972,8.7747802734375
04703601265,apartment,1,8.3766,8.588690757751465
04703603039,apartment,1,8.4882,8.6019868850708
04703603683,apartment,1,8.2013,8.573165893554688
04703803747,apartment,1,8.5265,8.801217079162598
04704002535,apartment,1,7.8604,8.613779067993164
04705001885,apartment,1,8.24,8.705918312072754
04705005821,apartment,1,8.8231,8.983217239379883
04705006194,apartment,1,8.7891,8.969293594360352
04705501969,apartment,1,8.903,9.005993843078613
04705801873,apartment,1,8.3827,8.51681900024414
04705902920,apartment,1,8.8866,8.762120246887207
04706100836,apartment,1,8.7571,8.871849060058594
04706101050,apartment,1,8.8006,8.872763633728027
04706601908,apartment,1,8.5523,8.868597984313965
04707702279,apartment,1,8.4844,8.651834487915039
04707702880,apartment,1,8.2901,8.607403755187988
04708006128,apartment,1,8.8841,8.898978233337402
04708601328,apartment,1,8.6467,8.877141952514648
04708601492,apartment,1,8.3432,8.85633659362793
04709707588,apartment,1,8.71,8.732012748718262
04710301123,apartment,1,8.4607,8.627785682678223
04710301522,apartment,1,8.3822,8.55517292022705
04710407134,apartment,1,8.7612,8.872871398925781
04710508240,apartment,1,8.46,8.600582122802734
04710508615,apartment,1,8.5887,8.610774993896484
04710701172,apartment,1,8.4556,8.8300199508667
04715901439,apartment,1,8.3103,8.484474182128906
04716000974,apartment,1,8.1654,8.376947402954102
04716003248,apartment,1,8.8467,8.797231674194336
04716101381,apartment,1,8.4239,8.51750659942627
04716201511,apartment,1,8.9685,8.753423690795898
04716601706,apartment,1,8.3837,8.316612243652344
04716800334,apartment,1,8.6125,8.701071739196777
04716800687,apartment,1,8.3994,8.701155662536621
04717003179,apartment,1,8.2275,8.638402938842773
04717302710,apartment,1,8.5797,8.467613220214844
04717407733,apartment,1,8.8109,8.810571670532227
04719301614,apartment,1,8.3054,8.177332878112793
04719402951,apartment,1,8.4431,8.414097785949707
04719500900,apartment,1,8.1763,8.2523832321167
04719600972,apartment,1,8.0758,8.235394477844238
04719604056,apartment,1,8.6689,8.600293159484863
04719604692,apartment,1,8.607,8.60302448272705
04720201814,apartment,1,7.977,8.174458503723145
04720203833,apartment,1,9.0269,8.905278205871582
04720204287,apartment,1,8.8585,8.62069320678711
04720204635,apartment,1,8.8544,8.90889835357666
04720301630,apartment,1,8.3853,8.24462890625
04720301851,apartment,1,8.5172,8.645567893981934
04720306527,apartment,1,8.5756,8.183934211730957
04720401201,apartment,1,8.408,8.299702644348145
04720502121,apartment,1,8.2423,8.225136756896973
04720803229,apartment,1,8.4335,8.427533149719238
04720803369,apartment,1,8.6248,8.430068969726562
04721302169,apartment,1,8.3741,8.58356761932373
04721901178,apartment,1,8.4239,8.643465995788574
04721901208,apartment,1,8.4664,8.644410133361816
04722002411,apartment,1,8.2962,8.431087493896484
04722002479,apartment,1,8.2777,8.449423789978027
04722002711,apartment,1,8.2668,8.501270294189453
04724000937,apartment,1,8.3536,8.533649444580078
04726400517,apartment,1,8.4402,8.617886543273926
04726401416,apartment,1,8.7786,8.989945411682129
04727805448,apartment,1,8.2079,8.486800193786621
04727901056,apartment,1,8.2548,8.642783164978027
04728507361,apartment,1,8.0525,8.606266021728516
04728509729,apartment,1,8.9072,8.998577117919922
04803701903,apartment,1,8.3669,8.688264846801758
04805903457,apartment,1,8.6096,8.503069877624512
04810009726,apartment,1,8.0505,8.2863130569458
04812300525,apartment,1,8.1926,8.487526893615723
04812402506,apartment,1,8.2769,8.547514915466309
04824803667,apartment,1,8.3385,8.2964448928833
04827801320,apartment,1,7.8512,8.545300483703613
04841200479,apartment,1,8.1987,8.365086555480957
04843100641,apartment,1,8.4931,8.33727741241455
04900601292,apartment,1,8.1569,8.216975212097168
04900603821,apartment,1,8.6578,8.481274604797363
04901000578,apartment,1,8.2792,8.177788734436035
04901000632,apartment,1,8.4144,8.11491870880127
04904800923,apartment,1,7.9442,8.205052375793457
04905202892,apartment,1,8.4737,8.510899543762207
04905203228,apartment,1,8.4047,8.508339881896973
04905203783,apartment,1,8.569,8.510899543762207
04906003540,apartment,1,8.1481,8.52132511138916
04906005543,apartment,1,8.3425,8.559869766235352
04906600816,apartment,1,8.9872,8.530851364135742
04906601375,apartment,1,8.7403,8.526191711425781
04906701124,apartment,1,8.055,8.184876441955566
04906801927,apartment,1,8.5103,8.52592658996582
04907900589,apartment,1,8.3868,8.499364852905273
04909406026,apartment,1,7.835,8.504842758178711
04910201629,apartment,1,8.0268,8.159830093383789
04910700811,apartment,1,8.1238,8.564790725708008
04911503270,apartment,1,8.3007,8.506141662597656
04911503416,apartment,1,8.1356,8.529183387756348
04911503912,apartment,1,8.4157,8.531607627868652
04911901985,apartment,1,8.6148,8.503494262695312
04912105619,apartment,1,8.5451,8.50434684753418
04912107549,apartment,1,8.4981,8.503697395324707
04912200425,apartment,1,8.1117,8.210808753967285
04914310317,apartment,1,8.2468,8.242618560791016
04914311631,apartment,1,8.0208,8.249124526977539
04914313881,apartment,1,8.1225,8.240348815917969
04914328372,apartment,1,7.9866,8.223685264587402
04914331063,apartment,1,8.2253,8.257370948791504
04914337614,apartment,1,8.3986,8.521994590759277
04914501945,apartment,1,8.6965,8.496219635009766
04914502739,apartment,1,8.7096,8.512594223022461
04915200841,apartment,1,7.7475,8.250896453857422
04919703041,apartment,1,8.1964,8.362732887268066
04919705107,apartment,1,8.2199,8.527575492858887
04919705972,apartment,1,8.1751,8.528301239013672
04919803958,apartment,1,8.7469,8.476210594177246
04920401124,apartment,1,8.0217,8.315475463867188
04922201882,apartment,1,8.565,8.545259475708008
04922900871,apartment,1,8.476,8.506481170654297
04926501406,apartment,1,8.2714,8.49731159210205
04926502240,apartment,1,8.238,8.49858283996582
04928606124,apartment,1,8.3715,8.710028648376465
04928612736,apartment,1,8.6638,8.830887794494629
04942100569,apartment,1,8.2808,8.212303161621094
04945401144,apartment,1,8.2137,8.560444831848145
04946600851,apartment,1,8.1385,8.031469345092773
04946603212,apartment,1,7.9619,8.101938247680664
04948100668,apartment,1,7.5844,7.8634867668151855
04948100897,apartment,1,7.6193,7.8928141593933105
05000801512,apartment,1,8.7343,8.520648002624512
05001302153,apartment,1,8.4877,8.639167785644531
05001303982,apartment,1,8.4417,8.64808464050293
05001304636,apartment,1,8.5575,8.602978706359863
05002402283,apartment,1,8.6583,8.366397857666016
05007201375,apartment,1,8.3119,8.220787048339844
05007202118,apartment,1,8.7113,8.445741653442383
05007202185,apartment,1,8.7308,8.446523666381836
05007203361,apartment,1,8.3165,8.4105806350708
05009200945,apartment,1,8.3124,8.264270782470703
05012100182,apartment,1,8.4154,8.454976081848145
05012101308,apartment,1,8.3413,8.455263137817383
05013601479,apartment,1,8.392,8.150777816772461
05013900591,apartment,1,8.0856,8.329119682312012
05013901936,apartment,1,8.4631,8.613199234008789
05015402368,apartment,1,8.2771,8.533134460449219
05015403356,apartment,1,8.2334,8.532949447631836
05016403295,apartment,1,8.5862,8.641218185424805
05016404305,apartment,1,8.6971,8.640931129455566
05016602476,apartment,1,8.3615,8.572576522827148
05021902301,apartment,1,7.9749,8.263752937316895
05022205416,apartment,1,8.6498,8.41073226928711
05023802140,apartment,1,8.387,8.247166633605957
05023807568,apartment,1,8.3473,8.49134635925293
05023808769,apartment,1,8.3324,8.499744415283203
05023809358,apartment,1,8.183,8.25758171081543
05023812103,apartment,1,7.9911,8.279550552368164
05023814386,apartment,1,8.2659,8.510817527770996
05023815137,apartment,1,8.3059,8.510416984558105
05023816729,apartment,1,7.9184,8.501243591308594
05100906881,apartment,9,8.6246,8.401012420654297
05101100404,apartment,9,8.6495,8.258288383483887
05101705322,apartment,9,8.5603,8.265049934387207
05101708356,apartment,9,7.769,8.420323371887207
05102302698,apartment,9,8.8226,8.58484935760498
05103702940,apartment,9,8.209,8.425002098083496
05103703424,apartment,9,8.1128,8.42654800415039
05104603369,apartment,9,8.1729,8.1865816116333
05106101255,apartment,9,8.534,8.382332801818848
05106102464,apartment,9,8.37,8.29001522064209
05106300479,apartment,9,7.9866,7.848733425140381
05106501245,apartment,9,8.1668,7.90022611618042
05108900783,apartment,9,8.0878,8.33790397644043
05115503700,apartment,9,8.746,8.637895584106445
05117300701,apartment,9,8.5885,8.498651504516602
05117300718,apartment,9,8.6006,8.50280475616455
05125701602,apartment,9,7.9212,8.055017471313477
05125901202,apartment,9,7.9434,8.243863105773926
05126000462,apartment,9,8.2978,8.242006301879883
05126100912,apartment,9,8.1358,8.089221954345703
05126205129,apartment,9,8.3994,8.015514373779297
05126205331,apartment,9,8.6763,8.454510688781738
05126205803,apartment,9,8.9692,8.578927040100098
05126206214,apartment,9,8.8998,8.575979232788086
05126800248,apartment,9,8.5774,8.08175277709961
05130602196,apartment,9,8.2659,8.388644218444824
05130605993,apartment,9,8.3712,8.389729499816895
05130610385,apartment,9,8.2816,8.397127151489258
05130617134,apartment,9,8.2329,8.469664573669434
05130620135,apartment,9,8.4978,8.472521781921387
05130620380,apartment,9,8.478,8.472521781921387
05130622367,apartment,9,8.5869,8.481558799743652
05130622545,apartment,9,8.4219,8.435277938842773
05131500990,apartment,9,8.7628,8.536482810974121
05131701473,apartment,9,8.381,8.371753692626953
05131701971,apartment,9,8.3383,8.278040885925293
05133805950,apartment,9,8.2749,8.149203300476074
05134102384,apartment,9,8.6785,8.136171340942383
05134102661,apartment,9,8.5684,8.147323608398438
05200204313,apartment,9,8.7615,8.3922700881958
05201200941,apartment,9,8.4034,8.270583152770996
05202401590,apartment,9,8.087,7.929934024810791
05202901542,apartment,9,8.3328,8.090228080749512
05203200841,apartment,9,8.5952,8.303433418273926
05203302431,apartment,9,8.1951,8.394901275634766
05203602441,apartment,9,8.566,8.486889839172363
05204801227,apartment,9,8.8571,8.342374801635742
05205401427,apartment,9,8.2124,8.188154220581055
05205601213,apartment,9,8.3728,8.40316104888916
05205802456,apartment,9,8.643,8.562883377075195
05206100862,apartment,9,8.3205,8.251984596252441
05206600903,apartment,9,8.0997,8.042282104492188
05208114461,apartment,9,8.8049,8.520276069641113
05208201062,apartment,9,7.9849,8.050287246704102
05209002632,apartment,9,8.4267,8.434045791625977
05209002667,apartment,9,8.3563,8.417776107788086
05209201813,apartment,9,8.646,8.633482933044434
05209205452,apartment,9,8.7424,8.387691497802734
05210601781,apartment,9,7.9875,8.040282249450684
05211900413,apartment,9,7.9303,7.986412048339844
05211901282,apartment,9,8.7243,8.41707992553711
05215800731,apartment,9,8.635,8.68471908569336
05223004000,apartment,9,8.566,8.540838241577148
05223005481,apartment,9,8.5511,8.617514610290527
05224604060,apartment,9,8.7275,8.510976791381836
05224604133,apartment,9,8.7323,8.48819637298584
05302202506,apartment,9,8.372,8.6637601852417
05303303101,apartment,3,8.5086,8.633243560791016
05303305491,apartment,3,8.4219,8.618510246276855
05328900839,apartment,3,8.7465,8.616281509399414
05333904456,apartment,9,8.5698,8.463556289672852
05400500765,apartment,9,8.2714,8.217598915100098
05401601591,apartment,9,8.3139,8.199627876281738
05401803605,apartment,9,8.612,8.531373977661133
05402906378,apartment,9,8.7029,8.543771743774414
05404201568,apartment,9,8.6972,8.337549209594727
05404907207,apartment,9,8.5778,8.540143966674805
05405101907,apartment,9,8.294,8.37486457824707
05405203270,apartment,9,8.7916,8.486042022705078
05407301385,apartment,9,8.6166,8.359055519104004
05407301644,apartment,9,8.0546,8.418486595153809
05407301717,apartment,9,8.6432,8.329590797424316
05410602498,apartment,9,8.8474,8.385038375854492
05410602668,apartment,9,8.7139,8.378507614135742
05411312892,apartment,9,8.8796,8.266275405883789
05411401674,apartment,9,8.5839,8.33573055267334
05411503760,apartment,9,8.6961,8.399717330932617
05412201431,apartment,9,8.4295,8.079110145568848
05412503411,apartment,9,8.98,8.634378433227539
05412601121,apartment,9,8.0247,8.009227752685547
05412601510,apartment,9,8.3404,7.9845147132873535
05414001677,apartment,9,8.4374,8.111074447631836
05414400921,apartment,9,7.7266,8.053308486938477
05415804188,apartment,9,8.8004,8.100197792053223
05416400501,apartment,3,8.5952,8.738690376281738
05417702722,apartment,9,8.6192,8.65530014038086
05419901218,apartment,9,7.5213,8.017393112182617
05420001705,apartment,9,8.9453,8.544017791748047
05420806304,apartment,9,8.6858,8.549702644348145
05423601487,apartment,9,8.8075,8.52507209777832
05501400839,apartment,3,8.7072,8.702693939208984
05501900629,apartment,3,8.6398,8.594109535217285
05504401305,apartment,3,7.9782,8.146936416625977
05505100880,apartment,3,7.9335,8.048178672790527
05509201630,apartment,3,8.9128,8.609502792358398
05509201975,apartment,3,8.9362,8.585027694702148
05512500430,apartment,3,8.2463,8.155096054077148
05512501828,apartment,3,8.3349,8.193467140197754
05512503839,apartment,3,8.3897,8.175028800964355
05518201486,apartment,3,8.1706,8.67543888092041
05519701245,apartment,3,8.5172,8.629072189331055
05519901015,apartment,3,8.3716,8.618538856506348
05520103445,apartment,3,8.3205,8.604668617248535
05520601003,apartment,9,8.8043,8.366204261779785
05525801371,apartment,3,8.2126,8.097566604614258
05527102398,apartment,3,8.3497,8.581765174865723
05537300885,apartment,3,8.0341,8.256080627441406
05538001105,apartment,3,8.3774,8.505468368530273
05604003751,apartment,3,8.3243,8.459097862243652
05605101080,apartment,3,8.2212,8.319925308227539
05605103474,apartment,3,8.2889,8.318644523620605
05606800713,apartment,9,8.4584,8.452444076538086
05606802937,apartment,9,8.5913,8.488123893737793
05607905195,apartment,3,8.7881,8.621400833129883
05609001676,apartment,3,8.6288,8.493781089782715
05609001781,apartment,3,8.6552,8.540303230285645
05609002451,apartment,3,8.5778,8.493781089782715
05609002532,apartment,3,8.6627,8.485968589782715
05609004330,apartment,3,8.6467,8.525919914245605
05609004438,apartment,3,8.5356,8.527831077575684
05609804019,apartment,9,8.3578,8.50272274017334
05609804299,apartment,9,8.3862,8.50272274017334
05609805724,apartment,9,8.3961,8.503512382507324
05609813379,apartment,9,8.7536,8.555285453796387
05611403174,apartment,3,8.2903,8.097588539123535
05612305532,apartment,9,8.8961,8.580224990844727
05614800352,apartment,9,8.2346,8.307828903198242
05615201436,apartment,9,8.4188,8.271123886108398
05616402222,apartment,9,8.0962,7.940512657165527
05617300660,apartment,3,8.5374,8.508771896362305
05617501003,apartment,9,8.1578,8.015763282775879
05617703943,apartment,3,8.3075,8.377619743347168
05617704540,apartment,3,8.3326,8.39382266998291
05619901531,apartment,3,8.9497,8.656942367553711
05620603806,apartment,3,8.3933,8.135078430175781
05620606104,apartment,3,8.311,8.163640022277832
05621600721,apartment,9,8.3423,8.448902130126953
05623802761,apartment,3,8.4431,8.369807243347168
05700201208,apartment,3,8.3413,8.432788848876953
05700701294,apartment,3,8.7068,8.265357971191406
05700701529,apartment,3,8.6115,8.265357971191406
05700703971,apartment,3,8.5172,8.300373077392578
05700704196,apartment,3,8.4764,8.336019515991211
05700704226,apartment,3,8.5817,8.336121559143066
05700704641,apartment,3,8.5172,8.342687606811523
05700705427,apartment,3,8.2752,8.300771713256836
05700706032,apartment,3,8.8049,8.428396224975586
05700706733,apartment,3,8.9394,8.4424409866333
05700707111,apartment,3,9.028,8.490883827209473
05701702170,apartment,3,8.7675,8.443399429321289
05702002776,apartment,3,8.686,8.7947359085083
05702201698,apartment,3,8.7201,8.691046714782715
05702203003,apartment,3,8.8888,8.70510482788086
05702301056,apartment,3,8.6638,8.438607215881348
05704801137,apartment,3,7.9817,8.104802131652832
05704902308,apartment,3,8.3265,8.170531272888184
05708501278,apartment,3,8.2481,8.423630714416504
05724301210,apartment,3,8.316,8.209968566894531
05724900629,apartment,3,8.1577,8.125085830688477
05726601254,apartment,3,8.2199,8.5044527053833
05728900372,apartment,3,8.1377,8.512879371643066
05800601194,apartment,3,7.6669,8.007275581359863
05800601283,apartment,3,8.0508,8.028069496154785
05800800936,apartment,3,8.2338,8.129651069641113
05801601392,apartment,3,8.1837,8.443735122680664
05801901035,apartment,3,8.5913,8.428526878356934
05802601396,apartment,3,8.4285,8.487982749938965
05802602791,apartment,3,8.4678,8.49847412109375
05804401734,apartment,3,8.2563,8.119369506835938
05804402481,apartment,3,8.2673,8.345410346984863
05805101130,apartment,3,8.6148,8.66480541229248
05805600625,apartment,3,8.4839,8.587679862976074
05805600651,apartment,3,8.4494,8.597417831420898
05806101495,apartment,3,8.4293,8.297727584838867
05807500482,apartment,3,8.6424,8.558335304260254
05808301521,apartment,3,8.5352,8.53793716430664
05809501648,apartment,3,8.0709,8.107616424560547
05809900941,apartment,3,8.1325,8.06181526184082
05810301010,apartment,3,8.129,8.09460163116455
05810302874,apartment,3,8.2653,8.428146362304688
05815802141,apartment,3,8.6082,8.425052642822266
05815804770,apartment,3,8.665,8.562334060668945
05815805696,apartment,3,8.5499,8.612669944763184
05815808741,apartment,3,8.8239,8.742136001586914
05816101544,apartment,3,7.9706,8.5086088180542
05816401025,apartment,3,8.4317,8.394909858703613
05818901696,apartment,3,8.4882,8.543680191040039
05819601017,apartment,3,8.4616,8.54561996459961
05821900557,apartment,3,8.342,8.626773834228516
05821900654,apartment,3,8.3385,8.651679992675781
05822700772,apartment,3,8.0472,8.57181167602539
05902904412,apartment,3,8.6507,8.435745239257812
05903601073,apartment,3,7.8937,8.032169342041016
05904100973,apartment,3,8.0221,8.135501861572266
05904902727,apartment,3,8.4519,8.225983619689941
05905204713,apartment,3,8.2465,8.128499031066895
05905205434,apartment,3,8.3133,8.15509033203125
05906302565,apartment,3,8.4254,8.436802864074707
05907704411,apartment,3,8.0766,8.426456451416016
05911001314,apartment,3,8.5791,8.584517478942871
05912001271,apartment,3,8.2149,8.330069541931152
05916501171,apartment,3,8.7355,8.562594413757324
05916501579,apartment,3,8.7362,8.578739166259766
05922401319,apartment,3,8.3439,8.311906814575195
05923101904,apartment,3,8.3252,8.206445693969727
05923104652,apartment,3,8.2836,8.170978546142578
05927703143,apartment,3,8.397,8.40122127532959
06003405066,apartment,3,8.1007,8.148669242858887
06004500585,apartment,3,7.9503,7.904260158538818
06006001462,apartment,3,8.1124,8.273667335510254
06006001608,apartment,3,8.0766,8.273667335510254
06006001640,apartment,3,8.0178,8.265984535217285
06006001659,apartment,3,8.1117,8.229694366455078
06008801741,apartment,3,8.294,8.294382095336914
06008801903,apartment,3,8.388,8.30260181427002
06020003302,apartment,3,7.4757,8.062862396240234
06024206305,apartment,3,8.3413,8.254790306091309
06026001506,apartment,3,8.0472,8.000595092773438
06029905341,apartment,3,8.3516,7.967865943908691
06029909703,apartment,3,8.2795,8.1929349899292
06032800547,apartment,3,7.8545,7.999454021453857
06100101254,apartment,3,8.101,7.92433500289917
06103201756,apartment,3,8.1117,8.281859397888184
06103602890,apartment,3,8.0934,8.495887756347656
06103803098,apartment,3,8.0555,8.09522533416748
06107801057,apartment,3,8.0882,8.23879337310791
06109502332,apartment,3,8.503,8.370232582092285
06110301205,apartment,3,8.435,8.254185676574707
06111702319,apartment,3,8.5322,8.408275604248047
06114803973,apartment,3,8.3007,8.288458824157715
06115606357,apartment,3,8.6732,8.189924240112305
06116000479,apartment,3,8.2667,7.951183795928955
06202501881,apartment,9,8.6847,8.340995788574219
06202502312,apartment,9,8.5836,8.399628639221191
06203200417,apartment,9,8.2019,8.209943771362305
06204302310,apartment,9,8.5076,8.568235397338867
06206107681,apartment,9,7.9804,8.16784954071045
06206110168,apartment,9,8.2267,8.16417407989502
06206111288,apartment,9,7.9795,8.234964370727539
06206111733,apartment,9,7.9825,8.234033584594727
06206113833,apartment,9,8.3441,8.573473930358887
06206121631,apartment,9,8.534,8.552410125732422
06206126994,apartment,9,8.2553,8.54646110534668
06208007364,apartment,9,8.8524,8.669093132019043
06208007712,apartment,9,8.6876,8.659677505493164
06208014115,apartment,9,8.7371,8.654427528381348
06208014123,apartment,9,8.7606,8.640425682067871
06210517196,apartment,9,9.1334,8.620031356811523
06211400985,apartment,9,8.1413,8.087923049926758
06211602413,apartment,9,8.3822,8.313836097717285
06211603827,apartment,9,8.6446,8.514351844787598
06211801742,apartment,9,8.6378,8.565620422363281
06211803176,apartment,9,8.535,8.561380386352539
06212001014,apartment,9,8.0796,8.144596099853516
06212102031,apartment,9,8.507,8.267953872680664
06212204225,apartment,9,8.8251,8.720810890197754
06212300501,apartment,9,8.9833,8.650290489196777
06212605361,apartment,9,8.534,8.575870513916016
06212605890,apartment,9,8.3019,8.642809867858887
06212606455,apartment,9,8.6443,8.55176830291748
06217204691,apartment,9,8.5495,8.47892951965332
06219002202,apartment,9,8.1759,8.201982498168945
06219201671,apartment,9,8.3198,8.571488380432129
06221001889,apartment,9,8.7614,8.533180236816406
06221203821,apartment,9,8.1435,8.146562576293945
06224202613,apartment,9,8.7685,8.609493255615234
06224204349,apartment,9,8.8061,8.787439346313477
06224404747,apartment,3,8.6284,8.340567588806152
06224405621,apartment,3,8.6148,8.253710746765137
06224405727,apartment,3,8.392,8.329751968383789
06224405751,apartment,3,8.6671,8.328495979309082
06224409129,apartment,3,8.0218,8.110648155212402
06224415315,apartment,3,8.1213,8.141907691955566
06224415358,apartment,3,8.2431,8.032586097717285
06224417350,apartment,3,7.9844,8.089046478271484
06224421587,apartment,3,8.2727,8.18701171875
06224422516,apartment,3,8.1006,8.196609497070312
06302500370,apartment,9,8.1987,8.02369499206543
06307001666,apartment,9,8.2548,8.422032356262207
06307001674,apartment,9,8.3618,8.419173240661621
06307703857,apartment,9,8.3576,8.341659545898438
06307704292,apartment,9,8.3183,8.330565452575684
06307707828,apartment,9,8.2199,8.246983528137207
06307708158,apartment,9,8.294,8.273234367370605
06307708336,apartment,9,8.2683,8.331132888793945
06307709170,apartment,9,8.2365,8.264448165893555
06308702021,apartment,9,8.1468,8.39223575592041
06308702765,apartment,9,8.2295,8.423582077026367
06310202448,apartment,9,8.3261,8.393250465393066
06310901966,apartment,9,8.1043,8.499382972717285
06410903316,apartment,4,8.294,8.516124725341797
06417402681,apartment,9,8.2567,8.549410820007324
06422301618,apartment,4,8.7529,8.476161003112793
06422401957,apartment,4,8.2217,8.427658081054688
06503200757,apartment,4,7.9514,8.189722061157227
06510000792,apartment,4,8.7403,8.55030632019043
06510502488,apartment,4,8.4912,8.44056510925293
06510502704,apartment,4,8.5172,8.44056510925293
06510504456,apartment,4,8.7725,8.366803169250488
06512200721,apartment,4,8.2182,8.301795959472656
06512200756,apartment,4,8.6237,8.325665473937988
06609402851,apartment,4,8.323,8.342208862304688
06609403600,apartment,4,8.2059,8.246615409851074
06612703628,apartment,4,8.5288,8.172209739685059
06615301679,apartment,4,8.3888,8.23280143737793
06629400631,apartment,4,8.5027,8.254908561706543
06629400641,apartment,4,8.6507,8.298064231872559
06663103008,apartment,4,8.3517,8.130756378173828
06663200305,apartment,4,8.3688,8.1579008102417
06706102040,apartment,4,8.4991,8.192736625671387
06713400841,apartment,4,8.6059,8.256967544555664
06715303096,apartment,4,8.4024,8.347015380859375
06716901701,apartment,4,8.3547,8.340325355529785
06716902392,apartment,4,8.3115,8.35517692565918
06718206466,apartment,4,8.0879,8.222640991210938
06718206997,apartment,4,8.0997,8.234004020690918
06718401821,apartment,4,8.5001,8.36185073852539
06718601845,apartment,4,8.2035,8.145437240600586
06718604852,apartment,4,8.8049,8.390262603759766
06718607835,apartment,4,8.3913,8.344362258911133
06719101048,apartment,4,8.0905,8.121051788330078
06719101323,apartment,4,8.0905,8.125946044921875
06721401071,apartment,4,8.3593,8.087414741516113
06722408779,apartment,4,8.7767,8.410099029541016
06722601935,apartment,4,7.6557,8.044465065002441
06722702839,apartment,4,8.7536,8.508833885192871
06724701171,apartment,4,8.6392,8.668564796447754
06725400485,apartment,4,8.0943,8.129928588867188
06726201206,apartment,4,8.0098,8.036521911621094
06726803591,apartment,4,8.609,8.459661483764648
06727800332,apartment,4,8.6744,8.608875274658203
06728001409,apartment,4,8.4717,8.265751838684082
06728004629,apartment,4,8.4244,8.30396556854248
06734700909,apartment,4,8.4171,8.393007278442383
06735200500,apartment,4,8.0038,8.155593872070312
06738301537,apartment,4,8.4547,8.44658088684082
06738502672,apartment,4,8.0331,8.097602844238281
06747500512,apartment,4,8.0375,8.013797760009766
06800802891,apartment,4,8.8634,8.623723983764648
06801100866,apartment,4,8.1622,8.158965110778809
06801101331,apartment,4,8.342,8.439041137695312
06801504037,apartment,4,8.6924,8.535377502441406
06802301105,apartment,4,8.5042,8.717719078063965
06802701154,apartment,4,8.5172,8.585183143615723
06802701162,apartment,4,8.478,8.585315704345703
06802701197,apartment,4,8.5172,8.585183143615723
06802701219,apartment,4,8.478,8.585315704345703
06803501035,apartment,4,8.5905,8.408913612365723
06803800970,apartment,4,7.8584,8.03911018371582
06803905357,apartment,4,8.5949,8.548697471618652
06804002237,apartment,4,8.6995,8.671717643737793
06804100549,apartment,4,8.5043,8.376147270202637
06804100948,apartment,4,8.5045,8.4031343460083
06804104366,apartment,4,8.9227,8.493927955627441
06809501061,apartment,4,8.5024,8.185052871704102
06809601260,apartment,4,8.5473,8.41946792602539
06816201401,apartment,4,8.6006,8.697366714477539
06816600894,apartment,4,8.6484,8.404512405395508
06816800796,apartment,4,8.5805,8.607748985290527
06819400861,apartment,4,7.502,8.091716766357422
06823000538,apartment,4,8.0577,8.285402297973633
06837100971,apartment,4,8.3664,8.279914855957031
06837101056,apartment,4,8.3907,8.28230094909668
06843200664,apartment,4,8.6197,8.59752368927002
06843200699,apartment,4,8.7796,8.59752368927002
06843401058,apartment,4,8.5994,8.709511756896973
06844201052,apartment,4,8.4151,8.297969818115234
06845001121,apartment,4,8.3459,8.316474914550781
06850701126,apartment,4,8.1918,8.483006477355957
06900601170,apartment,4,8.7968,8.790323257446289
06901702124,apartment,4,8.107,8.115889549255371
06903300945,apartment,4,8.4547,8.219122886657715
06904901101,apartment,4,8.3647,8.147496223449707
06905900508,apartment,4,8.3853,8.120205879211426
06905902012,apartment,4,8.2594,8.184147834777832
06906501089,apartment,4,7.9771,8.150115966796875
06907101671,apartment,4,8.2295,8.176398277282715
06907804263,apartment,4,8.6713,8.415393829345703
06907804549,apartment,4,8.6835,8.416407585144043
06908201181,apartment,4,9.2883,8.6235933303833
06909501233,apartment,4,8.1448,8.125603675842285
06909502175,apartment,4,8.0965,7.993528842926025
06909800788,apartment,4,8.1586,8.258374214172363
06912300839,apartment,4,8.4188,8.300993919372559
06915802223,apartment,4,8.1361,8.088235855102539
06916302781,apartment,4,8.1971,8.09190845489502
06916306246,apartment,4,8.0381,8.221993446350098
06916306513,apartment,4,7.972,8.142205238342285
06916309431,apartment,4,8.442,8.15523624420166
06916402741,apartment,4,8.5442,8.200791358947754
06916502703,apartment,4,8.5092,8.428521156311035
06916603135,apartment,4,8.3453,8.114635467529297
06916801336,apartment,4,8.1532,8.14173698425293
06917500887,apartment,4,8.213,8.411311149597168
06917701955,apartment,4,8.7429,8.394532203674316
06919001764,apartment,4,8.4089,8.190605163574219
06920400901,apartment,4,8.3862,8.470848083496094
06920504790,apartment,4,7.7231,8.239964485168457
06920506432,apartment,4,8.5869,8.193194389343262
06920514427,apartment,4,8.3774,8.534595489501953
06920800764,apartment,4,8.0413,8.170328140258789
07004304272,apartment,4,8.4616,8.392396926879883
07004602117,apartment,4,8.4727,8.387749671936035
07004602176,apartment,4,8.4575,8.387275695800781
07004602230,apartment,4,8.4584,8.431586265563965
07004602265,apartment,4,8.4878,8.389142036437988
07009101469,apartment,4,8.1084,8.108992576599121
07011600736,apartment,4,8.7767,8.544325828552246
07013100552,apartment,4,8.5359,8.553414344787598
07014800566,apartment,4,8.2973,8.232977867126465
07015000873,apartment,4,8.5826,8.11620044708252
07015006650,apartment,4,7.9353,8.13737964630127
07016102742,apartment,4,8.1315,8.234261512756348
07016104087,apartment,4,8.1467,8.243098258972168
07016110966,apartment,4,8.089,8.247729301452637
07016111563,apartment,4,8.2314,8.209088325500488
07016500993,apartment,4,8.1435,8.188008308410645
07021901763,apartment,4,8.0554,7.896732807159424
07022304211,apartment,4,8.4289,8.276107788085938
07022304300,apartment,4,8.3349,8.251169204711914
07022304531,apartment,4,8.3245,8.323576927185059
07023009167,apartment,4,8.0743,8.088382720947266
07023010785,apartment,4,8.1117,8.225481986999512
07023013067,apartment,4,8.6624,8.459979057312012
07023013202,apartment,4,8.7443,8.532217979431152
07030000439,apartment,4,8.0426,8.112335205078125
07030000811,apartment,4,8.0775,8.104984283447266
07030001461,apartment,4,8.045,8.167647361755371
07030100344,apartment,4,8.0317,8.041304588317871
07030100611,apartment,4,8.1213,8.045500755310059
07030501063,apartment,4,7.9753,8.120549201965332
07030904370,apartment,4,8.1178,8.094980239868164
07030905105,apartment,4,8.0725,8.06943416595459
07030905385,apartment,4,8.2456,8.101651191711426
07032500366,apartment,4,8.4619,8.115670204162598
07032609821,apartment,4,8.2453,8.283127784729004
07032611508,apartment,4,8.2409,8.27215576171875
07032613128,apartment,4,8.6618,8.32374382019043
07032615392,apartment,4,8.6144,8.294947624206543
07036800186,apartment,4,7.8753,8.231605529785156
07041302008,apartment,4,8.5405,8.528984069824219
07041700712,apartment,4,7.8911,8.04818058013916
07103701679,apartment,4,7.8025,7.914252281188965
07105203781,apartment,4,7.9749,7.98746919631958
07105204532,apartment,4,7.8823,8.204526901245117
07106001511,apartment,4,7.8539,7.899632453918457
07106301574,apartment,4,7.6323,8.15040111541748
07106405711,apartment,4,8.3994,8.277400016784668
07106405868,apartment,4,8.4821,8.321471214294434
07108301393,apartment,4,8.253,8.279704093933105
07108305641,apartment,4,7.9406,8.049777030944824
07108306441,apartment,4,8.0529,8.009305000305176
07110700879,apartment,4,7.9014,8.022003173828125
07114301081,apartment,4,8.3665,8.21384048461914
07114403860,apartment,4,7.6857,7.996053695678711
07118803601,apartment,4,8.0923,7.931082248687744
07118807362,apartment,4,8.4545,7.9381866455078125
07118807524,apartment,4,8.2954,7.938055515289307
07121101564,apartment,4,8.2515,8.1193265914917
07122002888,apartment,4,8.4514,8.33813762664795
07131004472,apartment,4,7.9971,7.866090297698975
07133902117,apartment,4,8.7218,8.333291053771973
07133902710,apartment,4,8.6837,8.35485553741455
07133904101,apartment,4,8.6546,8.321327209472656
07136002370,apartment,4,8.1775,8.123921394348145
07136003075,apartment,4,8.3253,8.127462387084961
07136807867,apartment,4,8.0225,8.073360443115234
07136812461,apartment,4,8.6713,8.274235725402832
07136826578,apartment,4,8.3391,8.434585571289062
07136900921,apartment,4,8.0141,8.099302291870117
07137401244,apartment,4,8.1328,8.06752872467041
07137604005,apartment,4,7.7877,7.941926002502441
07141601457,apartment,4,8.1588,8.118724822998047
07141605592,apartment,4,8.7082,8.493308067321777
07142000880,apartment,4,7.8649,8.07592487335205
07142300426,apartment,4,8.4427,8.136563301086426
07142500638,apartment,4,7.9194,7.996593475341797
07143106674,apartment,4,8.0932,8.208231925964355
07143111368,apartment,4,8.2861,8.290778160095215
07143114197,apartment,4,8.5329,8.296243667602539
07143116157,apartment,4,8.2861,8.296243667602539
07143122191,apartment,4,8.3444,8.287830352783203
07143500585,apartment,4,8.0598,8.146233558654785
07143802565,apartment,4,8.4454,8.10567855834961
07143802964,apartment,4,7.9796,8.098967552185059
07143802972,apartment,4,8.0765,8.105835914611816
07143802980,apartment,4,8.0765,8.097442626953125
07143803138,apartment,4,8.0195,8.098509788513184
07144001681,apartment,4,7.9552,8.128523826599121
07144008617,apartment,4,7.9552,8.27186393737793
07144202707,apartment,4,8.5172,8.269762992858887
07144300415,apartment,4,7.9168,7.916625022888184
07145002183,apartment,4,8.2777,8.19653606414795
07145002396,apartment,4,8.2509,8.192892074584961
07146403262,apartment,4,7.902,8.034844398498535
07146406921,apartment,4,8.2035,8.053929328918457
07146415627,apartment,4,8.7531,8.517434120178223
07146601366,apartment,4,7.7733,7.99208927154541
07150200397,apartment,4,8.2118,8.014644622802734
07150300413,apartment,4,7.9225,7.928207874298096
07150700901,apartment,4,8.2548,8.377032279968262
07150702661,apartment,4,8.5017,8.381131172180176
07151804768,apartment,4,8.4192,8.415369033813477
07151805918,apartment,4,8.4518,8.408896446228027
07151807252,apartment,4,8.4077,8.417826652526855
07151807295,apartment,4,8.4219,8.417030334472656
07202201186,apartment,4,8.4475,8.337607383728027
07202305534,apartment,4,8.357,8.329994201660156
07202504774,apartment,4,8.9227,8.566664695739746
07203800652,apartment,4,8.8521,8.692896842956543
07204705343,apartment,4,8.7502,8.406896591186523
07205201462,apartment,4,8.1213,8.215867042541504
07205302102,apartment,4,8.8503,8.53330135345459
07205400848,apartment,4,8.3439,8.161833763122559
07206404723,apartment,4,7.966,8.27910327911377
07206405381,apartment,4,8.0232,8.278473854064941
07206405398,apartment,4,8.4151,8.28194522857666
07206416527,apartment,4,8.4462,8.563735961914062
07206416616,apartment,4,8.4314,8.55436897277832
07207001363,apartment,4,8.4356,8.420797348022461
07207201826,apartment,4,8.1689,8.174952507019043
07210403841,apartment,4,7.8692,8.083317756652832
07210802029,apartment,4,8.2677,8.357500076293945
07210902287,apartment,4,8.3389,8.30008602142334
07211903491,apartment,4,8.6226,8.542708396911621
07212201235,apartment,4,8.2708,8.10489273071289
07212702323,apartment,4,8.8739,8.600151062011719
07212802344,apartment,4,8.4578,8.084468841552734
07212803189,apartment,4,8.1944,8.301552772521973
07212904716,apartment,4,8.3214,8.3075590133667
07213001973,apartment,4,7.9999,8.311190605163574
07213202669,apartment,4,7.9594,8.190939903259277
07213603698,apartment,4,8.0186,8.20453929901123
07214702576,apartment,4,8.1319,8.18430233001709
07216804252,apartment,4,8.7197,8.6683988571167
07216806670,apartment,4,8.7657,8.72999095916748
07218502954,apartment,4,8.2267,8.22891616821289
07218803237,apartment,4,8.4161,8.247416496276855
07301004176,apartment,4,8.8739,8.731067657470703
07301006071,apartment,4,8.8105,8.637894630432129
07301802897,apartment,4,8.8967,8.342561721801758
07302204446,apartment,4,8.3672,8.193836212158203
07304602309,apartment,4,8.0109,8.220478057861328
07305100692,apartment,4,7.9964,8.175142288208008
07305801119,apartment,4,8.3462,8.302852630615234
07315600612,apartment,4,8.7855,8.676676750183105
07316101164,apartment,4,8.333,8.321234703063965
07326613354,apartment,4,8.2523,8.2508544921875
07326613400,apartment,4,8.3023,8.24633502960205
07326709890,apartment,4,8.4776,8.239487648010254
07329700568,apartment,0,8.7659,8.464688301086426
07404304512,apartment,7,8.4157,8.48929214477539
07407603766,apartment,7,8.5172,8.234006881713867
07408903615,apartment,7,8.6938,8.416433334350586
07420500274,apartment,7,8.207,8.719313621520996
07421300481,apartment,7,8.6144,8.694470405578613
07421400990,apartment,7,8.8379,8.492402076721191
07422001275,apartment,7,8.4589,8.659783363342285
07422102160,apartment,7,8.3837,8.351037979125977
07437801248,apartment,7,8.4118,8.765582084655762
07503900989,apartment,4,8.558,8.507084846496582
07504500879,apartment,4,8.7156,8.618621826171875
07504500992,apartment,4,8.668,8.618051528930664
07509000841,apartment,4,8.6024,8.60948371887207
07509000866,apartment,4,8.633,8.620970726013184
07509000955,apartment,4,8.633,8.620970726013184
07510101948,apartment,4,8.0789,8.255985260009766
07510700779,apartment,4,8.7136,8.464483261108398
07510701503,apartment,4,8.6813,8.467181205749512
07510801273,apartment,4,8.7721,8.511704444885254
07510903084,apartment,4,9.28,8.584364891052246
07510903475,apartment,4,9.0708,8.534815788269043
07521702352,apartment,4,8.4785,8.541640281677246
07521702611,apartment,4,8.9029,8.751249313354492
07525405395,apartment,4,8.5801,8.313286781311035
07534101816,apartment,7,8.2623,8.305132865905762
07534203201,apartment,7,8.1665,8.297318458557129
07534203945,apartment,7,8.3816,8.291034698486328
07534404207,apartment,7,8.1117,8.081347465515137
07535000452,apartment,4,8.0943,8.133152961730957
07600905345,apartment,7,8.4102,8.506495475769043
07601201651,apartment,7,8.3837,8.601887702941895
07602403991,apartment,7,8.5817,8.244169235229492
07602405471,apartment,7,8.5567,8.20688533782959
07606001855,apartment,4,7.8139,7.949521541595459
07606700885,apartment,4,7.9964,8.009037017822266
07607800646,apartment,7,7.9,8.293121337890625
07607800867,apartment,7,8.0725,8.296233177185059
07611002181,apartment,4,7.9442,8.051409721374512
07611002260,apartment,4,8.1636,8.054788589477539
07615503388,apartment,4,7.9394,8.18244743347168
07618301336,apartment,7,8.5907,8.290963172912598
07618602549,apartment,7,8.254,8.529227256774902
07618700591,apartment,7,8.294,8.532432556152344
07618700656,apartment,7,8.294,8.518720626831055
07629003625,apartment,7,8.193,8.150371551513672
07630200595,apartment,7,8.1281,8.374391555786133
07630200773,apartment,7,8.2323,8.390911102294922
07632802177,apartment,7,8.0691,8.316015243530273
07634500283,apartment,7,8.0882,8.110936164855957
07646302074,apartment,7,8.5034,8.237227439880371
07651302478,apartment,7,8.1526,8.310028076171875
07677404847,apartment,4,8.0766,8.033041954040527
07677405207,apartment,4,8.2102,8.094039916992188
07677406076,apartment,4,8.1622,8.06220817565918
07677800904,apartment,7,7.9844,8.225499153137207
07701400664,apartment,7,8.2459,8.320899963378906
07703801666,apartment,7,8.0721,8.299308776855469
07707302540,apartment,7,8.2118,8.310954093933105
07711601395,apartment,7,7.8141,8.461609840393066
07713900756,apartment,7,8.3179,9.03812313079834
07737202668,apartment,7,7.6355,8.608245849609375
07747100639,apartment,7,8.3374,8.701027870178223
07749301917,apartment,7,8.5523,8.614596366882324
07801200780,apartment,7,8.0403,8.436253547668457
07803701736,apartment,7,8.1017,8.25641918182373
07809201867,apartment,7,8.5267,8.427791595458984
07822800698,apartment,7,8.7387,8.68250560760498
07822804383,apartment,7,8.6305,8.68250560760498
07824900819,apartment,7,8.1893,8.560648918151855
07826803179,apartment,7,8.9002,8.357877731323242
07835105063,apartment,7,8.2263,8.56124210357666
07835105497,apartment,7,8.1591,8.567116737365723
07835106541,apartment,7,8.1591,8.558268547058105
07835106914,apartment,7,8.4258,8.56277847290039
07835107023,apartment,7,7.9768,8.557639122009277
07835107449,apartment,7,8.1196,8.53706169128418
07835107821,apartment,7,8.1557,8.533687591552734
07835118191,apartment,7,8.0864,8.57925033569336
07835118335,apartment,7,8.2295,8.586609840393066
07835121875,apartment,7,8.1605,8.571226119995117
07835122332,apartment,7,8.3561,8.599393844604492
07835123924,apartment,7,8.294,8.581729888916016
07835123959,apartment,7,8.294,8.579891204833984
07835125171,apartment,7,8.3768,8.5997896194458
07835128896,apartment,7,8.4425,8.699651718139648
07837104791,apartment,7,8.4611,8.62306022644043
07837107888,apartment,7,8.5913,8.64799976348877
07837112611,apartment,7,8.2659,8.608192443847656
07837112725,apartment,7,8.4241,8.623095512390137
07837113731,apartment,7,8.3724,8.597232818603516
07837114000,apartment,7,8.398,8.618486404418945
07840102352,apartment,7,8.0362,8.090250015258789
07841201907,apartment,7,8.4752,8.281818389892578
07841602014,apartment,7,7.8494,8.087618827819824
07844200901,apartment,7,8.7364,8.887022018432617
07844200987,apartment,7,8.6962,8.913804054260254
07844200995,apartment,7,8.5473,8.886796951293945
07844202645,apartment,7,8.6595,8.865099906921387
07851901960,apartment,7,8.6359,8.958304405212402
07851902886,apartment,7,8.7369,8.904742240905762
07851903361,apartment,7,8.6867,8.819581985473633
07851904870,apartment,7,8.76,8.79652214050293
07851905737,apartment,7,8.6747,8.823844909667969
07852001580,apartment,7,8.4489,8.37110710144043
07852902774,apartment,7,8.2884,8.855015754699707
07852904300,apartment,7,8.2998,8.867197036743164
07852907962,apartment,7,8.3052,8.859804153442383
07852910041,apartment,7,8.4737,8.867908477783203
07852913156,apartment,7,8.1342,8.85256576538086
07852913271,apartment,7,8.2884,8.84371566772461
07853002386,apartment,7,7.6628,8.882569313049316
07853010982,apartment,7,8.153,8.902700424194336
07853109644,apartment,7,8.1117,8.862914085388184
07853112793,apartment,7,8.3612,8.954127311706543
07853119380,apartment,7,8.0682,8.815526962280273
07853201109,apartment,7,8.2824,8.890387535095215
07853203391,apartment,7,8.2334,8.863394737243652
07853206038,apartment,7,8.1445,8.85572624206543
07853207891,apartment,7,8.2332,8.87429428100586
07853208065,apartment,7,8.2182,8.851019859313965
07853208863,apartment,7,8.3752,8.912454605102539
07853211538,apartment,7,8.408,8.86378288269043
07853213018,apartment,7,8.323,8.862569808959961
07853216726,apartment,7,8.1225,8.975847244262695
07913300639,apartment,7,8.6258,8.476807594299316
07917103617,apartment,7,8.0529,8.407113075256348
07917400638,apartment,7,7.9194,8.298019409179688
07917401669,apartment,7,8.0304,8.302227973937988
07920200792,apartment,7,8.4141,8.724496841430664
07966901602,apartment,8,8.4571,8.064582824707031
07966906507,apartment,8,8.5072,8.394318580627441
07974502223,apartment,7,8.0672,8.415521621704102
07974503841,apartment,7,8.1117,8.429850578308105
07974505524,apartment,7,8.1117,8.425456047058105
08001903028,apartment,7,8.6755,8.638872146606445
08001903451,apartment,7,8.6398,8.651590347290039
08004501265,apartment,7,9.0662,8.566590309143066
08004704001,apartment,7,8.9227,8.596242904663086
08004904701,apartment,7,8.4988,8.392108917236328
08006500940,apartment,7,8.2118,8.455703735351562
08009105465,apartment,7,8.6405,8.367171287536621
08009309710,apartment,7,8.6485,8.604558944702148
08009401781,apartment,7,8.7093,8.712766647338867
08009401803,apartment,7,8.5648,8.71928882598877
08011403214,apartment,7,8.9227,8.80350399017334
08012201216,apartment,7,8.4746,8.717716217041016
08012301636,apartment,7,8.6252,8.664718627929688
08012901341,apartment,7,8.9776,8.850296020507812
08015101891,apartment,7,8.8961,8.779281616210938
08015218276,apartment,7,8.8615,8.458456039428711
08015220823,apartment,7,8.7632,8.440778732299805
08015225205,apartment,7,8.829,8.541717529296875
08015226570,apartment,7,8.71,8.547174453735352
08015502225,apartment,7,8.9341,8.57105827331543
08015508622,apartment,7,8.8644,8.546765327453613
08015509106,apartment,7,8.8644,8.554521560668945
08015510422,apartment,7,8.8972,8.559771537780762
08015517907,apartment,7,9.1171,8.858657836914062
08100504199,apartment,7,8.6507,8.756159782409668
08100506965,apartment,7,8.4501,8.783166885375977
08100506981,apartment,7,8.7786,8.783166885375977
08100507031,apartment,7,8.5801,8.756159782409668
08102702273,apartment,7,8.3645,8.79175090789795
08108000319,apartment,0,8.9394,8.671076774597168
08109801099,apartment,0,8.5313,8.60731315612793
08109901794,apartment,0,9.2192,9.011248588562012
08113502701,apartment,0,8.7754,8.61709213256836
08113604421,apartment,0,8.5439,8.738986015319824
08113606602,apartment,0,8.6634,8.708032608032227
08113901272,apartment,0,8.9032,8.75145435333252
08115700721,apartment,0,8.9102,8.772867202758789
08116600745,apartment,0,8.9085,8.959549903869629
08116701525,apartment,0,8.4785,8.752367973327637
08116803875,apartment,0,8.998,8.753312110900879
08116804782,apartment,0,8.7179,8.775321006774902
08116804863,apartment,0,8.8694,8.80439567565918
08116807196,apartment,0,8.9186,8.778586387634277
08121802121,apartment,0,9.0656,9.108263969421387
08121802245,apartment,0,9.0251,9.122426986694336
08121802271,apartment,0,9.3135,9.122426986694336
08122700993,apartment,0,8.6084,8.853148460388184
08122701752,apartment,0,9.0349,8.958293914794922
08122706258,apartment,0,8.7928,9.034917831420898
08122801481,apartment,0,8.5007,8.81643295288086
08122901182,apartment,0,8.8612,8.968926429748535
08122905889,apartment,0,9.2904,9.240665435791016
08124201961,apartment,0,8.9443,8.7558012008667
08132400267,apartment,0,9.1112,8.638895988464355
08136001715,apartment,0,9.0097,8.80724048614502
08136006199,apartment,0,8.7875,8.825075149536133
08136200459,apartment,0,8.5998,8.732203483581543
08136700796,apartment,0,8.9488,8.78073501586914
08220600780,apartment,7,8.1673,8.222335815429688
08220600993,apartment,7,7.9294,8.196612358093262
08221102555,apartment,7,8.386,8.418863296508789
08221201561,apartment,7,8.096,8.223481178283691
08221801194,apartment,7,8.3679,8.440986633300781
08221801429,apartment,7,8.4492,8.430793762207031
08222101528,apartment,7,8.4379,8.329924583435059
08222103237,apartment,7,8.2097,8.390237808227539
08223001683,apartment,7,8.3912,8.385372161865234
08223007584,apartment,7,8.5076,8.415334701538086
08223202883,apartment,7,8.5511,8.526260375976562
08223205467,apartment,7,8.8683,8.526260375976562
08223207710,apartment,7,8.5454,8.466979026794434
08223209519,apartment,7,8.6026,8.337693214416504
08223210721,apartment,7,8.7682,8.309876441955566
08223211572,apartment,7,8.6783,8.3372163772583
08225202661,apartment,7,8.1724,8.137069702148438
08225601327,apartment,8,8.1834,8.218194961547852
08235700646,apartment,8,8.1146,8.380196571350098
08235702436,apartment,8,8.5764,8.593637466430664
08236303918,apartment,8,8.2537,8.399559020996094
08236800997,apartment,8,8.0652,8.411786079406738
08237000366,apartment,8,8.4881,8.387177467346191
08241204140,apartment,6,8.9732,9.062244415283203
08242001261,apartment,6,9.1317,9.185381889343262
08243700511,apartment,6,8.8049,8.710488319396973
08245003700,apartment,7,8.1335,8.246557235717773
08245003964,apartment,7,7.995,8.255390167236328
08245006564,apartment,7,8.3202,8.520620346069336
08245006971,apartment,7,8.1849,8.431962013244629
08245007269,apartment,7,8.3026,8.441756248474121
08245804541,apartment,8,8.2295,8.38904857635498
08245809101,apartment,8,8.3654,8.379586219787598
08245814369,apartment,8,8.0141,8.122038841247559
08245818844,apartment,8,8.362,8.331028938293457
08245820407,apartment,8,8.3451,8.325335502624512
08252806120,apartment,6,9.1497,9.105067253112793
08252810462,apartment,6,8.9635,9.02467155456543
08254801045,apartment,8,8.8437,8.55999755859375
08260700891,apartment,8,8.3856,8.686676025390625
08263000580,apartment,8,8.4423,8.538308143615723
08263501962,apartment,8,8.4423,8.59210205078125
08264101232,apartment,8,8.5042,8.48245620727539
08264103715,apartment,8,8.5217,8.291363716125488
08303210343,apartment,0,8.8948,8.942484855651855
08304201038,apartment,0,8.9271,8.898822784423828
08304904942,apartment,6,9.1981,9.242828369140625
08309700520,apartment,0,9.1145,9.133321762084961
08309701381,apartment,0,9.2442,9.081518173217773
08310202938,apartment,6,9.0083,8.968818664550781
08317702111,apartment,0,9.0747,9.090502738952637
08319002060,apartment,6,8.8416,8.902020454406738
08321101542,apartment,0,9.2749,8.930543899536133
08322012322,apartment,6,9.4775,8.89753532409668
08322013701,apartment,6,9.1521,9.002311706542969
08322202385,apartment,6,9.2653,9.332986831665039
08322202474,apartment,6,9.1835,9.324331283569336
08322202482,apartment,6,9.2177,9.315742492675781
08322202741,apartment,6,9.1557,9.315742492675781
08322202751,apartment,6,9.2365,9.316832542419434
08322202962,apartment,6,9.2903,9.332986831665039
08322203063,apartment,6,9.2255,9.131485939025879
08322203217,apartment,6,9.1954,9.315742492675781
08322204159,apartment,6,9.1638,9.332547187805176
08322204302,apartment,6,9.1458,9.316832542419434
08500103531,apartment,6,8.8655,8.769009590148926
08501304522,apartment,6,8.969,8.845532417297363
08501304905,apartment,6,8.9778,8.993443489074707
08501305030,apartment,6,9.1324,8.837234497070312
08501305049,apartment,6,9.0839,8.837234497070312
08501305162,apartment,6,8.9988,8.842556953430176
08501305227,apartment,6,8.9415,8.845287322998047
08501305766,apartment,6,9.1553,8.848237991333008
08501306002,apartment,6,8.9419,8.84766674041748
08501306193,apartment,6,8.993,8.845332145690918
08501306207,apartment,6,9.1717,8.830544471740723
08501306541,apartment,6,8.9988,8.840921401977539
08501401005,apartment,6,8.8373,8.704995155334473
08501402060,apartment,6,8.8339,8.692421913146973
08501402443,apartment,6,8.8779,8.637519836425781
08501501281,apartment,6,8.3882,8.276888847351074
08501702277,apartment,6,8.7428,8.483757972717285
08501710180,apartment,6,9.6042,9.046245574951172
08501711608,apartment,6,8.6928,8.870997428894043
08501712884,apartment,6,8.7419,8.850184440612793
08502301624,apartment,6,9.2254,9.088552474975586
08502401051,apartment,6,9.0798,8.809344291687012
08502506005,apartment,6,9.0579,8.83207893371582
08502601891,apartment,6,9.2488,8.886492729187012
08502800371,apartment,6,8.7561,8.570249557495117
08503201429,apartment,6,8.2548,8.390496253967285
08503801231,apartment,6,9.0442,8.63322925567627
08503902036,apartment,6,9.1702,8.88366985321045
08506200911,apartment,6,9.1522,9.05488109588623
08506201055,apartment,6,9.1649,8.913743019104004
08506201527,apartment,6,9.0465,8.838284492492676
08506201551,apartment,6,9.0928,8.843750953674316
08506201675,apartment,6,9.0217,9.031816482543945
08506202183,apartment,6,9.1871,9.031816482543945
08506202396,apartment,6,9.0428,9.03062629699707
08506202434,apartment,6,9.1117,9.054220199584961
08506203201,apartment,6,9.1067,9.04940128326416
08506203384,apartment,6,9.0982,9.054220199584961
08509302073,apartment,6,9.3953,8.848638534545898
08509511624,apartment,6,8.6412,8.50391960144043
08509801916,apartment,6,8.7695,8.662010192871094
08509802548,apartment,6,8.7637,8.658561706542969
08509802637,apartment,6,8.9883,8.676167488098145
08510000761,apartment,6,8.2609,8.448376655578613
08510001340,apartment,6,8.6052,8.564919471740723
08510003602,apartment,6,8.9961,8.687023162841797
08510401888,apartment,6,9.2072,8.70310115814209
08510502668,apartment,6,8.81,8.576863288879395
08510604304,apartment,6,8.7403,8.1995210647583
08511702008,apartment,6,8.739,8.224723815917969
08511704604,apartment,6,8.4854,8.175960540771484
08511901442,apartment,6,8.6226,8.301862716674805
08511901647,apartment,6,8.4555,8.240647315979004
08512409134,apartment,6,9.5806,8.97085952758789
08512601957,apartment,6,8.8226,8.338959693908691
08512602937,apartment,6,8.8587,8.325395584106445
08512603054,apartment,6,8.4719,8.325395584106445
08512603631,apartment,6,8.4132,8.368337631225586
08512605391,apartment,6,8.9177,8.540304183959961
08512605677,apartment,6,8.959,8.735608100891113
08512701021,apartment,6,9.004,8.3793363571167
08512704462,apartment,6,8.6052,8.465264320373535
08512805471,apartment,6,8.5997,8.244056701660156
08513002410,apartment,6,8.6588,8.286437034606934
08513003311,apartment,6,8.9227,8.580114364624023
08513003387,apartment,6,8.8099,8.59243106842041
08514501755,apartment,6,9.0052,8.743311882019043
08514802321,apartment,6,9.2103,8.651047706604004
08516802094,apartment,6,8.7387,8.367716789245605
08528000321,apartment,6,9.0078,8.688154220581055
08528701565,apartment,6,8.9904,8.47700023651123
08532500651,apartment,6,8.7189,8.278038024902344
08534701067,apartment,6,8.775,8.663959503173828
08534701156,apartment,6,8.7456,8.643455505371094
08542601602,apartment,6,8.8127,8.593781471252441
08543002745,apartment,6,9.2322,8.881664276123047
08543800390,apartment,6,8.6886,8.515080451965332
08543900761,apartment,6,8.9203,8.756084442138672
08543901030,apartment,6,9.0368,8.772253036499023
08543901065,apartment,6,8.9028,8.772433280944824
08544301312,apartment,6,9.0106,8.529688835144043
08544401694,apartment,6,8.719,8.329061508178711
08545202768,apartment,6,9.0852,8.46639347076416
08545700776,apartment,6,8.786,8.458089828491211
08545801319,apartment,6,9.0632,8.646234512329102
08554400801,apartment,6,8.6163,8.379708290100098
08554400887,apartment,6,7.7778,8.232573509216309
08555401992,apartment,6,9.1576,8.932710647583008
08555402379,apartment,6,8.8906,8.81894588470459
08558702004,apartment,6,9.0448,8.92490291595459
08561402334,apartment,6,8.8377,8.636994361877441
08561403691,apartment,6,8.9808,8.708673477172852
08561404310,apartment,6,9.0706,8.700201034545898
08562402893,apartment,6,9.0456,8.654500007629395
08564301660,apartment,6,8.7979,8.697408676147461
08564303663,apartment,6,9.0006,8.685233116149902
08565703010,apartment,6,9.1945,8.810771942138672
08600503310,apartment,6,8.7723,8.752429008483887
08601001629,apartment,6,8.4226,8.433279991149902
08601004369,apartment,6,9.2841,8.949528694152832
08601202470,apartment,6,8.4434,8.353449821472168
08601601162,apartment,6,8.163,8.471508026123047
08601601200,apartment,6,8.0295,8.467357635498047
08601700705,apartment,6,8.5957,8.44974136352539
08602101864,apartment,6,8.6457,8.302083969116211
08602400969,apartment,6,8.7295,8.45522403717041
08602500701,apartment,6,8.5066,8.323012351989746
08602803893,apartment,6,8.541,8.462852478027344
08603401462,apartment,6,9.1384,8.897025108337402
08603401586,apartment,6,9.2512,8.891024589538574
08603402361,apartment,6,9.2937,9.046147346496582
08604605134,apartment,6,9.145,8.594535827636719
08604607781,apartment,6,8.8739,8.631261825561523
08604608494,apartment,6,9.2442,8.591447830200195
08605800666,apartment,6,9.1769,8.989331245422363
08605802367,apartment,6,9.3742,8.965730667114258
08605804548,apartment,6,9.1168,8.709149360656738
08605804807,apartment,6,9.1225,8.699167251586914
08607200771,apartment,6,8.558,8.091361045837402
08609700291,apartment,6,9.0919,8.828487396240234
08610501523,apartment,6,8.3858,8.268235206604004
08610604322,apartment,6,8.9845,8.407256126403809
08610701026,apartment,6,9.0336,8.382644653320312
08612001676,apartment,6,9.0562,8.680560111999512
08612301769,apartment,6,8.566,8.253005981445312
08613700993,apartment,6,8.6014,8.213933944702148
08613901026,apartment,6,8.6381,8.189876556396484
08615800758,apartment,6,8.6066,8.517083168029785
08616201432,apartment,6,8.6936,8.514897346496582
08617800917,apartment,6,8.7409,8.39418888092041
08621700506,apartment,6,8.743,8.22619342803955
08624100615,apartment,6,8.46,8.211267471313477
08624502845,apartment,6,8.6507,8.485807418823242
08624504880,apartment,6,8.8482,8.518267631530762
08624505631,apartment,6,8.6548,8.564010620117188
08625101364,apartment,6,8.1595,8.11251449584961
08625903010,apartment,6,8.8266,8.472029685974121
08626102534,apartment,6,8.8344,8.5111722946167
08626103352,apartment,6,8.8512,8.474876403808594
08627000662,apartment,6,7.8621,8.177029609680176
08629700238,apartment,6,8.6963,8.764565467834473
08629700408,apartment,6,8.7733,8.764565467834473
08629701201,apartment,6,8.8786,8.735960006713867
08632401051,apartment,6,8.0441,8.054585456848145
08632900889,apartment,6,8.4341,8.175941467285156
08635101936,apartment,6,9.1369,8.718087196350098
08635102614,apartment,6,8.9448,8.796903610229492
08637402046,apartment,6,9.2821,9.028977394104004
08639009058,apartment,6,8.446,8.349953651428223
08639009694,apartment,6,8.657,8.328157424926758
08639009945,apartment,6,8.7038,8.35707950592041
08639009971,apartment,6,8.7796,8.341377258300781
08639010382,apartment,6,8.7144,8.35707950592041
08639011931,apartment,6,8.7823,8.439516067504883
08639013901,apartment,6,8.816,8.469754219055176
08639014531,apartment,6,8.692,8.476485252380371
08639014965,apartment,6,8.5946,8.531978607177734
08639015066,apartment,6,8.8273,8.52092456817627
08643002151,apartment,6,8.2709,8.178250312805176
08643400777,apartment,6,8.5323,8.70073127746582
08643504262,apartment,6,8.9612,8.671743392944336
08700604038,apartment,8,8.6563,8.718127250671387
08700901229,apartment,8,9.0619,8.808298110961914
08700901296,apartment,8,8.8024,8.812539100646973
08700902111,apartment,8,8.897,8.8115234375
08701103199,apartment,8,9.0517,8.886764526367188
08701103334,apartment,8,8.8589,8.884317398071289
08701104500,apartment,8,8.8891,8.884317398071289
08701105302,apartment,8,9.0213,8.885598182678223
08701105825,apartment,8,8.9825,8.884027481079102
08701106341,apartment,8,8.9435,8.881580352783203
08701107143,apartment,8,9.0569,8.88669490814209
08701107402,apartment,8,8.8255,8.89122200012207
08701204467,apartment,8,8.8356,8.813414573669434
08701801910,apartment,2,8.7855,8.788511276245117
08703600701,apartment,2,8.4021,8.4440336227417
08704300531,apartment,2,7.7987,8.365260124206543
08705501377,apartment,2,8.3078,8.68618392944336
08705503094,apartment,2,8.5801,8.660735130310059
08705505526,apartment,2,8.7035,8.69757080078125
08705509629,apartment,2,8.7948,8.761201858520508
08706800866,apartment,2,8.0082,8.290005683898926
08707202751,apartment,2,8.7855,8.803176879882812
08707203063,apartment,2,8.712,8.818211555480957
08707302371,apartment,2,8.3914,8.774801254272461
08707303173,apartment,2,9.0301,8.77785587310791
08707308345,apartment,2,8.6103,8.713397979736328
08707502141,apartment,2,8.833,8.809609413146973
08707503938,apartment,2,8.8763,8.7410249710083
08707601611,apartment,2,8.7508,8.74787425994873
08707602863,apartment,2,8.6871,8.731644630432129
08707604394,apartment,2,9.0078,8.868988037109375
08707605196,apartment,2,8.9418,8.852395057678223
08707605420,apartment,2,9.0208,8.844466209411621
08708801649,apartment,2,8.5828,8.539560317993164
08709201742,apartment,2,8.2421,8.5735445022583
08711600764,apartment,6,8.7788,8.659249305725098
08712202622,apartment,6,8.9246,8.835902214050293
08714301865,apartment,6,8.8273,8.558953285217285
08714901056,apartment,6,8.5393,8.240447998046875
08714901129,apartment,6,7.9234,8.242368698120117
08716001117,apartment,6,8.673,8.472649574279785
08716400712,apartment,6,8.6406,8.372783660888672
08717401402,apartment,6,8.8501,8.560367584228516
08717800889,apartment,6,8.5905,8.34676456451416
08719601026,apartment,6,8.7082,8.661494255065918
08720600607,apartment,2,8.7197,8.65040397644043
08721501297,apartment,2,8.5732,8.405550956726074
08725501984,apartment,8,8.8988,8.82978343963623
08725502263,apartment,8,8.8199,8.844389915466309
08731403778,apartment,2,8.6748,8.615056037902832
08731403832,apartment,2,8.6467,8.607293128967285
08731406173,apartment,2,8.8647,8.785954475402832
08731500358,apartment,2,8.7614,8.505128860473633
08731502581,apartment,2,8.7392,8.534918785095215
08731502989,apartment,2,8.9012,8.527546882629395
08731504329,apartment,2,8.7415,8.539193153381348
08731510566,apartment,2,8.8199,8.511672019958496
08736602221,apartment,8,8.3702,8.50265121459961
08737401939,apartment,6,8.3952,8.392839431762695
08739605620,apartment,2,8.9215,8.744161605834961
08739608093,apartment,2,8.8666,8.732370376586914
08741000153,apartment,2,8.1461,8.274327278137207
08742402050,apartment,8,8.7292,8.759109497070312
08743401074,apartment,8,8.8173,8.746489524841309
08743401708,apartment,8,8.8457,8.76781940460205
08743403026,apartment,8,8.6472,8.778450965881348
08743404030,apartment,8,8.8597,8.76988410949707
08743404340,apartment,8,8.7978,8.767560958862305
08743405428,apartment,8,8.904,8.767531394958496
08743503667,apartment,8,8.4777,8.53684139251709
08744402031,apartment,6,8.4045,8.415315628051758
08745502791,apartment,2,8.6498,8.788933753967285
08745502846,apartment,2,9.1265,8.77759075164795
08745503702,apartment,2,8.8411,8.763131141662598
08747500808,apartment,2,8.3131,8.47954273223877
08747501634,apartment,2,8.0732,8.442464828491211
08801301472,apartment,2,8.767,8.6949462890625
08801302411,apartment,2,8.7641,8.68054485321045
08801304293,apartment,2,8.621,8.690171241760254
08801307561,apartment,2,8.6305,8.674520492553711
08801308035,apartment,2,8.8069,8.675307273864746
08801309147,apartment,2,8.8049,8.706096649169922
08802600392,apartment,2,7.6726,8.402864456176758
08803404831,apartment,2,8.9598,8.906766891479492
08803503714,apartment,2,8.294,8.345817565917969
08803505938,apartment,2,8.7993,8.746472358703613
08803507450,apartment,2,8.7711,8.706710815429688
08803601651,apartment,2,8.5969,8.3764066696167
08803602011,apartment,2,8.2752,8.365971565246582
08803605932,apartment,2,8.8078,8.698942184448242
08803900950,apartment,2,8.702,8.55997371673584
08804100435,apartment,2,8.7638,8.77527904510498
08804607033,apartment,6,8.7787,8.851611137390137
08809301692,apartment,2,8.2076,8.279526710510254
08813004346,apartment,2,8.3409,8.647544860839844
08814600831,apartment,2,8.7718,8.756709098815918
08815808574,apartment,2,8.9252,8.407730102539062
08815808701,apartment,2,8.7072,8.413121223449707
08815810641,apartment,2,8.8943,8.582791328430176
08815813993,apartment,2,8.851,8.601702690124512
08815816951,apartment,2,8.1637,8.578778266906738
08815817689,apartment,2,8.5861,8.628681182861328
08816201371,apartment,2,8.2315,8.265767097473145
08816901101,apartment,2,8.9858,8.571494102478027
08817006076,apartment,2,8.2819,8.2493257522583
08817008168,apartment,2,8.4914,8.175631523132324
08817015695,apartment,2,8.645,8.52408218383789
08817016675,apartment,2,8.6871,8.544169425964355
08817017183,apartment,2,8.5922,8.562311172485352
08817201006,apartment,6,8.4106,8.420025825500488
08824100724,apartment,2,8.262,8.166522979736328
08827201033,apartment,2,8.0635,8.44072151184082
08829803731,apartment,2,8.1125,8.353445053100586
08829806706,apartment,2,8.5764,8.774917602539062
08900201107,apartment,6,8.285,8.162373542785645
08900201247,apartment,6,8.2021,8.160568237304688
08901000563,apartment,2,8.3523,8.60214900970459
08901001187,apartment,2,8.5717,8.608708381652832
08901501503,apartment,6,8.6565,8.449028015136719
08901501899,apartment,6,8.4764,8.509846687316895
08902501280,apartment,6,8.145,8.076351165771484
08902601498,apartment,6,7.6866,8.0973539352417
08903902467,apartment,6,8.7618,8.505230903625488
08904300398,apartment,6,8.7126,8.485084533691406
08905203523,apartment,6,8.7458,8.730790138244629
08905203779,apartment,6,8.6226,8.711783409118652
08905204201,apartment,6,8.8869,8.679801940917969
08906001800,apartment,6,8.948,8.428959846496582
08907307326,apartment,2,8.8728,8.673056602478027
08907308039,apartment,2,8.3288,8.51372241973877
08907602522,apartment,2,8.2209,8.167694091796875
08907603294,apartment,2,7.94,8.175847053527832
08907603367,apartment,2,8.2114,8.188142776489258
08907802459,apartment,2,8.8418,8.742607116699219
08908200908,apartment,2,8.7116,8.628371238708496
08908300856,apartment,2,8.3326,8.378973960876465
08908609377,apartment,2,8.7068,8.599228858947754
08909502150,apartment,2,8.0591,8.343128204345703
08910301996,apartment,2,8.8739,8.68367862701416
08910405341,apartment,2,8.3317,8.113186836242676
08910503866,apartment,2,8.4511,8.280865669250488
08910900628,apartment,2,8.008,8.043521881103516
08911101214,apartment,2,8.2236,8.071612358093262
08911101427,apartment,2,8.1117,8.116464614868164
08911103721,apartment,2,8.85,8.594508171081543
08911300594,apartment,2,8.0443,8.018068313598633
08911400221,apartment,2,8.2788,8.085917472839355
08911700983,apartment,2,8.0091,8.081575393676758
08911801852,apartment,2,7.9605,8.157400131225586
08913306085,apartment,2,8.1117,8.147753715515137
08913306549,apartment,2,7.3995,8.052779197692871
08913502887,apartment,2,8.4487,8.402198791503906
08913807191,apartment,2,8.2063,8.478937149047852
08915101855,apartment,2,8.4338,8.395081520080566
08915101979,apartment,2,8.3927,8.41292953491211
08915103051,apartment,2,8.4407,8.384291648864746
08919300501,apartment,2,7.9245,8.088053703308105
08921005692,apartment,2,7.7207,8.0792875289917
08921400575,apartment,2,7.9933,8.071797370910645
08923300446,apartment,2,8.08,8.081290245056152
08927200764,apartment,2,8.1176,8.204445838928223
08931200757,apartment,1,8.2599,8.24191951751709
08931501341,apartment,1,8.5312,8.418469429016113
08946600667,apartment,1,7.8837,8.223273277282715
08950001624,apartment,1,8.5308,8.387407302856445
08950602776,apartment,1,8.2453,8.551529884338379
08950602997,apartment,1,8.1117,8.544687271118164
08950603713,apartment,1,8.2851,8.548748016357422
08950604231,apartment,1,8.1468,8.548748016357422
08956201633,apartment,1,8.4454,8.291468620300293
08956400792,apartment,1,8.6507,8.585538864135742
08956801363,apartment,1,7.6487,8.124719619750977
08958502584,apartment,2,8.1075,7.989587783813477
08958503068,apartment,2,8.1328,7.981748580932617
08958700866,apartment,2,8.6616,8.412524223327637
08959404276,apartment,2,8.2005,8.010764122009277
08959404853,apartment,2,8.5489,8.154974937438965
09005902256,apartment,2,8.7403,8.526921272277832
09006001521,apartment,2,8.8388,8.642602920532227
09006103330,apartment,2,8.0014,8.592509269714355
09006106259,apartment,2,9.2438,8.80329704284668
09006109681,apartment,2,8.9959,8.688786506652832
09006302422,apartment,2,8.1524,8.304885864257812
09006702935,apartment,2,8.4746,8.559355735778809
09009410463,apartment,2,8.0491,8.088191032409668
09009411478,apartment,2,8.1565,8.112540245056152
09010601072,apartment,2,8.184,8.65816879272461
09015000360,apartment,2,8.8235,8.46347427368164
09015000743,apartment,2,8.6775,8.469934463500977
09015001359,apartment,2,8.749,8.471759796142578
09015002630,apartment,2,8.6588,8.47644329071045
09015003912,apartment,2,8.6588,8.481386184692383
09015004072,apartment,2,8.6494,8.473872184753418
09015004196,apartment,2,8.7139,8.473872184753418
09015004382,apartment,2,8.6204,8.47644329071045
09019400347,apartment,2,8.3174,8.292489051818848
09019400721,apartment,2,8.3402,8.308228492736816
09028100334,apartment,2,8.6842,8.706069946289062
09033101033,apartment,2,8.1658,8.085134506225586
09034604632,apartment,2,8.9399,8.639089584350586
09035530152,apartment,2,8.1676,8.280023574829102
09036700991,apartment,2,7.9258,8.125943183898926
09040201803,apartment,2,8.0064,8.265263557434082
09042303670,apartment,2,8.0334,8.158794403076172
09042304898,apartment,2,8.0875,8.210376739501953
09042305320,apartment,2,8.0418,8.16712760925293
09042308087,apartment,2,7.9269,8.16569709777832
09042309679,apartment,2,8.036,8.145256996154785
09042310049,apartment,2,8.1287,8.136818885803223
09042310375,apartment,2,8.0247,8.161048889160156
09042310774,apartment,2,8.0626,8.161048889160156
09042401443,apartment,2,8.5014,8.430309295654297
09042403292,apartment,2,8.3648,8.421667098999023
09042403543,apartment,2,8.5532,8.429194450378418
09043100862,apartment,2,8.2889,8.427604675292969
09043100919,apartment,2,8.3866,8.422833442687988
09043102921,apartment,2,8.2788,8.414299011230469
09043103853,apartment,2,8.2396,8.420866966247559
09043105643,apartment,2,8.5042,8.472515106201172
09043107581,apartment,2,8.3894,8.448111534118652
09043107859,apartment,2,8.3729,8.52622127532959
09043108456,apartment,2,8.5172,8.518594741821289
09043110175,apartment,2,8.7471,8.52646255493164
09044401866,apartment,2,8.2011,8.259475708007812
09044402171,apartment,2,8.2011,8.258895874023438
09044405802,apartment,2,8.6226,8.63679027557373
09045701529,apartment,2,8.0472,8.310166358947754
09046100251,apartment,2,8.395,8.248839378356934
09046200205,apartment,2,8.784,8.323456764221191
09046202747,apartment,2,8.5647,8.184581756591797
09046207323,apartment,2,8.6068,8.7101469039917
09046806235,apartment,2,8.1846,8.16248607635498
09046809722,apartment,2,8.4001,8.280111312866211
09046814823,apartment,2,8.096,8.159377098083496
09046831566,apartment,2,8.3958,8.17818832397461
09100302031,apartment,1,8.4727,8.334284782409668
09101202332,apartment,1,8.655,8.399102210998535
09101700898,apartment,1,7.9731,8.142449378967285
09101703048,apartment,1,7.7926,8.116646766662598
09102504596,apartment,1,8.1572,8.154516220092773
09102506785,apartment,1,8.1117,8.121111869812012
09104302710,apartment,2,8.0002,8.162175178527832
09104305681,apartment,2,8.0677,8.340902328491211
09104305922,apartment,2,8.118,8.335336685180664
09106107168,apartment,1,8.5778,8.45578384399414
09107603568,apartment,1,8.1543,8.201333045959473
09109503595,apartment,2,7.988,7.936307907104492
09116900839,apartment,2,8.0029,7.992913722991943
09117000572,apartment,2,7.6868,7.968142032623291
09117200261,apartment,2,8.24,8.057207107543945
09117201901,apartment,2,8.096,8.029170989990234
09117203457,apartment,2,8.1117,8.026888847351074
09121200701,apartment,2,8.3329,8.047134399414062
09121300641,apartment,2,7.9487,8.040287971496582
09122600507,apartment,2,7.9374,8.04899787902832
09122602356,apartment,2,8.7584,8.755852699279785
09125600737,apartment,2,8.0251,7.948334693908691
09136501077,apartment,2,7.7915,8.029894828796387
09159402571,apartment,1,8.3234,8.166175842285156
09159404248,apartment,1,8.0362,8.12709903717041
09302502341,apartment,2,8.0539,8.218616485595703
09302506681,apartment,2,8.5598,8.691635131835938
09302705250,apartment,2,8.5397,8.531213760375977
09302710221,apartment,2,8.729,8.537718772888184
09303401255,apartment,2,8.2182,8.229065895080566
09303402863,apartment,2,8.2912,8.390142440795898
09303404173,apartment,2,8.409,8.481339454650879
09303502736,apartment,2,8.4942,8.351822853088379
09303504097,apartment,2,8.6269,8.31468677520752
09303504771,apartment,2,8.5913,8.336246490478516
09303505220,apartment,2,8.5999,8.34136962890625
09304001900,apartment,2,8.7829,8.425751686096191
09304003393,apartment,2,8.5854,8.435844421386719
09304507774,apartment,2,8.6735,8.589218139648438
09305601707,apartment,2,8.3755,8.527900695800781
09422301203,apartment,2,8.3453,7.99785852432251
09422309832,apartment,2,8.253,8.03098201751709
09422316911,apartment,2,8.4039,8.405054092407227
09422318580,apartment,2,8.7226,8.394254684448242
09531200882,apartment,2,8.5717,8.672510147094727
09532300201,apartment,2,8.1566,8.296454429626465
09532302727,apartment,2,8.2311,8.296454429626465
09532307656,apartment,2,7.9823,8.177358627319336
09532307761,apartment,2,8.1787,8.166972160339355
09532308229,apartment,2,8.1188,8.168888092041016
09532309535,apartment,2,7.8796,8.213926315307617
09532310746,apartment,2,8.0754,8.168888092041016
09544401423,apartment,2,8.2821,8.0940523147583
09544401784,apartment,2,8.0776,8.038192749023438
09602310766,apartment,7,8.6042,8.80771255493164
09602600381,apartment,7,9.1281,8.719173431396484
09612701636,apartment,7,9.1384,8.718635559082031
09700205533,apartment,7,9.0052,8.607552528381348
09700208214,apartment,7,8.6995,8.463343620300293
09700300773,apartment,7,8.8397,8.445662498474121
09700306984,apartment,7,8.723,8.515606880187988
09700307360,apartment,7,8.657,8.621208190917969
09700307549,apartment,7,8.635,8.622855186462402
09700307662,apartment,7,8.6515,8.62067699432373
09700307816,apartment,7,8.6068,8.60201644897461
09700307913,apartment,7,8.6835,8.520867347717285
09700308065,apartment,7,8.5994,8.516626358032227
09700308278,apartment,7,8.6995,8.511260986328125
09700701964,apartment,7,8.7135,8.838680267333984
09700704483,apartment,7,8.796,8.851032257080078
09700900169,apartment,7,8.7471,8.427061080932617
09700902242,apartment,7,8.8521,8.430527687072754
09701400313,apartment,7,8.9505,8.786811828613281
09701705378,apartment,7,8.7248,8.629600524902344
09703300243,apartment,7,8.6439,8.482272148132324
09706400737,apartment,7,8.6728,8.483820915222168
09712609626,apartment,7,8.7866,8.851177215576172
09800600981,apartment,7,8.8408,8.696549415588379
09801105593,apartment,7,8.6771,8.647114753723145
09801106913,apartment,7,8.6622,8.653031349182129
09801111356,apartment,7,8.6836,8.652677536010742
09801114649,apartment,7,8.4684,8.660415649414062
09801801018,apartment,7,8.8551,8.595540046691895
09801801832,apartment,7,8.6886,8.596996307373047
09801803002,apartment,7,8.7422,8.60470962524414
09801803673,apartment,7,8.7776,8.603842735290527
09803000454,apartment,7,8.5496,8.674996376037598
09803005103,apartment,7,8.9492,8.800283432006836
09803007807,apartment,7,8.906,8.768782615661621
09803008544,apartment,7,8.9621,8.76449966430664
09803009516,apartment,7,9.1097,8.781362533569336
09803009613,apartment,7,8.9519,8.797776222229004
09803011650,apartment,7,9.0717,8.858055114746094
09803015230,apartment,7,8.844,8.857787132263184
09803015680,apartment,7,8.8699,8.849071502685547
09803016148,apartment,7,8.8749,8.849071502685547
09803016229,apartment,7,8.9177,8.863401412963867
09803016441,apartment,7,8.9025,8.844213485717773
09803019023,apartment,7,8.9018,8.833712577819824
09803103180,apartment,7,9.109,8.765130996704102
09803202537,apartment,7,8.9154,8.642634391784668
09803404954,apartment,7,8.615,8.799142837524414
09803405500,apartment,7,8.6514,8.806657791137695
09803405721,apartment,7,8.6691,8.806657791137695
09803406426,apartment,7,8.7175,8.817873001098633
09806302771,apartment,7,8.4543,8.992427825927734
09806500695,apartment,7,8.298,8.451454162597656
09900300386,apartment,7,8.2157,8.707951545715332
09900301455,apartment,7,8.4014,8.717914581298828
09900701062,apartment,7,8.8739,9.121742248535156
09901302706,apartment,7,8.7767,9.00170612335205
09901901375,apartment,7,8.6482,9.13278865814209
09904200564,apartment,7,8.6336,8.715743064880371
09904313253,apartment,7,8.5685,8.589757919311523
09904700516,apartment,7,8.2889,8.630071640014648
09905404155,apartment,7,8.7845,8.844206809997559
10002403918,apartment,9,8.3229,8.019732475280762
10003003824,apartment,9,8.4919,8.140298843383789
10003006203,apartment,9,7.9949,8.049837112426758
10003202177,apartment,9,8.2109,8.01170825958252
10005500795,apartment,9,8.2687,8.078804969787598
10005501406,apartment,9,7.8438,7.890531063079834
10005701499,apartment,9,8.2586,8.010259628295898
10005701960,apartment,9,8.3211,8.015491485595703
10009301584,apartment,9,8.6196,8.429515838623047
10009301703,apartment,9,8.6544,8.439261436462402
10009301851,apartment,9,8.7224,8.429689407348633
10009501842,apartment,9,8.5613,8.397171020507812
10100705651,apartment,8,8.0652,8.39193058013916
10105300501,apartment,8,7.9237,8.078086853027344
10107103991,apartment,8,8.2846,8.532811164855957
10107104831,apartment,8,8.6435,8.705948829650879
10107105399,apartment,8,8.7556,8.72887134552002
10111003546,apartment,8,8.165,8.43027114868164
10111400359,apartment,8,7.893,8.489668846130371
10111500744,apartment,8,8.1051,8.41916275024414
10111503204,apartment,8,8.2506,8.513908386230469
10111602946,apartment,8,8.4363,8.608881950378418
10113500652,apartment,8,7.8994,8.48211669921875
10115701116,apartment,8,8.2754,8.516865730285645
10120900490,apartment,8,8.4106,8.515497207641602
10120901403,apartment,8,8.2987,8.53807258605957
10131202048,apartment,8,8.6849,8.78190803527832
10131207392,apartment,8,8.6541,8.820467948913574
10131207414,apartment,8,8.9029,8.851570129394531
10131207910,apartment,8,8.6173,8.804080963134766
10131211594,apartment,8,8.8114,8.802302360534668
10132403640,apartment,8,8.3447,8.619452476501465
10134501798,apartment,8,8.4142,8.495414733886719
10138501040,apartment,8,9.0211,8.929137229919434
10138600421,apartment,8,8.8363,8.532499313354492
10138600537,apartment,8,8.788,8.520967483520508
10139100406,apartment,8,8.3792,8.424149513244629
10139905463,apartment,8,8.3432,8.59996223449707
10139906001,apartment,8,8.323,8.576228141784668
10139906011,apartment,8,8.363,8.577250480651855
10139907008,apartment,8,8.4704,8.587007522583008
10139907733,apartment,8,8.362,8.59935188293457
10139908616,apartment,8,8.321,8.577250480651855
10139909371,apartment,8,8.3392,8.574934959411621
10139910319,apartment,8,8.3332,8.580172538757324
10139910351,apartment,8,8.3432,8.577250480651855
10140000622,apartment,8,8.2344,8.429529190063477
10141401094,apartment,8,8.5629,8.418941497802734
10141503288,apartment,8,9.0606,8.753621101379395
10148607445,apartment,8,8.3284,8.48615837097168
10148607501,apartment,8,8.331,8.484858512878418
10149701054,apartment,8,9.2793,8.92778205871582
10152800319,apartment,8,8.4768,8.46616268157959
10152801501,apartment,8,8.5655,8.46616268157959
10152904416,apartment,8,8.7898,8.590493202209473
10154604339,apartment,6,8.1328,8.910407066345215
10154900825,apartment,8,8.2154,8.442943572998047
10155401921,apartment,6,7.8753,8.406746864318848
10155500758,apartment,8,7.6585,8.119349479675293
10155702660,apartment,8,8.4355,8.442277908325195
10155703020,apartment,8,8.3691,8.472038269042969
10155704515,apartment,8,8.5263,8.448014259338379
10155704906,apartment,8,8.3584,8.437681198120117
10155705491,apartment,8,7.8414,8.440031051635742
10155706186,apartment,8,8.0914,8.460987091064453
10157707368,apartment,8,8.3093,8.439620971679688
10158303791,apartment,8,8.4039,8.636837005615234
10158304747,apartment,8,8.6036,8.647027015686035
10161602702,apartment,8,8.476,8.595726013183594
10161603407,apartment,8,8.4167,8.511609077453613
10163000531,apartment,8,8.353,8.503748893737793
10203000731,apartment,9,8.4764,8.449892044067383
10203000942,apartment,9,8.4764,8.4443359375
10203201328,apartment,9,8.5172,8.166141510009766
10206600762,apartment,9,8.2453,8.386735916137695
10206601076,apartment,9,8.581,8.331265449523926
10206601467,apartment,9,8.6411,8.322381973266602
10206603079,apartment,9,8.5239,8.404031753540039
10206604581,apartment,9,8.4674,8.29873275756836
10206605217,apartment,9,8.5074,8.315095901489258
10208802826,apartment,9,8.8049,8.306193351745605
10209700571,apartment,9,8.0696,8.032180786132812
10209900805,apartment,9,8.6201,8.501513481140137
10210403046,apartment,9,8.4905,8.409775733947754
10211104530,apartment,9,8.6226,8.726604461669922
10211803307,apartment,9,8.7487,8.411491394042969
10211803358,apartment,9,8.6928,8.370061874389648
10211902720,apartment,9,8.5778,8.300436019897461
10302533582,apartment,2,8.1784,8.06784725189209
10302557600,apartment,2,7.9434,8.447515487670898
10302558879,apartment,2,7.8685,8.321179389953613
10304700834,apartment,2,8.4289,8.1442289352417
10304701581,apartment,2,8.5172,8.134110450744629
10305004505,apartment,8,8.8493,8.816596984863281
10401000965,apartment,7,7.8924,8.080552101135254
10401101591,apartment,7,7.6927,8.038527488708496
10402401939,apartment,7,8.1557,8.109281539916992
10402701037,apartment,7,8.3211,8.382034301757812
10404904113,apartment,7,7.8604,7.967942237854004
10405501136,apartment,7,7.8147,8.29232120513916
10405504178,apartment,7,8.1699,8.739424705505371
10407402356,apartment,7,8.1252,8.264547348022461
10407406440,apartment,7,8.1222,8.266311645507812
10409501343,apartment,7,8.3052,8.394338607788086
10410304181,apartment,7,8.5929,8.901365280151367
10410304688,apartment,7,8.4555,8.890037536621094
10410305171,apartment,7,8.4555,8.889564514160156
10410902216,apartment,7,8.1229,8.612089157104492
10411401687,apartment,7,8.1807,8.646455764770508
10411500741,apartment,7,8.1281,8.628132820129395
10414005138,apartment,7,8.3786,8.599357604980469
10414007343,apartment,7,8.0064,8.610309600830078
10417801172,apartment,7,8.6715,9.094189643859863
10417801830,apartment,7,8.5629,9.103791236877441
10417802276,apartment,7,8.5035,9.099849700927734
10417802357,apartment,7,8.5172,9.094189643859863
10417802594,apartment,7,8.511,9.094189643859863
10417802721,apartment,7,8.5759,9.094529151916504
10417803485,apartment,7,8.5295,9.099849700927734
10417803817,apartment,7,8.6055,9.10244083404541
10417803868,apartment,7,8.5591,9.099849700927734
10417804252,apartment,7,8.7018,9.11685562133789
10502300999,apartment,7,8.2659,8.465934753417969
10516003525,apartment,7,8.7248,8.77746295928955
10628102304,apartment,7,8.5172,8.620637893676758
10707517256,apartment,7,8.3406,8.423422813415527
10709300629,apartment,7,8.5887,8.439424514770508
10711202647,apartment,7,8.1147,8.33035945892334
10718500996,apartment,7,8.1242,8.292569160461426
10718504428,apartment,7,8.0362,8.304556846618652
10721603342,apartment,7,7.8445,7.928578853607178
10722401077,apartment,7,8.057,8.178622245788574
10729500771,apartment,4,7.9798,7.8760175704956055
10729501646,apartment,4,7.9406,7.886532783508301
10743504223,apartment,7,8.2896,8.2142972946167
10743508547,apartment,7,8.6608,8.292450904846191
10743512838,apartment,7,8.6026,8.391892433166504
10743514377,apartment,7,8.5879,8.418047904968262
10743602306,apartment,7,8.5325,8.410894393920898
10744702150,apartment,7,8.0543,8.217065811157227
10744703025,apartment,7,8.096,8.23046588897705
10904302015,apartment,4,8.6975,8.209931373596191
10905202952,apartment,4,8.4584,8.233330726623535
10905208004,apartment,4,8.2352,8.236440658569336
11020401280,apartment,3,8.1229,8.099584579467773
11021301271,apartment,3,8.4431,8.460058212280273
11021901953,apartment,3,8.2428,8.172608375549316
11024302570,apartment,3,8.0064,8.1409912109375
11028801040,apartment,3,8.8049,8.595060348510742
11029000726,apartment,3,8.3349,8.534016609191895
11042602645,apartment,3,7.7047,8.046371459960938
11048102131,apartment,3,7.8835,8.062145233154297
11048702323,apartment,3,7.9633,8.134481430053711
11050712780,apartment,3,8.5983,8.575244903564453
11050713663,apartment,3,8.7403,8.634627342224121
11052002233,apartment,3,8.4142,8.266374588012695
11106601849,apartment,3,8.1022,8.476287841796875
11133301036,apartment,5,8.5119,8.593570709228516
11140700684,apartment,5,8.0839,7.974870204925537
11148805027,apartment,3,8.2224,8.187753677368164
11155307185,apartment,3,8.2998,8.21565055847168
11155307649,apartment,3,8.2428,8.207751274108887
11159200695,apartment,5,7.9549,8.103057861328125
11159203317,apartment,5,8.1106,8.098477363586426
11242200664,apartment,5,8.1713,8.203563690185547
11244401071,apartment,5,8.1605,8.175600051879883
11244401349,apartment,5,8.2586,8.171038627624512
11245601635,apartment,5,8.1728,7.997570037841797
11263103277,apartment,5,8.2623,8.123337745666504
11266402194,apartment,5,7.9137,7.874057769775391
11266406122,apartment,5,8.1237,8.027801513671875
11266406157,apartment,5,8.0893,8.019390106201172
11266406289,apartment,5,8.0195,8.033573150634766
11266406300,apartment,5,8.074,8.033573150634766
11267100541,apartment,5,8.3837,8.091075897216797
11285702149,apartment,5,8.0725,7.993452548980713
11285702238,apartment,5,8.2548,8.005483627319336
11301001855,apartment,3,8.8763,8.637967109680176
11302301445,apartment,3,8.4482,8.434290885925293
11304102601,apartment,3,8.0826,8.236776351928711
11308301161,apartment,3,8.5674,8.64205551147461
11308301242,apartment,3,8.5913,8.666227340698242
11316501034,apartment,3,8.2572,8.510795593261719
11316501069,apartment,3,8.4248,8.59106159210205
11316501107,apartment,3,8.5638,8.608304023742676
11317900714,apartment,3,8.7139,8.67216682434082
11325200981,apartment,3,8.645,8.652788162231445
11342201451,apartment,3,8.0668,8.200833320617676
11360701248,apartment,3,8.3549,8.554411888122559
11361500416,apartment,3,8.6088,8.455065727233887
11361501481,apartment,3,8.5705,8.465210914611816
11361502664,apartment,3,8.4752,8.467752456665039
11361503423,apartment,3,8.5442,8.46695613861084
11361505043,apartment,3,8.3311,8.498291015625
11361506155,apartment,3,8.5172,8.496979713439941
11400101068,apartment,5,8.2601,8.21183967590332
11405800193,apartment,5,7.9427,8.199237823486328
11406405204,apartment,5,8.5025,8.605798721313477
11407505504,apartment,5,8.4233,8.232338905334473
11408601590,apartment,5,8.3228,8.294246673583984
11408901195,apartment,5,7.9896,7.9655609130859375
11409903183,apartment,5,8.1532,8.099525451660156
11410800813,apartment,5,7.9896,8.127684593200684
11410800945,apartment,5,8.2428,8.143674850463867
11411003089,apartment,5,8.3371,8.202914237976074
11411003501,apartment,5,8.2372,8.239337921142578
11411003585,apartment,5,8.294,8.263043403625488
11411003658,apartment,5,8.1676,8.264122009277344
11411003755,apartment,5,8.3096,8.261829376220703
11411201476,apartment,5,7.7164,7.959639549255371
11411203924,apartment,5,7.7609,7.95845890045166
11411204009,apartment,5,7.8835,7.959639549255371
11411601806,apartment,5,8.0258,8.202981948852539
11412601346,apartment,5,8.3761,8.182607650756836
11412601370,apartment,5,8.3147,8.218501091003418
11412701881,apartment,5,8.2089,8.34848403930664
11419901205,apartment,5,8.2562,8.195954322814941
11419902066,apartment,5,8.163,8.311308860778809
11425501140,apartment,5,7.9274,7.9146928787231445
11425801357,apartment,5,8.274,8.16239070892334
11426200756,apartment,5,7.6393,7.928380489349365
11430100868,apartment,5,8.2295,8.132265090942383
11437604861,apartment,5,8.0709,7.936770915985107
11437605671,apartment,5,8.2245,8.17278003692627
11437607585,apartment,5,8.5034,8.144574165344238
11437608336,apartment,5,8.3837,8.019146919250488
11437611035,apartment,5,8.4839,8.040518760681152
11439100593,apartment,5,8.2187,8.161197662353516
11501805338,apartment,5,7.7571,8.400729179382324
11510500870,apartment,5,8.4145,8.735676765441895
11523504111,apartment,5,7.7245,7.907479286193848
11523504764,apartment,5,7.8793,7.890477180480957
11524900711,apartment,5,7.683,8.203092575073242
11524900949,apartment,5,7.9922,8.202693939208984
11534402348,apartment,5,8.197,8.15601921081543
11534403298,apartment,5,8.1932,8.15601921081543
11534403336,apartment,5,7.7232,8.15601921081543
11604903529,apartment,3,8.4347,8.345850944519043
11604904861,apartment,3,7.9547,8.355777740478516
11605503990,apartment,3,8.4592,8.399984359741211
11605506450,apartment,3,8.4068,8.440698623657227
11605507988,apartment,3,8.2637,8.431974411010742
11607503262,apartment,3,8.2421,8.457076072692871
11609500775,apartment,3,8.4505,8.508797645568848
11609500805,apartment,3,8.4505,8.511396408081055
11625001532,apartment,3,8.3261,8.587327003479004
11626402786,apartment,3,7.9576,8.152070045471191
11626402999,apartment,3,8.0247,8.159049987792969
11626403121,apartment,3,8.0998,8.160200119018555
11626701937,apartment,3,8.3904,8.316615104675293
11626702399,apartment,3,8.1468,8.309953689575195
11631704418,apartment,3,8.2538,8.15907096862793
11631704884,apartment,3,8.1759,8.16661548614502
11631903331,apartment,3,8.3106,8.184486389160156
11632001501,apartment,3,8.294,8.227654457092285
11632004754,apartment,3,8.5939,8.288057327270508
11632802731,apartment,3,8.1483,8.137012481689453
11633001813,apartment,3,8.3538,8.297627449035645
11633004251,apartment,3,8.2793,8.266940116882324
11633004987,apartment,3,8.0995,8.288985252380371
11636201341,apartment,3,8.4882,8.406668663024902
11640200796,apartment,3,8.3931,8.41430377960205
11640204279,apartment,3,8.279,8.390764236450195
11640204465,apartment,3,8.0317,8.294486999511719
11640204570,apartment,3,8.1858,8.307844161987305
11640204953,apartment,3,8.2245,8.397522926330566
11640703259,apartment,3,7.9576,8.275093078613281
11643901019,apartment,3,8.5172,8.806920051574707
11652604889,apartment,3,8.2703,8.447806358337402
11652606822,apartment,3,8.4652,8.505172729492188
11653701543,apartment,3,8.0677,8.086392402648926
11653802412,apartment,3,8.1892,8.494072914123535
11715200887,apartment,3,8.0376,8.323504447937012
11719500664,apartment,3,8.462,8.533038139343262
11726500801,apartment,3,8.5402,8.630231857299805
11728601346,apartment,3,8.0403,8.069657325744629
11730900673,apartment,3,8.1407,8.142250061035156
11730902544,apartment,3,8.1689,8.0982666015625
11730905829,apartment,3,8.1987,8.186944961547852
11730907112,apartment,3,8.689,8.263748168945312
11738704873,apartment,3,8.2376,8.082037925720215
11738707473,apartment,3,8.0995,8.097978591918945
11738708208,apartment,3,8.0225,8.082037925720215
11738708380,apartment,3,8.1535,8.099214553833008
11738708801,apartment,3,8.1358,8.097978591918945
11738709824,apartment,3,8.034,8.095893859863281
11739904353,apartment,3,8.2998,8.448436737060547
11741108331,apartment,3,8.5919,8.62037181854248
11744205913,apartment,3,8.1266,8.180414199829102
11744214017,apartment,3,8.6551,8.631518363952637
11808300571,apartment,3,8.1987,8.473593711853027
11812900731,apartment,3,8.3862,8.57209300994873
11819601969,apartment,3,8.2118,8.410357475280762
11819705810,apartment,3,8.4802,8.254433631896973
11830603123,apartment,9,8.3428,8.347241401672363
11830605533,apartment,9,8.6673,8.44628620147705
11834701251,apartment,9,8.6173,8.710679054260254
11835601676,apartment,9,8.1237,8.099495887756348
11836802942,apartment,9,8.3703,8.404335021972656
11838406661,apartment,3,8.3725,8.550628662109375
11847301532,apartment,9,8.4903,8.360215187072754
11852700271,apartment,9,8.2043,8.25227165222168
11852800223,apartment,9,7.8847,8.029767036437988
11852801742,apartment,9,8.0912,8.018905639648438
11853001103,apartment,9,8.3768,8.274203300476074
11853001200,apartment,9,8.1689,8.235255241394043
11854100733,apartment,9,8.6436,8.682280540466309
11854102086,apartment,9,8.5219,8.510008811950684
11913600725,apartment,1,7.9194,8.141875267028809
11913600989,apartment,1,8.0221,8.135479927062988
11915300575,apartment,1,7.8657,8.247581481933594
11917102258,apartment,1,8.0915,8.260141372680664
11919502350,apartment,1,8.4302,8.551664352416992
11928000771,apartment,1,8.4734,8.422235488891602
11928001490,apartment,1,8.392,8.442488670349121
11928001598,apartment,1,7.9659,8.466732025146484
11928002306,apartment,1,8.4566,8.441838264465332
11928002608,apartment,1,8.4154,8.46943187713623
11929808517,apartment,1,8.7701,8.812199592590332
11934101507,apartment,1,8.3428,8.168667793273926
11934200981,apartment,1,8.0064,8.118831634521484
11934201722,apartment,1,7.849,8.1264009475708
11934202001,apartment,1,7.7537,8.133570671081543
11934202011,apartment,1,7.8714,8.13414478302002
11934300488,apartment,1,8.4752,8.308765411376953
11934303134,apartment,1,8.1586,8.308277130126953
11934303568,apartment,1,8.2157,8.308650970458984
11934308225,apartment,1,8.1731,8.236411094665527
11934308837,apartment,1,7.824,8.165111541748047
11934311404,apartment,1,7.9329,8.291549682617188
11934900914,apartment,1,8.2346,8.30706787109375
11934904030,apartment,1,8.535,8.471468925476074
11934904162,apartment,1,8.5172,8.470831871032715
11934904219,apartment,1,8.409,8.470831871032715
11934904316,apartment,1,8.6687,8.54642105102539
11934905223,apartment,1,8.3811,8.547762870788574
11934905665,apartment,1,8.4808,8.549612998962402
12002100712,apartment,2,8.1117,8.07690715789795
12002402867,apartment,2,8.4767,8.502007484436035
12002403121,apartment,2,8.3994,8.491377830505371
12002801729,apartment,2,8.7541,8.542887687683105
12003403131,apartment,2,8.3387,8.376133918762207
12003403921,apartment,2,8.4254,8.370914459228516
12003404111,apartment,2,8.4995,8.364410400390625
12003404715,apartment,2,8.4995,8.367071151733398
12003406777,apartment,2,8.537,8.674356460571289
12003406912,apartment,2,8.6995,8.806990623474121
12003410510,apartment,2,8.8679,8.635601043701172
12003411134,apartment,2,8.6163,8.647956848144531
12004208324,apartment,2,8.6648,8.702543258666992
12007708001,apartment,2,8.5172,8.518802642822266
12007803495,apartment,2,8.2589,8.125397682189941
12007804181,apartment,2,8.5172,8.133088111877441
12007809086,apartment,2,8.1605,8.34304141998291
12007816139,apartment,2,8.5725,8.449853897094727
12007817550,apartment,2,8.3349,8.483756065368652
12007817933,apartment,2,8.4286,8.463346481323242
12007819502,apartment,2,8.4324,8.4741849899292
12007823674,apartment,2,8.4839,8.449135780334473
12007823811,apartment,2,8.4482,8.483756065368652
12012703401,apartment,2,7.6487,7.9486188888549805
12031101187,apartment,2,8.8144,8.736230850219727
12040203922,apartment,2,7.81,8.020326614379883
12040204023,apartment,2,8.2645,7.991642475128174
12040800947,apartment,2,8.1751,8.321587562561035
12040801048,apartment,2,8.0032,8.304590225219727
12040801153,apartment,2,8.1751,8.344057083129883
12040802907,apartment,2,8.1075,8.315217018127441
12040803644,apartment,2,8.2379,8.269954681396484
12040809960,apartment,2,8.2987,8.300570487976074
12040810144,apartment,2,7.7848,8.112862586975098
12040811809,apartment,2,8.4611,8.535507202148438
12040812082,apartment,2,8.4345,8.525857925415039
12041100671,apartment,2,8.3576,8.530073165893555
12041105118,apartment,2,8.3706,8.35727310180664
12042502110,apartment,2,8.2901,8.345273971557617
12044200804,apartment,2,8.3002,8.142109870910645
12103903446,apartment,2,8.3782,8.558859825134277
12109500831,apartment,2,8.2685,7.9539337158203125
12111407460,apartment,2,8.2171,8.0447359085083
12111602441,apartment,2,8.0546,8.10105037689209
12117000826,apartment,2,7.8604,8.01144790649414
12125001429,apartment,2,8.1887,8.297842979431152
12125907401,apartment,2,8.4189,8.561990737915039
12200403266,apartment,8,8.4457,8.546538352966309
12200702328,apartment,8,8.8841,8.731146812438965
12200704411,apartment,8,8.635,8.723454475402832
12203500548,apartment,8,7.6009,7.955230712890625
12203900260,apartment,8,8.2295,8.02746295928955
12208001140,apartment,8,7.693,8.012581825256348
12208801147,apartment,8,8.1918,8.22022819519043
12209102341,apartment,8,7.8153,8.03973388671875
12210101416,apartment,8,8.096,8.04360294342041
12210101718,apartment,8,8.1557,8.077552795410156
12210102242,apartment,8,8.2331,8.074116706848145
12213303419,apartment,8,7.7985,7.915536880493164
12214502962,apartment,8,7.9258,7.984016418457031
12214505856,apartment,8,7.9576,8.099428176879883
12214507468,apartment,8,8.1619,8.066583633422852
12214507905,apartment,8,8.3257,8.039313316345215
12214509320,apartment,8,8.2802,8.061287879943848
12214509533,apartment,8,8.1619,8.070388793945312
12214509894,apartment,8,8.3253,8.068610191345215
12214510191,apartment,8,8.2138,8.02716064453125
12214600298,apartment,8,8.0413,8.030339241027832
12214600859,apartment,8,8.0126,8.029886245727539
12214601685,apartment,8,8.0721,8.027037620544434
12214601812,apartment,8,7.9768,8.02734088897705
12217401946,apartment,8,7.8859,8.076485633850098
12300201584,apartment,8,8.1117,8.46814250946045
12300501251,apartment,8,8.4333,8.692147254943848
12300503661,apartment,8,8.6662,8.64447021484375
12300900881,apartment,8,8.6323,8.719476699829102
12301500798,apartment,8,8.0098,8.280524253845215
12301502065,apartment,8,8.223,8.25692367553711
12307101356,apartment,8,8.0985,8.269193649291992
12307101372,apartment,8,8.1377,8.263559341430664
12310103119,apartment,8,8.2548,8.3635892868042
12310107068,apartment,8,8.453,8.433501243591309
12310302286,apartment,8,8.1543,8.560656547546387
12310302723,apartment,8,8.079,8.555577278137207
12315103028,apartment,8,8.8123,8.459091186523438
12322700753,apartment,8,8.1624,8.269708633422852
12322701954,apartment,8,8.1577,8.268362998962402
12408400588,apartment,7,8.382,8.395537376403809
12410402215,apartment,7,8.4995,8.49648380279541
12411600789,apartment,7,8.2898,8.524393081665039
12412001749,apartment,7,8.2048,8.341849327087402
12412002222,apartment,7,8.4925,8.350480079650879
12416501495,apartment,7,7.9521,8.227115631103516
12417405767,apartment,7,7.9207,8.394631385803223
12417407603,apartment,7,8.4995,8.59483814239502
12417408928,apartment,7,8.6945,8.56591796875
12417501863,apartment,7,8.3257,8.529221534729004
12502100398,apartment,7,7.9984,8.24846363067627
12512403474,apartment,7,8.1172,8.221006393432617
12512403891,apartment,7,8.2185,8.217633247375488
12513105035,apartment,7,8.3666,8.665497779846191
12516600541,apartment,7,8.0317,8.18198013305664
12516900502,apartment,7,8.4237,8.499062538146973
12728902819,apartment,4,8.3066,8.009458541870117
12731000200,apartment,4,8.3318,8.23205852508545
12731000936,apartment,4,8.4537,8.226325988769531
12731006081,apartment,4,8.5017,8.252275466918945
12731007108,apartment,4,8.2785,8.24882984161377
12821200918,apartment,4,8.3473,8.163484573364258
12821300718,apartment,4,8.4362,8.287776947021484
12902301153,apartment,3,7.926,8.181714057922363
12902301927,apartment,3,7.3545,8.166796684265137
12902302011,apartment,3,7.9146,8.184142112731934
12902302559,apartment,3,7.7611,8.170866012573242
12902303679,apartment,3,7.8034,8.201115608215332
13010901428,apartment,3,8.2501,8.256181716918945
13010901959,apartment,3,8.3473,8.26557731628418
13012901158,apartment,3,7.9128,8.078995704650879
13014002371,apartment,3,8.3399,8.195873260498047
13014003191,apartment,3,7.9911,8.167476654052734
13014003319,apartment,3,7.9844,8.178529739379883
13014200688,apartment,3,8.4407,8.217123985290527
13014203385,apartment,3,8.2118,8.177116394042969
13014204284,apartment,3,8.2583,8.192630767822266
13031002546,apartment,3,8.0189,8.090527534484863
13031004050,apartment,3,7.9121,8.227416038513184
13032704943,apartment,5,7.8162,8.196342468261719
13037000200,apartment,3,7.803,8.000993728637695
13037001789,apartment,3,7.7595,7.99472713470459
13100303074,apartment,5,7.8109,8.010794639587402
13109702060,apartment,5,7.9817,7.9241485595703125
13109702338,apartment,5,8.0617,7.922207832336426
13109702486,apartment,5,8.077,7.9241485595703125
13110901322,apartment,5,8.1277,7.886143684387207
13111203106,apartment,5,8.2836,8.28632926940918
13327808197,apartment,5,8.0164,8.129444122314453
13328005977,apartment,5,7.9089,8.061629295349121
13409000241,apartment,5,8.1196,8.01725959777832
13446404456,apartment,5,7.7138,7.97883415222168
13446404650,apartment,5,7.7331,7.97883415222168
13522801554,apartment,5,8.3349,8.209697723388672
13538902649,apartment,5,8.0133,8.085569381713867
13625901632,apartment,5,7.7339,8.037538528442383
13632301041,apartment,5,8.1328,8.128491401672363
13704101876,apartment,5,8.5172,8.152952194213867
13706200235,apartment,5,7.6795,8.046554565429688
13706200472,apartment,5,7.7926,7.992998123168945
13706301376,apartment,5,7.9959,8.246813774108887
13714201695,apartment,5,7.8982,8.040875434875488
13805202694,apartment,5,7.9736,7.921624183654785
13811101349,apartment,5,8.0893,8.105193138122559
13834901465,apartment,5,8.6011,8.540288925170898
13834901473,apartment,5,8.6011,8.540288925170898
13834901503,apartment,5,8.625,8.538492202758789
13834901661,apartment,5,8.6121,8.556975364685059
13834905320,apartment,5,8.8198,8.676457405090332
13834905691,apartment,5,8.8222,8.704263687133789
13834908680,apartment,5,8.6011,8.540288925170898
13834908893,apartment,5,8.6312,8.52529239654541
13903003548,apartment,5,8.1388,8.175216674804688
13906600644,apartment,5,8.0025,8.0275239944458
13907402218,apartment,5,8.0451,8.151460647583008
13918700398,apartment,5,7.7517,8.139270782470703
14000400419,apartment,5,7.7863,7.882803916931152
14026606944,apartment,5,7.9391,8.040226936340332
14027103407,apartment,5,8.0783,8.030458450317383
14028100371,apartment,5,7.9329,7.802957534790039
14102001580,apartment,5,8.0383,7.948431968688965
14102600964,apartment,5,8.1639,8.123144149780273
14105701184,apartment,5,8.0652,7.967611312866211
14105701941,apartment,5,7.916,7.954036235809326
14105705661,apartment,5,7.7544,8.008346557617188
14202000853,apartment,5,8.3147,8.221531867980957
14202800787,apartment,5,8.4039,8.294231414794922
14208001711,apartment,5,8.6373,8.584185600280762
14208301197,apartment,5,8.7179,8.384390830993652
14208301227,apartment,5,8.781,8.411907196044922
14208301480,apartment,5,8.6603,8.498711585998535
14208600542,apartment,5,8.6108,8.290875434875488
14209400520,apartment,5,8.1873,8.193406105041504
14209601275,apartment,5,8.0898,8.172920227050781
14210200483,apartment,5,8.3021,8.236507415771484
14210200531,apartment,5,8.3021,8.236507415771484
14211900721,apartment,5,8.3321,8.23269271850586
14213500763,apartment,5,8.5172,8.424023628234863
14216202208,apartment,5,8.2453,8.14720630645752
14301902243,apartment,3,8.3143,8.420661926269531
14302400314,apartment,3,7.8403,8.53186321258545
14302502524,apartment,3,8.0652,8.247570991516113
14303001561,apartment,3,8.3862,8.3143892288208
14304600167,apartment,3,8.3205,8.239946365356445
14304801057,apartment,3,8.2118,8.269452095031738
14307203002,apartment,5,8.1117,8.043440818786621
14307206461,apartment,5,8.3837,8.249654769897461
14307302205,apartment,5,8.1773,8.13247299194336
14307303090,apartment,5,8.4966,8.186681747436523
14401801457,apartment,5,8.3773,8.244991302490234
14406501931,apartment,5,8.1117,8.350892066955566
14410501282,apartment,5,8.0539,8.046015739440918
14410503171,apartment,5,7.838,8.186735153198242
14416102185,apartment,5,7.768,8.064289093017578
14416107411,apartment,5,8.6915,8.521778106689453
14420801122,apartment,5,7.7933,8.179844856262207
14602300854,apartment,3,8.3622,8.362285614013672
14603100735,apartment,3,8.4505,8.36862850189209
14612900765,apartment,3,7.8067,8.109724044799805
14707502414,apartment,3,8.7167,8.235909461975098
14719700445,apartment,3,7.8355,8.020326614379883
14719703126,apartment,3,7.824,7.96749210357666
14719800687,apartment,3,7.8886,8.020111083984375
14719801896,apartment,3,7.8625,7.968095779418945
14719803831,apartment,3,7.7945,7.96781587600708
14720502661,apartment,3,7.8623,8.085775375366211
14720503275,apartment,3,8.1091,8.089948654174805
14720504425,apartment,3,7.9619,8.013446807861328
14720504468,apartment,3,7.8435,8.002102851867676
14728200603,apartment,3,8.0446,8.137445449829102
14728201081,apartment,3,8.0947,8.243300437927246
14728205362,apartment,3,8.0962,8.125692367553711
14728208302,apartment,3,7.9891,8.132201194763184
14728208469,apartment,3,8.0396,8.108551979064941
14728211141,apartment,3,8.002,8.142749786376953
14728212350,apartment,3,8.4372,8.291050910949707
14728215031,apartment,3,8.6055,8.277692794799805
14728217281,apartment,3,8.355,8.270195960998535
14729302361,apartment,3,8.5457,8.328568458557129
14729302574,apartment,3,8.2855,8.379179954528809
14729304321,apartment,3,8.3117,8.326619148254395
14729304585,apartment,3,8.4684,8.326619148254395
14729304951,apartment,3,8.6558,8.336318969726562
14731100894,apartment,3,8.3811,8.433582305908203
14733600479,apartment,5,8.3931,8.248218536376953
14733803477,apartment,5,7.9715,7.954777717590332
14733808665,apartment,5,8.2385,8.209405899047852
14734002001,apartment,5,8.1183,8.150518417358398
14735001203,apartment,5,8.0472,8.086919784545898
14735001637,apartment,5,7.9853,8.093522071838379
14735200788,apartment,3,7.9317,8.16579818725586
14735200958,apartment,3,7.9111,8.177337646484375
14805001691,apartment,3,7.5279,7.796724319458008
14815400465,apartment,3,8.1689,8.282720565795898
14818901309,apartment,3,8.0359,8.235944747924805
14908700426,apartment,3,7.901,8.410805702209473
14932601221,apartment,3,7.9403,8.237854957580566
14932601335,apartment,3,7.7742,8.260380744934082
14935200102,apartment,3,7.9988,8.230502128601074
15002902005,apartment,3,8.1951,8.315546035766602
15028504211,apartment,5,8.1388,8.318643569946289
15028507421,apartment,5,8.1807,8.268827438354492
15028508282,apartment,5,7.7637,8.266237258911133
15028600332,apartment,3,8.1987,8.25707721710205
15106400480,apartment,3,8.0598,8.162602424621582
15110202299,apartment,5,8.1032,8.149791717529297
15112302827,apartment,5,8.0529,8.085857391357422
15112304234,apartment,5,7.9728,8.075509071350098
15112304651,apartment,5,7.9103,8.06904411315918
15112305605,apartment,5,8.0854,8.201947212219238
15119903281,apartment,5,8.0164,8.216981887817383
15119905871,apartment,5,8.2509,8.235404014587402
15119906396,apartment,5,8.0487,8.228524208068848
15119906965,apartment,5,8.0864,8.230581283569336
15119907759,apartment,5,7.7063,8.145163536071777
15120003728,apartment,5,8.3489,8.324435234069824
15120005895,apartment,5,8.3816,8.335418701171875
15120008509,apartment,5,8.2385,8.312559127807617
15120009221,apartment,5,8.3573,8.214705467224121
15212402696,apartment,3,8.415,8.313779830932617
15310404588,apartment,3,8.1742,8.242960929870605
15408001112,apartment,3,8.5668,8.350337982177734
15408001661,apartment,3,8.3109,8.373298645019531
15408001708,apartment,3,8.5172,8.386530876159668
15413106441,apartment,3,7.6454,8.032787322998047
15423101831,apartment,3,8.3143,8.33781909942627
15423904950,apartment,3,7.6059,8.404051780700684
15423905302,apartment,3,8.1117,8.375704765319824
15425301269,apartment,3,8.0897,8.398948669433594
15509801149,apartment,3,8.1591,8.149553298950195
15523011230,apartment,3,7.9911,8.25520133972168
15523017281,apartment,3,8.3286,8.440152168273926
15523017451,apartment,3,8.3837,8.483259201049805
15523019096,apartment,3,8.5172,8.474291801452637
15523019959,apartment,3,8.6068,8.43752384185791
15523021678,apartment,3,8.4457,8.441181182861328
15523021732,apartment,3,8.558,8.428579330444336
15523025517,apartment,3,8.1763,8.405155181884766
15523028370,apartment,3,8.1445,8.407590866088867
15528302101,apartment,3,8.3021,8.530592918395996
15536906541,apartment,3,8.0679,8.367707252502441
15603604890,apartment,3,7.9596,8.096949577331543
15603608136,apartment,3,7.453,8.164148330688477
15603612214,apartment,3,7.6397,8.145038604736328
15603612966,apartment,3,7.8724,8.28956127166748
15603612982,apartment,3,7.9625,8.289591789245605
15603615647,apartment,3,8.0292,8.241209030151367
15603619847,apartment,3,7.824,8.165522575378418
15603800762,apartment,3,8.5172,8.46728229522705
15603806906,apartment,3,8.6458,8.48729133605957
15705904516,apartment,1,8.0652,8.07326602935791
15705905210,apartment,1,8.1706,8.101987838745117
15705905520,apartment,1,8.1117,8.106870651245117
15707901468,apartment,1,8.5374,8.553133964538574
15707910378,apartment,1,8.3862,8.518726348876953
15709608512,apartment,1,7.9984,8.14094352722168
15709609756,apartment,1,7.7063,8.063362121582031
15709610924,apartment,1,7.8341,8.08824348449707
15709614512,apartment,1,8.6095,8.517163276672363
15709620849,apartment,1,8.2376,8.167131423950195
15710400547,apartment,1,7.8835,8.05616569519043
15710401241,apartment,1,8.0266,8.056046485900879
15710500576,apartment,1,8.2489,8.177984237670898
15711100237,apartment,1,7.8337,8.063447952270508
15713006701,apartment,1,8.0403,8.046259880065918
15713008079,apartment,1,8.0329,8.039937973022461
15713010235,apartment,1,8.3888,8.243783950805664
15713010502,apartment,1,8.1807,8.39675521850586
15713018988,apartment,1,8.3413,8.536723136901855
15718601991,apartment,1,7.9898,8.303494453430176
15720801722,apartment,1,8.1807,8.189207077026367
15721000642,apartment,1,7.9939,8.194557189941406
15721001584,apartment,1,7.9294,8.210955619812012
15721003201,apartment,1,8.4495,8.195469856262207
15721003552,apartment,1,8.3927,8.18457317352295
15721006322,apartment,1,8.0214,8.176437377929688
15721300859,apartment,1,7.824,7.983137130737305
15721301413,apartment,1,7.8312,7.983137130737305
15721402767,apartment,1,8.0943,8.16239070892334
15721403844,apartment,1,8.2536,8.221762657165527
15722000824,apartment,1,8.0523,8.173795700073242
15722403686,apartment,1,8.0415,8.016374588012695
15722900752,apartment,1,8.239,8.067018508911133
15722901392,apartment,1,8.192,8.20998477935791
15722901937,apartment,1,8.0014,8.193442344665527
15722902259,apartment,1,8.2043,8.188767433166504
15722905908,apartment,1,7.7018,7.936000823974609
15722907595,apartment,1,7.805,7.9743266105651855
15722909660,apartment,1,8.1213,7.981699466705322
15722912181,apartment,1,7.744,7.987459182739258
15722919348,apartment,1,8.1117,8.242593765258789
15722923231,apartment,1,8.351,8.119454383850098
15722923507,apartment,1,8.273,8.132091522216797
15722924007,apartment,1,8.3001,8.13065242767334
15722926565,apartment,1,7.9032,8.19107437133789
15722927669,apartment,1,7.7634,8.192328453063965
15722928721,apartment,1,8.0247,8.368511199951172
15903800601,apartment,8,8.6713,8.662935256958008
15903802019,apartment,8,8.5374,8.689462661743164
15908800480,apartment,8,8.2127,8.214488983154297
15908800901,apartment,8,8.1055,8.232115745544434
15908803390,apartment,8,8.1634,8.497699737548828
15909800492,apartment,8,7.77,8.114727020263672
15913500694,apartment,8,7.9857,8.357329368591309
15914001195,apartment,8,8.0523,8.141730308532715
15914002019,apartment,8,8.1025,8.1466646194458
15915900649,apartment,8,7.4456,8.397259712219238
15915901734,apartment,8,7.8103,8.394587516784668
15916509285,apartment,8,8.479,8.676443099975586
15916517601,apartment,8,8.2462,8.672981262207031
15916517660,apartment,8,8.2649,8.68066120147705
15916517709,apartment,8,8.2271,8.691412925720215
15916519752,apartment,8,8.2035,8.65815544128418
15916601874,apartment,8,8.1605,8.49081802368164
15916603362,apartment,8,8.137,8.480977058410645
15916603435,apartment,8,8.0858,8.486312866210938
15916604271,apartment,8,8.2025,8.480698585510254
15916606523,apartment,8,8.0734,8.489604949951172
15916606744,apartment,8,8.1977,8.487142562866211
15916607422,apartment,8,8.0317,8.491307258605957
15916608305,apartment,8,8.34,8.516079902648926
15916608585,apartment,8,8.0672,8.487565040588379
15916801377,apartment,8,8.411,8.186467170715332
15917705304,apartment,8,7.8575,8.226323127746582
15917708532,apartment,8,7.832,8.209065437316895
15917711584,apartment,8,8.1288,8.30261516571045
15917712815,apartment,8,8.2102,8.300515174865723
15917713668,apartment,8,8.1483,8.377889633178711
15921002738,apartment,8,8.1543,8.513383865356445
15921004579,apartment,8,8.8408,8.78977108001709
15921006547,apartment,8,8.8444,8.785212516784668
15929105900,apartment,8,8.3741,8.559000968933105
15929109418,apartment,8,8.363,8.621865272521973
15929109655,apartment,8,8.3741,8.620948791503906
15929109965,apartment,8,8.4682,8.623291969299316
15929114391,apartment,8,8.3261,8.627240180969238
15929115681,apartment,8,8.3741,8.647295951843262
15929117453,apartment,8,8.3349,8.65250301361084
15929117496,apartment,8,8.4674,8.668049812316895
15930801915,apartment,8,7.5147,8.123217582702637
16004901813,apartment,8,8.0376,8.168953895568848
16004904987,apartment,8,8.3962,8.176353454589844
16010901811,apartment,8,7.4392,8.382269859313965
16017301194,apartment,8,8.059,8.099056243896484
16017701869,apartment,8,8.0064,8.064308166503906
16017705678,apartment,8,8.2083,8.074430465698242
16017705996,apartment,8,8.3434,8.135268211364746
16017901213,apartment,8,8.0973,8.122824668884277
16019501506,apartment,8,8.2521,8.33687973022461
16019502723,apartment,8,8.2521,8.334946632385254
16021303521,apartment,8,8.1335,8.12351131439209
16021701215,apartment,8,7.7287,8.106122970581055
16023801128,apartment,8,8.2978,8.254653930664062
16023801251,apartment,8,8.5965,8.247832298278809
16023901653,apartment,8,8.0256,8.027451515197754
16024901126,apartment,8,8.3059,8.24240779876709
16026900461,apartment,8,8.2623,8.311441421508789
16026902154,apartment,8,8.2642,8.252293586730957
16026902456,apartment,8,8.3554,8.31682300567627
16026903045,apartment,8,8.2623,8.308625221252441
16027702353,apartment,8,8.5952,8.558873176574707
16027702612,apartment,8,8.6439,8.568695068359375
16027704161,apartment,8,8.7096,8.516890525817871
16027704720,apartment,8,8.6781,8.551835060119629
16028302995,apartment,8,8.4188,8.30909538269043
16028701008,apartment,8,8.2295,8.33128547668457
16028701441,apartment,8,8.1315,8.332693099975586
16036804491,apartment,8,8.1233,8.063660621643066
16036805585,apartment,8,8.1682,8.070303916931152
16036812271,apartment,8,8.6305,8.36923599243164
16036812573,apartment,8,8.7403,8.362592697143555
16037001951,apartment,8,8.3468,8.186049461364746
16037002117,apartment,8,8.265,8.16158676147461
16037002478,apartment,8,9.1938,8.498734474182129
16037006147,apartment,8,8.9872,8.365215301513672
16200100984,apartment,2,8.0679,8.347131729125977
16200105110,apartment,2,8.1233,8.418275833129883
16200106575,apartment,2,8.6748,8.5104341506958
16200109019,apartment,2,8.2628,8.524821281433105
16200111056,apartment,2,8.394,8.516085624694824
16200112869,apartment,2,8.7208,8.530245780944824
16200115302,apartment,2,8.8858,8.600871086120605
16200116481,apartment,2,8.9513,8.538728713989258
16200117828,apartment,2,8.8698,8.519176483154297
16200122104,apartment,2,8.5925,8.555495262145996
16200136180,apartment,2,8.4154,8.607634544372559
16200136512,apartment,2,8.3886,8.597463607788086
16200145929,apartment,2,8.2533,8.72555923461914
16200501792,apartment,2,8.5839,8.377470970153809
16200503736,apartment,2,8.3688,8.383781433105469
16200503981,apartment,2,8.4998,8.388448715209961
16203501327,apartment,2,8.465,8.437066078186035
16203606714,apartment,2,8.4839,8.378494262695312
16203609705,apartment,2,8.267,8.376330375671387
16203610797,apartment,2,8.1304,8.396547317504883
16205102926,apartment,2,8.1605,8.334894180297852
16208400502,apartment,2,8.7072,8.803064346313477
16221300761,apartment,2,8.0848,8.273212432861328
16221602520,apartment,2,7.9207,8.116673469543457
16325601148,apartment,2,7.9176,8.03388786315918
16325602276,apartment,2,8.1205,8.025430679321289
16325700626,apartment,2,7.7187,8.012219429016113
16511710989,apartment,8,8.4118,8.315125465393066
16511711594,apartment,8,8.4978,8.406676292419434
16513500981,apartment,8,8.1353,8.352666854858398
16513500991,apartment,8,8.2659,8.356475830078125
16536502778,apartment,2,7.7194,7.783244609832764
16536503499,apartment,2,7.5314,7.74045467376709
16537104253,apartment,2,8.5703,8.251240730285645
16537111071,apartment,2,8.4611,8.247949600219727
16540402146,apartment,2,7.9176,7.737649440765381
16540700295,apartment,2,7.9194,7.926691055297852
16540700392,apartment,2,8.0472,7.933629512786865
16541406676,apartment,2,8.2179,8.25802230834961
16600403763,apartment,8,8.2158,8.089580535888672
16603305134,apartment,8,8.6226,8.482718467712402
16606502674,apartment,8,7.9431,8.046043395996094
16624902735,apartment,8,8.2295,8.459312438964844
16624906153,apartment,8,8.235,8.407384872436523
16624906277,apartment,8,8.3953,8.418702125549316
16624908751,apartment,8,8.127,8.297771453857422
16624909871,apartment,8,8.1117,8.3177490234375
16624911203,apartment,8,7.7264,8.24609088897705
16626708111,apartment,8,8.3493,8.465250968933105
16626708146,apartment,8,8.6583,8.455062866210938
16626709053,apartment,8,8.3894,8.449544906616211
16701402241,apartment,8,8.0529,8.30735969543457
16715904633,apartment,8,7.4335,7.94105339050293
16721801581,apartment,8,8.263,8.461114883422852
16805900688,apartment,8,7.8996,7.961935997009277
16809301622,apartment,8,8.0405,8.023399353027344
16809301681,apartment,8,8.096,8.040353775024414
16810001815,apartment,8,7.7933,7.891659259796143
16810003931,apartment,8,8.4161,8.421082496643066
16813000925,apartment,8,7.8427,7.999444484710693
16813001107,apartment,8,7.6962,8.003800392150879
16825608613,apartment,8,8.8426,7.991002559661865
16825608885,apartment,8,8.581,7.967958450317383
16829701014,apartment,8,7.9798,8.094461441040039
16829707391,apartment,8,8.0175,8.083648681640625
16832001834,apartment,8,7.9139,7.983913898468018
16832002326,apartment,8,7.9215,7.99669885635376
16832407180,apartment,8,8.1487,8.048894882202148
16900901653,apartment,8,8.0186,8.315720558166504
16900902609,apartment,8,8.0348,8.315720558166504
16900908720,apartment,8,8.0348,8.279666900634766
16900915719,apartment,8,8.1481,8.352879524230957
16900923681,apartment,8,8.1763,8.583468437194824
16900929541,apartment,8,8.074,8.544532775878906
16901800370,apartment,8,8.1367,8.517735481262207
16901901614,apartment,8,8.2424,8.598230361938477
16902001285,apartment,8,8.5019,8.567212104797363
16902001846,apartment,8,8.5817,8.601951599121094
16902002001,apartment,8,8.4833,8.609414100646973
16902100879,apartment,8,8.0012,8.672930717468262
16902103398,apartment,8,8.1828,8.656879425048828
16902106559,apartment,8,8.36,8.691437721252441
16902301602,apartment,8,8.409,8.537769317626953
16902302056,apartment,8,8.3501,8.568442344665527
16902304131,apartment,8,8.2143,8.570878982543945
16902601241,apartment,8,7.9795,8.53675365447998
16902601835,apartment,8,8.0819,8.59931468963623
16902800714,apartment,8,8.5397,8.5941801071167
16902800927,apartment,8,8.3966,8.594018936157227
16902801303,apartment,8,8.4358,8.652562141418457
16902803780,apartment,8,8.099,8.586024284362793
16902803837,apartment,8,8.2803,8.642452239990234
16903101739,apartment,8,8.1263,8.572704315185547
16903600883,apartment,8,8.2078,8.546792984008789
16903601571,apartment,8,8.4392,8.500243186950684
16903602071,apartment,8,8.3157,8.509459495544434
16903602576,apartment,8,8.3374,8.514266967773438
16903602940,apartment,8,8.294,8.50649356842041
16903603602,apartment,8,8.3819,8.520244598388672
16903702880,apartment,8,8.1784,8.409659385681152
16903901875,apartment,8,8.5672,8.561853408813477
16904003420,apartment,8,8.1328,8.562505722045898
16904004362,apartment,8,8.3559,8.566906929016113
16904006721,apartment,8,8.6103,8.628670692443848
16904006861,apartment,8,8.5317,8.619608879089355
16904007485,apartment,8,8.3717,8.669312477111816
16904007681,apartment,8,8.428,8.644940376281738
16904007841,apartment,8,8.6081,8.644940376281738
16904007981,apartment,8,8.6516,8.6422700881958
16906202781,apartment,8,8.1942,8.535344123840332
16906203060,apartment,8,8.2228,8.524393081665039
16907600438,apartment,8,7.9519,8.190170288085938
16908401110,apartment,8,7.8989,8.277996063232422
16908903485,apartment,8,7.9365,8.095806121826172
16911901196,apartment,8,8.3075,8.298600196838379
16911902631,apartment,8,8.372,8.322369575500488
16911903237,apartment,8,8.3075,8.312053680419922
16911903555,apartment,8,8.0189,8.454822540283203
16911903970,apartment,8,7.8764,8.437141418457031
16911904578,apartment,8,8.0368,8.440552711486816
16911905167,apartment,8,7.5558,8.451515197753906
16919700947,apartment,8,7.8909,8.53290843963623
16919701978,apartment,8,8.4589,8.767958641052246
16919703377,apartment,8,8.3866,8.55116081237793
16919703415,apartment,8,8.3042,8.572879791259766
16919903201,apartment,8,8.3872,8.672003746032715
16919904593,apartment,8,8.4344,8.717634201049805
16919904992,apartment,8,8.5344,8.709431648254395
16919907444,apartment,8,8.6149,8.746129035949707
16920201861,apartment,8,8.4719,8.717668533325195
16920303034,apartment,8,8.3712,8.680730819702148
16920501995,apartment,8,8.4755,8.74686050415039
16920502071,apartment,8,8.4231,8.751300811767578
16920504579,apartment,8,8.5689,8.77405071258545
16920601302,apartment,8,7.9993,8.528225898742676
16921205087,apartment,8,8.4452,8.597122192382812
16921206131,apartment,8,8.4482,8.596855163574219
16921400823,apartment,8,8.294,8.289026260375977
16921402435,apartment,8,8.0739,8.544126510620117
16921402451,apartment,8,8.1348,8.578994750976562
16921900966,apartment,8,8.187,8.257044792175293
16922302124,apartment,8,7.9191,8.400056838989258
16922500988,apartment,8,8.2479,8.668867111206055
16922603655,apartment,8,8.4584,8.67647647857666
16922605658,apartment,8,8.4338,8.687170028686523
16922606131,apartment,8,8.7171,8.693565368652344
16926907179,apartment,8,8.4952,8.197749137878418
16926912857,apartment,8,8.1526,8.566376686096191
16929000271,apartment,8,7.824,8.05411148071289
16929001510,apartment,8,7.8427,8.05947208404541
16930101019,apartment,8,7.8611,8.362447738647461
16930101035,apartment,8,8.3487,8.56466007232666
16930102856,apartment,8,8.0133,8.329472541809082
16930403112,apartment,8,8.2334,8.279494285583496
16930403473,apartment,8,8.0635,8.266213417053223
16930403937,apartment,8,8.0819,8.268868446350098
16930414815,apartment,8,8.5268,8.591085433959961
16930416028,apartment,8,8.8144,8.580902099609375
16930416435,apartment,8,8.6229,8.579245567321777
17000403445,apartment,8,8.595,8.684215545654297
17001002428,apartment,8,8.6836,8.86829662322998
17001003149,apartment,8,8.6836,8.85229206085205
17001100977,apartment,8,8.2311,8.431506156921387
17001202214,apartment,8,8.81,8.677135467529297
17001204373,apartment,8,8.774,8.677135467529297
17001502412,apartment,8,8.0214,8.387251853942871
17001900248,apartment,8,8.2798,8.453316688537598
17002101241,apartment,8,8.1568,8.489731788635254
17002201823,apartment,8,8.1807,8.529173851013184
17002201912,apartment,8,8.1066,8.547311782836914
17002301275,apartment,8,7.7334,8.416626930236816
17002301755,apartment,8,7.7439,8.397103309631348
17003701196,apartment,8,7.9606,8.622950553894043
17003902280,apartment,8,7.9294,8.526005744934082
17004300322,apartment,8,7.8177,8.49893856048584
17004901024,apartment,8,7.5433,8.138402938842773
17004901733,apartment,8,7.4388,8.130426406860352
17005901192,apartment,8,8.3301,8.418564796447754
17005905295,apartment,8,8.1461,8.553640365600586
17006202433,apartment,8,8.3489,8.608221054077148
17006202786,apartment,8,8.2976,8.639472007751465
17006203200,apartment,8,8.1673,8.639535903930664
17007302466,apartment,8,8.2144,8.570855140686035
17007302806,apartment,8,8.3584,8.665640830993652
17007305287,apartment,8,8.2985,8.609272003173828
17007307573,apartment,8,8.0115,8.626246452331543
17007309967,apartment,8,8.1554,8.604507446289062
17007310868,apartment,8,8.363,8.603771209716797
17013201676,apartment,8,8.392,8.80095386505127
17015900539,apartment,8,7.4876,8.183713912963867
17015901217,apartment,8,8.1951,8.415444374084473
17017105418,apartment,8,7.6843,8.359551429748535
17017403400,apartment,8,8.101,8.332257270812988
17017403877,apartment,8,7.4931,8.423072814941406
17018408155,apartment,8,7.6247,8.859079360961914
17018902982,apartment,8,8.1543,8.552234649658203
17018903792,apartment,8,8.5022,8.646533012390137
17019202798,apartment,8,8.5446,8.623082160949707
17019203441,apartment,8,8.3849,8.57352066040039
17019204197,apartment,8,8.4472,8.591474533081055
17019400621,apartment,8,7.5785,8.303464889526367
17019606295,apartment,8,8.0018,8.393826484680176
17019606570,apartment,8,8.1456,8.400734901428223
17019606651,apartment,8,7.7746,8.393826484680176
17102101790,apartment,8,7.7295,8.228702545166016
17102102789,apartment,8,8.2255,8.334985733032227
17102102800,apartment,8,8.3501,8.341838836669922
17103705290,apartment,8,7.3905,8.118363380432129
17104300324,apartment,8,7.599,8.319586753845215
17104301487,apartment,8,8.1421,8.626340866088867
17106601232,apartment,8,7.8034,8.055826187133789
17110102059,apartment,8,8.1658,8.132925987243652
17111900919,apartment,8,7.8059,8.05888557434082
17116202500,apartment,8,8.713,8.578306198120117
17116202683,apartment,8,8.3143,8.599374771118164
17116400728,apartment,8,7.6426,8.259114265441895
17116401961,apartment,8,8.0169,8.638669967651367
17116404243,apartment,8,8.8309,8.777881622314453
17116600328,apartment,8,7.657,8.341031074523926
17116702031,apartment,8,8.0219,8.110475540161133
17116702368,apartment,8,8.1195,8.111474990844727
17117503350,apartment,8,8.5074,8.398158073425293
17117706561,apartment,8,8.434,8.429047584533691
17117712758,apartment,8,8.5848,8.390036582946777
17118301069,apartment,8,7.57,8.031126022338867
17118900701,apartment,8,7.8608,8.291604042053223
17118903409,apartment,8,7.7746,8.264376640319824
17119101209,apartment,8,7.8623,8.59968376159668
17119101314,apartment,8,7.7753,8.581088066101074
17119202315,apartment,8,8.75,8.711786270141602
17119204156,apartment,8,8.4737,8.565462112426758
17119204725,apartment,8,8.554,8.52688980102539
17119204970,apartment,8,8.5896,8.662264823913574
17119205675,apartment,8,8.5172,8.666309356689453
17119205799,apartment,8,8.5457,8.65877628326416
17119503587,apartment,8,8.0133,8.237375259399414
17119801197,apartment,8,7.627,8.2427396774292
17119807209,apartment,8,8.6412,8.621583938598633
17119903038,apartment,8,7.7683,8.200101852416992
17119903569,apartment,8,7.8685,8.311493873596191
17119905456,apartment,8,7.574,8.220314979553223
17119906010,apartment,8,8.0317,8.247005462646484
17119908064,apartment,8,7.7533,8.244669914245605
17120001670,apartment,8,8.4727,8.728680610656738
17120002065,apartment,8,8.544,8.726188659667969
17120002243,apartment,8,8.4555,8.685959815979004
17120003509,apartment,8,8.5265,8.708696365356445
17120201300,apartment,8,7.9557,8.535390853881836
17120202048,apartment,8,8.3033,8.586333274841309
17120202625,apartment,8,8.4389,8.521571159362793
17120301828,apartment,8,8.4284,8.329593658447266
17120302581,apartment,8,7.953,8.302125930786133
17120310290,apartment,8,8.7569,8.755377769470215
17120402081,apartment,8,8.9967,8.718310356140137
17120606793,apartment,8,7.9918,8.267168045043945
17120800379,apartment,8,7.8633,8.284645080566406
17121001569,apartment,8,8.3608,8.481194496154785
17121003472,apartment,8,7.9126,8.544637680053711
17121100745,apartment,8,8.32,8.278702735900879
17121302712,apartment,8,8.4467,8.643430709838867
17121304804,apartment,8,8.6396,8.579018592834473
17121601299,apartment,8,8.3931,8.700401306152344
17121700440,apartment,8,8.1063,8.53587818145752
17121801727,apartment,8,8.5127,8.683953285217285
17121802243,apartment,8,8.5997,8.723838806152344
17121802881,apartment,8,8.4621,8.700051307678223
17121808934,apartment,8,8.9239,8.649649620056152
17122000231,apartment,8,8.5389,8.601956367492676
17122000231,apartment,8,8.3421,8.59090805053711
17122213217,apartment,8,8.3291,8.649825096130371
17123100653,apartment,8,8.0891,8.216622352600098
17124301091,apartment,8,8.1724,8.311165809631348
17124703807,apartment,8,8.294,8.267725944519043
17125805999,apartment,8,7.7777,8.180941581726074
17125808041,apartment,8,8.1689,8.085138320922852
17125810704,apartment,8,8.1617,8.244186401367188
17125813274,apartment,8,8.4986,8.571135520935059
17126700554,apartment,8,8.6934,8.739081382751465
17126703634,apartment,8,8.5795,8.722515106201172
17126703898,apartment,8,8.96,8.73285961151123
17127002966,apartment,8,8.2642,8.481585502624512
17127004871,apartment,8,8.2125,8.56639575958252
17127102979,apartment,8,8.4078,8.53066635131836
17127106532,apartment,8,8.371,8.521222114562988
17127700590,apartment,8,8.4139,8.426791191101074
17127701589,apartment,8,8.4341,8.431001663208008
17127701813,apartment,8,8.5474,8.422944068908691
17128002390,apartment,8,8.3871,8.586198806762695
17128003575,apartment,8,8.4118,8.586739540100098
17129803613,apartment,8,8.1103,8.558974266052246
17129803729,apartment,8,8.1114,8.529321670532227
17129803842,apartment,8,8.1114,8.529321670532227
17129803974,apartment,8,8.1157,8.537506103515625
17129804040,apartment,8,8.1095,8.531596183776855
17129804059,apartment,8,8.1133,8.537506103515625
17129804512,apartment,8,8.0994,8.529321670532227
17129804636,apartment,8,8.0994,8.547901153564453
17129804733,apartment,8,8.1099,8.558974266052246
17129806183,apartment,8,8.3557,8.605498313903809
17130014430,apartment,8,8.6836,8.588829040527344
17130022476,apartment,8,8.6052,8.694459915161133
17130024770,apartment,8,8.5065,8.554669380187988
17130024959,apartment,8,8.4737,8.5596923828125
17130028296,apartment,8,8.5848,8.54906177520752
17130201230,apartment,8,8.3972,8.483827590942383
17130206836,apartment,8,8.2489,8.532426834106445
17130209223,apartment,8,8.4122,8.772687911987305
17206500977,apartment,2,8.4553,8.406391143798828
17234700799,apartment,2,7.7564,7.945353984832764
17234702627,apartment,2,8.0472,7.8678483963012695
17235303599,apartment,2,8.2058,8.356260299682617
17235303742,apartment,2,8.2618,8.361286163330078
17300805158,apartment,2,7.789,8.122274398803711
17300806367,apartment,2,7.9501,8.12142562866211
17300808823,apartment,2,7.8678,8.157548904418945
17300809137,apartment,2,7.9533,8.11678695678711
17300809633,apartment,2,7.9553,8.186994552612305
17300810216,apartment,2,7.8662,8.178485870361328
17330201501,apartment,2,7.934,8.062597274780273
17331001654,apartment,2,7.7512,7.942678928375244
17331003150,apartment,2,7.9418,8.261892318725586
17331003169,apartment,2,7.9782,8.278210639953613
17331003355,apartment,2,7.9041,8.278237342834473
17332001941,apartment,2,8.197,8.258273124694824
17332002263,apartment,2,8.0882,8.107951164245605
17332004002,apartment,2,8.0772,8.378140449523926
17427403990,apartment,2,8.1605,8.528616905212402
17431209109,apartment,2,7.9438,8.344091415405273
17616409392,apartment,2,8.6553,8.439438819885254
17616416682,apartment,2,8.5536,8.43542194366455
17616417328,apartment,2,8.5536,8.4380521774292
17616418502,apartment,2,8.5536,8.437490463256836
17709800229,apartment,2,7.8823,8.05550765991211
17709800253,apartment,2,7.9725,8.055150985717773
17714300451,apartment,2,8.3931,8.368773460388184
17714304285,apartment,2,8.46,8.370293617248535
17714306563,apartment,2,8.4302,8.362090110778809
17805802067,apartment,2,8.4065,8.333333015441895
17806500439,apartment,2,9.0086,8.474495887756348
18300200664,apartment,8,8.294,8.313563346862793
18302901163,apartment,8,8.207,8.375174522399902
18303201602,apartment,8,8.0288,8.079170227050781
18303400575,apartment,8,7.9706,8.178617477416992
18309108906,apartment,8,8.3994,8.357488632202148
18309109279,apartment,8,8.489,8.360624313354492
18309113306,apartment,8,8.3349,8.35977554321289
18309113969,apartment,8,8.1117,8.01990795135498
18309114191,apartment,8,8.1442,8.01677131652832
18310802861,apartment,8,7.9639,8.056660652160645
18310803469,apartment,8,8.1456,8.05907917022705
18311100461,apartment,8,8.1032,7.9490580558776855
18311801192,apartment,8,8.4589,8.481310844421387
18311802997,apartment,8,8.5448,8.526026725769043
18311903610,apartment,8,7.9988,8.046841621398926
18312204831,apartment,8,8.0434,8.072550773620605
18312301142,apartment,8,7.6852,8.030669212341309
18312302661,apartment,8,7.701,8.036920547485352
18312500250,apartment,8,7.6468,8.135869026184082
18312701914,apartment,8,8.0631,7.91832971572876
18312702090,apartment,8,7.7304,8.008864402770996
18312704484,apartment,8,7.7205,8.098275184631348
18406100760,apartment,8,8.0109,8.267097473144531
18406501145,apartment,8,8.1622,8.141660690307617
18425205531,apartment,8,8.0635,8.20202922821045
18425206544,apartment,8,8.1407,8.215658187866211
18501601259,apartment,8,7.8915,8.167243957519531
18501803021,apartment,8,7.8841,8.137170791625977
18505403168,apartment,8,8.566,8.53238582611084
18505403613,apartment,8,8.4919,8.532320976257324
18505404865,apartment,8,8.4362,8.564384460449219
18505404921,apartment,8,8.5161,8.587159156799316
18505406000,apartment,8,8.5419,8.502935409545898
18505407521,apartment,8,8.0415,8.56912612915039
18505408054,apartment,8,8.4409,8.56912612915039
18505409255,apartment,8,8.6442,8.54832935333252
18505409352,apartment,8,8.6049,8.54832935333252
18505409840,apartment,8,8.7355,8.556699752807617
18505412302,apartment,8,8.7514,8.565810203552246
18505412833,apartment,8,8.631,8.540078163146973
18512001061,apartment,8,7.8623,8.017190933227539
18513202011,apartment,8,8.406,8.220368385314941
18600213370,apartment,8,8.2123,8.35489559173584
18600608863,apartment,8,7.5022,8.37552261352539
18600623781,apartment,8,8.3428,8.594539642333984
18600630184,apartment,8,7.9728,8.613122940063477
18600904829,apartment,8,8.4966,8.604193687438965
18606801835,apartment,8,7.5386,8.216018676757812
18608101911,apartment,8,8.0588,8.420356750488281
18608202661,apartment,8,8.1094,8.405721664428711
18608202785,apartment,8,8.0294,8.4183349609375
18700100705,apartment,7,7.7104,8.526544570922852
18724402795,apartment,7,7.8442,8.490803718566895
18724404380,apartment,7,7.7164,8.502285957336426
18724406642,apartment,7,8.5325,8.437996864318848
18800303179,apartment,7,7.8753,8.393999099731445
18800303470,apartment,7,8.0238,8.452820777893066
18803703933,apartment,7,7.889,8.399898529052734
18803704980,apartment,7,8.0064,8.408531188964844
18803706835,apartment,7,7.9519,8.434832572937012
18901900881,apartment,7,8.1807,8.487549781799316
19005501749,apartment,7,8.2721,8.359992980957031
19005505426,apartment,7,8.4727,8.385482788085938
19005507399,apartment,7,8.1543,8.373056411743164
19005509472,apartment,7,8.1543,8.416879653930664
19108900395,apartment,4,8.1807,8.07348346710205
19108900468,apartment,4,8.1807,8.086634635925293
19108900654,apartment,4,8.1188,8.093165397644043
19108901308,apartment,4,8.294,8.09189224243164
19201418271,apartment,5,8.3423,8.169100761413574
19300202331,apartment,5,8.3696,8.33765983581543
19601704425,apartment,9,8.8537,8.58458137512207
19601704654,apartment,9,8.6855,8.577075004577637
19601822843,apartment,9,8.3717,8.486801147460938
19603702535,apartment,9,8.5007,8.598347663879395
19603702675,apartment,9,8.3741,8.648124694824219
19603706328,apartment,9,8.1996,8.631845474243164
19603708495,apartment,9,8.5507,8.48536491394043
19603710244,apartment,9,8.4219,8.486701011657715
19603713979,apartment,9,8.5038,8.512972831726074
19603714721,apartment,9,8.4684,8.57520866394043
19700103810,apartment,7,8.4055,8.901908874511719
19700602795,apartment,7,8.5359,8.817811012268066
19700605964,apartment,7,8.7058,8.786652565002441
19700608491,apartment,7,8.6412,8.794918060302734
19700610501,apartment,7,8.8457,8.76106071472168
19700615889,apartment,7,8.948,8.78258991241455
19700617962,apartment,7,8.5092,8.839261054992676
19700621791,apartment,7,8.4566,8.84390640258789
19700623725,apartment,7,8.5572,8.953184127807617
19700629898,apartment,7,8.6792,8.909561157226562
19701600648,apartment,0,8.6392,8.616724967956543
19701601423,apartment,0,8.8897,8.581398010253906
19701601822,apartment,0,8.8524,8.581639289855957
19701603426,apartment,0,8.7596,8.578605651855469
19701902067,apartment,0,8.5946,8.813332557678223
19701902814,apartment,0,8.7719,8.792747497558594
19701916610,apartment,0,8.5099,8.753692626953125
19701918907,apartment,0,8.7333,8.828760147094727
19703912167,apartment,0,8.7517,8.850282669067383
19704401433,apartment,0,8.5172,8.745083808898926
19704403762,apartment,0,8.6618,8.806551933288574
19704416686,apartment,0,8.5172,8.74162483215332
19706301290,apartment,0,9.2814,8.828791618347168
19706305032,apartment,0,9.0049,8.77164077758789
19706305121,apartment,0,9.199,8.821383476257324
19812200400,apartment,4,7.9696,8.033411026000977
19812200842,apartment,4,8.0302,8.021925926208496
19901600838,apartment,7,8.4684,8.54999828338623
19905405320,apartment,7,8.1582,8.45339298248291
19905405835,apartment,7,7.9782,8.421643257141113
19905408818,apartment,7,8.0064,8.417983055114746
20101100361,apartment,8,7.8982,8.321894645690918
20101400258,apartment,8,7.9202,8.012896537780762
20101501331,apartment,8,7.9733,8.17956829071045
20105000858,apartment,8,8.0156,8.188254356384277
20111200294,apartment,8,7.3734,8.306087493896484
20111400358,apartment,8,8.1796,8.486837387084961
20111400706,apartment,8,8.4616,8.46829605102539
20204704081,apartment,7,8.2623,8.402687072753906
20204704381,apartment,7,7.9725,8.63716983795166
20204704500,apartment,7,8.3165,8.430877685546875
20800203362,apartment,7,8.3539,8.414876937866211
20800205446,apartment,7,8.4815,8.47913932800293
21002601876,apartment,7,7.6454,8.226539611816406
21401400424,apartment,7,8.5253,8.595657348632812
21401402354,apartment,7,8.537,8.583979606628418
21402008900,apartment,7,8.2479,8.343332290649414
21402009370,apartment,7,7.9749,8.274406433105469
21402300326,apartment,7,7.9979,8.345179557800293
21402301391,apartment,7,8.2171,8.491647720336914
21402301993,apartment,7,8.0427,8.472793579101562
21402302507,apartment,7,8.2171,8.480955123901367
21402401378,apartment,7,7.9953,8.478721618652344
21402402757,apartment,7,8.2013,8.487957000732422
21402407181,apartment,7,8.4181,8.577613830566406
21403300303,apartment,7,7.8649,8.329584121704102
21500304709,apartment,7,7.893,8.438928604125977
21601000403,apartment,7,8.3187,8.426060676574707
22702300829,apartment,4,8.2435,8.0919828414917
22702302309,apartment,4,8.2331,8.07945442199707
22702302317,apartment,4,8.1501,8.092845916748047
23006701354,apartment,5,8.1724,8.140324592590332
23007604621,apartment,5,7.8817,8.177958488464355
23008900222,apartment,5,8.3453,8.148756980895996
23009700601,apartment,5,8.3517,8.099966049194336
23009702378,apartment,5,8.1532,8.126667022705078
23009702920,apartment,5,8.0506,8.134855270385742
23009802704,apartment,5,7.966,8.144194602966309
23010002635,apartment,5,7.9492,8.054667472839355
23010200720,apartment,5,8.1807,8.082931518554688
23010503911,apartment,5,8.1117,8.094030380249023
23010505432,apartment,5,8.3453,8.095770835876465
23011800489,apartment,5,8.2295,8.130006790161133
23013312457,apartment,5,7.9111,8.185257911682129
23205501150,apartment,5,7.8565,7.972906589508057
23300901357,apartment,5,8.1132,8.221701622009277
23300901616,apartment,5,8.2017,8.242467880249023
23304501760,apartment,5,7.9698,8.292654991149902
23400801788,apartment,5,7.8545,8.068081855773926
23400804159,apartment,5,7.7407,8.106114387512207
23400804442,apartment,5,7.6337,8.106481552124023
23400804469,apartment,5,7.5492,8.088238716125488
23400807093,apartment,5,7.6277,8.07738971710205
23400809150,apartment,5,7.6352,8.080998420715332
23403802009,apartment,5,7.6867,8.065991401672363
23404902236,apartment,5,8.1215,8.30469799041748
23603401725,apartment,5,7.359,8.076159477233887
23903009219,apartment,5,7.9218,8.419075965881348
24100601008,apartment,5,8.4407,8.19936752319336
24100602365,apartment,5,8.3028,8.207505226135254
24100805371,apartment,5,8.4449,8.193893432617188
24100805800,apartment,5,7.9519,8.147747039794922
24504701721,apartment,5,7.5909,8.120881080627441
24512301397,apartment,5,7.6204,8.127592086791992
24600801529,apartment,5,7.6076,8.166302680969238
24601003510,apartment,5,7.6081,8.086552619934082
24601104252,apartment,5,7.8034,8.097854614257812
24601204427,apartment,5,7.9294,8.229201316833496
24609902301,apartment,5,7.9251,8.058115005493164
24825916838,apartment,5,7.6535,8.149866104125977
29903506900,apartment,6,8.7421,8.50800895690918
29903507842,apartment,6,8.7403,8.526942253112793
29903919172,apartment,6,9.5402,8.79944133758545
29904103540,apartment,6,8.6832,8.691221237182617
29904605643,apartment,6,8.7981,8.536498069763184
29904704511,apartment,6,9.2305,8.938453674316406
29906701011,apartment,6,8.8319,8.53829288482666
29906705211,apartment,6,9.1482,8.410040855407715
29907406153,apartment,6,8.9772,8.801576614379883
29907505631,apartment,6,8.6664,8.645320892333984
29907705193,apartment,6,9.2347,8.680601119995117
29908205917,apartment,6,8.8366,8.583846092224121
29908206115,apartment,6,8.7216,8.523927688598633
29908206808,apartment,6,9.3263,8.513554573059082
29908206808,apartment,6,8.7305,8.518104553222656
29908208223,apartment,6,8.975,8.563950538635254
29908208479,apartment,6,8.8674,8.561726570129395
29908302491,apartment,6,9.5288,9.10299301147461
29908302769,apartment,6,9.0246,9.098373413085938
29908303791,apartment,6,9.0169,9.100675582885742
29908304176,apartment,6,9.2525,9.10299301147461
29908304461,apartment,6,8.9484,9.087263107299805
29908308155,apartment,6,9.2184,9.110434532165527
29908707351,apartment,6,8.8429,9.1078462600708
29909407262,apartment,6,9.0741,8.729278564453125
29909801841,apartment,6,8.8319,8.514267921447754
29909801882,apartment,6,8.5889,8.484724044799805
29909901331,apartment,6,8.9433,8.550620079040527
29910105428,apartment,6,8.8807,8.733283996582031
29910600186,apartment,6,8.5514,8.537473678588867
29911001634,apartment,6,9.1179,8.63841438293457
29911002150,apartment,6,8.7536,8.576626777648926
29911101329,apartment,6,8.8391,8.512144088745117
29911101991,apartment,6,8.6748,8.54927921295166
29911102562,apartment,6,8.509,8.552671432495117
29911103054,apartment,6,9.0489,8.532547950744629
29911403538,apartment,6,9.3746,8.44467544555664
29911403554,apartment,6,8.8856,8.449437141418457
29911406405,apartment,6,8.6894,8.319025039672852
29911501203,apartment,6,8.6045,8.476783752441406
29911602158,apartment,6,8.4112,8.321483612060547
29911708231,apartment,6,9.515,8.873964309692383
29911708398,apartment,6,9.5056,8.879130363464355
30001501019,apartment,6,8.9284,8.944214820861816
30001501183,apartment,6,8.9227,9.056273460388184
30004601731,apartment,6,8.4802,8.173089981079102
30004602630,apartment,6,7.8707,8.226555824279785
30005402228,apartment,6,8.192,8.161742210388184
30005403054,apartment,6,7.882,7.976333141326904
30005903456,apartment,6,8.3288,8.288119316101074
30006301141,apartment,6,8.0713,7.959442615509033
30006702731,apartment,6,8.2443,7.989056587219238
30007301135,apartment,6,8.178,8.041631698608398
30008900342,apartment,6,8.3379,8.133715629577637
30008900423,apartment,6,8.8558,8.127616882324219
30011400495,apartment,6,8.3562,8.56227970123291
30103001351,apartment,8,7.9273,8.478032112121582
30103001589,apartment,8,7.6612,8.49194622039795
30104200526,apartment,8,8.6615,8.854278564453125
30104600761,apartment,8,7.8783,8.404260635375977
30104701096,apartment,8,8.157,8.447108268737793
30105100339,apartment,8,7.9094,8.364278793334961
30105100533,apartment,8,8.0014,8.381806373596191
30105201275,apartment,8,8.1586,8.598297119140625
30105403617,apartment,8,8.0652,8.293486595153809
30105406489,apartment,8,7.9261,8.310033798217773
30105406683,apartment,8,8.024,8.36478328704834
30105409690,apartment,8,8.024,8.378765106201172
30105410567,apartment,8,7.9399,8.344965934753418
30105411792,apartment,8,8.1193,8.3693265914917
30105414090,apartment,8,7.943,8.375833511352539
30105425483,apartment,8,8.6226,8.835055351257324
30105429659,apartment,8,8.4677,8.881361961364746
30105429691,apartment,8,8.462,8.880875587463379
30105432341,apartment,8,8.7611,8.720216751098633
30105433486,apartment,8,8.5087,8.79788589477539
30105434008,apartment,8,8.7022,8.721701622009277
30105434911,apartment,8,8.5648,8.832730293273926
30105436019,apartment,8,8.7156,8.821770668029785
30105436043,apartment,8,8.7549,8.806839942932129
30105800871,apartment,8,8.2142,8.742388725280762
30107201728,apartment,8,8.798,8.777566909790039
30200501752,apartment,1,8.4268,8.633622169494629
30201503341,apartment,9,8.6071,8.565213203430176
30202800943,apartment,1,8.3712,8.601842880249023
30300402071,apartment,3,8.6102,8.806952476501465
30300402098,apartment,3,8.7139,8.719012260437012
30300705971,apartment,3,7.7589,8.072274208068848
30300709924,apartment,3,8.2542,8.266268730163574
30300711082,apartment,3,8.169,8.278694152832031
30300720278,apartment,3,8.2771,8.580838203430176
30301401338,apartment,3,8.548,8.595416069030762
30303402129,apartment,3,8.0288,8.216225624084473
30306601270,apartment,3,8.0064,8.215487480163574
30401800821,apartment,4,8.4851,8.266088485717773
30405301194,apartment,4,8.7677,8.385852813720703
30405900357,apartment,4,8.1521,8.223358154296875
30406402581,apartment,4,8.3442,8.40611457824707
30408404555,apartment,4,8.3143,8.143845558166504
30408404881,apartment,4,8.278,8.16364860534668
30409301849,apartment,4,8.6183,8.524297714233398
30409303256,apartment,4,8.4957,8.478891372680664
30409304996,apartment,4,8.5791,8.46943473815918
30409305135,apartment,4,8.691,8.493255615234375
30412300785,apartment,4,8.2887,8.458436012268066
30412301617,apartment,4,8.3284,8.455974578857422
30412305371,apartment,4,8.4064,8.468573570251465
30412400682,apartment,4,8.3369,8.483800888061523
30412401522,apartment,4,8.191,8.495577812194824
30501000604,apartment,4,8.0383,8.00387954711914
30501002178,apartment,4,8.1481,8.114935874938965
30501002720,apartment,4,8.2816,8.124123573303223
30501004774,apartment,4,8.0893,8.124123573303223
30501005495,apartment,4,8.1481,8.124123573303223
30505201418,apartment,4,8.3521,7.975379943847656
30505203887,apartment,4,8.3288,7.990546226501465
30505206762,apartment,4,8.2149,8.102596282958984
30506602017,apartment,4,7.9837,8.00169563293457
30507704395,apartment,4,8.162,8.07263469696045
30507705057,apartment,4,8.2366,8.072115898132324
30508201443,apartment,4,7.9839,8.064196586608887
30508903553,apartment,4,7.7796,7.869174957275391
30509001715,apartment,4,7.9638,8.086770057678223
30509001804,apartment,4,8.0864,8.103342056274414
30509002797,apartment,4,8.0064,8.084623336791992
30513101354,apartment,4,8.076,8.106549263000488
30513700282,apartment,4,7.9977,8.11787223815918
30514303589,apartment,4,7.7116,8.041802406311035
30610900355,apartment,0,8.2118,8.361030578613281
30610909441,apartment,0,8.0064,8.361723899841309
30610909689,apartment,0,8.074,8.371007919311523
30611204697,apartment,0,8.8183,8.776187896728516
30611204913,apartment,0,8.5703,8.605973243713379
30611501081,apartment,0,8.674,8.478782653808594
30611704924,apartment,0,8.905,8.85600471496582
30611705246,apartment,0,8.7608,8.856829643249512
30612602777,apartment,0,8.4199,8.121705055236816
30612603218,apartment,0,8.1718,8.065272331237793
30613401181,apartment,0,8.1117,8.180689811706543
30701704370,apartment,7,8.0101,8.118897438049316
30702501384,apartment,7,8.3349,8.167901039123535
30702601664,apartment,7,8.5714,8.533358573913574
30702603322,apartment,7,8.221,8.45706558227539
30708200920,apartment,7,8.1117,8.087069511413574
30708203385,apartment,7,7.8681,8.056260108947754
30708203466,apartment,7,7.7966,8.041557312011719
30708204845,apartment,7,8.1152,8.290565490722656
30708401489,apartment,7,7.8456,8.181497573852539
30708601178,apartment,7,7.9219,8.108721733093262
30708601291,apartment,7,7.9715,8.123335838317871
30708601429,apartment,7,7.9048,8.123335838317871
30708602948,apartment,7,8.3089,8.2957181930542
30818100645,apartment,7,7.8456,8.213470458984375
30818100793,apartment,7,7.824,8.224390983581543
30818201980,apartment,7,7.9092,8.237126350402832
30901601257,apartment,1,8.2742,8.640889167785645
30902503976,apartment,1,8.5088,8.719916343688965
30902504158,apartment,1,7.8953,8.718400001525879
30902505091,apartment,1,8.5425,8.79744815826416
30902505472,apartment,1,8.6239,8.805010795593262
30902506738,apartment,1,8.2319,8.790285110473633
30902507084,apartment,1,8.4605,8.748339653015137
30902600955,apartment,1,8.5731,8.980569839477539
30902600998,apartment,1,8.771,9.077911376953125
30902601099,apartment,1,8.8474,9.074361801147461
30902704823,apartment,1,8.5644,8.913570404052734
30902803368,apartment,1,8.5734,8.721742630004883
30903103051,apartment,1,8.7337,9.003219604492188
30903103122,apartment,1,8.7425,9.013849258422852
30903104331,apartment,1,8.8669,8.931358337402344
30903104412,apartment,1,8.7168,8.927620887756348
30903201434,apartment,1,8.363,8.803927421569824
30903201752,apartment,1,8.2685,8.74460506439209
30903401281,apartment,1,8.6788,8.782859802246094
30903401360,apartment,1,8.5685,8.782859802246094
30903503007,apartment,1,8.7591,8.982926368713379
30903603834,apartment,1,8.1366,8.636469841003418
30903605527,apartment,1,8.0229,8.636544227600098
30903605705,apartment,1,8.294,8.636544227600098
30903610849,apartment,1,8.4021,8.688788414001465
30904002656,apartment,1,8.3881,8.797120094299316
30904300894,apartment,1,8.5637,8.847575187683105
30904401224,apartment,1,8.8849,8.809857368469238
30904500729,apartment,1,8.2879,8.618828773498535
30904501571,apartment,1,8.4219,8.680572509765625
30904707821,apartment,1,8.9129,9.009005546569824
30904708567,apartment,1,8.6173,8.9342622756958
30904802172,apartment,1,8.294,8.67049789428711
30904802474,apartment,1,8.2228,8.665006637573242
30905002706,apartment,1,8.3326,8.553529739379883
30905101178,apartment,1,8.5862,8.728333473205566
30905506496,apartment,1,8.616,8.822428703308105
30905508944,apartment,1,8.6454,8.849211692810059
30905509258,apartment,1,8.8017,9.109565734863281
30905604897,apartment,1,8.6299,8.720575332641602
31001204260,apartment,1,8.5416,8.4832763671875
31002702851,apartment,1,8.5269,8.286069869995117
31002904649,apartment,1,8.2418,8.203906059265137
31002909616,apartment,1,8.619,8.473739624023438
31003003262,apartment,1,8.6548,8.463343620300293
31003004137,apartment,1,8.6697,8.461031913757324
31004302034,apartment,1,7.928,8.112313270568848
31004302093,apartment,1,8.0222,8.13143253326416
31004302468,apartment,1,8.5172,8.376656532287598
31004503511,apartment,1,8.3102,8.358133316040039
31004600450,apartment,1,8.7492,8.439740180969238
31004601457,apartment,1,8.8244,8.405040740966797
31004601694,apartment,1,8.7577,8.409760475158691
31004607013,apartment,1,8.768,8.392901420593262
31005904569,apartment,1,8.6327,8.30462646484375
31006201545,apartment,1,8.4128,8.265780448913574
31006602752,apartment,1,8.3728,8.078777313232422
31007001671,apartment,1,8.4386,8.050066947937012
00101901127,commercial,0,8.2097,8.408910751342773
00104403063,commercial,0,8.163,8.311541557312012
00104403071,commercial,0,8.1689,8.35014820098877
00104600160,commercial,0,9.0768,8.572529792785645
00104704217,commercial,0,8.0546,8.398782730102539
00104704251,commercial,0,8.3124,8.398782730102539
00104706163,commercial,0,8.3784,8.431580543518066
00104707984,commercial,0,8.7329,8.398782730102539
00104708492,commercial,0,8.4909,8.399008750915527
00104709261,commercial,0,8.6225,8.396523475646973
00104709553,commercial,0,8.5172,8.39802360534668
00300704003,commercial,0,7.5239,8.662555694580078
00501701850,commercial,0,8.4752,8.412677764892578
00506804127,commercial,0,8.1683,8.349727630615234
00506804135,commercial,0,8.1313,8.453346252441406
00600600416,commercial,0,8.6915,8.218262672424316
00600707611,commercial,0,9.0982,8.708377838134766
00601500768,commercial,0,8.0973,8.290250778198242
00602306744,commercial,0,7.292,8.271484375
00700203461,commercial,0,7.7128,8.398009300231934
00700504621,commercial,0,8.3311,8.354368209838867
00700900780,commercial,0,8.2671,8.375986099243164
00701209909,commercial,0,8.3015,8.372928619384766
00704505517,commercial,0,7.9647,8.37215518951416
00801200229,commercial,0,8.4118,8.441316604614258
00804302766,commercial,0,8.7316,8.47755241394043
00809302586,commercial,0,7.8623,8.182231903076172
00809302594,commercial,0,7.7231,8.191985130310059
00809302608,commercial,0,7.8055,8.19092845916748
00809302861,commercial,0,7.734,8.181625366210938
00901610240,commercial,0,8.3526,8.255760192871094
00901900028,commercial,0,9.3157,8.5531587600708
00904512614,commercial,0,9.0699,8.460999488830566
00905103939,commercial,0,8.5817,8.439953804016113
00905107837,commercial,0,8.7113,8.539595603942871
00906200725,commercial,0,8.7775,8.335901260375977
00906209201,commercial,0,8.5439,8.32441520690918
00907106226,commercial,0,8.5744,8.250683784484863
00907603130,commercial,0,8.7096,8.496105194091797
00908401701,commercial,0,8.4506,8.58205509185791
00910103100,commercial,0,7.9696,8.188535690307617
01001907949,commercial,0,8.3573,8.359559059143066
01001909453,commercial,0,8.5397,8.239534378051758
01002506573,commercial,0,8.9872,8.648778915405273
01002709822,commercial,0,8.5607,8.030355453491211
01002709865,commercial,0,7.6852,8.011165618896484
01003005632,commercial,0,8.5302,8.510685920715332
01005602484,commercial,0,8.6902,8.488340377807617
01005801770,commercial,0,7.4485,8.47644329071045
01006900411,commercial,0,9.9523,8.852394104003906
01006900624,commercial,0,9.8294,8.862022399902344
01006903704,commercial,0,8.7498,8.809317588806152
01007301279,commercial,0,8.5982,8.5101957321167
01007301333,commercial,0,9.1652,8.538980484008789
01009400037,commercial,0,9.028,8.708990097045898
01009400991,commercial,0,9.0768,8.845111846923828
01009901524,commercial,0,8.9185,8.699251174926758
01107001455,commercial,0,8.7371,8.481428146362305
01111400032,commercial,0,9.6803,8.561243057250977
01206807393,commercial,0,8.4575,8.337769508361816
01214202225,commercial,7,8.5172,8.464560508728027
01300105038,commercial,0,8.5849,8.573537826538086
01300105186,commercial,0,8.7504,8.580455780029297
01300913819,commercial,0,8.6995,8.494012832641602
01300913827,commercial,0,8.6146,8.49856948852539
01302204904,commercial,0,8.3393,8.366436004638672
01404803866,commercial,0,8.5952,8.47563648223877
01406703834,commercial,0,8.7736,8.449411392211914
01406703850,commercial,0,8.8371,8.449761390686035
01507302541,commercial,0,8.4288,8.58514404296875
01507302584,commercial,0,8.3724,8.533093452453613
01507302592,commercial,0,8.4067,8.533404350280762
01509403272,commercial,6,8.4912,8.507013320922852
01509403280,commercial,6,8.6358,8.53337574005127
01607404311,commercial,6,7.9671,8.305366516113281
01609902068,commercial,6,8.2548,8.608957290649414
01610104900,commercial,6,8.3736,8.495462417602539
01610105346,commercial,6,8.6662,8.624438285827637
01610611810,commercial,6,8.6603,8.796951293945312
01614801398,commercial,6,9.7212,8.758745193481445
01616302879,commercial,6,8.3774,8.491927146911621
01616402997,commercial,6,8.2824,8.904630661010742
01708000161,commercial,9,8.6407,7.9247870445251465
01902100182,commercial,0,8.3931,8.522906303405762
01908400201,commercial,0,8.5242,8.256166458129883
01909400149,commercial,0,8.2607,8.082807540893555
02007200368,commercial,0,8.9002,8.560909271240234
02009106253,commercial,0,8.5881,8.410807609558105
02009106474,commercial,0,8.6103,8.378786087036133
02100700049,commercial,0,8.207,8.305203437805176
02103406419,commercial,0,8.2923,8.230116844177246
02103406435,commercial,0,8.2923,8.230116844177246
02200615531,commercial,0,8.6082,8.432182312011719
02200617275,commercial,0,8.8185,8.450445175170898
02200618263,commercial,0,8.6277,8.431464195251465
02200618621,commercial,0,8.7721,8.452834129333496
02300200457,commercial,7,8.2871,8.871922492980957
02505702871,commercial,9,8.4527,8.538261413574219
02702900331,commercial,9,8.6102,8.362289428710938
02706203889,commercial,9,8.3015,8.381659507751465
02803715813,commercial,9,8.4415,8.315335273742676
02906702382,commercial,9,8.2771,8.323887825012207
02909500268,commercial,9,8.4668,8.371988296508789
03000700935,commercial,9,8.4423,8.410456657409668
03001800046,commercial,9,8.6638,8.352904319763184
03003901060,commercial,9,9.2363,8.652398109436035
03003902687,commercial,9,9.0693,8.66021728515625
03007301726,commercial,9,8.532,8.339998245239258
03010510780,commercial,9,8.9388,8.398396492004395
03103400918,commercial,9,8.7882,8.283089637756348
03104300488,commercial,9,8.7403,8.273354530334473
03202004212,commercial,9,8.8571,8.448845863342285
03202900463,commercial,9,8.3973,7.9708943367004395
03203602717,commercial,9,8.1894,8.25320053100586
03404002962,commercial,1,8.1543,8.105599403381348
03600313983,commercial,0,8.2912,8.224806785583496
03600313991,commercial,0,8.2912,8.224806785583496
03602200991,commercial,0,8.6472,8.67372989654541
03701703876,commercial,1,8.0769,8.906423568725586
03702801642,commercial,1,8.847,8.831151962280273
03907403002,commercial,1,9.9108,9.378890037536621
03907604970,commercial,1,7.8886,8.34023666381836
03907605012,commercial,1,7.9374,8.3372802734375
04013001039,commercial,1,8.1807,8.253528594970703
04102909788,commercial,6,8.9227,8.902409553527832
04109100161,commercial,6,9.3841,8.160115242004395
04111002404,commercial,6,8.722,8.408797264099121
04112404123,commercial,6,8.3481,8.234619140625
04118403293,commercial,6,8.363,8.097335815429688
04118403617,commercial,6,8.3894,8.106019973754883
04118404656,commercial,6,8.6875,8.09640121459961
04118902842,commercial,6,8.3052,8.252063751220703
04122903378,commercial,6,8.9013,8.264277458190918
04122903858,commercial,6,8.691,8.279382705688477
04124402678,commercial,6,8.8426,8.31371021270752
04202100166,commercial,1,8.2985,9.077569007873535
04213810631,commercial,6,9.1081,8.551740646362305
04213811387,commercial,6,9.1678,8.552630424499512
04301702458,commercial,1,8.2171,8.410836219787598
04305102978,commercial,1,8.3221,8.452925682067871
04305103567,commercial,1,8.1551,8.45280647277832
04305103613,commercial,1,8.2849,8.4542818069458
04506200810,commercial,1,9.0914,8.81400203704834
04624500180,commercial,1,7.9866,8.47944164276123
04708004230,commercial,1,8.6365,8.574585914611816
04710305811,commercial,1,8.3032,8.50651741027832
04715801167,commercial,1,7.5239,8.16258430480957
04716700887,commercial,1,7.8847,8.121166229248047
04719100661,commercial,1,8.1987,8.279217720031738
04722603170,commercial,1,7.7202,8.437582015991211
04722603189,commercial,1,7.7202,8.437582015991211
04728700828,commercial,1,7.3757,8.343972206115723
05000600452,commercial,1,7.5789,8.368695259094238
05004400962,commercial,1,8.2618,8.277754783630371
05004402231,commercial,1,8.5628,8.298752784729004
05004403171,commercial,1,8.4072,8.564300537109375
05228700341,commercial,9,7.6897,8.069941520690918
05403204601,commercial,9,9.2597,8.45036506652832
05404301112,commercial,9,8.6631,8.238847732543945
05404601248,commercial,9,8.489,8.407482147216797
05404601493,commercial,9,8.3593,8.392411231994629
05405200141,commercial,9,8.7064,8.459553718566895
05422905210,commercial,9,8.9191,8.389806747436523
05422905857,commercial,9,8.5172,8.417584419250488
05505100120,commercial,3,9.097,8.218928337097168
05604001104,commercial,3,7.7725,8.36496639251709
05615301392,commercial,9,8.1987,8.403607368469238
05703600413,commercial,3,8.6268,8.245779037475586
05706700397,commercial,3,8.3674,8.176131248474121
05803900737,commercial,3,9.5437,8.331562995910645
05815809871,commercial,3,8.4706,8.454916000366211
06017500090,commercial,3,8.5172,8.394926071166992
06219008685,commercial,9,7.3733,8.224682807922363
06219008847,commercial,9,7.4007,8.221431732177734
06415100580,commercial,9,8.7536,8.446280479431152
06636800348,commercial,4,8.5268,7.935279369354248
06722403440,commercial,4,8.3041,8.17392349243164
06854400260,commercial,4,8.6995,8.492120742797852
06916313021,commercial,4,8.2149,8.209750175476074
06918600011,commercial,4,8.7183,8.22403621673584
06920502534,commercial,4,7.5163,8.210955619812012
07016503232,commercial,4,8.3608,8.440689086914062
07016503240,commercial,4,8.3608,8.440689086914062
07300802362,commercial,4,8.4684,8.483250617980957
07305001090,commercial,4,8.4833,8.451644897460938
07315704329,commercial,4,8.2666,8.421795845031738
07315706054,commercial,4,8.1568,8.415106773376465
07315706143,commercial,4,8.1891,8.425803184509277
07330500615,commercial,0,8.323,8.419134140014648
07330501743,commercial,0,8.5927,8.440195083618164
07408901329,commercial,7,8.3349,8.442819595336914
07433900128,commercial,7,8.1665,8.487452507019043
07502600493,commercial,4,8.1007,8.136039733886719
07703500356,commercial,7,8.8132,8.434026718139648
07725500464,commercial,7,8.338,8.730608940124512
07840201423,commercial,7,8.3238,8.53926944732666
08000602377,commercial,7,8.3894,8.214902877807617
08004703275,commercial,7,8.4527,8.196048736572266
08009107689,commercial,7,7.9217,8.26954460144043
08015513537,commercial,7,8.561,8.312536239624023
08136402523,commercial,0,8.5862,8.794153213500977
08220600225,commercial,7,7.2843,8.183049201965332
08321202373,commercial,0,8.442,8.498323440551758
08322005601,commercial,6,8.1695,8.522652626037598
08322005611,commercial,6,8.1695,8.5209379196167
08322005921,commercial,6,8.6268,8.481016159057617
08509510865,commercial,6,8.5898,8.171066284179688
08510004366,commercial,6,8.503,8.296575546264648
08512700211,commercial,6,8.8597,8.453922271728516
08516600564,commercial,6,8.4764,8.589221954345703
08528000338,commercial,6,9.498,8.886470794677734
08544501451,commercial,6,8.1003,8.10230827331543
08544502008,commercial,6,8.1242,8.122109413146973
08549700691,commercial,6,8.2588,8.305097579956055
08550400912,commercial,6,7.9587,7.956214427947998
08551401998,commercial,6,8.585,8.035743713378906
08551700758,commercial,6,9.0516,7.914145469665527
08552601311,commercial,6,7.9048,8.070545196533203
08554004159,commercial,6,8.2345,8.482951164245605
08554103033,commercial,6,8.1807,8.437827110290527
08563204521,commercial,6,8.635,8.383399963378906
08564100241,commercial,6,8.0653,7.990112781524658
08564100258,commercial,6,7.8612,7.991304397583008
08600200660,commercial,6,7.8876,8.14594841003418
08600604338,commercial,6,7.8152,8.185676574707031
08600604346,commercial,6,7.8152,8.185676574707031
08600901871,commercial,6,8.2272,8.356907844543457
08600902134,commercial,6,8.3814,8.319438934326172
08600902266,commercial,6,8.3814,8.319438934326172
08600902398,commercial,6,8.3814,8.319438934326172
08600902525,commercial,6,8.3814,8.319438934326172
08600902657,commercial,6,8.3814,8.319438934326172
08604001425,commercial,6,8.1229,8.039973258972168
08620604198,commercial,6,8.4232,8.265958786010742
08625800361,commercial,6,9.1572,8.410078048706055
08637504825,commercial,6,8.6797,8.346216201782227
08639012202,commercial,6,8.2024,8.3016357421875
08639012555,commercial,6,8.4256,8.28559398651123
08707507437,commercial,2,8.2775,8.425129890441895
08707901356,commercial,2,8.1437,8.318981170654297
08707902255,commercial,2,8.1052,8.320820808410645
08708701709,commercial,2,8.6629,8.508519172668457
08708702489,commercial,2,8.4134,8.382128715515137
08717001781,commercial,6,8.1352,8.367827415466309
08717001986,commercial,6,8.1644,8.368661880493164
08717003652,commercial,6,8.2556,8.395617485046387
08718003923,commercial,6,8.4547,8.317550659179688
08731511521,commercial,2,7.516,8.22998046875
08731512097,commercial,2,7.9486,8.230993270874023
08731512127,commercial,2,7.9076,8.21837043762207
08743011284,commercial,8,8.4535,8.279570579528809
09016200150,commercial,2,9.2937,8.092355728149414
09046303985,commercial,2,8.2152,7.95228910446167
09046303993,commercial,2,8.2152,7.95228910446167
09046304191,commercial,2,8.2065,7.957435131072998
09046304531,commercial,2,8.2149,7.948915958404541
09046304639,commercial,2,8.2295,7.937461853027344
09101204076,commercial,1,7.8982,8.580570220947266
09102400413,commercial,1,8.1536,7.921759128570557
09106103545,commercial,1,7.9041,8.080021858215332
09106103936,commercial,1,7.915,8.160466194152832
09129500011,commercial,2,7.3702,8.14174747467041
09706800352,commercial,7,9.0055,9.02946949005127
09708502936,commercial,7,7.676,8.234097480773926
09708503002,commercial,7,7.9784,8.218035697937012
09708503010,commercial,7,8.2308,8.234097480773926
09708505765,commercial,7,8.6026,8.221588134765625
09708507271,commercial,7,8.2586,8.208083152770996
09708510947,commercial,7,8.3711,8.170434951782227
09708516864,commercial,7,8.63,8.544880867004395
09800901590,commercial,7,8.4798,8.410568237304688
09805802329,commercial,7,8.5559,8.368080139160156
09903700695,commercial,7,7.1082,8.49594497680664
10005300321,commercial,9,8.1731,8.248873710632324
10005300559,commercial,9,8.3066,8.245010375976562
10212300181,commercial,9,8.406,8.087359428405762
10212600361,commercial,9,8.2537,8.050103187561035
11035000570,commercial,3,8.4757,8.188560485839844
11407501428,commercial,5,7.9074,7.7623467445373535
11611400170,commercial,3,8.4428,8.33002758026123
11613100395,commercial,3,8.0131,8.27155876159668
11718600053,commercial,3,9.4727,8.39339542388916
11733600212,commercial,3,7.6761,7.930395603179932
11830607218,commercial,9,8.7934,8.535056114196777
12500500216,commercial,7,8.4844,8.252669334411621
15509400292,commercial,3,8.1586,8.026063919067383
16025800366,commercial,8,8.2976,8.19225025177002
16807101413,commercial,8,7.7421,8.11315631866455
16908400343,commercial,8,8.2808,8.064234733581543
16922101161,commercial,8,8.3581,8.254847526550293
17122105988,commercial,8,8.0126,8.23154067993164
17122106453,commercial,8,7.9671,8.254169464111328
17130003153,commercial,8,8.3994,8.288843154907227
17130003986,commercial,8,8.1754,8.258758544921875
17130005555,commercial,8,8.5685,8.251116752624512
17130006861,commercial,8,8.2808,8.260464668273926
17425800021,commercial,2,7.893,7.664038181304932
19701607553,commercial,0,8.5652,8.384072303771973
19702203073,commercial,0,8.5914,8.380640029907227
19702203081,commercial,0,8.6133,8.362586975097656
19702203091,commercial,0,8.5834,8.380640029907227
19702204584,commercial,0,8.7803,8.372577667236328
19702404885,commercial,0,8.2149,8.416457176208496
19703909174,commercial,0,8.1807,8.426819801330566
19703909182,commercial,0,8.5172,8.501644134521484
19703909190,commercial,0,8.1807,8.426819801330566
19704803337,commercial,0,8.1637,8.442036628723145
19704803345,commercial,0,8.3942,8.499914169311523
19704803353,commercial,0,8.3942,8.499914169311523
19705503396,commercial,0,7.896,8.449958801269531
29903509276,commercial,6,8.6995,8.291213989257812
29903509292,commercial,6,8.6995,8.291213989257812
29903509306,commercial,6,8.6603,8.293004989624023
29903509314,commercial,6,8.4707,8.290275573730469
29903509322,commercial,6,8.6112,8.23258113861084
29904900556,commercial,6,8.6226,8.354853630065918
29905008509,commercial,6,8.5129,8.352683067321777
29913900131,commercial,6,9.2793,8.541006088256836
30004401260,commercial,6,8.7009,7.965826034545898
30602804202,commercial,4,8.5267,8.460897445678711
30602805497,commercial,4,8.178,8.470293998718262
30602805772,commercial,4,8.5076,8.468404769897461
00400900440,house,9,8.8457,8.306007385253906
00404400205,house,0,7.846,8.53676986694336
00407200576,house,9,8.3741,8.56867790222168
00605000352,house,0,8.7493,8.507784843444824
01003000630,house,0,9.0877,8.730592727661133
01003511716,house,0,9.3555,8.741724014282227
01101200456,house,0,9.0027,8.765307426452637
01102900168,house,0,8.9857,8.737564086914062
01200200586,house,7,8.862,8.559684753417969
01200200624,house,7,8.9352,8.527769088745117
01200600088,house,7,8.9337,8.819271087646484
01200700864,house,7,8.6656,8.606671333312988
01201300169,house,7,9.105,8.927017211914062
01203900724,house,0,8.3774,8.71014404296875
01204801932,house,0,8.5929,8.906745910644531
01205600574,house,0,8.711,8.899202346801758
01205900314,house,0,9.4335,8.620213508605957
01209100592,house,0,9.5242,8.969712257385254
01209900211,house,0,8.7505,8.53483772277832
01210601001,house,0,9.6899,8.809359550476074
01210902389,house,0,8.3986,8.901432037353516
01214900641,house,0,8.6284,8.740641593933105
01215001282,house,0,8.8581,8.776674270629883
01215100541,house,0,8.6565,8.725881576538086
01216100101,house,0,9.469,8.902381896972656
01217000321,house,0,9.0866,8.677430152893066
01500708429,house,0,8.8273,9.151213645935059
01500708542,house,0,8.8637,9.138517379760742
01506200338,house,0,9.1662,8.940654754638672
01614800928,house,6,8.9952,8.796711921691895
01703200152,house,9,8.7403,8.169570922851562
01803400511,house,0,8.2295,8.77961254119873
01806500590,house,0,8.7403,8.521339416503906
01806600072,house,0,8.862,8.737975120544434
01902400471,house,0,8.8356,8.56324291229248
01902800214,house,0,8.7096,8.249130249023438
01904500749,house,0,8.554,8.486913681030273
01905300468,house,0,8.5913,8.781506538391113
01910200654,house,0,8.3622,8.195667266845703
01910500631,house,0,8.6842,8.465958595275879
02102000311,house,0,8.8337,8.52832317352295
02104600057,house,0,8.8125,8.842866897583008
02106800053,house,0,8.9227,8.696561813354492
02107700400,house,0,8.2981,8.443323135375977
02109400269,house,0,8.4096,8.596197128295898
02109400341,house,0,8.9446,8.620183944702148
02109900441,house,0,8.5913,8.63841724395752
02200600410,house,0,9.4082,8.831433296203613
02206100568,house,7,8.797,8.98217487335205
02208100549,house,0,8.8899,8.67538070678711
02302100069,house,7,8.3021,8.820833206176758
02302100352,house,7,8.5172,8.98451042175293
02307200126,house,7,9.2496,9.104239463806152
02307800565,house,7,9.1452,8.940313339233398
02308900555,house,7,8.4802,8.941231727600098
02309800058,house,7,9.1678,8.814553260803223
02400900272,house,7,9.4918,8.526748657226562
02403500151,house,7,9.3645,9.223340034484863
02403800661,house,7,9.3281,9.249282836914062
02403800831,house,7,9.0711,9.114514350891113
02404000624,house,7,8.3602,8.5253324508667
02404101307,house,7,8.6446,8.790606498718262
02404101692,house,7,9.4823,8.844643592834473
02404500104,house,7,9.2103,8.846200942993164
02404800442,house,7,8.9271,8.889036178588867
02405100096,house,7,9.2287,9.139233589172363
02405100096,house,7,9.1616,9.1653470993042
02407001168,house,7,8.5708,8.591451644897461
02408100585,house,7,8.1526,8.916060447692871
02408100593,house,7,8.2097,8.96651554107666
02408200199,house,7,7.9978,8.457887649536133
02602800732,house,9,8.6644,8.12408447265625
02604000377,house,9,8.0418,8.135952949523926
02606600584,house,9,8.0754,8.178744316101074
02606900057,house,9,8.2221,8.263497352600098
02700700791,house,9,8.704,8.384078979492188
02703700581,house,9,8.8273,8.390778541564941
02706300663,house,9,8.6006,8.454833030700684
02706400188,house,9,8.6618,8.662513732910156
02708700901,house,9,9.0027,8.537555694580078
02800700440,house,9,8.8402,8.368717193603516
02805500091,house,9,8.635,8.380501747131348
02806402026,house,9,8.2909,7.958238124847412
02900300185,house,9,9.078,8.548323631286621
02902500599,house,9,8.5346,8.462939262390137
02907400071,house,9,8.1001,8.112960815429688
02907801661,house,9,8.3608,8.419519424438477
03000301471,house,9,8.6305,8.721292495727539
03008700993,house,9,8.3155,8.493090629577637
03010100760,house,9,8.9629,8.739112854003906
03010700695,house,9,8.4302,8.5056734085083
03011100624,house,9,8.8481,8.459264755249023
03011900213,house,9,8.7742,8.497360229492188
03014700495,house,9,8.2486,8.171510696411133
03102100589,house,9,8.6995,8.331098556518555
03102900119,house,9,8.4722,8.165366172790527
03102900283,house,9,8.5172,8.44239616394043
03104900388,house,9,8.1807,7.937873840332031
03104900582,house,9,8.5252,8.209450721740723
03105800123,house,9,8.2308,8.052986145019531
03108600311,house,9,8.5004,8.494832038879395
03109401231,house,9,8.1025,8.368719100952148
03201000191,house,9,8.9131,8.54562759399414
03203501066,house,9,8.8448,8.223074913024902
03203601788,house,9,8.1328,8.409010887145996
03204300463,house,9,8.7536,8.22686767578125
03206604192,house,9,9.028,8.714555740356445
03207300456,house,9,8.9737,8.112631797790527
03214000225,house,9,8.6125,8.242812156677246
03217500997,house,9,8.9661,8.488303184509277
03218300436,house,9,9.0706,8.351012229919434
03303700435,house,0,8.3466,8.49843692779541
03304701354,house,0,8.8567,8.789965629577637
03306800635,house,0,8.4118,8.66772174835205
03401000527,house,0,8.3147,8.709114074707031
03402500841,house,0,7.9819,8.31257152557373
03405000114,house,1,9.185,8.501615524291992
03405400368,house,1,8.4482,8.510270118713379
03406700225,house,1,8.7403,8.645004272460938
03407800045,house,1,8.6125,8.454896926879883
03408100071,house,1,8.5038,8.362749099731445
03408101205,house,1,8.6618,8.399886131286621
03408200661,house,1,8.5004,8.32474422454834
03408500789,house,0,8.408,8.597123146057129
03500900682,house,9,8.5942,8.464284896850586
03501000707,house,9,8.7048,8.144957542419434
03502406219,house,1,8.5046,8.54994010925293
03502600112,house,9,8.5878,8.43246841430664
03503700171,house,9,8.1167,8.237248420715332
03505301302,house,1,8.7959,8.216924667358398
03505501158,house,1,8.4378,8.08659839630127
03506000829,house,9,8.5587,8.36638069152832
03506400789,house,9,8.1192,8.247647285461426
03507200589,house,9,8.3349,8.401208877563477
03508100448,house,9,8.4659,8.15040397644043
03508100715,house,9,8.0991,8.09925651550293
03508500381,house,9,7.6009,8.24917984008789
03508700526,house,9,7.9194,8.172971725463867
03704200158,house,1,8.9532,8.557404518127441
03704300187,house,1,8.8139,8.758587837219238
03706705451,house,1,8.974,8.880152702331543
03707000281,house,1,9.058,8.424736022949219
03708200187,house,1,8.9124,8.801763534545898
03709100070,house,1,9.1458,8.620306968688965
03804500323,house,0,8.1564,8.716121673583984
03809300160,house,1,8.9193,8.514333724975586
03810200905,house,1,9.0401,8.948400497436523
03811200046,house,1,8.4831,8.753232955932617
03900400083,house,1,8.8553,8.55589771270752
03901900160,house,1,8.0973,8.363277435302734
03902000287,house,1,8.7179,8.252828598022461
03906700135,house,1,9.1659,8.483622550964355
03907102843,house,1,9.1224,8.784607887268066
03913900888,house,1,8.93,8.53168773651123
03914000120,house,1,8.4244,8.425054550170898
03914800607,house,1,8.6995,8.40565013885498
04005600271,house,1,8.0877,8.219862937927246
04006300204,house,1,8.4619,8.538040161132812
04007400113,house,1,8.9271,8.384598731994629
04009500115,house,1,8.6558,8.654407501220703
04012600850,house,1,8.8896,8.346456527709961
04012800183,house,1,8.1077,8.196605682373047
04013100339,house,1,8.531,8.426080703735352
04013400340,house,1,8.193,8.38182258605957
04013500469,house,1,8.9266,8.47065544128418
04015400097,house,1,8.7699,8.545059204101562
04015500131,house,1,8.1847,8.041049003601074
04017200346,house,1,8.4219,8.55432415008545
04017300456,house,1,9.1645,8.810314178466797
04102500146,house,6,9.3948,8.696266174316406
04124600054,house,6,9.2844,8.73511028289795
04203900514,house,1,9.1319,9.115601539611816
04215700991,house,1,8.4047,8.509966850280762
04216200273,house,1,9.014,9.161553382873535
04301700706,house,1,9.3661,8.515116691589355
04302900490,house,1,8.825,8.517797470092773
04302900512,house,1,8.8049,8.492141723632812
04305700522,house,1,8.1093,8.305932998657227
04307200381,house,1,8.5357,8.48360538482666
04307700090,house,1,8.4919,8.739749908447266
04307900251,house,1,8.421,8.34057903289795
04309400523,house,1,8.5994,8.33871841430664
04309800920,house,1,8.9256,8.428074836730957
04309900429,house,1,9.028,8.621731758117676
04313200541,house,1,8.6763,8.256485939025879
04314400293,house,1,8.4652,8.300013542175293
04314801425,house,1,8.0973,8.386869430541992
04315500615,house,1,8.2698,8.522777557373047
04315500631,house,1,8.1644,8.482377052307129
04318200183,house,1,8.2816,8.734984397888184
04319100034,house,1,8.3096,8.318521499633789
04319801350,house,1,8.7741,8.742059707641602
04409500635,house,9,8.2843,8.069944381713867
04410600338,house,9,7.9462,7.871831893920898
04410800647,house,9,8.4527,8.278077125549316
04411100347,house,9,8.0448,8.292136192321777
04412800199,house,9,7.8435,8.359264373779297
04412900401,house,9,7.61,8.013467788696289
04413200081,house,9,8.3064,8.1033296585083
04502000310,house,1,8.46,8.791153907775879
04503300490,house,1,8.0552,9.068389892578125
04503700812,house,1,8.7093,8.897908210754395
04503900412,house,1,9.0753,9.29631233215332
04503901011,house,1,8.7248,9.043808937072754
04513801166,house,1,8.4455,8.671070098876953
04516000253,house,1,8.3349,8.671220779418945
04519000254,house,1,8.4262,8.661919593811035
04519500206,house,1,8.4675,8.77509880065918
04523700664,house,6,8.6719,8.165311813354492
04529000494,house,1,8.6752,9.036428451538086
04530100294,house,6,9.028,8.604774475097656
04530700186,house,6,8.4919,8.517844200134277
04530800091,house,1,8.3071,8.770462036132812
04531300548,house,6,8.2923,8.303735733032227
04600900553,house,1,8.7275,8.589847564697266
04601300592,house,1,8.7469,8.667872428894043
04605800761,house,1,8.4431,8.694252967834473
04607900443,house,1,8.2682,8.544624328613281
04609600064,house,1,8.294,8.630661010742188
04610702381,house,1,8.2283,8.727416038513184
04610800209,house,1,8.1372,8.674381256103516
04611300862,house,1,8.9596,8.916576385498047
04611301060,house,1,9.0672,9.044218063354492
04615000200,house,1,8.449,8.923534393310547
04619102776,house,1,7.8028,8.591777801513672
04619900354,house,1,7.9388,8.842142105102539
04620100846,house,1,8.2766,8.776227951049805
04622100053,house,1,8.642,8.36035442352295
04622100355,house,1,8.5301,8.356561660766602
04624400771,house,1,8.5086,8.541951179504395
04700100249,house,1,8.5882,8.595648765563965
04700200421,house,1,7.9313,8.649138450622559
04702300229,house,1,8.363,8.64190673828125
04704700496,house,1,8.2295,8.801926612854004
04706303753,house,1,8.4678,8.796161651611328
04707100333,house,1,8.2315,8.544546127319336
04708801191,house,1,8.1754,8.971522331237793
04708802137,house,1,8.8418,8.96753978729248
04709400520,house,1,8.6995,8.574885368347168
04713800082,house,1,8.7087,8.712913513183594
04714500661,house,1,9.0926,8.807008743286133
04714600583,house,1,8.2695,8.45554256439209
04717000811,house,1,8.5942,8.21277904510498
04719801021,house,1,8.5994,8.337206840515137
04720400965,house,1,8.1096,8.03715991973877
04721100175,house,1,8.7487,8.962071418762207
04724800208,house,1,7.4418,8.42380428314209
04803000077,house,1,8.4267,8.686405181884766
04803700494,house,1,8.239,8.427461624145508
04803801002,house,1,8.6692,8.60772705078125
04804500316,house,1,8.622,8.634693145751953
04807000330,house,1,8.2808,8.516682624816895
04807000500,house,1,8.6851,8.483329772949219
04807400053,house,1,9.0332,8.251497268676758
04810000109,house,1,9.477,8.963865280151367
04814000324,house,1,8.3141,8.316174507141113
04815401446,house,1,8.137,8.336841583251953
04819000251,house,1,8.6226,8.808807373046875
04822400182,house,1,7.8494,8.209312438964844
04823401530,house,1,9.2243,8.830598831176758
04824500605,house,1,8.6713,8.571285247802734
04825200540,house,1,8.6995,8.476621627807617
04826900104,house,1,8.1877,8.211848258972168
04828500871,house,1,8.6226,8.734130859375
04830700084,house,1,8.2161,8.546589851379395
04831001775,house,1,8.297,8.44022274017334
04832600486,house,1,8.479,8.672379493713379
04834500845,house,1,8.5374,8.634285926818848
04836600601,house,1,9.0886,8.844228744506836
04836700061,house,1,8.0327,8.571229934692383
04839400571,house,1,8.6975,8.480005264282227
04839600333,house,1,8.3187,8.43559741973877
04842100389,house,1,8.5685,8.518854141235352
04901200526,house,1,8.5849,8.696043014526367
04903300455,house,1,8.4652,8.683603286743164
04903600270,house,1,7.9931,8.592172622680664
04903600386,house,1,8.4946,8.743364334106445
04905600618,house,1,8.1689,8.242925643920898
04906100392,house,1,8.2212,8.425215721130371
04909900802,house,1,8.2677,8.355257987976074
04911101040,house,1,8.3894,8.730818748474121
04913600850,house,1,7.8666,8.317361831665039
04914300915,house,1,8.24,8.493070602416992
04920400691,house,1,8.1363,8.051057815551758
04920500297,house,1,8.3248,8.2845458984375
04923000953,house,1,8.5188,8.521376609802246
04924000353,house,1,8.1461,8.526110649108887
04924100315,house,1,8.0227,8.5224609375
04925900226,house,1,8.6915,8.686654090881348
04927601293,house,1,8.1452,8.067532539367676
04927601811,house,1,8.0385,8.162094116210938
04945000451,house,1,7.874,7.964244365692139
04945100527,house,1,8.6928,8.463470458984375
04945100586,house,1,7.9092,8.19758415222168
04945500576,house,1,7.5533,8.077927589416504
05000500407,house,1,8.3837,8.720170974731445
05008501119,house,1,8.3749,8.503985404968262
05008800450,house,1,8.7248,8.421693801879883
05014300022,house,1,8.5829,8.498368263244629
05014600727,house,1,7.9811,8.139124870300293
05016100179,house,1,8.8945,8.984073638916016
05016700559,house,1,7.9391,8.48387622833252
05018400153,house,1,8.4482,8.229945182800293
05018800518,house,1,8.442,8.165864944458008
05019000671,house,1,7.7628,8.351458549499512
05021100211,house,1,8.4019,8.442008972167969
05022800462,house,1,8.055,8.40585708618164
05101001041,house,9,8.6662,8.255053520202637
05101711950,house,9,8.7675,8.483789443969727
05101711993,house,9,8.7359,8.483789443969727
05102800302,house,9,8.4482,8.222702980041504
05104900428,house,9,8.2541,8.284601211547852
05106400503,house,9,7.8251,8.053756713867188
05107701949,house,9,8.6173,8.259416580200195
05110000522,house,9,8.3662,8.321700096130371
05110100527,house,9,8.552,8.409111976623535
05110600422,house,9,8.8162,8.656810760498047
05111300287,house,9,8.568,8.290081024169922
05111600469,house,9,8.8001,8.559318542480469
05111600485,house,9,8.8144,8.594374656677246
05113000345,house,9,8.6373,8.412819862365723
05113100625,house,9,8.8708,8.605484008789062
05114800388,house,9,8.9002,8.702664375305176
05114900234,house,9,8.955,8.638154029846191
05115501783,house,9,8.3296,8.393661499023438
05116200401,house,9,8.7123,8.626152038574219
05116400301,house,9,8.5081,8.25146484375
05117600568,house,9,7.9823,8.215496063232422
05117700732,house,9,8.4423,8.1203031539917
05122500355,house,9,7.7853,8.16434383392334
05122500398,house,9,7.8187,7.990807056427002
05122500908,house,9,8.7485,8.574193000793457
05122700826,house,9,8.5256,8.534158706665039
05122700842,house,9,8.5584,8.566731452941895
05123200282,house,9,9.0478,8.393468856811523
05124500506,house,9,8.4802,8.161234855651855
05129700708,house,9,8.4787,8.41230297088623
05130000358,house,9,7.9385,7.920980453491211
05131100712,house,9,8.2912,8.029291152954102
05132000126,house,9,8.8356,8.081575393676758
05132100619,house,9,8.5642,7.948964595794678
05132400442,house,9,8.3034,8.216794967651367
05133700921,house,9,8.2345,8.273812294006348
05133701055,house,9,8.9227,8.531845092773438
05133701195,house,9,8.4957,8.376237869262695
05133901828,house,9,8.9081,8.342768669128418
05201900526,house,9,8.4607,8.41575813293457
05202401043,house,9,8.6372,8.235979080200195
05202700075,house,9,7.9699,8.22409725189209
05204400958,house,9,8.3096,8.434738159179688
05204400974,house,9,8.8049,8.437458992004395
05205300418,house,9,8.3349,8.422579765319824
05205402644,house,9,8.5682,8.460373878479004
05205402776,house,9,8.5926,8.3731107711792
05206900869,house,9,8.7267,8.479572296142578
05207800957,house,9,8.3653,8.10665225982666
05209600564,house,9,8.9782,8.242419242858887
05224603439,house,9,8.8523,8.416260719299316
05225700543,house,9,8.905,8.689818382263184
05229200057,house,9,8.3472,8.061202049255371
05232901087,house,9,8.731,8.140528678894043
05236700485,house,9,8.163,8.250511169433594
05301000535,house,9,7.6009,7.985567569732666
05303300757,house,3,8.3096,8.696313858032227
05304900227,house,9,9.2103,8.864824295043945
05308900183,house,9,8.3481,8.474492073059082
05312400505,house,3,8.5384,8.26601791381836
05331700365,house,9,7.9215,8.318760871887207
05334200304,house,9,8.6036,8.030123710632324
05406201263,house,9,8.7403,8.651549339294434
05407200538,house,9,8.6723,8.332695007324219
05409801946,house,9,8.4784,8.373790740966797
05417300561,house,9,8.948,8.620208740234375
05418000081,house,9,8.6252,8.202621459960938
05419800489,house,9,8.6454,8.462067604064941
05428100125,house,9,8.1117,7.915231704711914
05428300191,house,9,9.0982,8.460891723632812
05500600133,house,3,8.3684,8.336492538452148
05507800510,house,3,8.4895,8.30346393585205
05508300491,house,3,8.779,8.425891876220703
05513000369,house,3,8.6305,8.69846248626709
05520100561,house,3,8.0604,8.600668907165527
05521401180,house,3,8.0014,8.423661231994629
05522004150,house,9,9.0205,8.532730102539062
05522202361,house,9,8.9922,8.514945030212402
05522900881,house,3,8.668,8.630823135375977
05523001090,house,3,8.6507,8.617388725280762
05523900052,house,3,8.6851,8.345861434936523
05524000977,house,3,8.8739,8.765941619873047
05525200945,house,3,8.4482,8.699137687683105
05526601293,house,3,8.3221,8.67309856414795
05527300297,house,3,9.1951,8.675945281982422
05528500801,house,3,8.2054,8.556803703308105
05529100309,house,3,8.7796,8.741194725036621
05530300391,house,9,8.7017,8.2149658203125
05530900380,house,3,8.8655,8.691561698913574
05535000671,house,3,8.4531,8.21292781829834
05535800260,house,3,8.8537,8.58376693725586
05608100131,house,3,7.8598,8.079963684082031
05608400178,house,3,8.1807,8.12212085723877
05610701600,house,3,8.5289,8.505000114440918
05612303157,house,9,8.4347,8.394063949584961
05612600615,house,9,8.1757,8.377155303955078
05612700245,house,9,8.2146,8.179540634155273
05613001219,house,3,8.2637,8.256569862365723
05619401553,house,3,9.1387,8.4376859664917
05620501991,house,9,8.2428,8.472579956054688
05620600149,house,3,8.2752,8.32916259765625
05623400973,house,3,8.5172,8.37248706817627
05623700136,house,3,8.5942,8.581215858459473
05700800489,house,3,8.2591,8.428630828857422
05701700690,house,3,8.1495,8.379037857055664
05701900118,house,3,8.2428,7.977785110473633
05703200350,house,3,8.6226,8.508435249328613
05704600107,house,3,8.0709,8.471522331237793
05704702058,house,3,8.2659,8.404117584228516
05705400667,house,3,7.9768,8.308262825012207
05706800545,house,3,8.2171,8.280879974365234
05708600901,house,3,8.2631,8.281590461730957
05708600918,house,3,8.1826,8.329216957092285
05709400734,house,3,8.6797,8.384712219238281
05711201409,house,3,8.5323,8.60930347442627
05713501213,house,3,8.4925,8.331220626831055
05716300537,house,3,8.5685,8.54543399810791
05716500331,house,3,7.8913,8.059650421142578
05718001189,house,3,8.1047,8.181439399719238
05720300368,house,3,8.689,8.770740509033203
05725400646,house,3,8.4876,8.786177635192871
05725800628,house,3,7.9782,8.03909683227539
05728000975,house,3,8.8919,8.830642700195312
05728000991,house,3,8.8049,8.839400291442871
05800201341,house,3,8.4284,8.33413314819336
05800701709,house,3,8.3332,8.32158374786377
05801000682,house,3,7.9804,8.299491882324219
05802901721,house,3,9.0106,8.593226432800293
05803201138,house,3,8.359,8.58028507232666
05803800831,house,3,8.9359,8.74583625793457
05805900890,house,3,8.6482,8.49746322631836
05806401103,house,3,8.478,8.488658905029297
05808200172,house,3,8.4032,8.247321128845215
05808500338,house,3,8.4764,8.419193267822266
05810201458,house,3,8.8595,8.732264518737793
05811200293,house,3,8.5425,8.505969047546387
05811300484,house,3,8.2863,8.740238189697266
05813401857,house,3,8.2674,8.429746627807617
05814000686,house,3,8.0845,8.26745891571045
05815201502,house,3,8.4895,8.439992904663086
05815600296,house,3,8.9002,8.477097511291504
05816501038,house,3,8.7991,8.693060874938965
05816901036,house,3,8.545,8.510021209716797
05817600900,house,3,8.4198,8.451745986938477
05817900785,house,3,8.0334,8.361859321594238
05818001016,house,3,8.9486,8.705154418945312
05818301443,house,3,8.8154,8.701765060424805
05819500725,house,3,8.7843,8.690791130065918
05824000220,house,3,8.42,8.553977012634277
05900901262,house,3,9.1036,8.471424102783203
05901000234,house,3,8.1787,8.108778953552246
05901301137,house,3,8.3012,8.203150749206543
05901605292,house,3,8.4449,8.430824279785156
05901605306,house,3,8.4449,8.468233108520508
05902800641,house,3,8.4895,8.436701774597168
05903000266,house,3,8.566,8.572056770324707
05903604242,house,3,8.6855,8.461291313171387
05904301960,house,3,8.1117,8.40078353881836
05905302057,house,3,8.9609,8.674087524414062
05906501592,house,3,8.2772,8.442025184631348
05907301351,house,3,8.6965,8.523856163024902
05907700564,house,3,8.6061,8.63585376739502
05908400386,house,3,8.7988,8.540467262268066
05908500283,house,3,7.8494,8.096627235412598
05908900761,house,3,8.7382,8.517463684082031
05909500775,house,3,8.7308,8.642356872558594
05909500783,house,3,8.7229,8.630315780639648
05909800841,house,3,8.7962,8.391651153564453
05909900838,house,3,8.168,8.341398239135742
05911101181,house,3,8.9446,8.617544174194336
05911401096,house,3,8.0064,8.371084213256836
05912900738,house,3,8.6042,8.576567649841309
05913000897,house,3,8.5791,8.215943336486816
05913101324,house,3,8.0121,8.27193546295166
05913700759,house,3,8.2097,8.15121841430664
05913701399,house,3,8.1178,8.305001258850098
05913800966,house,3,8.3894,8.29357624053955
05914100968,house,3,8.8503,8.703598976135254
05914201039,house,3,8.6713,8.508177757263184
05915101267,house,3,8.8919,8.726059913635254
05915101798,house,3,8.5172,8.703685760498047
05915200818,house,3,7.8481,8.081730842590332
05915300464,house,3,8.9792,8.541095733642578
05915600751,house,3,8.6609,8.34732723236084
05917901384,house,3,8.3914,8.258551597595215
05917902161,house,3,8.812,8.577798843383789
05918100202,house,3,7.9403,8.206565856933594
05918600124,house,3,8.3958,8.223353385925293
05921100382,house,3,8.5374,8.63973617553711
05922000667,house,3,8.4665,8.494970321655273
05922100866,house,3,8.8883,8.7481107711792
05922200453,house,3,8.3194,8.099037170410156
05922600117,house,3,8.4162,7.92341947555542
05923900084,house,3,8.0317,8.208762168884277
05924401480,house,3,8.601,8.474502563476562
05925100468,house,3,9.0006,8.721207618713379
05925400178,house,3,8.6416,8.266312599182129
05926102715,house,3,8.6603,8.707220077514648
05928800606,house,3,7.8753,7.887099266052246
05929601070,house,3,8.0778,8.531140327453613
05931100733,house,3,8.435,8.331832885742188
06000800444,house,3,7.694,8.054859161376953
06002700439,house,3,8.2993,8.053421020507812
06002900683,house,3,7.8054,8.657424926757812
06002900691,house,3,7.8054,8.657424926757812
06003405295,house,3,8.7294,8.57807445526123
06003501121,house,3,8.8772,8.601983070373535
06004101060,house,3,8.2224,8.308847427368164
06004101125,house,3,8.4449,8.503936767578125
06004900737,house,3,8.2065,8.006237030029297
06007201651,house,3,8.395,8.412400245666504
06007700259,house,3,7.6299,7.992043495178223
06008200845,house,3,8.5965,8.612339973449707
06008200896,house,3,8.7737,8.503632545471191
06008300645,house,3,8.239,8.184040069580078
06008400321,house,3,8.1887,8.411725997924805
06011001076,house,3,8.5881,8.701330184936523
06012903065,house,3,8.683,8.518305778503418
06013100901,house,3,8.372,8.070898056030273
06014800530,house,3,8.5952,8.257146835327148
06015601991,house,3,8.2844,8.127949714660645
06016600466,house,3,8.6959,8.532756805419922
06017601261,house,3,8.7921,8.577113151550293
06019800611,house,3,8.4659,7.85230827331543
06023800361,house,3,8.9804,8.626121520996094
06023900471,house,3,8.9515,8.443368911743164
06024600488,house,3,8.3786,8.47499942779541
06026200606,house,3,8.4616,8.098372459411621
06028400572,house,3,8.6936,8.225140571594238
06031500434,house,3,7.9638,8.037210464477539
06100600471,house,3,7.7867,8.018455505371094
06102800079,house,3,8.0053,7.946676254272461
06103601851,house,3,8.276,8.240804672241211
06103601894,house,3,8.4345,8.397247314453125
06103803543,house,3,8.6386,8.64453125
06103803594,house,3,8.4131,8.47912311553955
06104701371,house,3,8.7612,8.491616249084473
06104900321,house,3,8.4219,8.306415557861328
06106101698,house,3,8.2621,8.22898006439209
06106801126,house,3,8.5172,8.49404525756836
06106900965,house,3,8.8127,8.611626625061035
06108203412,house,3,8.8717,8.811429023742676
06108600195,house,3,8.0631,8.226014137268066
06109503207,house,3,8.1117,8.442377090454102
06109900419,house,3,8.7829,8.749002456665039
06112200392,house,3,8.7704,8.669318199157715
06114101758,house,3,9.0375,8.646834373474121
06114101898,house,3,9.0905,8.650853157043457
06114500024,house,3,7.8917,7.9984002113342285
06114700589,house,3,8.6206,8.525297164916992
06115402700,house,3,9.0655,8.546185493469238
06115402832,house,3,8.3052,8.416051864624023
06115402999,house,3,8.294,8.305214881896973
06115607051,house,3,9.0527,8.760666847229004
06201200304,house,9,8.5172,8.49485969543457
06203400335,house,9,9.444,8.594616889953613
06203600156,house,9,8.8302,8.46263313293457
06203700071,house,9,8.5936,8.305595397949219
06204700502,house,9,8.5477,8.417577743530273
06210600530,house,9,8.5758,8.44937515258789
06211200943,house,9,8.7403,8.587958335876465
06211300141,house,9,8.6343,8.255195617675781
06211800363,house,9,7.7786,8.30144214630127
06213200231,house,9,8.6622,8.256502151489258
06214100591,house,9,8.1951,8.605570793151855
06216300377,house,9,8.4792,8.329109191894531
06218900894,house,9,8.59,8.523937225341797
06219800818,house,9,8.3428,8.311089515686035
06306600167,house,9,8.8714,8.462891578674316
06306900284,house,9,7.8324,8.214622497558594
06325100271,house,9,7.7863,8.231746673583984
06409900260,house,4,8.8255,8.557341575622559
06414900321,house,9,8.6226,8.520877838134766
06416700980,house,4,8.235,8.352411270141602
06500802004,house,4,8.654,8.474298477172852
06504701466,house,4,8.7443,8.665618896484375
06506300604,house,4,7.9633,8.287370681762695
06508101072,house,4,8.6701,8.474214553833008
06509000431,house,4,8.4542,8.293959617614746
06510400316,house,4,9.0943,8.267937660217285
06511000370,house,4,8.3745,8.061152458190918
06512600185,house,9,8.6163,8.474894523620605
06515800754,house,4,8.5425,8.347676277160645
06602400665,house,4,8.0472,8.300274848937988
06602600796,house,4,7.9447,8.143321990966797
06603901455,house,4,8.4381,8.046359062194824
06606400643,house,4,8.8049,8.555806159973145
06608301154,house,4,8.8388,8.658645629882812
06608801742,house,4,8.7113,8.333739280700684
06611000828,house,4,8.0923,8.233427047729492
06611700153,house,4,8.1117,8.389947891235352
06618801230,house,4,8.1022,8.244134902954102
06620600824,house,4,8.4372,8.461064338684082
06622400423,house,4,7.8426,8.035867691040039
06624500271,house,4,8.1402,8.170023918151855
06626601725,house,4,8.478,8.294923782348633
06628900411,house,4,8.2324,7.96549654006958
06629300149,house,4,8.5222,7.959529876708984
06631000734,house,4,8.5731,8.355676651000977
06631400368,house,4,8.363,8.704323768615723
06633000227,house,4,8.5172,8.434082984924316
06638900102,house,4,8.0709,8.337564468383789
06645101181,house,4,8.4854,8.291374206542969
06653100030,house,4,8.3136,8.440062522888184
06654400690,house,4,8.4015,8.24374771118164
06655900451,house,4,8.5014,8.287654876708984
06656700454,house,4,8.6754,8.701200485229492
06659500200,house,4,8.132,8.322846412658691
06661200138,house,4,8.382,8.42370891571045
06661400714,house,4,8.3349,8.324972152709961
06701100538,house,4,8.4921,8.284638404846191
06701201369,house,4,8.5477,8.496377944946289
06702102399,house,4,8.363,8.53597640991211
06703701547,house,4,8.6418,8.25902271270752
06703804087,house,4,7.9408,8.306379318237305
06704500707,house,4,8.0135,8.104899406433105
06704501551,house,4,8.0273,8.052675247192383
06705401079,house,4,8.6311,8.642077445983887
06705601272,house,4,8.4278,8.409448623657227
06707800965,house,4,8.1399,8.431047439575195
06708800535,house,4,8.75,8.465761184692383
06710401308,house,4,8.371,8.429654121398926
06710500632,house,4,8.6578,8.354973793029785
06713300332,house,4,8.7403,8.577573776245117
06714200781,house,4,9.0272,8.740313529968262
06716101012,house,4,8.2577,8.708221435546875
06716101381,house,4,8.2659,8.454236030578613
06716101403,house,4,7.5625,8.012670516967773
06717001283,house,4,8.2453,8.2399320602417
06720100297,house,4,8.9081,8.737747192382812
06720201972,house,4,8.3187,8.390117645263672
06720600893,house,4,9.0502,8.582956314086914
06721601257,house,4,7.8579,8.325571060180664
06722801111,house,4,8.041,8.203354835510254
06726201338,house,4,8.919,8.645607948303223
06727300887,house,4,7.9146,8.001505851745605
06727400474,house,4,8.3789,8.064337730407715
06728601899,house,4,8.6936,8.608024597167969
06728902163,house,4,8.4302,8.3487548828125
06730500182,house,4,9.0852,8.854801177978516
06730600322,house,4,8.1342,8.30062484741211
06731600229,house,4,8.2577,8.235843658447266
06733300095,house,4,8.1257,8.039813041687012
06734800229,house,4,8.566,8.564519882202148
06734901149,house,4,8.1242,8.679529190063477
06735100077,house,4,9.0067,8.553950309753418
06736700310,house,4,8.8239,8.491133689880371
06737500544,house,4,8.4641,8.318037033081055
06738200641,house,4,8.5713,8.360455513000488
06739100187,house,4,7.3789,7.900981426239014
06741200029,house,4,8.5511,8.12732219696045
06741900381,house,4,8.2035,8.230545043945312
06744300350,house,4,8.6284,8.47509479522705
06747800095,house,4,8.6851,8.426319122314453
06748100038,house,4,8.6595,8.386086463928223
06748300878,house,4,8.1865,8.29113483428955
06749300421,house,4,7.9164,7.9588422775268555
06750200109,house,4,8.0709,8.03738784790039
06800200867,house,4,7.9225,8.287728309631348
06801503324,house,4,8.7808,8.608267784118652
06802601931,house,4,9.0768,8.555657386779785
06803902455,house,4,8.4219,8.567686080932617
06808000697,house,4,8.8939,8.795145988464355
06810100962,house,4,8.36,8.479192733764648
06810101179,house,4,8.1998,8.504870414733887
06810101942,house,4,8.5172,8.553223609924316
06812500283,house,4,8.5004,8.288037300109863
06812500364,house,4,8.7156,8.524855613708496
06814601745,house,4,8.3261,8.409100532531738
06814800985,house,4,7.9374,8.324539184570312
06815400670,house,4,8.6829,8.406780242919922
06816100751,house,4,8.1568,8.483848571777344
06816700724,house,4,8.7052,8.511907577514648
06818200508,house,4,7.937,8.10251522064209
06820200846,house,4,8.4931,8.335050582885742
06824001759,house,4,8.5862,8.653883934020996
06825800094,house,4,8.3875,8.413612365722656
06826200521,house,4,8.6978,8.382362365722656
06826200600,house,4,8.3021,8.339497566223145
06826500825,house,4,7.7576,8.167657852172852
06826600341,house,4,8.3889,8.420784950256348
06828400569,house,4,8.6226,8.605498313903809
06829200466,house,4,7.9782,8.332138061523438
06829200547,house,4,8.4684,8.453202247619629
06830700213,house,4,8.41,8.343722343444824
06832000383,house,4,7.6009,8.388799667358398
06836900524,house,4,9.0005,8.61131763458252
06837700162,house,4,8.3671,8.481111526489258
06837700308,house,4,8.087,8.401067733764648
06839500322,house,4,8.7036,8.734678268432617
06839800652,house,4,8.5489,8.422765731811523
06843100392,house,4,8.7598,8.578893661499023
06845300887,house,4,8.0488,8.4092378616333
06848000108,house,4,8.2428,8.445103645324707
06851401266,house,4,8.0626,8.315521240234375
06852000524,house,4,8.8284,8.550385475158691
06853200020,house,4,7.9939,8.337403297424316
06853200241,house,4,8.3324,8.18363094329834
06853401468,house,4,8.3253,8.241289138793945
06854101352,house,4,9.004,8.689289093017578
06854202167,house,4,8.7403,8.55460262298584
06900900631,house,4,8.3576,8.386242866516113
06902301662,house,4,8.7057,8.483686447143555
06907600218,house,4,8.8818,8.4766206741333
06908400123,house,4,9.2013,8.455818176269531
06909201566,house,4,8.9567,8.305632591247559
06911300479,house,4,8.7759,8.5056734085083
06913101058,house,4,8.1031,8.2806978225708
06915300600,house,4,8.3868,8.262755393981934
06915700201,house,4,8.637,8.36518383026123
06916100826,house,4,8.4412,8.308167457580566
06917300160,house,4,8.5817,8.43528938293457
06917701130,house,4,8.4482,8.31871223449707
06917900151,house,4,8.0552,8.242886543273926
07004601420,house,4,8.294,8.582849502563477
07004701751,house,4,8.7121,8.210291862487793
07006501709,house,4,8.2525,8.412220001220703
07006702569,house,4,8.8269,8.401223182678223
07006703212,house,4,8.1543,8.302545547485352
07007800610,house,4,7.9995,8.311269760131836
07008100612,house,4,8.6051,8.198248863220215
07008800533,house,4,8.2245,8.19800090789795
07009200572,house,4,8.2876,8.615623474121094
07010800456,house,4,8.1432,8.381866455078125
07012501219,house,4,7.4101,8.033489227294922
07012700351,house,4,8.0041,8.246188163757324
07013802761,house,4,8.5172,8.536911964416504
07015502100,house,4,7.7311,8.346318244934082
07016101010,house,4,8.6042,8.332110404968262
07016101894,house,4,8.6785,8.663867950439453
07017604342,house,4,8.0383,8.160809516906738
07017800486,house,4,8.37,8.59572982788086
07018100844,house,4,7.9774,8.060220718383789
07018401232,house,4,8.4547,8.299247741699219
07018401240,house,4,8.2396,8.302299499511719
07019301126,house,4,8.0064,8.379899024963379
07019302025,house,4,8.7739,8.485262870788574
07019302637,house,4,7.9492,7.940173625946045
07019304222,house,4,8.1605,8.07030963897705
07019304362,house,4,8.3044,8.362078666687012
07020700421,house,4,8.4828,8.189230918884277
07021100401,house,4,8.4759,8.199959754943848
07021300050,house,4,8.1938,8.156641006469727
07023007652,house,4,8.1689,8.359831809997559
07023011749,house,4,8.4641,8.597987174987793
07024701250,house,4,8.7916,8.518428802490234
07024801115,house,4,8.4032,8.348784446716309
07024902442,house,4,8.6057,8.18444538116455
07028500446,house,4,8.2742,8.371609687805176
07033300492,house,4,7.9837,8.065033912658691
07035000615,house,4,7.9481,8.285024642944336
07035800621,house,4,8.3489,7.950130939483643
07037400033,house,4,7.9111,8.021578788757324
07037700711,house,4,8.6226,8.154458999633789
07039402981,house,4,8.2385,8.409889221191406
07039403145,house,4,8.606,8.25744915008545
07041000125,house,4,8.3533,8.177475929260254
07041200221,house,4,8.4392,8.546161651611328
07105201436,house,4,8.2183,8.287117958068848
07107200356,house,4,7.7814,7.8387675285339355
07109600335,house,4,8.4684,8.454540252685547
07111100964,house,4,8.2396,8.276679039001465
07112700681,house,4,8.5262,8.365233421325684
07113500692,house,4,8.3407,8.285185813903809
07125100090,house,4,8.7932,8.253665924072266
07125700489,house,4,8.0645,8.022483825683594
07127100330,house,4,8.3416,8.243712425231934
07132100483,house,4,8.2063,8.206950187683105
07136800722,house,4,8.4302,7.929034233093262
07137604838,house,4,8.8049,8.30020523071289
07137701132,house,4,8.1157,8.186701774597168
07141605770,house,4,8.363,8.238219261169434
07146402894,house,4,9.0489,8.171433448791504
07147000201,house,4,8.8257,8.166166305541992
07147301749,house,4,8.4684,7.742591857910156
07151500165,house,4,8.363,8.124969482421875
07151500361,house,4,9.14,8.383585929870605
07152200548,house,4,8.0754,8.21760368347168
07200500429,house,4,8.46,8.146245002746582
07202501953,house,4,8.2903,8.339681625366211
07202900025,house,4,8.1305,7.994049072265625
07203200991,house,4,8.1731,8.4584379196167
07204400240,house,4,8.9546,8.74599552154541
07205901103,house,4,8.5903,8.504459381103516
07206000924,house,4,8.391,8.524733543395996
07209800077,house,4,9.1413,8.359922409057617
07210100504,house,4,8.5459,8.577238082885742
07211900431,house,4,8.6226,8.562782287597656
07213601008,house,4,8.1495,8.484679222106934
07216802888,house,4,8.3796,8.43506145477295
07217600391,house,4,8.1707,8.394695281982422
07217801524,house,4,8.1117,8.304728507995605
07220101864,house,4,8.3931,8.448498725891113
07220800479,house,4,9.1598,8.661953926086426
07221000581,house,4,8.2439,8.281481742858887
07221100993,house,4,8.406,8.34668254852295
07221101205,house,4,8.948,8.505127906799316
07222100334,house,4,8.363,8.448531150817871
07305600679,house,4,8.9324,8.689881324768066
07306101714,house,4,8.3223,8.273053169250488
07326000115,house,4,8.5083,8.367671966552734
07329100188,house,4,8.6558,8.284951210021973
07504100102,house,4,7.9481,8.015315055847168
07506800421,house,7,8.3143,8.258902549743652
07507000281,house,7,8.2649,8.271768569946289
07513601011,house,4,8.406,8.571189880371094
07514200266,house,4,8.4821,8.5344820022583
07520300986,house,7,8.6805,8.829499244689941
07520500551,house,7,8.5685,8.46652603149414
07522600758,house,4,9.3355,8.730123519897461
07524002165,house,7,7.4684,8.27902603149414
07525406294,house,4,8.6941,8.624817848205566
07525406340,house,4,8.6177,8.644314765930176
07525801649,house,4,8.4131,8.278392791748047
07530400606,house,4,8.3946,8.38838005065918
07534401364,house,7,8.2548,8.316553115844727
07535300200,house,7,8.097,8.426626205444336
07536100299,house,4,7.4052,7.8116912841796875
07600800454,house,7,8.902,8.861170768737793
07608500107,house,7,8.8092,8.461206436157227
07609100897,house,7,8.351,8.32890510559082
07609800414,house,7,8.3864,8.039244651794434
07609800538,house,7,9.013,8.888819694519043
07609800546,house,7,8.9719,8.896936416625977
07610000744,house,7,8.4668,8.088112831115723
07610300438,house,4,8.163,7.853926181793213
07610501840,house,4,8.3,8.256937980651855
07614400331,house,4,7.5796,8.096508026123047
07616500285,house,7,7.9676,7.768001079559326
07617400438,house,7,8.4735,8.344742774963379
07618302529,house,7,8.6063,8.346747398376465
07619200037,house,7,8.1388,8.247541427612305
07620700171,house,7,8.532,8.721427917480469
07624800349,house,7,8.4875,8.572678565979004
07624800578,house,7,8.6905,8.632299423217773
07624800616,house,7,8.8876,8.700861930847168
07628500331,house,7,8.4699,8.417963027954102
07642500408,house,7,8.8626,8.618558883666992
07643000281,house,7,8.6101,8.513876914978027
07643200270,house,7,8.4118,8.744668960571289
07645100206,house,7,8.5041,8.464366912841797
07645100461,house,7,8.3349,8.140729904174805
07646304018,house,7,8.9714,8.562826156616211
07648900041,house,7,7.9811,8.193706512451172
07650200231,house,7,7.6009,8.089224815368652
07651301201,house,7,8.055,8.37686538696289
07651303032,house,7,8.5318,8.39144515991211
07651303083,house,7,8.7598,8.577788352966309
07677600352,house,7,8.3506,8.223505020141602
07700400768,house,7,8.6226,8.696919441223145
07700500193,house,7,8.3758,8.651288986206055
07703000655,house,7,8.036,8.676088333129883
07705800438,house,7,8.4659,8.79931640625
07714300736,house,7,7.824,8.821664810180664
07724800545,house,7,8.4291,8.908415794372559
07730800462,house,7,8.8383,8.844417572021484
07730800489,house,7,9.0649,8.92000961303711
07737205225,house,7,8.3027,8.903976440429688
07743601587,house,7,8.4094,8.445131301879883
07743602206,house,7,8.5484,8.838386535644531
07744801644,house,7,8.0133,8.701447486877441
07744801903,house,7,8.1687,8.959298133850098
07802601142,house,7,8.8855,8.750682830810547
07803000827,house,7,8.797,8.700296401977539
07805100551,house,7,8.9872,8.58180046081543
07805400504,house,7,8.5352,8.54546070098877
07805401081,house,7,9.0315,8.825273513793945
07806101462,house,7,8.46,8.369189262390137
07807100230,house,7,8.6995,8.892626762390137
07807100516,house,7,8.7852,8.682796478271484
07807200383,house,7,8.1117,8.63764476776123
07807300213,house,7,8.6326,8.743385314941406
07808900451,house,7,8.4381,8.651787757873535
07808901679,house,7,8.4034,8.561017990112305
07818000461,house,7,8.2272,8.649933815002441
07818100458,house,7,8.7403,8.651399612426758
07818601252,house,7,8.3862,8.74305248260498
07821300187,house,7,8.2589,8.5013427734375
07821500569,house,7,8.9483,8.773948669433594
07821600717,house,7,8.4289,8.512664794921875
07822400312,house,7,8.7702,8.636975288391113
07823700638,house,7,8.7584,8.818860054016113
07824100431,house,7,8.6792,8.657980918884277
07824500012,house,7,8.7511,8.659058570861816
07825300599,house,7,8.8167,8.622783660888672
07825300701,house,7,8.728,8.694209098815918
07825801512,house,7,8.503,8.664995193481445
07826200113,house,7,9.0142,8.799571990966797
07826400694,house,7,8.3041,8.143448829650879
07832400633,house,7,8.7308,8.700944900512695
07836900177,house,7,8.2254,8.799529075622559
07838100437,house,7,8.0864,8.288592338562012
07840202659,house,7,8.9036,8.873269081115723
07840900577,house,7,8.6903,8.704683303833008
07840900712,house,7,8.4064,8.592185974121094
07841000723,house,7,8.4611,8.687662124633789
07842801851,house,7,8.1678,8.247279167175293
07843200649,house,7,8.747,8.521565437316895
07844700386,house,7,8.8385,8.979629516601562
07849100085,house,7,8.8451,8.97950267791748
07852809731,house,7,9.0576,9.082478523254395
07852810969,house,7,9.0711,9.076647758483887
07917800199,house,7,8.4945,8.344070434570312
07919900255,house,7,8.294,8.683250427246094
07966001482,house,7,8.4621,8.468716621398926
07966400468,house,7,7.9462,8.187431335449219
07966600041,house,7,8.6724,8.299013137817383
07966900851,house,8,8.5054,8.249228477478027
07973200037,house,7,8.7179,8.60125732421875
07975600164,house,7,8.4764,8.463268280029297
07977200198,house,7,8.6936,8.540536880493164
07977400073,house,7,8.585,8.488740921020508
08000501287,house,7,8.667,8.723860740661621
08002100336,house,7,8.5817,8.550204277038574
08003300169,house,7,8.0715,8.75257682800293
08004500900,house,7,8.1437,8.524092674255371
08006200580,house,7,8.2437,8.70169448852539
08008400171,house,7,8.3106,8.613507270812988
08009400890,house,7,8.5984,8.961530685424805
08010600814,house,7,8.3949,8.964944839477539
08011000608,house,7,9.3114,9.003683090209961
08011300555,house,7,8.1285,8.997207641601562
08013100871,house,7,8.7891,9.07586669921875
08013100928,house,7,8.975,9.11854076385498
08013400255,house,7,8.838,9.099005699157715
08013500055,house,7,9.105,9.17303466796875
08013700526,house,7,8.9105,9.145638465881348
08014804015,house,7,8.8763,8.8037691116333
08100501351,house,7,9.5444,9.043458938598633
08100501386,house,7,8.4557,8.796470642089844
08102402318,house,7,9.0749,9.187891006469727
08104200951,house,7,9.0632,9.338388442993164
08107000013,house,7,9.1592,9.330531120300293
08108700620,house,0,9.3943,8.912459373474121
08108800609,house,0,9.1281,8.790192604064941
08117600161,house,0,9.0776,8.624215126037598
08117700131,house,0,9.5165,9.09286117553711
08118200337,house,7,9.4523,9.218687057495117
08126100109,house,0,8.8273,8.77172565460205
08126200774,house,0,9.1203,8.930127143859863
08127100234,house,0,9.6566,8.932113647460938
08127400084,house,0,9.2724,8.910367965698242
08130100576,house,0,9.4335,8.891515731811523
08131500756,house,0,8.9429,8.934952735900879
08132002423,house,0,9.417,8.918196678161621
08133000122,house,7,8.7721,8.984040260314941
08134900445,house,0,9.4565,8.734041213989258
08218100563,house,7,8.6627,8.716943740844727
08221300039,house,7,8.3349,8.721296310424805
08235800470,house,8,8.3096,8.859220504760742
08236800172,house,8,8.9345,8.957953453063965
08244100176,house,6,9.2591,8.757088661193848
08245009768,house,7,8.3261,8.547138214111328
08245800937,house,8,8.1007,8.114265441894531
08250200268,house,6,8.8168,8.666691780090332
08256100265,house,8,8.5419,8.742592811584473
08260400375,house,8,8.4175,8.836246490478516
08260600544,house,8,8.8296,8.81023120880127
08260800233,house,8,8.5972,9.014047622680664
08261100261,house,8,8.8268,9.012847900390625
08262800230,house,8,8.3289,8.58711051940918
08263100461,house,8,8.1178,8.739408493041992
08309500149,house,0,9.4617,9.147964477539062
08320500699,house,0,9.2512,9.0557222366333
08321200699,house,0,9.1735,9.025641441345215
08321200801,house,0,8.9717,9.020057678222656
08421500333,house,6,9.2867,9.101755142211914
08500501278,house,6,8.3462,8.596480369567871
08507900267,house,6,9.1188,8.770861625671387
08512000848,house,6,9.3506,8.686277389526367
08515400413,house,6,8.7891,8.427712440490723
08518400384,house,6,9.4133,8.807546615600586
08519400345,house,6,8.8247,8.53992748260498
08519400388,house,6,8.9798,8.495556831359863
08519400507,house,6,8.5817,8.50681209564209
08532100503,house,6,8.9976,8.682929992675781
08558901376,house,6,8.7165,8.541004180908203
08564700492,house,6,8.6524,8.513199806213379
08564900191,house,6,8.5564,8.805713653564453
08603800529,house,6,8.9717,8.637721061706543
08604301186,house,6,9.4409,8.659695625305176
08608000180,house,6,8.8672,8.634347915649414
08608400138,house,6,8.9227,8.381681442260742
08608600137,house,6,8.5172,8.50561237335205
08613500730,house,6,8.3994,8.48784351348877
08615300501,house,6,8.5172,8.660228729248047
08616900128,house,6,8.2008,8.176438331604004
08617000538,house,6,8.2135,8.396458625793457
08617000554,house,6,8.2484,8.347411155700684
08627000123,house,6,8.9899,8.64261245727539
08627908877,house,6,8.2922,8.347290992736816
08628900462,house,6,8.297,8.725810050964355
08635700661,house,6,8.465,8.443799018859863
08638500017,house,6,8.6335,8.381227493286133
08641100156,house,6,8.9994,8.474547386169434
08641700498,house,6,8.422,8.43106746673584
08641800255,house,6,8.4856,8.395212173461914
08641800433,house,6,8.6287,8.549468994140625
08641900233,house,6,8.2585,8.290007591247559
08643300144,house,6,8.1229,8.314140319824219
08706100279,house,2,8.1678,8.453407287597656
08706100325,house,2,7.8145,8.424079895019531
08711500182,house,6,8.5972,8.629375457763672
08712900265,house,6,8.3656,8.610288619995117
08714000261,house,6,8.5972,8.675176620483398
08718100406,house,6,8.7734,8.596748352050781
08722700153,house,2,8.7403,8.382979393005371
08726200287,house,2,8.1057,8.552253723144531
08726200597,house,2,8.7035,8.827215194702148
08728201280,house,2,8.6319,8.572916984558105
08730100968,house,2,8.7601,8.843338966369629
08730300282,house,2,8.491,8.569097518920898
08732001592,house,2,8.8339,8.642041206359863
08736400335,house,2,8.7323,8.803990364074707
08737300725,house,6,9.5332,8.988912582397461
08737600281,house,2,8.4537,8.623153686523438
08737901273,house,2,8.8768,8.262357711791992
08737902271,house,2,9.6055,8.450708389282227
08737902581,house,2,9.0027,8.722232818603516
08740200396,house,2,8.5007,8.488374710083008
08740900551,house,2,8.5023,8.57486343383789
08745500983,house,2,9.0612,8.827215194702148
08747500018,house,2,8.4813,8.49566650390625
08800400426,house,2,8.5124,8.226465225219727
08800800254,house,2,8.2594,8.7040376663208
08805800384,house,6,8.4299,8.412416458129883
08808600114,house,2,8.7102,8.505102157592773
08808800644,house,2,8.8069,8.541123390197754
08809800311,house,2,8.9647,8.647377014160156
08810100174,house,2,8.1117,8.484464645385742
08812000101,house,2,8.7997,8.522087097167969
08814400921,house,2,9.0672,9.028361320495605
08815801936,house,2,8.2736,8.562040328979492
08815802746,house,2,8.6078,8.651497840881348
08815819711,house,2,8.4817,8.716279983520508
08815820132,house,2,9.0321,8.822759628295898
08817018961,house,2,9.0793,8.668702125549316
08819300656,house,2,8.9081,8.588855743408203
08819300672,house,2,8.974,8.700173377990723
08821400281,house,6,8.5723,8.639535903930664
08821400425,house,6,9.1133,8.72555923461914
08821600386,house,6,8.7279,8.41969108581543
08825000227,house,2,8.5332,8.552058219909668
08825900422,house,2,9.4214,8.744975090026855
08828900148,house,2,8.7337,8.671628952026367
08829800341,house,2,8.4229,8.464425086975098
08829802204,house,2,8.9446,8.576478958129883
08829802379,house,2,8.6386,8.686982154846191
08900200127,house,6,8.5072,8.430232048034668
08901500302,house,6,8.7248,8.847078323364258
08902300447,house,6,8.3182,8.296953201293945
08903600460,house,2,8.4011,8.4386625289917
08903900944,house,6,8.4206,8.336661338806152
08907000417,house,2,8.7213,8.662766456604004
08907301530,house,2,8.9635,8.74532413482666
08911000485,house,2,8.341,7.831160545349121
08911300251,house,2,8.5355,8.284750938415527
08912200836,house,2,8.2894,8.303955078125
08912400061,house,1,8.1951,8.458155632019043
08917200125,house,2,8.0943,8.389918327331543
08917500481,house,2,7.6009,8.058388710021973
08918600305,house,2,7.8345,8.12423038482666
08918700806,house,2,7.9877,8.42866039276123
08920500177,house,1,8.363,8.721404075622559
08921500553,house,2,8.2195,8.261137962341309
08923800351,house,2,8.1672,8.064910888671875
08929300693,house,1,8.4764,8.449975967407227
08930500730,house,1,8.0583,8.585612297058105
08932500665,house,1,8.3837,8.498842239379883
08933500510,house,1,8.3536,8.534390449523926
08934200618,house,1,8.558,8.76961612701416
08935400361,house,2,7.8389,8.306817054748535
08937900254,house,6,8.2039,8.65406608581543
08938100294,house,6,8.1347,8.34692096710205
08938300315,house,6,8.6912,8.29507064819336
08939000250,house,6,8.5806,8.324862480163574
08939900251,house,2,8.5284,8.406022071838379
08941600359,house,6,8.3559,8.210551261901855
08941600741,house,6,8.5419,8.245325088500977
08942200461,house,6,8.1963,8.24248218536377
08942300431,house,6,8.2972,8.033296585083008
08942400191,house,2,7.9111,8.326199531555176
08942900461,house,6,8.2359,8.195398330688477
08942900569,house,6,8.3021,8.336137771606445
08943300352,house,6,8.7829,8.454294204711914
08943700091,house,1,7.5793,8.186199188232422
08944500924,house,1,7.8948,8.253262519836426
08947300233,house,6,8.2177,8.22206974029541
08947600644,house,6,7.4538,7.878262042999268
08948800485,house,6,8.2744,8.281396865844727
08951500047,house,6,8.3328,8.587998390197754
08951500136,house,6,8.5817,8.542109489440918
08951600831,house,6,8.183,8.09997844696045
08955700040,house,2,8.5769,8.672503471374512
08956300399,house,1,8.2314,8.242329597473145
08956300569,house,1,8.2928,8.179648399353027
08956300577,house,1,8.2742,8.177417755126953
08956901287,house,1,8.3666,8.475757598876953
08957001549,house,2,8.6748,8.529132843017578
09002700369,house,2,8.9327,8.500306129455566
09005000724,house,2,8.7354,8.645730972290039
09005200685,house,2,8.0411,8.004891395568848
09006500259,house,2,8.8049,8.091407775878906
09009600874,house,2,8.242,8.27072525024414
09009800490,house,2,7.9877,8.08767032623291
09009800571,house,2,8.5361,8.487003326416016
09010100545,house,2,8.5172,8.518438339233398
09013600530,house,2,7.8841,8.724894523620605
09015600449,house,2,8.8133,8.67474365234375
09015700389,house,2,8.9674,8.787617683410645
09016300406,house,2,8.1837,8.495094299316406
09016300465,house,2,8.2163,8.439035415649414
09017700777,house,2,8.8035,8.179041862487793
09019800043,house,2,8.7355,8.26899528503418
09021700271,house,2,8.5751,8.278434753417969
09021800731,house,2,8.297,8.304234504699707
09022600424,house,2,8.8155,8.389370918273926
09023400038,house,2,9.0635,8.538019180297852
09029900660,house,2,8.3961,8.577874183654785
09029900709,house,2,8.4668,8.578888893127441
09030900210,house,2,8.7791,8.357064247131348
09031300268,house,2,8.3117,8.383147239685059
09032800825,house,2,8.6797,8.594366073608398
09033400294,house,2,8.1924,8.472908973693848
09037400337,house,2,8.4241,8.070155143737793
09037901001,house,2,8.8495,8.648574829101562
09038100345,house,2,7.9576,8.31627082824707
09041800451,house,2,8.7765,8.548416137695312
09042301090,house,2,8.2751,8.145159721374512
09042600365,house,2,8.6226,8.471989631652832
09043300251,house,2,8.7796,8.530411720275879
09043500402,house,2,7.7832,8.060992240905762
09045000059,house,2,9.2103,8.570491790771484
09047000013,house,2,8.6836,8.412139892578125
09047400224,house,2,8.8136,8.431267738342285
09106301029,house,1,7.7379,7.649674892425537
09106801323,house,2,8.3349,8.575992584228516
09108800235,house,2,8.4118,8.675219535827637
09109600728,house,2,8.4159,8.23665714263916
09110000615,house,2,7.7142,8.405550003051758
09110200401,house,2,8.2623,8.571554183959961
09110500685,house,2,8.2439,8.37965202331543
09112901091,house,2,8.0348,8.665278434753418
09112901318,house,2,8.1007,8.438065528869629
09117500257,house,2,8.503,8.2633695602417
09120400381,house,2,8.0208,7.993488311767578
09120600348,house,2,8.6133,8.327569007873535
09121400229,house,2,8.596,8.815974235534668
09122600302,house,2,8.4925,8.539131164550781
09123100699,house,2,8.0317,8.286683082580566
09127100553,house,2,8.4302,8.432202339172363
09127500071,house,2,8.1801,8.385030746459961
09128000234,house,2,7.824,8.017163276672363
09129600057,house,2,8.312,8.28055191040039
09130000742,house,2,7.7091,8.169840812683105
09130100062,house,2,7.8579,7.760005474090576
09130300347,house,2,7.8869,7.877805233001709
09134100318,house,2,7.8977,8.147095680236816
09135700130,house,2,8.3018,8.31766414642334
09137000225,house,1,8.0064,7.839779853820801
09144700237,house,2,8.1281,8.268434524536133
09157000212,house,2,8.2261,8.352617263793945
09158600140,house,2,8.1917,8.155766487121582
09301800284,house,2,8.5564,8.41919994354248
09304400511,house,2,9.0637,8.662176132202148
09308900837,house,2,8.7623,8.678302764892578
09309300132,house,2,8.3315,8.434712409973145
09312201034,house,2,8.5557,8.553845405578613
09413100810,house,2,8.657,8.437548637390137
09414402195,house,2,8.2428,8.033089637756348
09415200774,house,2,8.3248,8.439255714416504
09500500231,house,2,8.5208,7.997521877288818
09505100124,house,2,8.8655,8.385567665100098
09506300046,house,2,7.998,7.922158718109131
09507700609,house,2,8.2898,8.20332145690918
09509200141,house,2,8.1641,8.014670372009277
09509800041,house,2,7.7753,8.041297912597656
09514900413,house,2,7.9773,8.070683479309082
09516000088,house,2,7.3342,8.171162605285645
09516800017,house,2,8.3296,8.149996757507324
09521400315,house,2,8.433,8.049219131469727
09521600284,house,2,9.3759,8.820366859436035
09523600362,house,2,8.3674,8.219114303588867
09527503922,house,2,9.105,9.032442092895508
09528000770,house,2,8.3662,8.441317558288574
09528700160,house,2,8.1117,8.259834289550781
09530500378,house,2,7.897,8.498894691467285
09536000075,house,2,9.075,8.65338134765625
09539000211,house,2,8.4813,8.572745323181152
09539100437,house,2,8.3442,8.198552131652832
09541400299,house,2,9.0672,8.72021484375
09541500171,house,2,8.6125,8.337782859802246
09544400214,house,2,8.8861,8.820764541625977
09544400486,house,2,8.7905,8.724618911743164
09544400494,house,2,8.5895,8.593791961669922
09600400369,house,7,9.3612,8.678016662597656
09600800359,house,7,9.4864,8.711867332458496
09706700404,house,7,8.7962,9.137746810913086
09707500425,house,7,8.9321,9.090421676635742
09708200451,house,7,8.4916,9.078741073608398
09804500043,house,7,8.6842,8.646209716796875
09904800375,house,7,8.2324,8.91576099395752
09904900027,house,7,8.645,9.145682334899902
10000300410,house,9,8.2829,7.982080936431885
10001100385,house,9,8.6006,8.332928657531738
10001400427,house,9,7.9434,7.995285987854004
10002300043,house,9,9.0257,8.564531326293945
10007100654,house,9,8.4844,8.052839279174805
10007600282,house,9,8.4219,8.152792930603027
10008100054,house,9,8.1483,8.022539138793945
10008100321,house,9,8.2436,8.249728202819824
10008700477,house,9,8.1274,7.995763301849365
10009300251,house,9,8.6713,8.111766815185547
10009700322,house,9,8.363,8.201203346252441
10009700500,house,9,8.3741,8.407364845275879
10010400671,house,9,8.5568,8.277925491333008
10010800475,house,9,8.2367,8.116728782653809
10010800866,house,9,8.366,8.273743629455566
10102400139,house,8,8.6507,8.724787712097168
10105200165,house,8,8.2217,8.349933624267578
10105300100,house,8,7.8933,8.140359878540039
10105400334,house,8,8.7883,8.645286560058594
10105800146,house,8,8.621,8.689860343933105
10107200278,house,8,8.5584,8.560820579528809
10107300140,house,8,8.7796,8.6289701461792
10107700270,house,8,8.3245,8.436939239501953
10109100777,house,8,9.1633,8.519089698791504
10109400533,house,8,8.3759,8.725407600402832
10111005001,house,8,8.6821,8.777057647705078
10111005141,house,8,8.9468,8.743191719055176
10112300447,house,8,8.5428,8.592185974121094
10112400514,house,8,8.3428,8.731245994567871
10112500047,house,8,8.058,8.782793998718262
10112700593,house,8,8.5934,8.715872764587402
10113800028,house,8,8.1013,8.5403470993042
10115000568,house,8,8.4966,8.704416275024414
10115100406,house,8,8.6806,8.83388900756836
10115100635,house,8,8.6125,8.629058837890625
10115700829,house,8,8.0754,8.691275596618652
10116100957,house,8,8.3383,8.631082534790039
10119300401,house,8,8.3219,8.6777982711792
10120500492,house,8,8.1015,8.725358009338379
10120500591,house,8,8.5735,8.623860359191895
10121200042,house,8,7.8519,8.658402442932129
10122100262,house,8,8.8247,8.745452880859375
10123301393,house,8,8.9149,8.941601753234863
10127000126,house,8,8.5172,8.80663776397705
10132200898,house,8,7.9768,8.642095565795898
10132500204,house,8,8.655,8.810705184936523
10133300578,house,8,8.9539,8.855942726135254
10139000150,house,8,9.0595,8.930645942687988
10146200291,house,6,8.9285,8.517071723937988
10147000377,house,6,8.8995,8.506631851196289
10149000412,house,8,8.2644,8.1801176071167
10151100641,house,8,8.1756,8.310196876525879
10154000123,house,8,8.182,8.228614807128906
10155600698,house,8,7.8564,8.346303939819336
10156400382,house,8,7.7768,8.200810432434082
10156800275,house,8,7.824,8.543280601501465
10156900301,house,8,8.3349,8.259718894958496
10157100609,house,8,8.4527,8.33041000366211
10157201332,house,6,9.2103,8.994426727294922
10157708127,house,8,8.1742,8.622035026550293
10157801046,house,8,8.0064,8.58600902557373
10158301284,house,8,8.2306,8.539835929870605
10160000504,house,8,8.6995,8.807771682739258
10160100703,house,8,8.5976,8.890525817871094
10160102481,house,8,8.5697,8.760831832885742
10160102730,house,8,8.2727,8.521296501159668
10160300729,house,8,7.9412,8.604819297790527
10160900777,house,8,8.3763,8.7965669631958
10161500713,house,8,8.1522,8.360486030578613
10162100956,house,8,8.0819,8.436262130737305
10163700485,house,8,8.752,8.671173095703125
10201700122,house,9,7.917,7.997289180755615
10203300652,house,9,8.6781,8.641825675964355
10205500373,house,9,8.3664,8.405158996582031
10206300351,house,9,8.4482,8.627974510192871
10206900847,house,9,7.9215,8.302014350891113
10207001145,house,9,8.7278,8.838460922241211
10207600065,house,9,8.6624,8.625259399414062
10208200192,house,9,7.7675,8.092968940734863
10210600720,house,9,8.3155,8.338568687438965
10210700911,house,9,8.4137,8.438077926635742
10210800525,house,9,8.356,8.21249771118164
10212600337,house,9,8.3956,8.20571517944336
10301200105,house,8,8.5627,8.678211212158203
10301800420,house,8,8.2815,8.403895378112793
10302527396,house,2,8.4764,8.356341361999512
10304200114,house,2,8.385,8.035354614257812
10304300410,house,2,8.4039,8.095879554748535
10304800200,house,2,8.0164,8.160974502563477
10304900973,house,2,8.4482,8.025723457336426
10401200794,house,7,7.3424,8.082789421081543
10401500690,house,7,8.2145,8.436225891113281
10401800813,house,7,8.5966,8.552581787109375
10401801631,house,7,8.0247,8.308110237121582
10402400657,house,7,8.375,8.592184066772461
10402401416,house,7,8.489,8.848343849182129
10402900021,house,7,8.2295,8.772358894348145
10402900341,house,7,8.775,8.636964797973633
10403900254,house,7,8.1956,8.695033073425293
10405400984,house,7,8.4595,8.710126876831055
10405500539,house,7,8.5817,8.729053497314453
10405900928,house,7,8.2659,8.441539764404297
10406501350,house,7,8.0542,8.571807861328125
10406502039,house,7,8.0563,8.656831741333008
10407802664,house,7,8.2406,8.533929824829102
10408000405,house,7,8.2233,8.41053295135498
10408700547,house,7,8.4543,8.795902252197266
10410301042,house,7,8.4253,8.938883781433105
10414200216,house,7,7.9202,9.049585342407227
10414700022,house,7,8.3303,8.849189758300781
10501400140,house,7,8.3511,8.636678695678711
10501400248,house,7,7.7863,8.051149368286133
10502200064,house,7,8.4995,8.72313404083252
10502200722,house,7,8.9227,8.72862720489502
10503400350,house,7,8.7179,8.63532829284668
10504000240,house,7,8.8374,8.731657981872559
10504500960,house,7,8.1484,8.421791076660156
10504800506,house,7,8.2113,8.36890697479248
10506900435,house,7,8.7742,8.455337524414062
10507900447,house,7,8.6765,8.772397994995117
10509900428,house,7,8.1223,8.571127891540527
10510100294,house,7,8.6458,8.657578468322754
10511300556,house,7,8.6627,8.797843933105469
10512300509,house,7,8.2808,8.61860179901123
10512400333,house,7,8.4118,8.566832542419434
10512800552,house,7,8.6112,8.719478607177734
10514501064,house,7,8.7075,8.68039321899414
10514700512,house,7,8.037,8.571893692016602
10601500406,house,7,8.4837,8.65371322631836
10602800306,house,7,8.9177,8.983591079711914
10604300157,house,7,7.906,8.282636642456055
10605300657,house,7,8.4219,8.549138069152832
10609000577,house,7,8.1263,8.467766761779785
10609000739,house,7,8.1605,8.73728084564209
10610500480,house,7,8.4512,8.642707824707031
10610800468,house,7,8.9092,8.589359283447266
10612600350,house,7,8.1639,8.21105670928955
10618400337,house,7,8.4557,8.639500617980957
10618800386,house,7,8.894,8.953532218933105
10625401157,house,7,7.4259,8.154488563537598
10627500101,house,7,7.7714,8.361452102661133
10700700365,house,7,8.4659,8.682659149169922
10704000260,house,7,7.9792,8.25517463684082
10707900300,house,7,7.897,8.278881072998047
10709500474,house,7,8.5598,8.604813575744629
10710300459,house,7,8.1372,8.212488174438477
10711600391,house,7,8.2396,8.671550750732422
10714000131,house,7,7.9626,8.336579322814941
10714200491,house,7,8.5575,8.684168815612793
10714300143,house,7,8.9982,8.943700790405273
10718700261,house,7,7.941,8.156401634216309
10721604608,house,7,8.1225,8.353584289550781
10722200225,house,7,8.1703,8.194177627563477
10722200373,house,7,8.0882,8.488359451293945
10722200381,house,7,8.0882,8.489251136779785
10722200391,house,7,8.2824,8.452077865600586
10722200446,house,7,8.0882,8.474088668823242
10722200454,house,7,8.0882,8.47205638885498
10722200578,house,7,8.2217,8.474349021911621
10722400674,house,7,8.2732,8.345597267150879
10724500341,house,7,8.4178,8.71145248413086
10726600481,house,7,8.3951,8.524624824523926
10731400241,house,7,8.6781,8.64793872833252
10733400115,house,7,8.1773,8.41469955444336
10734900375,house,7,8.2144,8.346734046936035
10739400036,house,7,7.9294,8.765846252441406
10739400044,house,7,7.4366,8.136282920837402
10739400117,house,7,8.2264,8.369139671325684
10739500464,house,7,8.5256,8.51881217956543
10740000331,house,7,8.0338,8.30153751373291
10741401133,house,7,7.6508,8.194103240966797
10743400169,house,7,7.935,8.100744247436523
10743800167,house,7,8.4269,8.61149787902832
10743800337,house,7,8.8107,8.542282104492188
10744700514,house,7,8.3501,8.321161270141602
10745700283,house,7,7.8932,8.180601119995117
10801600552,house,4,8.6535,8.55937671661377
10804700817,house,7,8.3415,8.204851150512695
10807800464,house,4,7.9817,7.729978084564209
10810100303,house,4,8.9029,8.434404373168945
10812500414,house,4,8.1689,8.151834487915039
10816600294,house,4,8.5852,8.577113151550293
10816700469,house,4,8.8754,8.537814140319824
10817600255,house,4,8.8075,8.3988676071167
10818500564,house,4,8.6945,8.023091316223145
10818500572,house,4,8.3181,7.907799243927002
10819300143,house,4,8.4631,8.319952964782715
10900400462,house,4,8.2648,7.943275451660156
10904600385,house,4,7.9686,8.106677055358887
10905703595,house,4,8.4859,7.960388660430908
10906400278,house,4,8.0105,7.916383266448975
10906400588,house,4,8.489,8.057504653930664
10906500795,house,4,7.9699,8.141140937805176
10906500930,house,4,8.1927,8.364344596862793
10906900386,house,4,8.7415,8.118487358093262
10908301560,house,4,9.0937,8.102926254272461
10911200125,house,4,8.2694,8.085378646850586
10916401099,house,4,8.409,8.056891441345215
10916401293,house,4,8.4864,8.06457805633545
10917200690,house,4,7.9311,7.874307155609131
10917202987,house,4,8.503,7.983987331390381
10917203363,house,4,8.8167,8.450085639953613
10917900412,house,4,9.1458,8.448664665222168
10919500918,house,4,8.0472,8.159232139587402
10919501401,house,4,7.8457,8.130232810974121
10919600920,house,4,8.1117,8.335774421691895
10921300378,house,4,8.8529,8.146431922912598
10921900391,house,4,8.7655,8.141149520874023
10921900553,house,4,8.9525,8.15168571472168
11004000791,house,3,7.6628,8.023448944091797
11005800218,house,3,8.3728,8.595653533935547
11011900806,house,3,8.4214,8.15628719329834
11012101222,house,3,8.3261,8.524396896362305
11012400467,house,3,8.7377,8.565465927124023
11013600524,house,3,8.677,8.620001792907715
11014200392,house,3,8.5817,8.39591121673584
11014500434,house,3,8.3109,8.291818618774414
11015800628,house,3,8.4882,8.59029483795166
11017800013,house,3,7.3593,7.885403156280518
11017800404,house,3,8.6251,8.531270980834961
11021300682,house,3,8.159,8.355905532836914
11026700476,house,3,8.7796,8.423880577087402
11027300048,house,3,7.6809,8.258560180664062
11028900197,house,3,8.797,8.324810028076172
11029200253,house,3,8.7948,8.645035743713379
11029500631,house,3,8.7318,8.684540748596191
11029900727,house,3,8.3654,8.539118766784668
11035200596,house,3,8.3105,8.346247673034668
11036200352,house,3,8.7725,8.420309066772461
11038905124,house,3,8.368,8.501727104187012
11041800222,house,3,8.3245,8.440006256103516
11042601231,house,3,8.3349,8.369889259338379
11043800165,house,3,8.1291,8.099771499633789
11044300239,house,3,8.1807,8.657092094421387
11045900329,house,3,8.3702,8.197549819946289
11046701214,house,3,7.6094,8.13271713256836
11047801301,house,3,8.5598,8.721261978149414
11048703214,house,3,8.5495,8.567706108093262
11050000128,house,3,8.2548,8.602472305297852
11050700723,house,3,7.7519,8.12846851348877
11050703269,house,3,8.5529,8.538775444030762
11053200421,house,3,8.1807,8.331155776977539
11102100871,house,3,8.7671,8.45295524597168
11102200599,house,3,8.3847,8.254959106445312
11102700257,house,3,8.5917,8.397849082946777
11112700853,house,5,8.7292,8.668978691101074
11113800525,house,5,8.0591,7.7366042137146
11116400706,house,5,8.6042,8.397562980651855
11116600251,house,5,8.0893,7.969176769256592
11120700794,house,5,8.6819,8.773667335510254
11123500052,house,5,8.4912,8.609432220458984
11124601030,house,5,8.3208,7.988208293914795
11124700713,house,5,8.8209,8.484211921691895
11126501203,house,5,8.5355,8.194560050964355
11127200304,house,3,8.6842,8.719192504882812
11131601598,house,5,8.4844,8.569252014160156
11132200597,house,5,8.2439,8.252918243408203
11132200619,house,5,8.2439,8.239575386047363
11134101340,house,5,8.4684,8.570157051086426
11134200624,house,5,8.5703,8.579949378967285
11134300661,house,5,8.3664,8.417038917541504
11134800461,house,5,7.9015,7.968405246734619
11135500621,house,5,8.392,8.818144798278809
11135901545,house,5,8.0096,7.784435749053955
11136100643,house,5,8.904,8.6901216506958
11136600034,house,5,9.2505,8.84660816192627
11136900585,house,5,8.2594,8.22457218170166
11139502386,house,5,7.9438,8.236812591552734
11140300694,house,5,9.184,8.427576065063477
11140301666,house,5,8.1568,7.976573944091797
11140801030,house,5,8.1507,8.195082664489746
11141100680,house,5,7.9712,7.725618362426758
11146700317,house,3,8.3529,8.41896915435791
11146900383,house,5,8.7508,8.414719581604004
11148805841,house,3,8.5717,8.753644943237305
11149800487,house,5,8.1749,8.05974292755127
11156300281,house,5,8.4219,8.35916805267334
11158500253,house,5,8.3121,7.9676995277404785
11159900344,house,5,8.6651,8.620190620422363
11201900191,house,5,8.4302,8.228882789611816
11205300200,house,5,8.7423,8.21535873413086
11206600461,house,5,8.503,8.481230735778809
11214100537,house,5,7.9063,7.928567409515381
11215500733,house,5,8.621,8.533638000488281
11218400497,house,5,8.5172,8.410466194152832
11231200390,house,5,7.9294,8.283059120178223
11234800380,house,5,7.8982,7.981560707092285
11235000280,house,5,8.5766,8.516866683959961
11238800636,house,5,8.3407,8.557403564453125
11239801172,house,5,8.4177,8.400167465209961
11241000343,house,5,8.1605,8.13404369354248
11246500336,house,5,7.988,7.990571022033691
11246600381,house,5,8.4046,8.361780166625977
11247400513,house,5,8.2644,8.131171226501465
11248200364,house,5,8.4154,8.520679473876953
11248400665,house,5,9.0078,8.734696388244629
11253300193,house,5,8.7914,8.561971664428711
11254100872,house,5,8.0229,8.314287185668945
11254500226,house,5,7.8106,8.089666366577148
11257301666,house,5,8.635,8.536942481994629
11257301879,house,5,7.807,8.114163398742676
11257302026,house,5,8.4286,8.537492752075195
11257401156,house,5,8.5796,8.334651947021484
11257901256,house,5,8.4201,8.547924041748047
11263500322,house,5,7.8716,7.6202850341796875
11264200421,house,5,8.8173,8.736438751220703
11266000630,house,5,8.0622,8.261960983276367
11267300646,house,5,7.4267,7.755832672119141
11268500770,house,5,8.0472,7.6141815185546875
11269903399,house,5,7.6009,8.210224151611328
11269903410,house,5,7.8591,8.205443382263184
11276600444,house,5,8.2428,8.30075740814209
11276800729,house,5,7.216,7.9236321449279785
11276801075,house,5,8.1624,8.36717700958252
11278400523,house,5,8.4527,8.495833396911621
11285703870,house,5,8.548,8.61087703704834
11286501491,house,5,8.323,8.508097648620605
11302200533,house,3,8.775,8.44480037689209
11303400374,house,3,8.4009,8.35663890838623
11303800747,house,3,8.6995,8.494563102722168
11304700835,house,3,8.3862,8.494999885559082
11305400134,house,3,8.2772,8.242344856262207
11306700514,house,3,8.7556,8.607064247131348
11307200388,house,3,8.6156,8.53902530670166
11308200616,house,3,8.4821,8.47612190246582
11312700350,house,3,8.3257,8.474710464477539
11313500940,house,3,8.7556,8.582375526428223
11313701431,house,3,8.3216,8.618350982666016
11314200509,house,3,8.7657,8.441373825073242
11315300353,house,3,8.4527,8.368193626403809
11315900423,house,3,8.3848,8.500107765197754
11316800503,house,3,8.6864,8.742270469665527
11320900126,house,3,8.2277,8.147551536560059
11324900457,house,3,8.4684,8.277223587036133
11327100060,house,3,7.9218,8.023001670837402
11327100648,house,3,8.5883,8.580717086791992
11327200677,house,3,8.7721,8.595623970031738
11329400339,house,3,8.635,8.58890151977539
11329702041,house,3,8.8883,8.576595306396484
11329800310,house,3,8.7279,8.62293529510498
11330800264,house,3,8.4566,8.478572845458984
11333501454,house,3,8.6896,8.378747940063477
11334100781,house,3,8.442,8.531721115112305
11336300565,house,3,8.5172,8.485963821411133
11336601271,house,3,8.6316,8.520014762878418
11339300442,house,5,8.2808,8.244763374328613
11343001713,house,3,8.9562,8.665350914001465
11343401606,house,3,8.9625,8.688027381896973
11349000123,house,5,9.2651,8.645766258239746
11356400557,house,3,8.4974,8.745688438415527
11360900623,house,3,8.5298,8.440534591674805
11360901549,house,3,8.8049,8.646659851074219
11400800330,house,5,8.0292,8.238627433776855
11400901137,house,5,8.7641,8.614965438842773
11400901277,house,5,8.297,8.282524108886719
11401100189,house,5,8.7044,8.692928314208984
11401300145,house,5,8.5872,8.516277313232422
11403200571,house,5,8.6244,8.575637817382812
11404400353,house,5,8.8482,8.531229972839355
11405700458,house,5,8.4752,8.604820251464844
11406800278,house,5,8.8163,8.728323936462402
11407801294,house,5,8.6343,8.543652534484863
11409100757,house,5,8.9227,8.62498664855957
11409202002,house,5,8.4821,8.607756614685059
11409202037,house,5,8.4233,8.615187644958496
11409300713,house,5,8.5019,8.2813720703125
11411001272,house,5,8.6311,8.676426887512207
11411204645,house,5,8.3519,8.66565227508545
11411400878,house,5,8.1268,8.213184356689453
11412103923,house,5,8.4302,8.218829154968262
11413701654,house,5,8.5723,8.652200698852539
11413701824,house,5,8.131,8.30282974243164
11414002105,house,5,8.1918,8.551180839538574
11414800559,house,5,8.5462,8.647345542907715
11416201989,house,5,8.9496,8.696700096130371
11417900988,house,5,8.1858,8.468891143798828
11419700390,house,5,8.0985,8.63239574432373
11420600698,house,5,8.3271,8.3135986328125
11421700114,house,5,7.9656,8.093209266662598
11424400367,house,5,8.294,8.121660232543945
11426400100,house,5,8.1951,8.226628303527832
11426602234,house,5,7.9276,8.253437042236328
11426602579,house,5,7.8167,8.196514129638672
11427702070,house,5,8.1586,8.480396270751953
11429001061,house,5,8.0175,8.26805591583252
11429301634,house,5,8.3436,8.642684936523438
11429401124,house,5,8.9349,8.603830337524414
11429801637,house,5,8.6651,8.634588241577148
11434900745,house,5,8.611,8.58746337890625
11439400031,house,5,8.3197,8.235450744628906
11439400708,house,5,8.5322,8.566984176635742
11439400740,house,5,8.4864,8.528032302856445
11502600292,house,5,7.6843,8.015707015991211
11508002036,house,5,7.9953,8.619088172912598
11508002771,house,5,8.2548,8.625802040100098
11510600336,house,5,8.4631,8.74233627319336
11511700423,house,5,7.589,7.697620391845703
11521101352,house,5,7.2156,7.77112340927124
11525501861,house,5,8.4482,8.723355293273926
11527300063,house,5,8.1509,8.102944374084473
11532900448,house,5,8.4764,8.77490520477295
11604200031,house,3,7.9294,8.16419792175293
11606100253,house,3,8.4256,8.949421882629395
11609200887,house,3,8.6603,8.54916000366211
11609700731,house,3,8.3909,8.161240577697754
11609900617,house,3,8.8017,8.56766128540039
11615700713,house,3,8.7657,8.506542205810547
11616400306,house,3,8.3285,8.331510543823242
11617401136,house,3,8.5575,8.74489974975586
11618000658,house,3,7.8633,8.238838195800781
11621600751,house,3,8.5519,8.543923377990723
11623000695,house,3,8.827,8.87278938293457
11623200678,house,3,8.5564,8.459418296813965
11625200411,house,3,8.235,8.438802719116211
11625600592,house,3,8.3579,8.315544128417969
11628700407,house,3,8.1543,8.28493881225586
11629000409,house,3,8.2017,8.388081550598145
11629100098,house,3,7.9504,8.30734634399414
11630500975,house,3,8.0511,8.319806098937988
11632900695,house,3,8.5547,8.278777122497559
11632901330,house,3,8.1193,8.261859893798828
11634100726,house,3,8.2431,8.158761024475098
11634200577,house,3,9.5703,9.117244720458984
11635000350,house,3,8.3547,8.366995811462402
11635600242,house,3,8.0943,8.041202545166016
11644500182,house,3,8.6161,8.64094352722168
11645500569,house,3,8.4206,8.568138122558594
11647100193,house,3,8.2659,8.487239837646484
11651300320,house,3,9.5636,8.854137420654297
11652100181,house,3,8.3147,8.360591888427734
11653200307,house,3,8.6173,8.667652130126953
11711900061,house,3,8.2327,8.595004081726074
11712500332,house,3,8.0064,8.463004112243652
11713700408,house,3,8.6086,8.673812866210938
11713800399,house,3,7.7945,8.494673728942871
11713800437,house,3,8.469,8.485050201416016
11717500594,house,3,8.4535,8.558686256408691
11719300185,house,3,8.2195,8.413037300109863
11719800900,house,3,8.6115,8.634875297546387
11719801011,house,3,8.6698,8.82718276977539
11719900621,house,3,8.4714,8.168911933898926
11720600235,house,3,7.9918,8.215840339660645
11720700108,house,3,8.8537,8.734944343566895
11722800312,house,3,8.6068,8.816107749938965
11723100152,house,3,7.901,8.279621124267578
11724000291,house,3,8.8319,8.613578796386719
11725600144,house,3,7.9754,8.353933334350586
11726900354,house,3,8.3894,8.623163223266602
11726904996,house,3,8.7498,8.565317153930664
11726905021,house,3,8.7869,8.566817283630371
11735800251,house,3,8.2226,8.037322998046875
11736700511,house,3,7.7815,8.167366981506348
11741200279,house,3,8.2113,8.360027313232422
11742300021,house,3,8.3428,8.306692123413086
11742300552,house,3,8.8377,8.629242897033691
11743500776,house,3,8.1366,8.18913745880127
11743500830,house,3,8.4659,8.57469367980957
11800400161,house,3,7.594,8.174359321594238
11801700231,house,3,8.5972,8.668543815612793
11803400209,house,3,8.0032,8.356865882873535
11805700412,house,3,8.1117,8.470624923706055
11806700270,house,3,8.2226,8.169109344482422
11808000551,house,3,7.6557,8.518929481506348
11808500465,house,3,8.1205,8.370466232299805
11809500582,house,3,8.561,8.724595069885254
11810400375,house,3,8.4449,8.485041618347168
11812200578,house,3,8.7744,8.660387992858887
11813402662,house,3,8.6152,8.780252456665039
11816400644,house,3,8.7011,8.663960456848145
11816900337,house,3,8.1992,8.337933540344238
11817000501,house,3,8.4966,8.548752784729004
11822801167,house,3,8.7033,8.668033599853516
11825000556,house,9,8.5329,8.650921821594238
11827600313,house,3,7.9766,8.283447265625
11829300597,house,3,8.875,8.46400260925293
11831300671,house,9,8.0225,8.249258041381836
11831501286,house,9,8.1614,7.935166835784912
11832100544,house,9,8.4302,8.221881866455078
11833400290,house,9,7.9092,8.178489685058594
11833600771,house,9,8.7986,8.641231536865234
11834100101,house,9,8.7561,8.488758087158203
11835100553,house,9,8.5477,8.447508811950684
11835701794,house,9,8.2717,8.089195251464844
11836401311,house,9,8.5432,8.593751907348633
11837100178,house,9,8.9692,8.477790832519531
11839000103,house,3,8.246,8.609926223754883
11842600531,house,3,8.3147,8.47887134552002
11844600326,house,3,8.8991,8.687845230102539
11849500397,house,3,8.798,8.722806930541992
11852500688,house,9,9.4037,8.503798484802246
11852600631,house,9,8.4659,8.29809856414795
11852601131,house,9,9.0415,8.265227317810059
11852900163,house,9,8.0604,8.117318153381348
11903900262,house,1,8.076,8.148711204528809
11905700767,house,1,8.6758,8.313409805297852
11906000051,house,1,7.5072,8.8098783493042
11912000503,house,1,8.363,8.601324081420898
11913200212,house,1,8.4764,8.286345481872559
11916100138,house,1,8.0675,8.391729354858398
11920600506,house,1,8.3349,8.714133262634277
11922100365,house,1,8.5172,8.085373878479004
11924800641,house,1,8.4096,8.226161003112793
11924800811,house,1,8.0789,8.085236549377441
11924800852,house,1,8.4205,8.154757499694824
11926700162,house,1,8.3309,8.489789009094238
11927800519,house,1,8.3796,8.464716911315918
11930700449,house,1,8.6863,8.469413757324219
11931700469,house,1,8.3377,8.183642387390137
11932800092,house,1,8.2904,8.168272972106934
11933500521,house,1,8.3536,8.20572280883789
12000900517,house,2,7.8731,8.117541313171387
12002000637,house,2,8.1944,8.469137191772461
12002300290,house,2,7.8759,8.160809516906738
12004000324,house,2,8.3974,8.344876289367676
12004000375,house,2,8.5036,8.329851150512695
12007100087,house,2,8.4449,8.218377113342285
12007802316,house,2,8.3349,8.463695526123047
12007803290,house,2,8.1787,8.37020492553711
12008900192,house,2,8.1855,8.119823455810547
12009400045,house,2,8.7536,8.478607177734375
12010100211,house,2,8.2703,8.798726081848145
12010300466,house,2,8.2869,8.148770332336426
12011200953,house,2,8.1034,8.209400177001953
12011201062,house,2,8.4268,8.517400741577148
12014100488,house,2,8.1902,8.166365623474121
12014200393,house,2,8.1807,8.315302848815918
12014300363,house,2,8.0336,8.339994430541992
12016300387,house,2,8.0864,8.338135719299316
12017301433,house,2,8.3523,8.184377670288086
12017601127,house,2,8.5172,8.103991508483887
12020000317,house,2,8.526,8.424483299255371
12020101271,house,2,8.4379,8.449752807617188
12022100297,house,2,8.0604,8.178947448730469
12023200341,house,2,8.107,8.440873146057129
12028800312,house,2,7.8823,8.026412010192871
12030000042,house,2,8.4594,8.492329597473145
12030400776,house,2,8.4844,8.318929672241211
12030500126,house,2,8.323,8.3461332321167
12036401014,house,2,8.2548,8.303021430969238
12037900472,house,2,7.5949,8.167040824890137
12038301130,house,2,8.5685,8.688770294189453
12038701473,house,2,8.1117,8.20638370513916
12042300372,house,2,7.8728,8.167068481445312
12044300612,house,2,8.4338,8.276912689208984
12100300422,house,2,8.2311,8.150321006774902
12101200650,house,2,8.2525,8.379743576049805
12102300284,house,2,8.0297,8.477041244506836
12103801732,house,2,8.8049,8.659952163696289
12104000504,house,2,8.8142,8.635834693908691
12105500721,house,2,8.3542,8.45142650604248
12106802608,house,2,8.7139,8.615642547607422
12107500419,house,2,8.2528,8.318153381347656
12107600405,house,2,8.4755,8.144876480102539
12114900761,house,2,8.5172,8.3079833984375
12114900893,house,2,8.5172,8.470514297485352
12114901474,house,2,8.4527,8.267695426940918
12114901636,house,2,8.0138,8.366167068481445
12116000830,house,2,8.7584,8.716718673706055
12117001563,house,2,7.901,8.199104309082031
12119400309,house,2,8.6651,8.193145751953125
12123302782,house,2,8.2118,8.4268217086792
12123401357,house,2,9.0327,8.698836326599121
12125901772,house,2,8.8581,8.814972877502441
12126300561,house,2,8.5007,8.723971366882324
12202200461,house,8,8.3884,8.587053298950195
12204300380,house,8,8.7331,8.568599700927734
12207501761,house,8,8.5644,8.333446502685547
12209400340,house,8,8.1187,7.966763973236084
12217400141,house,8,8.2234,8.373340606689453
12300800801,house,8,8.4185,8.718354225158691
12301200328,house,8,8.786,8.50423812866211
12302100807,house,8,8.5172,8.652711868286133
12302300598,house,8,8.5492,8.619644165039062
12302400649,house,8,8.8226,8.788064002990723
12302400843,house,8,8.7153,8.891350746154785
12303600137,house,8,8.3376,8.667073249816895
12304700321,house,8,8.3837,8.767333984375
12304900444,house,8,8.4676,8.498112678527832
12306100321,house,8,8.1638,8.3827486038208
12306300673,house,8,8.5588,8.716876983642578
12306500524,house,8,7.9877,8.356561660766602
12307600360,house,8,8.4575,8.537185668945312
12307900615,house,8,8.0281,8.486152648925781
12308600321,house,8,8.6759,8.68592643737793
12309600351,house,8,8.5417,8.49110221862793
12309900639,house,8,8.4966,8.689972877502441
12310300607,house,8,8.4331,8.622529029846191
12312300337,house,8,7.6679,8.36555290222168
12312300604,house,8,8.4975,8.346628189086914
12312301228,house,8,8.4584,8.427024841308594
12312400323,house,8,7.9769,8.432042121887207
12316200078,house,8,8.362,8.32007884979248
12316300961,house,8,9.0258,8.654895782470703
12317300084,house,8,8.0687,8.20055866241455
12405501243,house,7,8.2171,8.425716400146484
12409104028,house,7,8.5764,8.70773696899414
12409105504,house,7,8.6915,8.725037574768066
12409107132,house,7,7.9657,8.50564956665039
12409108619,house,7,8.5292,8.67238712310791
12409108661,house,7,8.7319,8.797493934631348
12409109518,house,7,8.1084,8.530762672424316
12409110060,house,7,8.7988,8.689765930175781
12409110907,house,7,8.0923,8.479704856872559
12416400893,house,7,8.4942,8.597762107849121
12416600371,house,7,8.3124,8.443249702453613
12508100251,house,7,8.165,8.496821403503418
12508800251,house,7,7.8898,8.375700950622559
12509300635,house,7,8.2861,8.587082862854004
12511900393,house,7,7.7123,8.387395858764648
12513700707,house,7,7.4747,8.0448579788208
12514000636,house,7,8.1748,8.483816146850586
12516200421,house,7,8.9835,8.642560005187988
12516500687,house,7,8.3547,8.298352241516113
12600400132,house,7,7.4075,8.434179306030273
12601100787,house,7,7.8835,8.268950462341309
12728700701,house,4,8.546,8.143928527832031
12728900220,house,4,8.2515,8.487232208251953
12733300848,house,7,7.8547,7.899636745452881
12800600429,house,4,8.2528,8.225419044494629
12816200395,house,4,9.0205,8.102916717529297
12821300319,house,4,8.8426,8.485544204711914
12821300351,house,4,8.8834,8.514334678649902
13013200889,house,3,8.6386,8.518261909484863
13018600621,house,3,8.2295,8.392899513244629
13020003848,house,3,8.9089,8.528350830078125
13020003937,house,3,8.7614,8.68426513671875
13022500059,house,3,8.0702,8.146421432495117
13022900741,house,3,7.7287,8.112041473388672
13029900265,house,5,8.2884,8.559355735778809
13039000127,house,3,8.1117,8.242766380310059
13040100261,house,3,8.6226,8.376387596130371
13101400820,house,5,8.918,8.624261856079102
13101600366,house,5,7.7853,7.876437187194824
13103700066,house,5,8.6226,8.334770202636719
13103700430,house,5,8.7849,8.260278701782227
13104900433,house,5,7.9999,7.951812744140625
13106700547,house,5,8.3069,8.194464683532715
13107201099,house,5,8.0612,8.005477905273438
13108000501,house,5,8.4544,8.570377349853516
13110700335,house,5,8.7285,8.676034927368164
13113500337,house,5,8.5022,8.456090927124023
13115100506,house,5,8.3209,8.31696605682373
13115801202,house,5,8.4181,8.479984283447266
13116600723,house,5,8.3941,8.286989212036133
13200600216,house,5,8.4013,8.342510223388672
13217600303,house,5,7.9084,8.255691528320312
13306000212,house,5,8.0354,8.317614555358887
13307900365,house,5,8.1807,8.500687599182129
13315100054,house,5,9.3355,8.995271682739258
13404500287,house,5,8.2674,8.514212608337402
13407100506,house,5,8.5817,8.670938491821289
13411600471,house,5,7.567,8.248710632324219
13414501367,house,5,8.5913,8.511763572692871
13415200301,house,5,7.8638,8.569022178649902
13416300059,house,5,8.5039,8.031487464904785
13417700085,house,5,8.2149,8.503092765808105
13419500520,house,5,7.7063,8.0892915725708
13421600421,house,5,8.4024,8.491382598876953
13422300278,house,5,8.1506,8.622610092163086
13427000051,house,5,7.9492,8.506065368652344
13429800101,house,5,7.9462,7.964154243469238
13429900361,house,5,7.5407,7.717972278594971
13432000341,house,5,8.9446,8.709944725036621
13436800413,house,5,7.8886,7.693958759307861
13444600584,house,5,7.9235,8.159924507141113
13445400511,house,5,8.3953,8.516453742980957
13446405177,house,5,8.4449,8.484435081481934
13449101160,house,5,8.4276,8.57365894317627
13450100512,house,5,8.4276,8.556506156921387
13510200720,house,5,7.9404,8.332843780517578
13530600181,house,5,8.4302,8.157747268676758
13600100407,house,5,8.5332,8.531699180603027
13633200176,house,5,7.2769,8.074450492858887
13703100061,house,5,8.8537,8.903913497924805
13804500470,house,5,8.2019,8.640095710754395
13806300932,house,5,8.4699,8.606300354003906
13806301394,house,5,8.4566,8.621441841125488
13806301483,house,5,8.3556,8.621441841125488
13806401585,house,5,8.3147,8.5491361618042
13806501301,house,5,8.7179,8.642721176147461
13806501393,house,5,8.6548,8.559840202331543
13813800481,house,5,7.8211,8.134110450744629
13834500355,house,5,8.0336,8.260416984558105
13901200451,house,5,8.614,8.200114250183105
13902800290,house,5,8.0368,8.342915534973145
13902902646,house,5,8.2677,8.512885093688965
13902903987,house,5,8.5058,8.703811645507812
13904700269,house,5,8.2815,8.284850120544434
13905900679,house,5,7.9743,7.923066139221191
13905900849,house,5,8.3501,8.350810050964355
13910100219,house,5,8.4584,8.53196907043457
13910300341,house,5,8.6226,8.58786392211914
13915300186,house,5,7.4982,7.880692958831787
13915500029,house,5,7.6086,7.781187534332275
13920300075,house,5,8.3147,8.214879989624023
13929500034,house,5,8.1445,8.377237319946289
13930500190,house,5,8.5172,8.736741065979004
14009200161,house,5,8.4631,8.356544494628906
14010400268,house,5,7.8953,8.017538070678711
14017000443,house,5,8.3667,8.50867748260498
14020000726,house,5,8.4527,8.583598136901855
14026002488,house,5,8.372,8.467914581298828
14040400304,house,5,7.5565,7.681324481964111
14101200271,house,5,7.9323,8.171565055847168
14101200377,house,5,7.9202,8.241623878479004
14102100910,house,5,8.1022,8.112312316894531
14102401236,house,5,8.1213,7.98226261138916
14102401376,house,5,7.8341,8.052437782287598
14102701043,house,5,8.5892,8.681995391845703
14102701841,house,5,8.0671,8.158796310424805
14104800871,house,5,8.1261,7.9341044425964355
14104901198,house,5,8.5994,8.705240249633789
14105600116,house,5,7.92,8.076471328735352
14105700511,house,5,7.9947,7.942408561706543
14105801782,house,5,8.576,8.57441520690918
14201300578,house,5,8.3069,8.41259479522705
14204000842,house,5,8.7366,8.530488014221191
14205400135,house,5,8.5079,8.297628402709961
14205800291,house,5,8.5281,8.558660507202148
14207401201,house,5,8.6837,8.624964714050293
14211700471,house,5,8.6006,8.573305130004883
14211700481,house,5,8.5791,8.572860717773438
14212800666,house,5,7.9404,8.37292194366455
14213700401,house,5,7.4876,8.180950164794922
14214000896,house,5,8.0789,8.158159255981445
14214200186,house,5,8.0338,8.303241729736328
14215400669,house,5,8.635,8.532478332519531
14305500131,house,3,8.7263,8.474658012390137
14400600458,house,5,8.2278,8.006854057312012
14401100513,house,5,8.0164,8.330735206604004
14401100742,house,5,8.0917,8.354583740234375
14401100750,house,5,8.1216,8.354583740234375
14401500775,house,5,8.4134,8.760684967041016
14404202171,house,5,8.2234,8.279969215393066
14404202597,house,5,8.6781,8.674383163452148
14404202971,house,5,8.6316,8.584012985229492
14406200494,house,5,8.7238,8.634430885314941
14406300634,house,5,8.2767,8.24075698852539
14406500730,house,5,8.7334,8.64645767211914
14408301069,house,5,8.2872,8.317524909973145
14408400598,house,5,8.3493,8.192513465881348
14409200401,house,5,8.4738,8.501815795898438
14410501630,house,5,8.1648,8.367827415466309
14411200898,house,5,8.566,8.421065330505371
14411600802,house,5,8.489,8.652066230773926
14411800501,house,5,8.5886,8.355212211608887
14412600555,house,5,8.6159,8.647174835205078
14412700681,house,5,8.3741,8.641060829162598
14413100815,house,5,8.363,8.385917663574219
14413100858,house,5,8.3205,8.385917663574219
14414100568,house,5,7.8769,8.15362548828125
14417700051,house,5,7.9866,8.248627662658691
14417801575,house,5,8.4783,8.168123245239258
14501401061,house,5,8.3532,8.213735580444336
14502500630,house,5,8.1457,8.299239158630371
14503400605,house,5,8.7359,8.393139839172363
14503800689,house,5,8.6138,8.587239265441895
14506600621,house,5,8.7349,8.170361518859863
14507400715,house,5,8.8739,8.416918754577637
14508600361,house,5,8.5708,8.118753433227539
14509000161,house,5,7.8075,7.751466274261475
14509401107,house,5,8.7139,8.703392028808594
14509401239,house,5,8.2131,7.864315986633301
14510200160,house,5,8.8178,8.681180000305176
14510400658,house,5,8.3864,8.257959365844727
14511500451,house,5,8.5523,8.151224136352539
14511801591,house,5,8.3536,8.153982162475586
14511801631,house,5,8.5272,8.162874221801758
14511900441,house,5,7.8937,7.840789318084717
14513700520,house,5,8.1605,7.859691619873047
14514100195,house,5,8.276,8.197928428649902
14518400142,house,3,8.0663,8.241204261779785
14601200600,house,3,8.1526,8.447547912597656
14603800567,house,3,7.7867,8.00875473022461
14606400659,house,3,8.6333,8.692505836486816
14606500440,house,3,8.5012,8.551466941833496
14606900228,house,3,8.4684,8.407437324523926
14608400291,house,3,7.1309,8.13117790222168
14608400354,house,3,8.5238,8.649149894714355
14610200911,house,3,8.1304,8.37083911895752
14612700626,house,3,8.4812,8.2525053024292
14705200283,house,3,8.363,8.816155433654785
14707101258,house,3,8.6061,8.71883487701416
14707400301,house,3,8.6305,8.7628173828125
14707503011,house,3,9.4335,8.690937995910645
14707503410,house,3,9.2644,8.687024116516113
14711100031,house,3,7.489,7.8543267250061035
14713200092,house,3,7.9234,8.130012512207031
14713200327,house,3,8.4619,8.443818092346191
14714300244,house,3,8.2496,8.409306526184082
14714700811,house,3,8.0604,8.246668815612793
14716900702,house,3,7.8781,7.988788604736328
14724001126,house,3,8.5478,8.429288864135742
14727200650,house,3,7.5741,7.958681106567383
14727800194,house,5,8.1229,7.841360092163086
14732500251,house,3,8.6381,8.617867469787598
14733000250,house,5,7.8763,7.901054859161377
14734301858,house,5,8.6507,8.417009353637695
14803400491,house,3,8.4177,8.494211196899414
14803500699,house,3,8.3547,8.42497444152832
14804000411,house,3,7.9956,8.307901382446289
14804200451,house,3,8.194,8.267558097839355
14804200771,house,3,7.7929,8.168187141418457
14805001241,house,3,9.0619,8.734862327575684
14805100582,house,3,8.7226,8.657176971435547
14813600068,house,3,7.9187,8.220653533935547
14815701589,house,3,8.1807,8.187292098999023
14815900263,house,3,8.4844,8.620174407958984
14816600247,house,3,7.7812,8.305601119995117
14817400780,house,3,8.0144,8.176369667053223
14819200649,house,3,7.9736,8.233384132385254
14820900322,house,3,7.9487,8.349080085754395
14825700331,house,3,8.5612,8.626242637634277
14825900010,house,3,7.394,7.95890998840332
14827500036,house,3,9.0672,9.274918556213379
14827800031,house,3,8.6626,8.739291191101074
14827800250,house,3,8.0864,8.025704383850098
14830300816,house,3,8.2232,8.353245735168457
14830301839,house,3,8.3717,8.425081253051758
14830500416,house,3,8.4699,8.554862976074219
14830500491,house,3,8.294,8.375640869140625
14900800235,house,3,7.9294,8.249592781066895
14904200097,house,3,8.5913,8.8391752243042
14905300680,house,3,8.536,8.606795310974121
14906800555,house,3,8.752,8.695708274841309
14912600384,house,3,8.2118,8.409805297851562
14916500112,house,3,8.0725,8.720185279846191
14918901270,house,3,7.9164,8.471963882446289
14919600797,house,3,8.2137,8.036752700805664
14920200403,house,3,7.7733,7.994307994842529
14924600511,house,3,8.0368,8.409250259399414
14926700130,house,3,8.7096,8.743901252746582
14929300311,house,3,8.2987,8.421950340270996
15002900797,house,3,8.6469,8.675626754760742
15007700141,house,3,7.6769,8.044519424438477
15009000521,house,3,8.3046,8.41695785522461
15011900435,house,3,8.4286,8.794363975524902
15013000458,house,3,8.4431,8.701211929321289
15015100670,house,3,8.1294,8.33918571472168
15019500861,house,3,8.4468,8.362604141235352
15020500533,house,3,8.706,8.636282920837402
15025600080,house,3,9.2955,9.049487113952637
15026500667,house,3,8.4102,8.600102424621582
15103100249,house,5,8.1188,7.9898247718811035
15108300068,house,5,8.7179,8.497039794921875
15111700683,house,5,8.294,8.237909317016602
15111900267,house,5,8.7179,8.411062240600586
15117201247,house,5,7.6105,7.724493026733398
15120100146,house,5,8.7883,8.693625450134277
15206300410,house,3,7.9176,8.193538665771484
15208500352,house,3,8.2369,8.61276626586914
15210500100,house,3,8.6713,8.609528541564941
15213400611,house,3,8.3349,8.455684661865234
15214200187,house,3,8.1047,8.592218399047852
15215000513,house,3,8.7619,8.503824234008789
15217701111,house,3,8.5685,8.648594856262207
15219800514,house,5,8.3349,8.717306137084961
15221701080,house,3,7.8706,8.195428848266602
15224200856,house,5,7.8171,7.863461017608643
15224800349,house,5,8.8537,8.579349517822266
15225001172,house,5,8.0368,7.741076469421387
15225200418,house,5,8.1486,7.933346271514893
15225500926,house,5,8.3837,8.42456340789795
15226000978,house,5,8.4118,8.513348579406738
15226600282,house,5,9.105,8.897306442260742
15229001096,house,5,8.5791,8.305974006652832
15230300212,house,5,8.1017,8.454774856567383
15231200483,house,3,8.061,8.259751319885254
15231200602,house,3,8.4864,8.547961235046387
15231300801,house,3,7.8781,8.084980010986328
15233500425,house,3,8.4051,8.380912780761719
15234100811,house,3,8.4566,8.639339447021484
15235500414,house,3,7.6491,8.075212478637695
15235700571,house,5,8.5564,8.437932014465332
15300900434,house,3,8.4203,8.535390853881836
15302700068,house,3,8.1007,8.466509819030762
15303100056,house,3,8.294,8.52119255065918
15303500291,house,3,9.3033,8.899258613586426
15309400574,house,3,7.8903,8.043837547302246
15309800394,house,3,7.6654,8.082734107971191
15310304834,house,3,8.4947,8.706515312194824
15310401090,house,3,8.947,8.673115730285645
15318300269,house,3,7.4574,8.036209106445312
15400200353,house,3,8.2221,8.409265518188477
15402000319,house,3,9.0595,8.807997703552246
15405000298,house,3,8.3222,8.30255126953125
15406700773,house,3,7.6322,8.22142505645752
15406800824,house,3,7.7096,8.21522045135498
15409901109,house,3,8.0472,8.281780242919922
15418200398,house,3,8.1445,8.465354919433594
15501400706,house,3,7.8867,8.256978034973145
15508800394,house,3,7.7648,8.011017799377441
15509800241,house,3,8.9628,8.736793518066406
15511000549,house,3,8.4372,8.48712158203125
15512800387,house,3,8.7096,8.68616771697998
15512800549,house,3,8.4624,8.597349166870117
15512900551,house,3,8.5817,8.684215545654297
15517800172,house,3,8.363,8.326655387878418
15518001648,house,3,7.7611,8.16888427734375
15519001013,house,3,7.8575,8.220076560974121
15521500870,house,3,8.3962,8.650634765625
15530500152,house,3,7.6052,8.06894302368164
15531101596,house,3,8.0035,8.263301849365234
15600501136,house,3,8.2434,8.18675422668457
15605001344,house,3,8.5352,8.71186637878418
15605001522,house,3,8.5004,8.692789077758789
15606200294,house,3,7.9478,8.254350662231445
15704300242,house,1,7.8803,8.194000244140625
15706100178,house,1,7.9811,8.166340827941895
15707100082,house,1,8.4804,8.339421272277832
15711600248,house,1,8.1045,8.025843620300293
15711800786,house,1,7.8192,7.757190704345703
15711900144,house,1,7.8119,7.9611053466796875
15720702325,house,1,8.7685,8.69594669342041
15723300481,house,1,8.5172,8.190162658691406
15900200867,house,8,8.1022,8.329570770263672
15903200574,house,8,8.328,8.436333656311035
15903700348,house,8,8.3517,8.430991172790527
15906100074,house,8,8.4118,8.595085144042969
15908800235,house,8,7.6522,8.184457778930664
15912600377,house,8,7.7129,8.320845603942871
15917901057,house,8,8.3693,8.619834899902344
15919000278,house,8,8.5172,8.38807201385498
15920100337,house,8,8.0943,8.321911811828613
15921500266,house,8,8.6864,8.629955291748047
15921801071,house,8,8.6833,8.891741752624512
15922301666,house,8,8.6679,8.479475975036621
15922302050,house,8,8.196,8.490818977355957
15922700412,house,8,8.5974,8.863008499145508
15923500867,house,8,8.0919,8.627227783203125
15923800658,house,8,8.5564,8.751810073852539
15923800781,house,8,8.7916,8.664341926574707
15924200549,house,8,8.6713,8.719806671142578
15925600461,house,8,7.8656,8.142563819885254
15927400263,house,8,9.2873,8.993346214294434
15927601218,house,8,8.6656,8.761529922485352
15928100190,house,8,8.2978,8.290740966796875
15928300033,house,8,8.4815,8.345660209655762
16006400358,house,8,8.1336,8.3793306350708
16007600024,house,8,8.55,8.623700141906738
16011401359,house,8,8.1391,8.374289512634277
16011401782,house,8,7.7923,8.313582420349121
16013500370,house,8,8.5253,8.666946411132812
16015800169,house,8,8.1358,8.249282836914062
16016700524,house,8,8.5855,8.379995346069336
16016800340,house,8,8.3728,8.205830574035645
16016900760,house,8,8.1958,8.190528869628906
16016902518,house,8,8.2195,8.232012748718262
16017000046,house,8,8.323,8.28524112701416
16017400311,house,8,8.4358,8.221216201782227
16017900403,house,8,7.9663,8.073515892028809
16018301104,house,8,8.6484,8.369322776794434
16018700718,house,8,8.1509,8.432151794433594
16019500356,house,8,8.0709,8.131952285766602
16020200034,house,8,8.3953,8.430207252502441
16021101250,house,8,7.9081,8.304228782653809
16021300709,house,8,8.7796,8.759156227111816
16021900269,house,8,8.5434,8.429548263549805
16022500851,house,8,8.4102,8.441874504089355
16023500063,house,8,8.3191,8.241915702819824
16023600025,house,8,8.0613,8.147688865661621
16025000602,house,8,8.9826,8.84826374053955
16026600050,house,8,7.8484,8.570099830627441
16027000111,house,8,8.8537,8.86670970916748
16027300808,house,8,8.0661,8.110753059387207
16027700121,house,8,8.1187,8.28467845916748
16028100063,house,8,8.9368,8.401869773864746
16029900233,house,8,8.0325,8.130906105041504
16030500138,house,8,9.6623,8.480447769165039
16031100192,house,8,8.2906,8.18085765838623
16031800488,house,8,8.9661,8.433042526245117
16032200271,house,8,8.5796,8.206134796142578
16032900028,house,8,8.2999,8.087778091430664
16033100114,house,8,8.27,8.11539077758789
16034200104,house,8,9.0292,8.309775352478027
16035900223,house,8,9.0983,8.32813835144043
16036200731,house,8,8.6622,8.309962272644043
16036300637,house,8,8.0418,8.556344985961914
16036502396,house,8,8.0634,8.321601867675781
16036802772,house,8,8.0472,8.195183753967285
16111700080,house,2,8.5898,8.423880577087402
16200132401,house,2,9.5981,8.856149673461914
16201100511,house,2,8.2266,8.366705894470215
16203503079,house,2,8.7123,8.821259498596191
16204200533,house,2,8.4844,8.530854225158691
16204600620,house,2,8.4017,8.301787376403809
16205600276,house,2,8.3693,8.610323905944824
16206201049,house,2,8.4118,8.399507522583008
16206300993,house,2,8.061,8.128020286560059
16206800546,house,2,8.4118,8.446643829345703
16206900273,house,2,8.2295,8.459360122680664
16207200828,house,2,8.9465,8.666043281555176
16207701649,house,2,8.2245,8.252496719360352
16207701681,house,2,8.6995,8.479625701904297
16207800248,house,2,8.5,8.377228736877441
16208000156,house,2,7.8728,8.196592330932617
16213700438,house,2,8.898,8.58669376373291
16220101196,house,2,8.554,8.63280200958252
16221400820,house,2,8.4527,8.416504859924316
16301000551,house,2,8.716,8.302019119262695
16304000102,house,2,8.0472,8.57781982421875
16310000208,house,2,8.6863,8.568970680236816
16310302239,house,2,9.1711,8.567712783813477
16312500151,house,2,8.3042,8.259292602539062
16318000797,house,2,7.9447,8.201220512390137
16318600328,house,2,8.4039,8.448588371276855
16321000387,house,2,8.3735,8.381948471069336
16321200890,house,2,8.6535,8.545928001403809
16322100288,house,2,8.3404,8.083892822265625
16412200273,house,2,8.101,8.02132797241211
16504700523,house,2,7.9111,7.980966091156006
16506600488,house,2,8.9569,8.62554931640625
16509400595,house,2,7.8392,8.036626815795898
16509800143,house,2,7.6592,7.91481351852417
16512400266,house,8,8.9942,8.92785358428955
16512700472,house,8,8.5292,8.501167297363281
16519300399,house,2,8.2858,8.372833251953125
16520800103,house,8,8.3349,8.314371109008789
16521300449,house,8,7.805,7.978423118591309
16527300191,house,2,8.3746,7.966852188110352
16527400054,house,2,8.0725,8.066476821899414
16536800175,house,8,8.1047,8.188680648803711
16536800523,house,8,8.4417,8.387495040893555
16542701531,house,8,8.2054,8.250722885131836
16601400113,house,8,7.9368,8.130379676818848
16601500339,house,8,8.3194,8.231721878051758
16602300384,house,8,8.4917,8.424242973327637
16605400533,house,8,7.8982,8.321137428283691
16606501589,house,8,8.5846,8.549922943115234
16606700311,house,8,8.074,8.176560401916504
16606800942,house,8,8.0317,8.310129165649414
16612500645,house,8,7.4547,7.854517936706543
16612900082,house,8,7.9644,8.134333610534668
16614500227,house,8,8.2247,8.264741897583008
16615501601,house,8,8.0949,8.43002986907959
16616500534,house,8,8.5909,8.74411392211914
16616700241,house,8,8.6133,8.478740692138672
16617500163,house,8,9.3645,8.89365005493164
16621200764,house,8,8.6021,8.64595890045166
16622800285,house,8,9.1901,8.984536170959473
16628400602,house,8,8.9566,8.768915176391602
16701900916,house,8,8.596,8.82203197479248
16702400232,house,8,8.5172,8.69344425201416
16706500452,house,8,8.2021,8.643020629882812
16722800104,house,8,8.6507,8.762497901916504
16802000422,house,8,8.6961,8.377728462219238
16802200340,house,8,8.3588,8.317403793334961
16802601302,house,8,8.2548,8.3735990524292
16805600821,house,8,8.3508,8.234827041625977
16806400565,house,8,8.0064,8.310209274291992
16806701190,house,8,8.163,8.19795036315918
16806800229,house,8,8.0273,8.166356086730957
16807101545,house,8,7.7031,8.031471252441406
16808000981,house,8,8.1773,8.207720756530762
16808800986,house,8,8.9798,8.677579879760742
16810010296,house,8,8.895,8.298566818237305
16810801269,house,8,8.4333,8.522294044494629
16811100590,house,8,9.0991,9.150442123413086
16813500189,house,8,8.553,8.357320785522461
16814400099,house,8,8.2221,8.470682144165039
16818800822,house,8,8.0805,8.269092559814453
16818800946,house,8,8.1897,8.365973472595215
16821700061,house,8,8.6353,8.673912048339844
16822100201,house,8,8.6797,8.600175857543945
16825600167,house,8,8.9917,8.673527717590332
16825601120,house,8,8.4795,8.298672676086426
16827200964,house,8,8.6018,8.69603157043457
16827201065,house,8,8.1017,8.371490478515625
16827700932,house,8,8.294,8.602731704711914
16828000551,house,8,8.4192,8.638225555419922
16828100084,house,8,8.3462,8.202683448791504
16832004388,house,8,8.3086,8.203118324279785
16832004612,house,8,8.5554,8.298698425292969
16832005147,house,8,8.7699,8.2914400100708
16832101235,house,8,8.5979,8.213411331176758
16832200179,house,8,8.4596,8.184433937072754
16832305418,house,8,8.0415,8.162116050720215
16832305541,house,8,8.0182,8.162116050720215
16901900553,house,8,8.3152,8.447466850280762
16905400164,house,8,8.7641,8.796317100524902
16907000244,house,8,8.5598,8.422322273254395
16908100269,house,8,7.8155,8.57502555847168
16913200179,house,8,8.7366,8.41300106048584
16913301080,house,8,8.6507,8.639363288879395
16925300262,house,8,8.5172,8.652814865112305
17004101151,house,8,8.403,8.639056205749512
17004101168,house,8,8.5397,8.639056205749512
17009100410,house,8,8.8377,8.715312957763672
17101100367,house,8,8.3808,8.595805168151855
17106200475,house,8,8.8674,8.368776321411133
17108500166,house,8,8.1757,8.590234756469727
17109500240,house,8,7.8982,8.564787864685059
17111000543,house,8,8.9227,8.56814193725586
17111000561,house,8,8.0661,8.330729484558105
17114700082,house,8,8.1315,8.500056266784668
17121900601,house,8,8.2643,8.720223426818848
17121900989,house,8,8.3649,8.774744033813477
17121901187,house,8,8.1599,8.774306297302246
17122200875,house,8,8.3143,8.650300979614258
17124702096,house,8,8.5952,8.788840293884277
17125000291,house,8,8.3969,8.356490135192871
17125100391,house,8,8.1616,8.432536125183105
17125500225,house,8,8.3268,8.243721961975098
17125600548,house,8,8.9143,8.635408401489258
17126000188,house,8,8.2113,8.223301887512207
17126705742,house,8,9.5468,8.778929710388184
17126707125,house,8,9.5887,8.755814552307129
17126707311,house,8,9.5508,8.82883358001709
17126707729,house,8,8.438,8.806490898132324
17126710770,house,8,9.3628,8.82883358001709
17127300770,house,8,8.6046,8.362654685974121
17127400090,house,8,8.1995,8.215551376342773
17127600537,house,8,8.5913,8.360700607299805
17127700027,house,8,8.2637,8.100814819335938
17127900451,house,8,7.7118,8.268696784973145
17206300171,house,2,8.6009,8.285938262939453
17207900774,house,2,8.1536,8.084907531738281
17213400540,house,2,8.5462,8.775496482849121
17217900572,house,2,7.676,7.906030178070068
17219500784,house,2,7.8023,8.21601390838623
17219500814,house,2,7.8023,8.18750286102295
17220100581,house,2,7.7331,8.055598258972168
17220400097,house,2,8.2659,8.37087631225586
17224700443,house,2,8.2642,8.420560836791992
17231201260,house,2,7.7205,7.876123428344727
17231204529,house,2,7.7063,8.017828941345215
17300100091,house,2,8.305,8.430625915527344
17301500628,house,2,8.3894,8.230669021606445
17303800084,house,2,8.0338,8.17125415802002
17306502157,house,2,8.5817,8.662328720092773
17308400033,house,2,8.9056,8.776026725769043
17311300494,house,2,8.7184,8.668795585632324
17312800814,house,2,8.4482,8.345111846923828
17320801166,house,2,8.1658,8.222112655639648
17320900636,house,2,8.3664,8.287189483642578
17322400665,house,2,8.576,8.79516887664795
17327300995,house,2,8.3349,8.469462394714355
17330300781,house,2,8.5732,8.25972843170166
17330303142,house,2,7.8034,8.137747764587402
17332000295,house,2,8.2987,8.387168884277344
17332200103,house,2,8.5041,8.636628150939941
17332500085,house,2,8.6713,8.834131240844727
17335400405,house,2,8.576,8.65695571899414
17410900147,house,2,8.0064,8.318778038024902
17415600060,house,2,7.7564,8.101677894592285
17416200074,house,2,8.1718,8.270308494567871
17419400112,house,2,8.0348,8.531743049621582
17420300088,house,2,8.5399,8.81181812286377
17422700016,house,2,8.0266,8.228131294250488
17426000809,house,2,7.1351,7.925924301147461
17512900448,house,2,7.2796,8.026187896728516
17515701179,house,2,8.1521,8.204194068908691
17518100362,house,2,8.6938,8.489201545715332
17604200507,house,2,8.479,8.634648323059082
17800700045,house,2,8.4939,8.556137084960938
17801400517,house,2,8.482,8.840764999389648
17801400924,house,2,8.7865,8.854302406311035
17804900251,house,2,8.0549,8.233895301818848
17811500621,house,2,8.2173,8.74935531616211
18003900440,house,8,8.5713,8.675405502319336
18003901196,house,8,8.6305,8.757364273071289
18101800149,house,8,7.3614,8.2558012008667
18103901031,house,8,8.4551,8.42670726776123
18107503693,house,8,8.5834,8.667210578918457
18108800306,house,8,7.5314,8.02344036102295
18111600193,house,8,7.9184,8.400606155395508
18201000985,house,8,8.5172,8.650466918945312
18202701057,house,8,8.5172,8.754168510437012
18202701073,house,8,8.4808,8.784122467041016
18305500224,house,8,8.3109,8.385828018188477
18306700324,house,8,8.4793,8.759254455566406
18310100336,house,8,8.8457,8.788497924804688
18311001560,house,8,8.0934,8.232935905456543
18311001919,house,8,8.5377,8.228476524353027
18311200644,house,8,8.9616,8.254782676696777
18311200830,house,8,8.8431,8.240057945251465
18312000460,house,8,8.9488,8.618491172790527
18312000827,house,8,8.6103,8.464129447937012
18312000940,house,8,8.7152,8.498903274536133
18312001327,house,8,8.762,8.701939582824707
18312002579,house,8,9.1086,8.694684982299805
18312002633,house,8,8.8787,8.694684982299805
18312002773,house,8,8.8112,8.532654762268066
18312101321,house,8,8.8145,8.553566932678223
18312101356,house,8,8.6226,8.560434341430664
18312205658,house,8,8.2197,8.198208808898926
18314100098,house,8,8.9087,8.983563423156738
18402500391,house,8,8.4188,8.659646034240723
18405200702,house,8,8.5731,8.74182415008545
18408200932,house,8,8.4369,8.781243324279785
18411300764,house,8,8.6746,8.454842567443848
18419300186,house,8,7.5844,8.166409492492676
18420802254,house,8,8.7584,8.812376976013184
18420900825,house,8,8.6042,8.752249717712402
18421700447,house,8,7.3405,8.067939758300781
18500400535,house,8,8.1572,8.151084899902344
18501500398,house,8,8.6507,8.497991561889648
18503000627,house,8,8.5172,8.52408504486084
18509200441,house,8,8.1213,8.30247974395752
18509200474,house,8,8.1769,8.286273956298828
18511800289,house,8,8.1862,8.184209823608398
18513200777,house,8,8.0186,8.289175033569336
18701401830,house,7,8.4431,8.73261833190918
18701402020,house,7,8.2506,8.74032974243164
18702900131,house,7,8.8049,9.047954559326172
18705901994,house,7,7.4171,8.511841773986816
18705902699,house,7,7.9041,8.392040252685547
18713200134,house,7,8.0334,8.525679588317871
18720600649,house,7,8.2341,8.475176811218262
18800702588,house,7,8.8457,8.789029121398926
18800704874,house,7,8.2903,8.616780281066895
18801400135,house,7,8.6472,8.7350492477417
18801800028,house,7,9.1521,8.960254669189453
18803101437,house,7,8.9838,8.948163986206055
18803600670,house,7,8.1391,8.638952255249023
18805100101,house,7,9.2103,8.783485412597656
18813100549,house,7,8.0266,8.52846908569336
18816000286,house,7,7.9999,8.470135688781738
18900102558,house,7,8.4491,8.558978080749512
18900102590,house,7,8.3186,8.564010620117188
18906201019,house,7,8.7457,8.802140235900879
18909500289,house,7,8.576,8.767358779907227
19006001952,house,7,9.0089,8.742681503295898
19006002533,house,7,7.7381,8.617647171020508
19008100591,house,7,8.3976,8.68667984008789
19109900186,house,4,8.7052,8.119224548339844
19200201295,house,5,8.3489,8.755884170532227
19204400209,house,5,7.5924,7.712606906890869
19211200058,house,5,9.105,8.972046852111816
19212500306,house,5,7.2597,7.891599655151367
19305500391,house,5,7.824,8.244251251220703
19403900163,house,5,7.9647,8.00654411315918
19405000860,house,5,8.6068,8.578902244567871
19601300200,house,9,8.6226,8.524266242980957
19601701205,house,9,8.566,8.256909370422363
19700600891,house,7,8.9669,9.068425178527832
19800300227,house,4,8.7918,8.347467422485352
19800500064,house,4,7.7018,7.897602558135986
19804300078,house,4,8.6548,8.212438583374023
19804400218,house,4,8.27,8.22421932220459
19806200550,house,4,8.8581,8.279464721679688
19806300148,house,4,8.2987,8.213667869567871
19808300390,house,4,8.1763,8.221680641174316
19811700337,house,4,8.7403,8.443404197692871
19902500071,house,7,7.9664,8.390634536743164
19902601811,house,7,8.9227,8.772200584411621
19902601838,house,7,8.9227,8.824467658996582
19904300681,house,7,8.5465,8.528532981872559
19905500803,house,7,8.4482,8.401226043701172
19905900453,house,7,8.1456,8.623542785644531
19907400776,house,7,8.0171,8.383225440979004
19909000392,house,7,8.6995,8.477410316467285
20001700063,house,0,8.9815,9.025867462158203
20002500173,house,6,9.498,9.003313064575195
20101201141,house,8,7.8886,8.392084121704102
20101702858,house,8,8.6885,8.446550369262695
20102300966,house,8,8.0182,8.290467262268066
20102900289,house,8,8.4547,8.264404296875
20103400212,house,8,8.0516,8.143939971923828
20103400522,house,8,8.4171,8.60891056060791
20104900804,house,8,8.5298,8.594339370727539
20105300886,house,8,8.1751,8.303179740905762
20105600685,house,8,8.1539,8.31783676147461
20107500580,house,8,8.096,8.078468322753906
20110500723,house,8,8.4909,8.24631118774414
20110501320,house,8,8.5301,8.2898530960083
20207300397,house,7,8.276,8.473855972290039
20300700499,house,7,7.1504,8.140985488891602
20306200382,house,7,7.688,8.372766494750977
20700200248,house,7,8.0317,8.472596168518066
21401000701,house,7,7.8291,8.489032745361328
21401301000,house,7,7.8682,8.243958473205566
21402000438,house,7,8.7265,8.86087417602539
21402001868,house,7,8.2524,8.44307804107666
21402002112,house,7,8.77,8.863322257995605
21402002295,house,7,8.7743,8.780876159667969
21402100221,house,7,8.7477,8.839149475097656
21402100297,house,7,8.6871,8.907559394836426
21402100394,house,7,8.5536,8.839149475097656
21402100904,house,7,8.8323,8.893113136291504
21402101153,house,7,7.9533,8.591915130615234
21402103016,house,7,7.8736,8.538963317871094
21402105779,house,7,8.8589,8.834540367126465
21402500600,house,7,8.8187,8.93544864654541
21402500831,house,7,8.7179,8.947752952575684
21402500902,house,7,8.7623,8.933627128601074
21402601172,house,7,8.6578,8.840381622314453
21402601490,house,7,8.7204,8.770845413208008
22208800050,house,4,8.6667,8.494577407836914
23000500144,house,5,9.3186,9.035399436950684
23001200195,house,5,9.3439,8.931230545043945
23001700147,house,5,7.8177,7.9927496910095215
23002500281,house,5,9.3329,8.87850284576416
23006000119,house,5,9.0562,9.052255630493164
23006300201,house,5,8.1154,8.154756546020508
23010600151,house,5,7.7155,8.098760604858398
23201500141,house,5,8.6302,7.710209846496582
23201500486,house,5,7.8791,7.856462478637695
23201601665,house,5,7.8778,7.965428829193115
23201700558,house,5,8.2895,8.037178039550781
23203200501,house,5,8.6335,8.562692642211914
23203200579,house,5,8.1987,8.170541763305664
23203200625,house,5,8.1839,8.286694526672363
23204400301,house,5,8.7129,8.603771209716797
23204500509,house,5,8.2385,8.45089054107666
24500401243,house,5,8.4566,8.724853515625
24506300554,house,5,9.1822,9.017292022705078
24608700152,house,5,9.2937,9.018426895141602
24611000301,house,5,9.4151,8.976344108581543
26101600074,house,2,8.8049,8.903742790222168
28300800105,house,2,8.6003,8.65707015991211
29902803375,house,6,9.206,8.77069091796875
29906000560,house,6,9.1678,8.845969200134277
29911001189,house,6,9.6671,8.90576457977295
29911201201,house,6,8.2212,8.233697891235352
30002200314,house,6,8.9989,8.59106159210205
30005300506,house,6,8.635,8.529984474182129
30006800863,house,6,8.5429,8.570011138916016
30201400461,house,1,7.9782,8.349157333374023
30300600086,house,3,8.3837,8.40633773803711
30301600179,house,3,7.9167,7.9463043212890625
30302000541,house,3,7.64,8.553505897521973
30302000795,house,3,7.4666,8.067140579223633
30303600362,house,3,8.5613,8.56884765625
30304200368,house,3,8.0652,8.245967864990234
30304500175,house,3,8.0276,8.129899978637695
30309500580,house,3,7.7063,8.0906343460083
30400401395,house,4,8.5564,8.461823463439941
30401900158,house,4,8.7068,8.525514602661133
30402000304,house,4,8.7403,8.373830795288086
30402400221,house,4,8.8931,8.531222343444824
30406800471,house,4,8.2217,8.17587661743164
30501402109,house,4,8.4512,8.615584373474121
30501402508,house,4,8.5942,8.555294036865234
30503000091,house,4,8.1605,8.35391616821289
30504604500,house,4,8.4313,8.418292999267578
30504604535,house,4,8.0413,8.27424144744873
30505500334,house,4,8.168,8.025491714477539
30510400474,house,4,8.7044,8.458258628845215
30511202463,house,4,8.5802,8.425959587097168
30514101455,house,4,8.6954,8.394329071044922
30601100953,house,4,8.7168,8.564977645874023
30602800290,house,4,8.7108,8.43937873840332
30603100233,house,4,8.5172,8.515775680541992
30606400408,house,0,8.0562,7.946815013885498
30608500337,house,0,8.7855,8.491307258605957
30608501422,house,0,8.5542,8.564555168151855
30702001306,house,7,8.3316,8.480761528015137
30704300221,house,7,8.3884,8.32838249206543
30705600553,house,7,7.843,8.299086570739746
30706600212,house,7,8.9059,8.762409210205078
30708100071,house,7,8.363,8.5974760055542
30708205361,house,7,8.5075,8.494697570800781
30708601641,house,7,8.6173,8.733311653137207
30709000674,house,7,8.7819,8.831965446472168
30710400044,house,7,8.408,8.425586700439453
30710600086,house,7,8.2183,8.4076566696167
30711001399,house,7,8.6725,8.745574951171875
30711300876,house,7,7.9609,8.465492248535156
30805800414,house,7,8.7248,8.848538398742676
30815100326,house,7,8.0283,8.320101737976074
30815201726,house,7,7.5449,8.199870109558105
30900500287,house,1,8.6937,8.824750900268555
30901000474,house,1,9.0624,9.039830207824707
30902700331,house,1,8.3183,8.987520217895508
31000900204,house,1,8.537,8.638440132141113
31004301119,house,1,8.0036,7.9952497482299805
31005000724,house,1,8.1195,8.227592468261719
31005801166,house,1,8.214,8.19161319732666
31005903139,house,1,8.0511,8.183501243591309
31010100103,house,1,8.0993,8.159639358520508
31010200590,house,1,8.4917,8.069321632385254
31011200365,house,1,8.4544,8.314178466796875
31011500423,house,1,8.1766,8.109437942504883
31011600355,house,1,8.4276,8.35713005065918
