sql,tipo_imovel,bloco,y_ln,yhat_ln
00102004854,apartment,0,8.9719,8.90124225616455
00102101671,apartment,0,8.6618,8.79000473022461
00102102295,apartment,0,8.4412,8.559979438781738
00102310815,apartment,0,8.8957,8.93075180053711
00102600996,apartment,0,8.0155,8.286195755004883
00103705041,apartment,0,8.67,8.854186058044434
00103705201,apartment,0,8.7307,8.854186058044434
00103705538,apartment,0,8.7022,8.854186058044434
00103705740,apartment,0,8.8571,8.765315055847168
00103705953,apartment,0,8.8651,8.855408668518066
00103706208,apartment,0,8.7522,8.854795455932617
00103706216,apartment,0,8.6754,8.854262351989746
00103706569,apartment,0,8.8314,8.767465591430664
00103706674,apartment,0,8.7885,8.855823516845703
00103707158,apartment,0,8.7076,8.853652954101562
00104800593,apartment,0,8.0789,8.632257461547852
00204900964,apartment,0,8.525,8.572650909423828
00205301010,apartment,0,8.0985,8.607217788696289
00206600232,apartment,0,8.2388,8.388912200927734
00207100901,apartment,0,8.1956,8.40139389038086
00207401446,apartment,0,8.0819,8.344467163085938
00208003584,apartment,0,8.3187,8.658267974853516
00208004041,apartment,0,8.4338,8.663626670837402
00208005137,apartment,0,8.6183,8.720759391784668
00301107394,apartment,0,8.3904,8.859848976135254
00301109222,apartment,0,8.9179,8.873571395874023
00301109656,apartment,0,8.9562,8.854073524475098
00301110964,apartment,0,8.9118,8.854738235473633
00301200671,apartment,0,7.8648,8.3323335647583
00301302316,apartment,0,8.2064,8.444701194763184
00301504210,apartment,9,8.3323,8.439701080322266
00301602085,apartment,9,8.1506,8.608905792236328
00301604053,apartment,9,8.7803,8.665568351745605
00301605051,apartment,9,8.7802,8.728378295898438
00301610010,apartment,9,8.6254,8.657122611999512
00301612064,apartment,9,8.5817,8.637887954711914
00301614148,apartment,9,8.716,8.688193321228027
00301903247,apartment,0,8.4702,8.453827857971191
00301906238,apartment,0,8.6198,8.843265533447266
00302901337,apartment,9,8.3679,8.284969329833984
00302901442,apartment,9,8.3705,8.280498504638672
00302901965,apartment,9,8.3705,8.287135124206543
00303400560,apartment,0,8.0396,8.201809883117676
00304202428,apartment,9,8.4584,8.502118110656738
00304206342,apartment,9,8.6662,8.676450729370117
00304206458,apartment,9,8.9872,8.935150146484375
00306001608,apartment,9,8.1807,8.449227333068848
00306009821,apartment,9,8.6995,8.773993492126465
00306012464,apartment,9,8.578,8.630766868591309
00306013045,apartment,9,9.1536,8.777449607849121
00306019000,apartment,9,8.7905,8.796085357666016
00306019231,apartment,9,8.6754,8.800447463989258
00306800421,apartment,0,8.3901,8.473305702209473
00306800713,apartment,0,8.5009,8.488149642944336
00306800810,apartment,0,8.2359,8.48795223236084
00306900580,apartment,9,8.5332,8.299247741699219
00400501066,apartment,0,8.0558,8.359172821044922
00400502828,apartment,0,8.1918,8.433180809020996
00401501531,apartment,9,8.4007,8.346863746643066
00401601595,apartment,9,8.3688,8.34162712097168
00401604462,apartment,9,8.3489,8.383309364318848
00401900118,apartment,0,8.1456,8.548951148986816
00401900290,apartment,0,8.406,8.709527015686035
00401900487,apartment,0,8.1944,8.54848861694336
00401902862,apartment,0,8.366,8.708582878112793
00401903001,apartment,0,8.256,8.548951148986816
00403402883,apartment,0,8.3517,8.429865837097168
00403704863,apartment,0,7.7088,8.457155227661133
00403705517,apartment,0,8.1321,8.506132125854492
00404301541,apartment,0,7.8625,8.2388277053833
00404800696,apartment,9,8.2594,8.154397010803223
00404803271,apartment,9,8.196,8.170551300048828
00404805061,apartment,9,8.1918,8.186509132385254
00404808301,apartment,9,8.1658,8.359867095947266
00404903241,apartment,9,8.6928,8.41954231262207
00405100906,apartment,9,8.5448,8.6443452835083
00405202156,apartment,0,8.6667,8.615347862243652
00405209551,apartment,0,8.5454,8.565544128417969
00405210191,apartment,0,8.3434,8.717453956604004
00405217791,apartment,0,8.5678,8.552706718444824
00405700415,apartment,9,8.0317,8.034307479858398
00406106762,apartment,0,8.4864,8.573966026306152
00406301581,apartment,9,8.3974,8.566866874694824
00501701788,apartment,0,8.262,8.23721981048584
00501709053,apartment,0,8.6713,8.421690940856934
00502306262,apartment,0,8.9548,8.701807975769043
00503406295,apartment,0,9.1659,8.851411819458008
00503509442,apartment,0,8.5002,8.478691101074219
00504400398,apartment,0,8.419,8.460503578186035
00504400665,apartment,0,8.1456,8.339245796203613
00504604783,apartment,0,8.9401,8.900153160095215
00506300900,apartment,0,8.5172,8.548768043518066
00506401839,apartment,0,8.0652,8.289918899536133
00506805018,apartment,0,8.7002,8.849295616149902
00507104218,apartment,0,8.3349,8.36434268951416
00507626788,apartment,0,8.1526,8.390839576721191
00507633598,apartment,0,8.6226,8.864673614501953
00507810783,apartment,0,8.3165,8.549004554748535
00507811690,apartment,0,8.5829,8.601204872131348
00508602009,apartment,0,8.2679,8.49348258972168
00601102428,apartment,0,9.1114,8.404275894165039
00601305469,apartment,0,8.8834,8.422449111938477
00601321545,apartment,0,9.1548,8.8820219039917
00602008239,apartment,0,8.6744,8.54499340057373
00602013909,apartment,0,8.9561,8.744866371154785
00602201187,apartment,0,8.6765,8.651799201965332
00602406153,apartment,0,8.6226,8.5813627243042
00603003311,apartment,0,8.3131,8.51339054107666
00603003400,apartment,0,8.2788,8.479572296142578
00603006329,apartment,0,8.3066,8.314168930053711
00603007864,apartment,0,8.9978,8.722814559936523
00603803024,apartment,0,8.6338,8.552610397338867
00604004419,apartment,0,8.4711,8.450461387634277
00604006306,apartment,0,8.2577,8.43664264678955
00604014325,apartment,0,8.294,8.179951667785645
00604202679,apartment,0,8.1417,8.362509727478027
00604207638,apartment,0,8.1199,8.487588882446289
00604401507,apartment,0,8.5598,8.55931568145752
00605107025,apartment,0,8.5277,8.352303504943848
00605111227,apartment,0,8.3572,8.272369384765625
00605113882,apartment,0,8.6291,8.475306510925293
00605302162,apartment,0,8.5549,8.383604049682617
00605306311,apartment,0,8.2785,8.222722053527832
00605314675,apartment,0,8.326,8.42039966583252
00606002839,apartment,0,8.3786,8.407923698425293
00606202870,apartment,0,8.6145,8.252530097961426
00606301798,apartment,0,8.8049,8.348626136779785
00606404562,apartment,0,8.7813,8.38524055480957
00606503188,apartment,0,8.2683,8.56273078918457
00606800867,apartment,0,8.5172,8.513105392456055
00606803106,apartment,0,8.2489,8.47758674621582
00607008172,apartment,0,8.9195,8.556729316711426
00700102361,apartment,0,8.7064,8.460477828979492
00700203257,apartment,0,8.7424,8.472968101501465
00700501770,apartment,0,9.0106,8.27670669555664
00700501843,apartment,0,8.9826,8.441859245300293
00700800654,apartment,0,8.3894,8.380269050598145
00700900616,apartment,0,8.2861,8.467242240905762
00700900829,apartment,0,8.6995,8.773359298706055
00701104139,apartment,0,8.4544,8.384532928466797
00701107294,apartment,0,8.5346,8.239555358886719
00701203196,apartment,0,8.4057,8.43235969543457
00701204990,apartment,0,8.6036,8.52277946472168
00701302631,apartment,0,8.4844,8.620806694030762
00701502703,apartment,0,8.2334,8.268160820007324
00701600853,apartment,0,8.3016,8.5746431350708
00701701625,apartment,0,8.8888,8.445708274841309
00701801654,apartment,0,8.9632,8.30547046661377
00702002682,apartment,0,8.5557,8.575833320617676
00702003859,apartment,0,8.8309,8.672693252563477
00702005088,apartment,0,8.8049,8.611717224121094
00702300950,apartment,0,8.5929,8.339205741882324
00702301558,apartment,0,8.8799,8.596820831298828
00702302392,apartment,0,8.8739,8.50687313079834
00702303429,apartment,0,8.8739,8.419088363647461
00702603521,apartment,0,8.6359,8.298775672912598
00703001191,apartment,0,7.9576,8.444055557250977
00703304704,apartment,0,8.993,8.451762199401855
00703407351,apartment,0,9.1281,8.862227439880371
00703500392,apartment,0,8.4876,8.443775177001953
00703604953,apartment,0,8.3413,8.295389175415039
00704102481,apartment,0,8.4788,8.322746276855469
00704106531,apartment,0,8.4878,8.614336013793945
00704108097,apartment,0,9.1822,8.931142807006836
00704109549,apartment,0,8.6476,8.584155082702637
00704109621,apartment,0,8.8888,8.924603462219238
00704304511,apartment,0,8.62,8.356794357299805
00704702916,apartment,0,8.4514,8.35661506652832
00704704978,apartment,0,8.641,8.22711181640625
00704801272,apartment,0,8.5962,8.349498748779297
00704802422,apartment,0,8.597,8.524096488952637
00704802791,apartment,0,8.7891,8.651982307434082
00704906511,apartment,0,8.862,8.917473793029785
00705102467,apartment,0,8.6272,8.621027946472168
00705106810,apartment,0,8.5716,8.221285820007324
00705108589,apartment,0,8.3862,8.633612632751465
00705201767,apartment,0,8.5172,8.658893585205078
00705603245,apartment,0,8.8739,8.390082359313965
00705702030,apartment,0,8.6835,8.423815727233887
00705704181,apartment,0,8.9714,8.812298774719238
00706007220,apartment,0,8.1432,8.475112915039062
00706105079,apartment,0,8.2097,8.539664268493652
00706105478,apartment,0,8.392,8.533829689025879
00706203429,apartment,0,7.8841,8.410174369812012
00706300629,apartment,0,8.9227,8.645628929138184
00706311205,apartment,0,8.8467,8.847128868103027
00706311582,apartment,0,8.7881,8.74411678314209
00706312023,apartment,0,8.8953,8.859679222106934
00706312082,apartment,0,8.5172,8.567797660827637
00706400429,apartment,0,8.7045,8.266180038452148
00706700589,apartment,0,8.6449,8.530820846557617
00706801105,apartment,0,8.3453,8.587911605834961
00706801288,apartment,0,8.5755,8.635894775390625
00706803833,apartment,0,8.7685,8.74179744720459
00707013461,apartment,0,8.8093,8.703465461730957
00707101530,apartment,0,8.8169,8.59993839263916
00707102693,apartment,0,8.7285,8.609942436218262
00707102911,apartment,0,8.9161,8.793055534362793
00707105439,apartment,0,9.1515,8.944555282592773
00707200261,apartment,0,8.3517,8.6320219039917
00707604206,apartment,0,8.9577,8.508100509643555
00707701627,apartment,0,8.4727,8.361992835998535
00707714184,apartment,0,9.5925,8.850025177001953
00707718971,apartment,0,9.0608,8.852291107177734
00708101437,apartment,0,8.4219,8.235796928405762
00708101461,apartment,0,8.4402,8.257302284240723
00708103480,apartment,0,8.6006,8.537805557250977
00708104347,apartment,0,8.6164,8.325048446655273
00708107036,apartment,0,8.7573,8.569137573242188
00708108407,apartment,0,8.7571,8.4992094039917
00708110738,apartment,0,9.187,8.836915016174316
00708112366,apartment,0,9.0433,8.82579517364502
00708702104,apartment,0,8.6507,8.626413345336914
00709101651,apartment,0,8.4631,8.68093490600586
00709601492,apartment,0,8.6243,8.342665672302246
00709700865,apartment,0,8.6226,8.726982116699219
00800403193,apartment,0,8.5578,8.719893455505371
00800403266,apartment,0,8.5564,8.719179153442383
00800502345,apartment,0,8.0843,8.650850296020508
00800502531,apartment,0,7.9749,8.287303924560547
00800801040,apartment,0,8.5172,8.3466796875
00800802438,apartment,0,8.4192,8.264699935913086
00801200601,apartment,0,8.4379,8.510997772216797
00801303419,apartment,0,8.3894,8.634657859802246
00801304768,apartment,0,8.276,8.740257263183594
00801306124,apartment,0,8.414,8.600553512573242
00801306264,apartment,0,8.4287,8.57660961151123
00801400546,apartment,0,8.2371,8.261173248291016
00801500702,apartment,0,8.7413,8.58978271484375
00803102976,apartment,0,7.893,8.268319129943848
00803303106,apartment,0,7.9576,8.290346145629883
00804402663,apartment,0,8.4466,8.31484603881836
00804911071,apartment,0,8.0247,8.552201271057129
00805000615,apartment,0,7.9909,8.326457977294922
00805300368,apartment,0,9.028,8.579859733581543
00805400941,apartment,0,8.3862,8.582113265991211
00805401040,apartment,0,8.3862,8.591123580932617
00806101369,apartment,0,8.1605,8.30313777923584
00806103434,apartment,0,8.061,8.399585723876953
00806300681,apartment,0,8.0523,8.335341453552246
00807300659,apartment,0,8.8049,8.60321044921875
00807802999,apartment,0,8.33,8.59469223022461
00807804444,apartment,0,7.8122,8.452860832214355
00807903760,apartment,0,8.2703,8.353857040405273
00807904864,apartment,0,8.2396,8.38429069519043
00807905089,apartment,0,8.4317,8.41960620880127
00808705016,apartment,0,8.3517,8.391348838806152
00808901494,apartment,0,8.4844,8.622984886169434
00809202549,apartment,0,8.5446,8.573860168457031
00809203820,apartment,0,8.3181,8.578195571899414
00900501065,apartment,0,8.4318,8.51780891418457
00900901772,apartment,0,8.3075,8.570690155029297
00901301671,apartment,0,9.0619,8.58700180053711
00901306010,apartment,0,8.5558,8.618599891662598
00901404152,apartment,0,8.6931,8.675517082214355
00901417688,apartment,0,8.5557,8.511781692504883
00901601055,apartment,0,8.8503,8.758377075195312
00901601081,apartment,0,8.8356,8.466592788696289
00901604641,apartment,0,8.668,8.44443130493164
00901702250,apartment,0,8.8049,8.451573371887207
00901807192,apartment,0,9.036,8.752069473266602
00901809446,apartment,0,8.5893,8.270455360412598
00901903930,apartment,0,8.6217,8.568130493164062
00901907812,apartment,0,8.9645,8.522565841674805
00901909548,apartment,0,8.9214,8.476841926574707
00902602810,apartment,0,8.716,8.623068809509277
00902603655,apartment,0,8.5942,8.634129524230957
00903203685,apartment,0,8.1851,8.310505867004395
00903503476,apartment,0,9.2103,9.032697677612305
00903503621,apartment,0,9.2442,9.044596672058105
00904500446,apartment,0,8.571,8.542457580566406
00904600572,apartment,0,9.0644,8.607019424438477
00904609987,apartment,0,9.2699,8.707534790039062
00904906205,apartment,0,9.2569,8.446070671081543
00905109961,apartment,0,8.792,8.551774978637695
00905112301,apartment,0,9.0123,8.700657844543457
00905201361,apartment,0,8.2224,8.490824699401855
00905202287,apartment,0,8.618,8.590371131896973
00905205057,apartment,0,8.8618,8.627022743225098
00905300629,apartment,0,8.8899,8.413106918334961
00905500334,apartment,0,8.7179,8.656377792358398
00905602234,apartment,0,8.8273,8.435492515563965
00905810384,apartment,0,9.5096,9.130932807922363
00906401496,apartment,0,8.7327,8.588640213012695
00906500206,apartment,0,8.0682,8.415777206420898
00906500303,apartment,0,8.1732,8.32337474822998
00907004954,apartment,0,8.7633,8.522430419921875
00907009395,apartment,0,9.4223,8.950016021728516
00907305474,apartment,0,9.6593,9.166101455688477
00907503403,apartment,0,8.5284,8.552997589111328
00907600964,apartment,0,8.8971,8.54615306854248
00908305028,apartment,0,8.7311,8.59255313873291
00908508212,apartment,0,8.6868,8.659153938293457
00908700741,apartment,0,8.6603,8.612381935119629
00908700830,apartment,0,9.1092,8.628266334533691
00908700881,apartment,0,9.0926,8.644085884094238
00908801051,apartment,0,8.7269,8.72360897064209
00908804555,apartment,0,8.955,8.598363876342773
00908902476,apartment,0,9.059,8.707006454467773
00908902913,apartment,0,8.9502,8.707043647766113
00909102481,apartment,0,8.9088,8.587519645690918
00909400989,apartment,0,8.4553,8.624028205871582
00909501327,apartment,0,8.1787,8.26669979095459
00909702527,apartment,0,8.1934,8.341192245483398
01000100251,apartment,0,8.9015,8.43884563446045
01000400700,apartment,0,9.0363,8.481514930725098
01001001141,apartment,0,8.8668,8.280938148498535
01001105699,apartment,0,8.4229,8.457450866699219
01001202910,apartment,0,8.6692,8.528212547302246
01001209419,apartment,0,8.8457,8.629408836364746
01001301633,apartment,0,8.5172,8.439359664916992
01001501101,apartment,0,8.6995,8.365381240844727
01001700562,apartment,0,8.8821,8.383306503295898
01001801601,apartment,0,8.8049,8.602299690246582
01002311756,apartment,0,8.637,8.484393119812012
01002410118,apartment,0,8.8711,8.491270065307617
01002410381,apartment,0,8.7955,8.48379135131836
01002414415,apartment,0,8.9561,8.657691955566406
01002421543,apartment,0,9.2238,8.948991775512695
01002421683,apartment,0,9.3794,8.932174682617188
01002421691,apartment,0,9.4061,8.932174682617188
01002510181,apartment,0,8.9851,8.673565864562988
01002514770,apartment,0,8.7129,8.593750953674316
01002701491,apartment,0,8.6272,8.334993362426758
01002902037,apartment,0,8.8114,8.724357604980469
01002903459,apartment,0,7.8829,8.316243171691895
01003212980,apartment,0,8.7179,8.714542388916016
01003303404,apartment,0,8.5352,8.536416053771973
01003405096,apartment,0,8.187,8.47001838684082
01003405126,apartment,0,8.363,8.385926246643066
01003523080,apartment,0,8.5172,8.241690635681152
01003529267,apartment,0,8.9227,8.57198715209961
01003537741,apartment,0,9.2298,8.702664375305176
01003541623,apartment,0,8.7242,8.590876579284668
01003701191,apartment,0,8.9582,8.649785995483398
01003702538,apartment,0,8.4368,8.696301460266113
01003702880,apartment,0,8.8322,8.696301460266113
01004803907,apartment,0,8.5267,8.553824424743652
01004804644,apartment,0,8.2369,8.488183975219727
01004807384,apartment,0,8.6365,8.555333137512207
01004815433,apartment,0,8.3951,8.38647747039795
01005003904,apartment,0,9.1448,8.689343452453613
01005800251,apartment,0,9.0211,8.76619815826416
01005800758,apartment,0,8.8155,8.696404457092285
01006002685,apartment,0,8.7526,8.77139663696289
01006202587,apartment,0,8.7275,8.716444969177246
01006700455,apartment,0,8.8018,8.719344139099121
01007501499,apartment,0,8.7349,8.692625999450684
01007900547,apartment,0,9.1834,8.727869987487793
01008900753,apartment,0,8.8238,8.616403579711914
01009400657,apartment,0,9.1839,8.608304023742676
01009600753,apartment,0,9.0372,8.86983871459961
01102302376,apartment,0,8.3723,8.495079040527344
01106906373,apartment,0,9.1324,9.043254852294922
01106908511,apartment,0,9.1209,8.983573913574219
01107401070,apartment,0,9.0191,8.703042984008789
01112306481,apartment,0,8.7445,8.361122131347656
01201602963,apartment,7,8.3564,8.466259002685547
01201603986,apartment,7,8.1727,8.429265022277832
01201605954,apartment,7,9.0213,8.631425857543945
01202003321,apartment,7,8.6619,8.74952220916748
01202100961,apartment,0,8.645,8.536544799804688
01202101038,apartment,0,8.635,8.546351432800293
01202302671,apartment,7,8.7064,8.576483726501465
01202302726,apartment,7,8.6144,8.562714576721191
01202701371,apartment,0,8.2908,8.464031219482422
01203301601,apartment,0,8.5719,8.773443222045898
01203301642,apartment,0,8.7992,8.777219772338867
01203401701,apartment,0,8.7403,8.424851417541504
01203503997,apartment,0,8.6901,8.605175971984863
01204500762,apartment,0,8.2515,8.780296325683594
01205104631,apartment,0,9.08,8.96492862701416
01205701321,apartment,0,8.5775,8.552133560180664
01205903313,apartment,0,8.4818,8.277471542358398
01205905758,apartment,0,8.92,8.740140914916992
01206801387,apartment,0,8.7354,8.679237365722656
01206803411,apartment,0,8.6882,8.632171630859375
01207001376,apartment,0,8.2331,8.623418807983398
01207405566,apartment,0,8.5392,8.577367782592773
01207503290,apartment,0,8.8482,8.876513481140137
01207503762,apartment,0,8.9353,8.89232063293457
01207805580,apartment,0,9.3034,9.064764022827148
01207805688,apartment,0,9.5905,9.064414978027344
01207806099,apartment,0,9.3739,9.047224998474121
01208302523,apartment,0,8.7034,8.795265197753906
01208500333,apartment,0,8.729,8.757773399353027
01209000849,apartment,0,8.7998,8.716392517089844
01209201720,apartment,0,8.6125,8.53503704071045
01209303248,apartment,0,9.0852,8.524208068847656
01209303272,apartment,0,8.6096,8.60971736907959
01209603136,apartment,0,8.657,8.533891677856445
01210000709,apartment,0,8.576,8.53050708770752
01210203847,apartment,0,8.5652,8.445938110351562
01210503905,apartment,0,9.0045,8.762994766235352
01210605732,apartment,0,8.6926,8.473289489746094
01210607875,apartment,0,8.5251,8.36793041229248
01210609959,apartment,0,8.81,8.665295600891113
01210903131,apartment,0,8.6634,8.792147636413574
01211300821,apartment,0,9.1616,8.86661434173584
01211703101,apartment,0,9.0123,8.906021118164062
01211706583,apartment,0,9.3382,9.082660675048828
01214201776,apartment,7,8.7238,8.569478034973145
01214202012,apartment,7,8.4858,8.475829124450684
01216100756,apartment,0,8.6144,8.631844520568848
01216802912,apartment,0,8.3741,8.392731666564941
01217304266,apartment,0,8.3402,8.731956481933594
01300602597,apartment,0,8.9421,8.611599922180176
01300603054,apartment,0,8.8714,8.779335021972656
01300610301,apartment,0,9.1947,9.000497817993164
01300905239,apartment,0,8.8137,8.679505348205566
01301102075,apartment,0,8.8997,8.88486385345459
01301206512,apartment,0,9.1856,8.997184753417969
01301305261,apartment,0,8.6548,8.64435863494873
01301306436,apartment,0,8.4503,8.550479888916016
01301401943,apartment,0,8.7163,8.750046730041504
01301505218,apartment,0,9.1631,8.77178955078125
01301700568,apartment,0,9.2035,8.675430297851562
01301703176,apartment,0,9.5819,9.27926254272461
01301804231,apartment,0,9.2758,8.847091674804688
01302004832,apartment,0,9.0801,8.973001480102539
01302005261,apartment,0,9.2027,8.983991622924805
01302302809,apartment,0,8.8739,8.825788497924805
01302302868,apartment,0,8.8793,8.832921028137207
01302906887,apartment,0,9.0576,8.928997039794922
01303003511,apartment,0,8.8323,8.854220390319824
01303101858,apartment,0,8.9029,8.657294273376465
01303102528,apartment,0,8.7035,8.703516960144043
01303104601,apartment,0,8.9952,8.666228294372559
01303110253,apartment,0,9.3439,9.207735061645508
01303301768,apartment,0,8.4974,8.715974807739258
01303504911,apartment,0,8.8169,8.931746482849121
01303602571,apartment,0,8.775,8.725296020507812
01303608006,apartment,0,8.974,9.009305953979492
01303807009,apartment,0,9.028,8.77684211730957
01304002241,apartment,0,8.8875,8.721037864685059
01304109356,apartment,0,9.3666,9.124051094055176
01304200388,apartment,0,8.9519,8.74526309967041
01304804623,apartment,0,9.2333,8.803079605102539
01304804674,apartment,0,9.0255,8.829216957092285
01305502523,apartment,0,8.6308,8.829218864440918
01305900987,apartment,0,8.73,8.6980562210083
01306001511,apartment,0,8.5536,8.857062339782715
01306003180,apartment,0,8.6695,8.737937927246094
01306102448,apartment,0,8.5517,8.781638145446777
01306105722,apartment,0,8.9544,8.680135726928711
01306200431,apartment,0,8.9067,8.781206130981445
01306401951,apartment,0,8.6325,8.892362594604492
01306502446,apartment,0,8.7863,8.673874855041504
01402801947,apartment,0,9.3768,8.797526359558105
01403002177,apartment,0,9.4731,8.677382469177246
01403911568,apartment,0,9.6846,9.253154754638672
01403911622,apartment,0,9.6789,9.243656158447266
01404802088,apartment,0,9.2904,8.76118278503418
01404902309,apartment,0,9.1561,8.723844528198242
01405010495,apartment,0,9.2416,9.142690658569336
01406801240,apartment,0,9.2736,8.737735748291016
01407802623,apartment,0,9.1926,8.780722618103027
01408601273,apartment,0,8.7875,8.654927253723145
01408610086,apartment,0,9.3157,8.951654434204102
01408801043,apartment,0,9.2305,8.633935928344727
01408805510,apartment,0,8.7129,8.809215545654297
01410203174,apartment,0,8.731,8.859238624572754
01410203867,apartment,0,9.0885,8.937439918518066
01500302503,apartment,0,9.0027,8.842782020568848
01500502405,apartment,0,8.9785,9.026728630065918
01500602795,apartment,0,8.5878,8.675424575805664
01500604003,apartment,0,8.9429,8.684704780578613
01500709174,apartment,0,8.978,8.792745590209961
01500801410,apartment,0,8.6656,8.90674114227295
01501601377,apartment,0,8.7525,8.887307167053223
01504401751,apartment,0,8.9905,8.895563125610352
01504501926,apartment,0,8.7403,8.76538372039795
01505803896,apartment,0,8.7156,8.786087036132812
01507600811,apartment,0,8.7051,8.620079040527344
01509100776,apartment,6,8.9785,8.814569473266602
01604601671,apartment,6,9.0718,8.794177055358887
01604800739,apartment,6,9.6014,8.843367576599121
01604801247,apartment,6,8.7374,8.753707885742188
01606504037,apartment,6,8.7216,8.727474212646484
01606506668,apartment,6,9.0877,8.737199783325195
01606507036,apartment,6,9.2374,8.725794792175293
01608004090,apartment,6,9.4442,8.744476318359375
01608008037,apartment,6,8.76,8.844096183776855
01608011951,apartment,6,9.1303,8.812346458435059
01608018261,apartment,6,9.7046,8.996238708496094
01611903191,apartment,6,9.2922,8.723118782043457
01612002579,apartment,6,8.9823,8.666512489318848
01613602359,apartment,6,9.3724,8.801029205322266
01613602499,apartment,6,9.0391,8.803032875061035
01614702829,apartment,6,8.8204,8.738265037536621
01614703442,apartment,6,9.2339,8.833639144897461
01615303049,apartment,6,9.1065,8.822626113891602
01615901264,apartment,0,9.1341,8.936297416687012
01616305673,apartment,6,9.0745,8.7145357131958
01616502584,apartment,6,9.2442,8.881570816040039
01616701854,apartment,6,8.9709,8.728591918945312
01616702605,apartment,6,9.4409,8.739908218383789
01701705273,apartment,9,8.6074,8.570759773254395
01800602383,apartment,0,8.6061,8.584442138671875
01803202416,apartment,0,8.0878,8.250788688659668
01803301430,apartment,0,8.5304,8.56301498413086
01804501042,apartment,0,8.2382,8.292444229125977
01804501123,apartment,0,8.4021,8.288496017456055
01804801437,apartment,0,7.7212,8.332948684692383
01804805246,apartment,0,7.8028,8.171314239501953
01805000373,apartment,0,7.887,8.19324779510498
01901001520,apartment,0,8.2795,8.341999053955078
01903300673,apartment,0,8.0985,8.303296089172363
01904503950,apartment,0,8.5019,8.485586166381836
01905305648,apartment,0,8.6538,8.48093318939209
01905308000,apartment,0,8.6108,8.481459617614746
01906100438,apartment,0,8.3033,8.493536949157715
01906101027,apartment,0,8.4662,8.504638671875
01906106525,apartment,0,8.6978,8.737288475036621
01906111944,apartment,0,8.7403,8.722590446472168
01906112916,apartment,0,8.5627,8.528877258300781
01906116016,apartment,0,8.5325,8.67799186706543
01906116660,apartment,0,8.7091,8.678937911987305
01906116660,apartment,0,8.7091,8.680892944335938
01906118361,apartment,0,8.7706,8.67741584777832
01907801601,apartment,0,8.5152,8.25598430633545
01908100982,apartment,0,7.9047,8.245328903198242
01909800368,apartment,0,7.6756,8.216191291809082
01910501409,apartment,0,8.844,8.647512435913086
01910503088,apartment,0,8.7285,8.662845611572266
01910505609,apartment,0,8.8468,8.659157752990723
01910514292,apartment,0,8.5621,8.790643692016602
02000202675,apartment,0,8.0376,8.585129737854004
02000202871,apartment,0,8.0376,8.585129737854004
02000203371,apartment,0,8.0376,8.584765434265137
02000305581,apartment,0,8.6667,8.631515502929688
02000306322,apartment,0,8.6173,8.631118774414062
02000307531,apartment,0,8.7026,8.595112800598145
02000308376,apartment,0,8.8334,8.692383766174316
02000309496,apartment,0,8.7437,8.667858123779297
02000310885,apartment,0,8.5614,8.612835884094238
02000310966,apartment,0,8.54,8.603822708129883
02000312187,apartment,0,8.6329,8.611944198608398
02000312977,apartment,0,8.7324,8.672026634216309
02000313922,apartment,0,8.6708,8.637741088867188
02000314325,apartment,0,8.4802,8.676795959472656
02000401392,apartment,0,8.7369,8.585786819458008
02000800750,apartment,0,7.8522,8.24693775177002
02001101414,apartment,0,8.7803,8.636076927185059
02001101759,apartment,0,8.7729,8.675346374511719
02001400128,apartment,0,8.4118,8.586461067199707
02001400829,apartment,0,8.4727,8.626960754394531
02001401711,apartment,0,8.3972,8.595890998840332
02001402236,apartment,0,8.5925,8.61067008972168
02001403526,apartment,0,8.1924,8.61867904663086
02001405898,apartment,0,9.0394,8.878559112548828
02001505132,apartment,0,8.6376,8.594635009765625
02001602774,apartment,0,8.164,8.42261028289795
02001702507,apartment,0,8.1399,8.24537181854248
02001704593,apartment,0,8.0754,8.153095245361328
02002401871,apartment,0,8.9761,8.78762435913086
02003100921,apartment,0,8.6085,8.6267728805542
02004604174,apartment,0,8.626,8.601114273071289
02004701285,apartment,0,8.5366,8.52685832977295
02004701315,apartment,0,8.645,8.5867280960083
02004701846,apartment,0,8.2854,8.45471477508545
02004702494,apartment,0,8.6254,8.390314102172852
02004706775,apartment,0,8.7373,8.694016456604004
02004901063,apartment,0,8.5768,8.614755630493164
02004902604,apartment,0,8.5999,8.594525337219238
02004902779,apartment,0,8.5437,8.647720336914062
02006003739,apartment,0,8.3602,8.297910690307617
02006004522,apartment,0,8.7308,8.287398338317871
02006102631,apartment,0,8.6531,8.254739761352539
02006201638,apartment,0,8.4462,8.272120475769043
02006203037,apartment,0,8.4043,8.403890609741211
02006206222,apartment,0,8.6048,8.256291389465332
02006305786,apartment,0,8.5637,8.472973823547363
02006305883,apartment,0,7.9429,8.278556823730469
02006404377,apartment,0,8.0937,8.30694580078125
02006501526,apartment,0,8.2811,8.285143852233887
02006502573,apartment,0,8.4276,8.282251358032227
02006503855,apartment,0,8.4461,8.43907642364502
02006504703,apartment,0,8.7285,8.263869285583496
02006506951,apartment,0,8.4712,8.324959754943848
02006510800,apartment,0,8.7796,8.49744701385498
02006604147,apartment,0,8.7536,8.610801696777344
02006904541,apartment,0,8.7883,8.420669555664062
02007303949,apartment,0,8.406,8.324929237365723
02007303973,apartment,0,8.4631,8.32491683959961
02007704390,apartment,0,8.9395,8.508034706115723
02007704633,apartment,0,8.5958,8.323772430419922
02007805006,apartment,0,8.673,8.461088180541992
02007904381,apartment,0,8.9393,8.347346305847168
02008004155,apartment,0,8.4381,8.431809425354004
02008004181,apartment,0,8.6631,8.453465461730957
02008004570,apartment,0,8.9652,8.431809425354004
02008901491,apartment,0,8.7692,8.488123893737793
02008903478,apartment,0,8.3331,8.398255348205566
02008905217,apartment,0,8.8953,8.462613105773926
02009102800,apartment,0,8.3143,8.31943416595459
02009401301,apartment,0,8.8183,8.561966896057129
02100603515,apartment,0,8.6875,8.410384178161621
02100605925,apartment,0,8.3837,8.518484115600586
02100702068,apartment,0,8.7139,8.496358871459961
02100705751,apartment,0,8.7096,8.712779998779297
02100717561,apartment,0,8.9336,8.594971656799316
02100719785,apartment,0,8.7998,8.714749336242676
02100901184,apartment,0,8.7008,8.732876777648926
02100902229,apartment,0,8.6107,8.739042282104492
02101601567,apartment,0,8.5172,8.392654418945312
02102104826,apartment,0,8.9787,8.50025463104248
02102105301,apartment,0,8.9445,8.363765716552734
02102202984,apartment,0,8.488,8.22717571258545
02102301532,apartment,0,8.6424,8.610912322998047
02102503860,apartment,0,9.281,8.861322402954102
02102503925,apartment,0,9.477,8.920337677001953
02102503951,apartment,0,9.3981,8.904098510742188
02102601145,apartment,0,9.0227,8.673626899719238
02102604136,apartment,0,9.1828,8.830805778503418
02103502817,apartment,0,8.6146,8.48008918762207
02104001552,apartment,0,8.4143,8.458024024963379
02104202965,apartment,0,9.4545,8.850269317626953
02104802784,apartment,0,8.9711,8.784398078918457
02105001750,apartment,0,9.2793,8.89057445526123
02105400418,apartment,0,9.298,8.826374053955078
02105507743,apartment,0,8.5788,8.603171348571777
02105602339,apartment,0,8.9815,8.657336235046387
02105702147,apartment,0,8.6848,8.3751220703125
02105801552,apartment,0,9.4175,8.819010734558105
02105802982,apartment,0,9.2753,8.896084785461426
02105803024,apartment,0,9.246,8.914722442626953
02106502273,apartment,0,8.4404,8.557045936584473
02106504179,apartment,0,8.7038,8.503304481506348
02106602634,apartment,0,9.0698,8.502045631408691
02106705719,apartment,0,8.6924,8.760563850402832
02106705794,apartment,0,8.8206,8.7463960647583
02106801637,apartment,0,8.5462,8.599041938781738
02106808135,apartment,0,9.5114,8.918451309204102
02107201579,apartment,0,8.9496,8.680902481079102
02107401659,apartment,0,8.7865,8.649582862854004
02107406421,apartment,0,8.5584,8.497315406799316
02108503889,apartment,0,8.8008,8.400609970092773
02109104351,apartment,0,9.0742,8.585301399230957
02109104600,apartment,0,8.7765,8.585301399230957
02109104880,apartment,0,8.61,8.394632339477539
02110201401,apartment,0,8.7675,8.494974136352539
02110404906,apartment,0,8.8099,8.788363456726074
02110406402,apartment,0,9.454,8.95347785949707
02110407050,apartment,0,9.5227,8.95347785949707
02110407077,apartment,0,9.6241,8.961206436157227
02110407727,apartment,0,9.4823,8.971508026123047
02111404578,apartment,0,8.872,8.761009216308594
02200503644,apartment,7,8.9687,8.916141510009766
02200504896,apartment,7,9.1209,8.956631660461426
02200600771,apartment,0,9.0049,8.502758979797363
02200604319,apartment,0,8.9029,8.716381072998047
02200613768,apartment,0,8.947,8.815122604370117
02201400717,apartment,7,8.5454,8.700486183166504
02203102004,apartment,0,8.5713,8.509674072265625
02203202939,apartment,0,9.3945,8.832099914550781
02203300736,apartment,0,8.7971,8.596940994262695
02203400714,apartment,0,8.9435,8.70280933380127
02203700866,apartment,0,8.3894,8.517951965332031
02203700912,apartment,0,8.4929,8.529200553894043
02203702771,apartment,0,8.8845,8.781689643859863
02204101974,apartment,0,8.6261,8.449714660644531
02204402958,apartment,0,8.9792,8.704911231994629
02204500690,apartment,0,8.9145,8.483777046203613
02204601578,apartment,0,8.7838,8.521519660949707
02204801781,apartment,0,8.7208,8.57213306427002
02204804703,apartment,0,9.0086,8.731301307678223
02204904112,apartment,0,9.2982,8.787075996398926
02205102192,apartment,7,8.5222,8.837946891784668
02205200828,apartment,0,8.7855,8.35824203491211
02205204191,apartment,0,9.0141,8.784062385559082
02205205145,apartment,0,8.8036,8.695862770080566
02205301519,apartment,0,8.7248,8.481096267700195
02205603299,apartment,0,8.6244,8.415761947631836
02205700782,apartment,0,8.6185,8.593046188354492
02205702688,apartment,0,8.4985,8.473584175109863
02205804626,apartment,0,8.4437,8.418901443481445
02205901052,apartment,0,8.447,8.524523735046387
02205901249,apartment,0,8.5929,8.596394538879395
02205902717,apartment,0,8.6959,8.485761642456055
02206601168,apartment,0,8.5707,8.531553268432617
02206602741,apartment,0,8.8164,8.510334968566895
02206605341,apartment,0,8.7541,8.691370010375977
02206700999,apartment,0,8.5903,8.568482398986816
02206801043,apartment,0,8.7902,8.53026294708252
02206803259,apartment,0,8.7119,8.482195854187012
02206903334,apartment,0,8.5472,8.383537292480469
02206903717,apartment,0,8.5505,8.363224029541016
02207001504,apartment,0,8.5458,8.680337905883789
02207003191,apartment,0,8.3623,8.39824104309082
02207401121,apartment,0,8.4045,8.476371765136719
02207403459,apartment,0,8.4341,8.527998924255371
02207701522,apartment,0,8.5681,8.552717208862305
02207702057,apartment,0,8.7441,8.585634231567383
02208101162,apartment,0,8.6146,8.536598205566406
02208107322,apartment,0,9.2328,8.818497657775879
02208600932,apartment,0,8.2861,8.397454261779785
02301902587,apartment,7,8.9541,8.93431282043457
02302403551,apartment,7,8.8379,9.010306358337402
02302501527,apartment,7,8.7096,8.821026802062988
02302504925,apartment,7,9.1021,9.041613578796387
02303200415,apartment,7,7.9699,8.613017082214355
02303203007,apartment,7,8.9332,8.927358627319336
02304600794,apartment,7,8.6975,8.570711135864258
02304701851,apartment,7,8.8854,8.846566200256348
02305800673,apartment,7,8.2804,8.525153160095215
02305801254,apartment,7,8.6819,8.764912605285645
02306401217,apartment,7,8.9952,8.855175971984863
02307907491,apartment,7,8.8799,8.801916122436523
02309000949,apartment,7,8.7705,8.848225593566895
02309401587,apartment,7,9.0134,8.907668113708496
02309401625,apartment,7,8.9502,8.91704273223877
02400103569,apartment,7,8.5692,8.727008819580078
02400501068,apartment,7,8.3561,8.439270973205566
02400603251,apartment,7,8.5346,8.441109657287598
02401501673,apartment,7,9.0263,8.584033012390137
02401900500,apartment,7,8.534,8.729132652282715
02402504129,apartment,7,8.645,8.4740629196167
02402508256,apartment,7,8.7957,8.744518280029297
02402602627,apartment,7,8.7511,8.48494815826416
02403803499,apartment,7,9.0335,8.998973846435547
02404004611,apartment,7,8.6968,8.63239574432373
02404005707,apartment,7,8.323,8.762554168701172
02404005715,apartment,7,8.6797,8.747612953186035
02404005790,apartment,7,8.7248,8.770977020263672
02404900544,apartment,7,8.4631,9.030884742736816
02406102386,apartment,7,8.4122,8.767631530761719
02406102963,apartment,7,8.6076,8.800299644470215
02406200671,apartment,7,9.2221,8.939085006713867
02407106113,apartment,7,8.1851,8.767234802246094
02407203569,apartment,7,8.4074,8.76377010345459
02407900928,apartment,7,8.8417,8.698796272277832
02407900952,apartment,7,8.6882,8.698439598083496
02408300541,apartment,7,8.5786,8.51074504852295
02601601353,apartment,9,8.2245,8.333563804626465
02700205431,apartment,9,8.497,8.52202320098877
02700205820,apartment,9,8.4403,8.53266716003418
02700207866,apartment,9,8.2095,8.583772659301758
02701201586,apartment,9,8.3941,8.319662094116211
02701201950,apartment,9,8.4751,8.428019523620605
02702303749,apartment,9,8.7343,8.45486068725586
02702400884,apartment,9,8.5848,8.485264778137207
02702401694,apartment,9,8.4258,8.479377746582031
02702500625,apartment,9,8.8144,8.638128280639648
02702501516,apartment,9,8.8339,8.648902893066406
02702501788,apartment,9,8.8144,8.636280059814453
02702502237,apartment,9,8.6104,8.517167091369629
02702502555,apartment,9,8.8144,8.638128280639648
02702502598,apartment,9,8.8001,8.652335166931152
02703202873,apartment,9,8.5392,8.632461547851562
02703206380,apartment,9,8.4266,8.716426849365234
02703300751,apartment,9,8.5926,8.596210479736328
02703302061,apartment,9,8.5994,8.599751472473145
02705300511,apartment,9,8.294,8.30184555053711
02705700587,apartment,9,8.371,8.19874095916748
02706502207,apartment,9,8.7553,8.541068077087402
02706505893,apartment,9,8.4974,8.494155883789062
02707100749,apartment,9,8.2721,8.154455184936523
02707101613,apartment,9,8.1417,8.151352882385254
02707805750,apartment,9,8.6846,8.679971694946289
02707901407,apartment,9,8.5505,8.397314071655273
02707905542,apartment,9,8.7727,8.533387184143066
02707906018,apartment,9,8.7391,8.550640106201172
02707906891,apartment,9,8.7285,8.535835266113281
02707917419,apartment,9,8.9158,8.6197509765625
02708702823,apartment,9,8.5797,8.32310676574707
02708704291,apartment,9,8.5797,8.334253311157227
02708705253,apartment,9,8.3814,8.347352027893066
02708800353,apartment,9,8.5885,8.359261512756348
02708802674,apartment,9,8.5637,8.352357864379883
02801001430,apartment,9,8.1789,8.050785064697266
02801101885,apartment,9,8.0869,7.9477691650390625
02802404581,apartment,9,8.2821,8.350497245788574
02802901761,apartment,9,7.9418,8.025561332702637
02803707314,apartment,9,8.8302,8.613155364990234
02803803798,apartment,9,8.6638,8.212418556213379
02805100956,apartment,9,8.3737,7.9958038330078125
02805502159,apartment,9,8.6243,8.477335929870605
02805801814,apartment,9,8.6418,8.733461380004883
02806100828,apartment,9,8.3303,8.702032089233398
02806901111,apartment,9,8.7041,8.853126525878906
02806903343,apartment,9,8.6248,8.760429382324219
02806914851,apartment,9,8.4479,8.48920726776123
02806915341,apartment,9,8.55,8.500092506408691
02806915554,apartment,9,8.5598,8.619181632995605
02900205891,apartment,9,8.6934,8.500911712646484
02900207355,apartment,9,8.4722,8.535712242126465
02900401410,apartment,9,8.285,8.226320266723633
02900908299,apartment,9,8.5825,8.768943786621094
02901001300,apartment,9,8.2295,8.21493148803711
02902200821,apartment,9,8.4108,8.161932945251465
02904006060,apartment,9,8.7123,8.47861099243164
02904403108,apartment,9,8.5889,8.607303619384766
02904902937,apartment,9,8.7654,8.467408180236816
02904904301,apartment,9,8.9174,8.496822357177734
02904908919,apartment,9,8.9196,8.61487865447998
02904909001,apartment,9,8.8336,8.633931159973145
02905201649,apartment,9,8.3862,8.585810661315918
03000303731,apartment,9,8.3176,8.195188522338867
03000304411,apartment,9,8.4276,8.24221134185791
03000308172,apartment,9,8.4133,8.607336044311523
03000308571,apartment,9,8.5948,8.557666778564453
03000308865,apartment,9,8.5558,8.584434509277344
03002401447,apartment,9,8.7614,8.725851058959961
03003001361,apartment,9,8.2274,8.217738151550293
03003001833,apartment,9,8.191,8.235881805419922
03005203239,apartment,9,8.0934,8.614795684814453
03005401693,apartment,9,8.4879,8.253243446350098
03006503759,apartment,9,8.7036,8.43842601776123
03006802063,apartment,9,8.9697,8.686738967895508
03008601091,apartment,9,8.7556,8.167033195495605
03010500696,apartment,9,8.4499,8.167366027832031
03010702711,apartment,9,8.6797,8.676094055175781
03011701199,apartment,9,7.8277,8.175971984863281
03011900744,apartment,9,7.8789,8.10332202911377
03012500774,apartment,9,8.3053,8.194906234741211
03012906835,apartment,9,8.4457,8.435215950012207
03100301676,apartment,9,8.8855,8.579876899719238
03101402891,apartment,9,8.9035,8.60744571685791
03102301010,apartment,9,8.9002,8.213120460510254
03107400866,apartment,9,8.0652,8.056821823120117
03108501208,apartment,9,8.5387,8.359782218933105
03109000784,apartment,9,8.3994,8.050537109375
03109001659,apartment,9,8.5957,8.46412467956543
03110202093,apartment,9,8.2808,8.28659725189209
03110800810,apartment,9,8.6785,8.517959594726562
03110803178,apartment,9,9.0634,8.52098560333252
03110804867,apartment,9,8.3829,8.52098560333252
03111005488,apartment,9,8.6507,8.350894927978516
03200201169,apartment,9,8.4746,8.037195205688477
03200801182,apartment,9,8.5033,8.585089683532715
03202001401,apartment,9,8.3432,8.169747352600098
03203301164,apartment,9,8.1571,8.125993728637695
03204301206,apartment,9,8.3453,8.043456077575684
03204400948,apartment,9,8.0228,8.128351211547852
03204601072,apartment,9,8.6533,8.05009651184082
03205001508,apartment,9,8.4306,8.105396270751953
03205201868,apartment,9,8.6934,8.365108489990234
03205501047,apartment,9,8.3751,8.450742721557617
03206200301,apartment,9,8.2751,8.228294372558594
03212701307,apartment,9,8.1683,8.078163146972656
03213502121,apartment,9,8.3377,7.895241737365723
03213505153,apartment,9,8.5598,8.314603805541992
03213602035,apartment,9,7.824,7.879991054534912
03213602493,apartment,9,8.5664,8.415188789367676
03217402839,apartment,9,8.3183,7.991344928741455
03300504430,apartment,0,8.2409,8.378388404846191
03300504635,apartment,0,8.1028,8.398509979248047
03300605911,apartment,0,9.1258,8.916126251220703
03301102298,apartment,0,8.6973,8.411989212036133
03301102891,apartment,0,8.6661,8.415190696716309
03301403761,apartment,0,8.5913,8.703579902648926
03301900429,apartment,0,8.447,8.497440338134766
03303104034,apartment,0,8.6398,8.650236129760742
03303106444,apartment,0,8.2694,8.56593132019043
03303602298,apartment,0,8.1956,8.123930931091309
03303605890,apartment,0,7.667,8.03836727142334
03303702217,apartment,0,8.096,8.379563331604004
03303702810,apartment,0,7.7351,8.30717658996582
03303705240,apartment,0,8.2627,8.235345840454102
03303708436,apartment,0,8.3102,8.26057243347168
03303903107,apartment,0,8.0995,8.240507125854492
03303905711,apartment,0,8.7614,8.699962615966797
03303906122,apartment,0,8.6924,8.691825866699219
03303907145,apartment,0,8.8567,8.691825866699219
03304003886,apartment,0,8.896,8.502640724182129
03304604375,apartment,0,8.1435,8.42090129852295
03304605118,apartment,0,8.1773,8.358896255493164
03304609113,apartment,0,8.3529,8.260751724243164
03304616284,apartment,0,9.1429,8.807862281799316
03304702131,apartment,0,8.0387,8.563636779785156
03304709991,apartment,0,8.9433,8.781166076660156
03305601493,apartment,0,8.2808,8.623366355895996
03305703733,apartment,0,8.5041,8.503722190856934
03305708311,apartment,0,8.5619,8.470244407653809
03305709235,apartment,0,8.5231,8.483505249023438
03305709383,apartment,0,8.6018,8.487614631652832
03306201111,apartment,0,8.8717,8.427675247192383
03306202290,apartment,0,8.7376,8.493983268737793
03400102407,apartment,0,8.8899,8.790384292602539
03400200522,apartment,0,8.1727,8.162680625915527
03400700231,apartment,9,8.6858,8.663150787353516
03400702498,apartment,9,8.8982,8.655926704406738
03402301342,apartment,9,8.7171,8.521985054016113
03403201414,apartment,0,8.2171,8.463329315185547
03403203239,apartment,0,8.3787,8.420527458190918
03403501809,apartment,9,8.5172,8.46312427520752
03403507904,apartment,9,8.4331,8.35788631439209
03403904369,apartment,1,8.4621,8.245292663574219
03404801717,apartment,1,8.1952,8.115943908691406
03405100690,apartment,1,8.4102,8.265532493591309
03405700566,apartment,1,8.7279,8.426929473876953
03405900603,apartment,1,8.4988,8.34888744354248
03405900621,apartment,1,8.6178,8.443178176879883
03406001432,apartment,1,8.5411,8.695362091064453
03406501419,apartment,1,8.3915,8.39393424987793
03407701306,apartment,1,8.6457,8.580556869506836
03407701535,apartment,1,8.6873,8.57907772064209
03408200874,apartment,1,8.1089,8.288105010986328
03408302421,apartment,1,8.7643,8.496798515319824
03500105858,apartment,9,8.4566,8.37390422821045
03500106757,apartment,9,8.4533,8.3955659866333
03500109251,apartment,9,8.7125,8.678803443908691
03500501494,apartment,9,8.6032,8.540047645568848
03500502873,apartment,9,8.6412,8.532031059265137
03500901921,apartment,9,8.7403,8.731213569641113
03504401419,apartment,9,8.1213,8.214223861694336
03504801646,apartment,9,8.2295,8.471474647521973
03507302276,apartment,9,8.8236,8.42888069152832
03508202623,apartment,9,8.8018,8.514176368713379
03508304612,apartment,9,8.3682,8.24270248413086
03508802698,apartment,9,8.5839,8.451360702514648
03508805069,apartment,9,8.5862,8.619109153747559
03509805143,apartment,9,8.5874,8.62894344329834
03509805259,apartment,9,8.489,8.55615520477295
03509805275,apartment,9,8.6042,8.635337829589844
03510303539,apartment,9,8.6316,8.696995735168457
03600504101,apartment,0,9.1362,8.493069648742676
03601100479,apartment,0,9.0401,8.499800682067871
03601300699,apartment,0,8.5811,8.560370445251465
03601300923,apartment,0,8.6553,8.540447235107422
03601301172,apartment,0,8.8273,8.576388359069824
03601301229,apartment,0,8.6192,8.502974510192871
03601901692,apartment,0,8.6949,8.354438781738281
03602202771,apartment,0,8.9678,8.55406665802002
03602203042,apartment,0,8.5653,8.370198249816895
03602203433,apartment,0,8.5172,8.357824325561523
03602701441,apartment,0,8.6863,8.507087707519531
03602703371,apartment,0,8.5942,8.536455154418945
03603001540,apartment,0,8.9319,8.298519134521484
03603102614,apartment,0,9.0768,8.570892333984375
03603105931,apartment,0,9.4531,9.011173248291016
03603106059,apartment,0,9.2213,8.977768898010254
03603700546,apartment,0,9.0525,8.559395790100098
03604001201,apartment,0,8.9172,8.581552505493164
03604503353,apartment,0,8.7769,8.695714950561523
03604504007,apartment,0,8.6975,8.774497032165527
03605800823,apartment,0,9.7098,8.964282035827637
03609401133,apartment,6,9.1672,8.735098838806152
03611706957,apartment,6,9.3225,9.045989990234375
03611707015,apartment,6,9.2753,9.044473648071289
03612801635,apartment,6,8.8187,8.792947769165039
03613802708,apartment,0,9.0975,8.651369094848633
03700500874,apartment,0,8.4391,8.504708290100098
03700501323,apartment,0,8.833,8.504276275634766
03700602170,apartment,0,9.3534,9.134125709533691
03700801645,apartment,0,9.262,8.493483543395996
03700804466,apartment,0,8.4219,8.529735565185547
03700804751,apartment,0,9.1067,8.486088752746582
03701209464,apartment,0,8.1342,8.589876174926758
03701300933,apartment,0,8.5803,8.657235145568848
03701418411,apartment,0,9.1659,8.958332061767578
03701900884,apartment,0,8.1173,8.476088523864746
03701901139,apartment,0,8.7875,8.545048713684082
03702102371,apartment,1,8.3912,8.731560707092285
03702202587,apartment,1,9.0325,8.658352851867676
03702301046,apartment,1,8.0155,8.739364624023438
03702301062,apartment,1,8.5213,8.733787536621094
03702401555,apartment,1,8.63,8.688467025756836
03702401733,apartment,1,8.7841,8.68657398223877
03702405186,apartment,1,8.9353,8.559723854064941
03702602798,apartment,1,8.971,8.966508865356445
03703301600,apartment,1,8.8858,8.625027656555176
03703302690,apartment,1,8.7734,8.541666984558105
03703500591,apartment,1,8.5012,8.566972732543945
03703605057,apartment,1,8.8247,8.76137638092041
03703605960,apartment,1,8.9661,8.792828559875488
03703606398,apartment,1,8.5642,8.668864250183105
03704014516,apartment,1,8.8984,8.892325401306152
03704308900,apartment,1,8.763,8.64896011352539
03704311065,apartment,1,8.9192,8.562227249145508
03704402877,apartment,1,9.0849,8.925772666931152
03704408883,apartment,1,9.1658,8.99748706817627
03704409812,apartment,1,9.3738,8.938804626464844
03705001752,apartment,1,8.7101,8.734375
03705609602,apartment,1,9.6841,9.167254447937012
03706402610,apartment,1,8.7712,8.73040771484375
03707103366,apartment,1,8.6819,8.695268630981445
03707107493,apartment,1,8.8147,8.836055755615234
03707107663,apartment,1,9.064,8.845110893249512
03708100840,apartment,1,8.3442,8.68404483795166
03709100615,apartment,1,9.1291,9.110897064208984
03709302005,apartment,0,8.6881,8.786873817443848
03709800986,apartment,0,8.7623,8.68860912322998
03710302382,apartment,1,8.9872,8.745124816894531
03710304210,apartment,1,8.8318,8.647241592407227
03800104261,apartment,0,9.405,8.72800064086914
03800901528,apartment,0,8.7527,8.622407913208008
03800902672,apartment,0,8.7113,8.67802906036377
03800904020,apartment,0,8.7668,8.567681312561035
03800913690,apartment,0,9.2263,8.978334426879883
03802105291,apartment,0,8.6637,8.53076171875
03802300531,apartment,0,8.4467,8.259971618652344
03802301617,apartment,0,8.7403,8.575407981872559
03802400178,apartment,0,7.8813,8.224007606506348
03802904389,apartment,0,8.9685,8.76368236541748
03802904461,apartment,0,9.1957,8.768184661865234
03803204542,apartment,0,8.7945,8.804505348205566
03803401054,apartment,0,8.2967,8.298969268798828
03803800722,apartment,0,8.9111,8.635680198669434
03804404871,apartment,0,8.6687,8.638529777526855
03804405851,apartment,0,8.6618,8.421106338500977
03804406637,apartment,0,8.7403,8.68885612487793
03804407242,apartment,0,8.633,8.73503589630127
03804407501,apartment,0,8.8164,8.608906745910645
03804407560,apartment,0,8.4995,8.695677757263184
03804407749,apartment,0,8.7072,8.608906745910645
03804418678,apartment,0,8.6651,8.58881664276123
03804425291,apartment,0,8.6442,8.484838485717773
03804437192,apartment,0,9.1397,9.058439254760742
03805303246,apartment,0,8.8919,8.818002700805664
03805501161,apartment,0,8.8079,8.526798248291016
03805904967,apartment,1,8.3155,8.50964641571045
03807206205,apartment,1,9.4371,9.149338722229004
03807303529,apartment,1,9.1751,8.922407150268555
03807304541,apartment,1,9.1119,8.935320854187012
03808200741,apartment,1,8.0761,8.523822784423828
03808401826,apartment,1,9.4452,9.15005874633789
03808503157,apartment,1,9.1483,8.924347877502441
03810300306,apartment,1,8.3774,8.788095474243164
03810701361,apartment,1,8.641,8.66382884979248
03902501332,apartment,1,8.6722,8.613200187683105
03902601027,apartment,1,9.024,8.525882720947266
03902801697,apartment,1,8.1665,8.638660430908203
03904100981,apartment,1,8.7808,8.435757637023926
03907104234,apartment,1,9.1776,8.878037452697754
03907608399,apartment,1,8.9114,8.885766983032227
03907702123,apartment,1,8.2727,8.523693084716797
03907703669,apartment,1,8.5918,8.696309089660645
03907707222,apartment,1,8.8149,9.001623153686523
03907707397,apartment,1,8.85,9.001623153686523
03908003032,apartment,1,8.7959,8.728280067443848
03913700765,apartment,1,8.6995,8.654152870178223
03914501383,apartment,1,8.6758,8.630364418029785
03915803057,apartment,1,8.7898,8.681619644165039
03915809349,apartment,1,8.8823,8.820032119750977
03916300751,apartment,1,8.3294,8.377020835876465
03916301403,apartment,1,8.2009,8.660355567932129
03916402031,apartment,1,8.9959,8.888516426086426
03917100436,apartment,1,8.3305,8.520914077758789
03917102757,apartment,1,8.5313,8.594158172607422
03917700824,apartment,1,8.5952,8.613960266113281
03917801043,apartment,1,8.5546,8.596694946289062
03917801329,apartment,1,8.5172,8.601822853088379
03917802511,apartment,1,8.6624,8.76632308959961
03917902028,apartment,1,8.3653,8.391088485717773
03918101282,apartment,1,8.5564,8.594125747680664
03918602257,apartment,1,8.6433,8.741767883300781
03918700852,apartment,1,8.4635,8.674771308898926
03919100468,apartment,1,8.5093,8.66450309753418
04000200720,apartment,1,8.0846,8.08764362335205
04000202138,apartment,1,8.6248,8.753334999084473
04001101483,apartment,9,8.872,8.560701370239258
04002601153,apartment,9,8.3183,8.055625915527344
04005100341,apartment,1,8.4399,8.233732223510742
04006800991,apartment,1,8.7435,8.496515274047852
04007400857,apartment,1,8.5542,8.286112785339355
04007600521,apartment,1,8.641,8.30839729309082
04008201319,apartment,1,8.294,8.364767074584961
04008201327,apartment,1,8.3586,8.35594367980957
04008203516,apartment,1,8.7322,8.650410652160645
04008600515,apartment,1,8.5954,8.300274848937988
04009201398,apartment,1,8.2782,8.30538558959961
04010700688,apartment,1,8.3946,8.329086303710938
04012001787,apartment,1,8.0135,8.354294776916504
04012201034,apartment,1,8.8199,8.64011001586914
04013000873,apartment,1,8.4086,8.40872859954834
04016101565,apartment,1,8.6319,8.433438301086426
04020002908,apartment,1,8.4654,8.235116004943848
04102902333,apartment,6,8.8597,8.630334854125977
04103402563,apartment,6,9.4222,8.739043235778809
04105802161,apartment,6,8.9906,8.693878173828125
04108002385,apartment,6,9.2506,8.679464340209961
04108600843,apartment,6,8.9672,8.433908462524414
04109100690,apartment,6,8.8162,8.891733169555664
04109500702,apartment,6,8.7081,8.270398139953613
04109500982,apartment,6,8.6022,8.315399169921875
04109704901,apartment,6,9.0504,8.413189888000488
04109707511,apartment,6,9.2698,8.591689109802246
04109803411,apartment,6,8.8499,8.388388633728027
04110201055,apartment,6,8.1679,8.460148811340332
04110303291,apartment,6,9.5009,9.181758880615234
04110304490,apartment,6,9.6327,9.180798530578613
04110403863,apartment,6,9.3029,8.943872451782227
04111202144,apartment,6,9.1486,8.479015350341797
04111505333,apartment,6,9.1036,8.510374069213867
04111600751,apartment,6,8.7189,8.617916107177734
04111601839,apartment,6,9.0859,8.606572151184082
04111704247,apartment,6,9.2503,8.682427406311035
04111801692,apartment,6,9.121,8.809953689575195
04112301960,apartment,6,8.9872,8.54676342010498
04112302320,apartment,6,8.5731,8.420646667480469
04112603770,apartment,6,8.9412,8.956096649169922
04112604777,apartment,6,9.1607,8.989982604980469
04113501300,apartment,6,8.6207,8.413556098937988
04113809771,apartment,6,8.7275,8.401785850524902
04114200940,apartment,6,8.9724,8.514788627624512
04114201769,apartment,6,9.028,8.438704490661621
04115205733,apartment,6,8.745,8.345504760742188
04115206111,apartment,6,8.8164,8.340620994567871
04115901160,apartment,6,8.5435,8.289219856262207
04116201881,apartment,6,8.8077,8.495680809020996
04116203750,apartment,6,9.2994,8.272517204284668
04116203955,apartment,6,9.294,8.416484832763672
04116800503,apartment,6,8.7267,8.322759628295898
04118202778,apartment,6,9.1481,9.002100944519043
04118801353,apartment,6,8.8928,8.374297142028809
04118803305,apartment,6,9.2197,8.72175121307373
04120301095,apartment,6,9.5665,9.083551406860352
04120301826,apartment,6,9.4967,9.086201667785645
04120303561,apartment,6,9.2725,8.809328079223633
04120303616,apartment,6,9.4488,8.809328079223633
04120800733,apartment,6,8.5646,8.340206146240234
04120800792,apartment,6,8.7345,8.347196578979492
04120900924,apartment,6,8.8,8.287442207336426
04120902307,apartment,6,9.2512,8.72374439239502
04122405734,apartment,6,9.3848,9.055088996887207
04122405785,apartment,6,9.4274,9.076077461242676
04122405904,apartment,6,9.3774,9.068309783935547
04123001033,apartment,6,8.4727,8.247013092041016
04123700942,apartment,6,8.9252,8.388879776000977
04123902960,apartment,6,9.3843,8.927569389343262
04123903029,apartment,6,9.4335,8.924090385437012
04123903746,apartment,6,9.4418,8.927569389343262
04125601070,apartment,6,8.9362,8.592872619628906
04127300531,apartment,6,8.8503,8.530317306518555
04128600474,apartment,6,9.2563,8.598444938659668
04129103938,apartment,6,8.2859,8.501866340637207
04200100959,apartment,1,8.6323,8.91208553314209
04201102424,apartment,1,8.898,8.683440208435059
04201307751,apartment,1,9.4582,9.225857734680176
04201701581,apartment,1,8.2918,8.870820999145508
04201900657,apartment,1,8.5733,8.81782054901123
04202301031,apartment,1,8.7375,8.73636531829834
04203400546,apartment,1,8.4727,8.802287101745605
04204000983,apartment,1,8.6553,8.74381160736084
04204501168,apartment,1,8.668,8.974786758422852
04204600921,apartment,1,8.631,9.000001907348633
04205103891,apartment,1,9.027,9.37804126739502
04207300457,apartment,1,8.9453,9.053327560424805
04207701826,apartment,1,8.6873,8.76198959350586
04208401427,apartment,1,8.6169,8.675191879272461
04210703605,apartment,1,8.9665,8.939335823059082
04210801887,apartment,1,8.3816,8.681561470031738
04211201131,apartment,1,9.0225,8.835875511169434
04211503571,apartment,1,8.507,8.681795120239258
04211801511,apartment,1,8.8014,9.086033821105957
04211801643,apartment,1,8.9408,8.946847915649414
04212506254,apartment,1,8.3155,8.819487571716309
04213201325,apartment,1,8.6485,8.758487701416016
04213900975,apartment,1,8.36,8.798726081848145
04214202775,apartment,1,8.7633,8.829689979553223
04214309251,apartment,1,8.9095,9.009105682373047
04214401557,apartment,1,8.5317,8.86366081237793
04216405592,apartment,1,8.5744,8.73490047454834
04218100578,apartment,1,9.0078,8.859281539916992
04218101213,apartment,1,9.0893,9.09075927734375
04218102651,apartment,1,9.1344,9.072053909301758
04218103836,apartment,1,8.8459,9.05809211730957
04218104506,apartment,1,8.7109,8.987358093261719
04218500649,apartment,1,8.4291,8.750386238098145
04219102477,apartment,1,9.0775,9.061914443969727
04219803238,apartment,1,9.1298,9.393214225769043
04300500878,apartment,1,8.8722,8.774313926696777
04300501297,apartment,1,8.8506,8.779909133911133
04300501327,apartment,1,8.8405,8.782286643981934
04300501610,apartment,1,8.8363,8.779133796691895
04300501750,apartment,1,8.8677,8.764810562133789
04300501777,apartment,1,8.8521,8.770788192749023
04300501785,apartment,1,8.8597,8.744638442993164
04300501841,apartment,1,8.7494,8.745418548583984
04300501858,apartment,1,8.7935,8.778538703918457
04300502846,apartment,1,8.8837,8.774313926696777
04301400461,apartment,1,9.1375,8.928572654724121
04301401458,apartment,1,8.8739,8.85464096069336
04303402605,apartment,1,8.5378,8.355778694152832
04303403075,apartment,1,8.3955,8.355778694152832
04305101092,apartment,1,8.9406,8.73739242553711
04305901862,apartment,1,8.5862,8.245953559875488
04306600971,apartment,1,8.294,8.244545936584473
04306601013,apartment,1,8.32,8.248664855957031
04306701761,apartment,1,8.4885,8.663216590881348
04306704963,apartment,1,8.9648,8.866843223571777
04307101006,apartment,1,8.7156,8.659912109375
04308001463,apartment,1,8.8615,8.664068222045898
04308001730,apartment,1,8.7948,8.728957176208496
04308200822,apartment,1,7.9866,8.318140029907227
04308300614,apartment,1,8.5006,8.324475288391113
04308400953,apartment,1,8.6712,8.387186050415039
04309200583,apartment,1,8.3576,8.296379089355469
04309501133,apartment,1,9.2377,9.011680603027344
04309503039,apartment,1,9.3157,8.990757942199707
04309700659,apartment,1,8.2798,8.203463554382324
04310204252,apartment,1,9.0484,8.879267692565918
04310204899,apartment,1,9.0257,8.93712043762207
04310205240,apartment,1,8.8357,8.884166717529297
04310601731,apartment,1,8.8207,8.807171821594238
04310701175,apartment,1,8.6528,8.483119010925293
04310702821,apartment,1,8.7118,8.611750602722168
04310703380,apartment,1,8.6839,8.598258018493652
04310704255,apartment,1,8.7197,8.58874225616455
04311301707,apartment,1,8.7298,8.87654972076416
04311901100,apartment,1,8.3774,8.330656051635742
04315400572,apartment,1,8.2489,8.279522895812988
04315401390,apartment,1,8.6456,8.520800590515137
04315800686,apartment,1,8.5259,8.480630874633789
04317901651,apartment,1,8.2538,8.162294387817383
04320002822,apartment,1,8.7934,8.852011680603027
04320300718,apartment,1,8.7361,8.450970649719238
04320302125,apartment,1,8.6464,8.526362419128418
04320400593,apartment,1,8.5172,8.612483978271484
04320401670,apartment,1,8.5172,8.616278648376465
04320402197,apartment,1,8.5607,8.619083404541016
04320402480,apartment,1,8.5459,8.65005874633789
04402200611,apartment,9,8.6507,8.585869789123535
04402202477,apartment,9,8.7033,8.59710693359375
04404001282,apartment,9,8.7226,8.492467880249023
04404005652,apartment,9,8.7859,8.628644943237305
04404400527,apartment,9,8.5297,8.46688175201416
04404401851,apartment,9,8.8135,8.548290252685547
04407800488,apartment,9,8.561,8.46201229095459
04408700754,apartment,9,8.605,8.484160423278809
04408801305,apartment,9,8.4637,8.58821964263916
04409302183,apartment,9,8.722,8.453392028808594
04409302795,apartment,9,8.4888,8.465216636657715
04413001321,apartment,9,8.6458,8.457913398742676
04501801158,apartment,1,8.7881,8.944705963134766
04503902091,apartment,1,8.2997,8.787243843078613
04504001731,apartment,1,8.8012,8.928621292114258
04506302486,apartment,1,8.8304,8.999759674072266
04506702603,apartment,6,8.4829,8.32378101348877
04507901111,apartment,1,8.538,8.888408660888672
04508403166,apartment,1,8.7248,8.65557861328125
04508801579,apartment,6,8.9102,8.41616153717041
04510402449,apartment,6,8.6954,8.419814109802246
04510601034,apartment,6,9.1127,8.638205528259277
04512001204,apartment,1,8.3223,8.687902450561523
04514001023,apartment,1,8.4952,8.725966453552246
04514101524,apartment,1,8.4833,8.692822456359863
04514106161,apartment,1,8.8088,9.150391578674316
04515900609,apartment,1,8.3915,8.711714744567871
04516602865,apartment,6,8.4386,8.213628768920898
04518202953,apartment,6,8.7915,8.314895629882812
04518401573,apartment,6,8.5317,8.32645320892334
04519804302,apartment,6,8.6462,8.281023025512695
04520100402,apartment,6,8.9105,8.466958999633789
04520100712,apartment,6,8.7351,8.253220558166504
04521400914,apartment,6,8.4085,8.289386749267578
04524001808,apartment,6,8.78,8.231830596923828
04524002200,apartment,6,8.5992,8.314839363098145
04524002596,apartment,6,8.6539,8.322680473327637
04528600390,apartment,1,9.197,9.25709056854248
04529803236,apartment,1,7.9729,8.546158790588379
04600600762,apartment,1,8.1817,8.444852828979492
04601102057,apartment,1,8.5359,8.682738304138184
04602011365,apartment,1,8.5429,8.70875358581543
04602011578,apartment,1,8.4734,8.707301139831543
04602014283,apartment,1,8.7734,8.83737850189209
04602014291,apartment,1,8.7661,8.830711364746094
04602303773,apartment,1,8.7806,9.060178756713867
04602902944,apartment,1,7.9436,8.487117767333984
04602906885,apartment,1,8.284,8.512999534606934
04602907164,apartment,1,7.9503,8.476940155029297
04602912044,apartment,1,8.7518,8.862813949584961
04602912109,apartment,1,8.6372,8.793527603149414
04603001381,apartment,1,8.2596,8.745305061340332
04603002149,apartment,1,8.6473,8.859424591064453
04603002157,apartment,1,8.7347,8.832483291625977
04603303165,apartment,1,8.6759,8.883700370788574
04603400969,apartment,1,8.6066,8.615852355957031
04603501978,apartment,1,8.1807,8.483314514160156
04605801391,apartment,1,8.1391,8.646273612976074
04606000971,apartment,1,8.294,8.69588851928711
04606012341,apartment,1,8.8388,8.991316795349121
04606012846,apartment,1,8.7245,8.971117973327637
04606013184,apartment,1,8.8571,8.977781295776367
04606102195,apartment,1,8.8128,8.943944931030273
04610804468,apartment,1,8.2808,8.651357650756836
04611301931,apartment,1,8.905,8.963932991027832
04611600602,apartment,1,7.8775,8.3829927444458
04615000571,apartment,1,8.4118,8.847801208496094
04615101600,apartment,1,8.406,8.632368087768555
04615200781,apartment,1,8.4118,8.605681419372559
04615901321,apartment,1,8.2192,8.427042961120605
04615902107,apartment,1,8.3536,8.599542617797852
04616500282,apartment,1,8.5664,8.972211837768555
04618500875,apartment,1,8.3484,8.814863204956055
04619102997,apartment,1,7.8168,8.561514854431152
04619104523,apartment,1,8.2109,8.710443496704102
04619701254,apartment,1,8.3813,8.834156036376953
04620204048,apartment,1,8.7494,8.725372314453125
04620701351,apartment,1,8.2643,8.473336219787598
04620702285,apartment,1,8.4925,8.693878173828125
04621800639,apartment,1,8.4326,8.410567283630371
04621803621,apartment,1,8.8504,8.804852485656738
04621804022,apartment,1,8.7508,8.797820091247559
04621903004,apartment,1,8.4805,8.759621620178223
04621904000,apartment,1,8.7723,8.815679550170898
04621904167,apartment,1,9.0944,8.815679550170898
04621905295,apartment,1,8.7372,8.830057144165039
04621905554,apartment,1,8.8398,8.82642650604248
04621905813,apartment,1,8.7725,8.827618598937988
04621905831,apartment,1,9.1537,8.826838493347168
04621905988,apartment,1,8.783,8.830057144165039
04621906305,apartment,1,9.0942,8.830057144165039
04621906321,apartment,1,8.7219,8.830057144165039
04621906569,apartment,1,9.0387,8.830057144165039
04621906631,apartment,1,9.1252,8.831427574157715
04621907115,apartment,1,8.7679,8.831427574157715
04621907239,apartment,1,9.1329,8.830057144165039
04621907506,apartment,1,8.7588,8.831110954284668
04621907549,apartment,1,8.7588,8.831110954284668
04621907727,apartment,1,8.4412,8.865585327148438
04622502313,apartment,1,8.4288,8.774341583251953
04624101219,apartment,1,8.8138,8.844712257385254
04624202554,apartment,1,8.6813,9.01934814453125
04624203348,apartment,1,8.8575,9.04061222076416
04624301171,apartment,1,8.269,8.401623725891113
04700401176,apartment,1,8.6682,8.704925537109375
04701701122,apartment,1,8.1951,8.608172416687012
04701702943,apartment,1,8.6849,8.692204475402832
04701802239,apartment,1,8.2351,8.67363452911377
04701805998,apartment,1,8.6277,9.062141418457031
04703102331,apartment,1,8.6885,8.738085746765137
04703502194,apartment,1,8.5972,8.832290649414062
04703601265,apartment,1,8.3766,8.616415977478027
04703603039,apartment,1,8.4882,8.614699363708496
04703603683,apartment,1,8.2013,8.592562675476074
04703803747,apartment,1,8.5265,8.842743873596191
04704002535,apartment,1,7.8604,8.627861022949219
04705001885,apartment,1,8.24,8.706727981567383
04705005821,apartment,1,8.8231,8.998027801513672
04705006194,apartment,1,8.7891,8.986088752746582
04705501969,apartment,1,8.903,9.022507667541504
04705801873,apartment,1,8.3827,8.551193237304688
04705902920,apartment,1,8.8866,8.789539337158203
04706100836,apartment,1,8.7571,8.908707618713379
04706101050,apartment,1,8.8006,8.905414581298828
04706601908,apartment,1,8.5523,8.938158988952637
04707702279,apartment,1,8.4844,8.644037246704102
04707702880,apartment,1,8.2901,8.592693328857422
04708006128,apartment,1,8.8841,8.896329879760742
04708601328,apartment,1,8.6467,8.932822227478027
04708601492,apartment,1,8.3432,8.91383171081543
04709707588,apartment,1,8.71,8.730559349060059
04710301123,apartment,1,8.4607,8.610573768615723
04710301522,apartment,1,8.3822,8.538442611694336
04710407134,apartment,1,8.7612,8.849933624267578
04710508240,apartment,1,8.46,8.543054580688477
04710508615,apartment,1,8.5887,8.556170463562012
04710701172,apartment,1,8.4556,8.830048561096191
04715901439,apartment,1,8.3103,8.45340633392334
04716000974,apartment,1,8.1654,8.350271224975586
04716003248,apartment,1,8.8467,8.777946472167969
04716101381,apartment,1,8.4239,8.512118339538574
04716201511,apartment,1,8.9685,8.766777038574219
04716601706,apartment,1,8.3837,8.320783615112305
04716800334,apartment,1,8.6125,8.670056343078613
04716800687,apartment,1,8.3994,8.675629615783691
04717003179,apartment,1,8.2275,8.618470191955566
04717302710,apartment,1,8.5797,8.43526840209961
04717407733,apartment,1,8.8109,8.798112869262695
04719301614,apartment,1,8.3054,8.196292877197266
04719402951,apartment,1,8.4431,8.406922340393066
04719500900,apartment,1,8.1763,8.291888236999512
04719600972,apartment,1,8.0758,8.258644104003906
04719604056,apartment,1,8.6689,8.604944229125977
04719604692,apartment,1,8.607,8.605475425720215
04720201814,apartment,1,7.977,8.183453559875488
04720203833,apartment,1,9.0269,8.949609756469727
04720204287,apartment,1,8.8585,8.639841079711914
04720204635,apartment,1,8.8544,8.92938232421875
04720301630,apartment,1,8.3853,8.277271270751953
04720301851,apartment,1,8.5172,8.630167961120605
04720306527,apartment,1,8.5756,8.209546089172363
04720401201,apartment,1,8.408,8.31806755065918
04720502121,apartment,1,8.2423,8.240222930908203
04720803229,apartment,1,8.4335,8.459297180175781
04720803369,apartment,1,8.6248,8.453862190246582
04721302169,apartment,1,8.3741,8.563592910766602
04721901178,apartment,1,8.4239,8.636007308959961
04721901208,apartment,1,8.4664,8.635468482971191
04722002411,apartment,1,8.2962,8.382671356201172
04722002479,apartment,1,8.2777,8.396563529968262
04722002711,apartment,1,8.2668,8.497469902038574
04724000937,apartment,1,8.3536,8.533178329467773
04726400517,apartment,1,8.4402,8.595132827758789
04726401416,apartment,1,8.7786,8.98769474029541
04727805448,apartment,1,8.2079,8.477466583251953
04727901056,apartment,1,8.2548,8.616453170776367
04728507361,apartment,1,8.0525,8.58438777923584
04728509729,apartment,1,8.9072,9.016146659851074
04803701903,apartment,1,8.3669,8.693489074707031
04805903457,apartment,1,8.6096,8.533371925354004
04810009726,apartment,1,8.0505,8.377924919128418
04812300525,apartment,1,8.1926,8.515426635742188
04812402506,apartment,1,8.2769,8.602545738220215
04824803667,apartment,1,8.3385,8.316564559936523
04827801320,apartment,1,7.8512,8.595149993896484
04841200479,apartment,1,8.1987,8.382863998413086
04843100641,apartment,1,8.4931,8.359365463256836
04900601292,apartment,1,8.1569,8.223502159118652
04900603821,apartment,1,8.6578,8.508211135864258
04901000578,apartment,1,8.2792,8.185044288635254
04901000632,apartment,1,8.4144,8.142685890197754
04904800923,apartment,1,7.9442,8.222543716430664
04905202892,apartment,1,8.4737,8.537505149841309
04905203228,apartment,1,8.4047,8.532649040222168
04905203783,apartment,1,8.569,8.537505149841309
04906003540,apartment,1,8.1481,8.618398666381836
04906005543,apartment,1,8.3425,8.639774322509766
04906600816,apartment,1,8.9872,8.561546325683594
04906601375,apartment,1,8.7403,8.555898666381836
04906701124,apartment,1,8.055,8.20346450805664
04906801927,apartment,1,8.5103,8.54172134399414
04907900589,apartment,1,8.3868,8.522302627563477
04909406026,apartment,1,7.835,8.594088554382324
04910201629,apartment,1,8.0268,8.153308868408203
04910700811,apartment,1,8.1238,8.620141983032227
04911503270,apartment,1,8.3007,8.521291732788086
04911503416,apartment,1,8.1356,8.557622909545898
04911503912,apartment,1,8.4157,8.562209129333496
04911901985,apartment,1,8.6148,8.534638404846191
04912105619,apartment,1,8.5451,8.527705192565918
04912107549,apartment,1,8.4981,8.525716781616211
04912200425,apartment,1,8.1117,8.23083209991455
04914310317,apartment,1,8.2468,8.254955291748047
04914311631,apartment,1,8.0208,8.257537841796875
04914313881,apartment,1,8.1225,8.254149436950684
04914328372,apartment,1,7.9866,8.259248733520508
04914331063,apartment,1,8.2253,8.30521297454834
04914337614,apartment,1,8.3986,8.55380916595459
04914501945,apartment,1,8.6965,8.523528099060059
04914502739,apartment,1,8.7096,8.542409896850586
04915200841,apartment,1,7.7475,8.276666641235352
04919703041,apartment,1,8.1964,8.392582893371582
04919705107,apartment,1,8.2199,8.563833236694336
04919705972,apartment,1,8.1751,8.564080238342285
04919803958,apartment,1,8.7469,8.501700401306152
04920401124,apartment,1,8.0217,8.32898998260498
04922201882,apartment,1,8.565,8.570833206176758
04922900871,apartment,1,8.476,8.515874862670898
04926501406,apartment,1,8.2714,8.508593559265137
04926502240,apartment,1,8.238,8.513456344604492
04928606124,apartment,1,8.3715,8.820075035095215
04928612736,apartment,1,8.6638,8.902050018310547
04942100569,apartment,1,8.2808,8.210071563720703
04945401144,apartment,1,8.2137,8.579562187194824
04946600851,apartment,1,8.1385,8.07471752166748
04946603212,apartment,1,7.9619,8.118106842041016
04948100668,apartment,1,7.5844,7.821871280670166
04948100897,apartment,1,7.6193,7.89868688583374
05000801512,apartment,1,8.7343,8.50111198425293
05001302153,apartment,1,8.4877,8.627788543701172
05001303982,apartment,1,8.4417,8.62039852142334
05001304636,apartment,1,8.5575,8.56155014038086
05002402283,apartment,1,8.6583,8.329075813293457
05007201375,apartment,1,8.3119,8.185959815979004
05007202118,apartment,1,8.7113,8.400378227233887
05007202185,apartment,1,8.7308,8.401274681091309
05007203361,apartment,1,8.3165,8.366703987121582
05009200945,apartment,1,8.3124,8.257306098937988
05012100182,apartment,1,8.4154,8.484339714050293
05012101308,apartment,1,8.3413,8.485710144042969
05013601479,apartment,1,8.392,8.112457275390625
05013900591,apartment,1,8.0856,8.353479385375977
05013901936,apartment,1,8.4631,8.642755508422852
05015402368,apartment,1,8.2771,8.554746627807617
05015403356,apartment,1,8.2334,8.555121421813965
05016403295,apartment,1,8.5862,8.713860511779785
05016404305,apartment,1,8.6971,8.711531639099121
05016602476,apartment,1,8.3615,8.58724308013916
05021902301,apartment,1,7.9749,8.299595832824707
05022205416,apartment,1,8.6498,8.3925142288208
05023802140,apartment,1,8.387,8.266443252563477
05023807568,apartment,1,8.3473,8.501821517944336
05023808769,apartment,1,8.3324,8.50814151763916
05023809358,apartment,1,8.183,8.287229537963867
05023812103,apartment,1,7.9911,8.294111251831055
05023814386,apartment,1,8.2659,8.512920379638672
05023815137,apartment,1,8.3059,8.508695602416992
05023816729,apartment,1,7.9184,8.520308494567871
05100906881,apartment,9,8.6246,8.305286407470703
05101100404,apartment,9,8.6495,8.240279197692871
05101705322,apartment,9,8.5603,8.261658668518066
05101708356,apartment,9,7.769,8.327693939208984
05102302698,apartment,9,8.8226,8.541971206665039
05103702940,apartment,9,8.209,8.40800666809082
05103703424,apartment,9,8.1128,8.42835807800293
05104603369,apartment,9,8.1729,8.20643138885498
05106101255,apartment,9,8.534,8.294149398803711
05106102464,apartment,9,8.37,8.234335899353027
05106300479,apartment,9,7.9866,7.8870086669921875
05106501245,apartment,9,8.1668,7.955504417419434
05108900783,apartment,9,8.0878,8.268678665161133
05115503700,apartment,9,8.746,8.51544189453125
05117300701,apartment,9,8.5885,8.469183921813965
05117300718,apartment,9,8.6006,8.469550132751465
05125701602,apartment,9,7.9212,8.012737274169922
05125901202,apartment,9,7.9434,8.224621772766113
05126000462,apartment,9,8.2978,8.208380699157715
05126100912,apartment,9,8.1358,8.050045013427734
05126205129,apartment,9,8.3994,8.021886825561523
05126205331,apartment,9,8.6763,8.39998722076416
05126205803,apartment,9,8.9692,8.569314956665039
05126206214,apartment,9,8.8998,8.56064510345459
05126800248,apartment,9,8.5774,8.087967872619629
05130602196,apartment,9,8.2659,8.355186462402344
05130605993,apartment,9,8.3712,8.359391212463379
05130610385,apartment,9,8.2816,8.35755443572998
05130617134,apartment,9,8.2329,8.365766525268555
05130620135,apartment,9,8.4978,8.368974685668945
05130620380,apartment,9,8.478,8.368974685668945
05130622367,apartment,9,8.5869,8.358855247497559
05130622545,apartment,9,8.4219,8.376300811767578
05131500990,apartment,9,8.7628,8.541632652282715
05131701473,apartment,9,8.381,8.469881057739258
05131701971,apartment,9,8.3383,8.37202262878418
05133805950,apartment,9,8.2749,8.12668514251709
05134102384,apartment,9,8.6785,8.131278038024902
05134102661,apartment,9,8.5684,8.148921012878418
05200204313,apartment,9,8.7615,8.380675315856934
05201200941,apartment,9,8.4034,8.18023681640625
05202401590,apartment,9,8.087,7.9896464347839355
05202901542,apartment,9,8.3328,8.046778678894043
05203200841,apartment,9,8.5952,8.276727676391602
05203302431,apartment,9,8.1951,8.33939266204834
05203602441,apartment,9,8.566,8.447626113891602
05204801227,apartment,9,8.8571,8.389263153076172
05205401427,apartment,9,8.2124,8.138984680175781
05205601213,apartment,9,8.3728,8.39494514465332
05205802456,apartment,9,8.643,8.529295921325684
05206100862,apartment,9,8.3205,8.266186714172363
05206600903,apartment,9,8.0997,8.070929527282715
05208114461,apartment,9,8.8049,8.586756706237793
05208201062,apartment,9,7.9849,8.072803497314453
05209002632,apartment,9,8.4267,8.411563873291016
05209002667,apartment,9,8.3563,8.40366268157959
05209201813,apartment,9,8.646,8.686233520507812
05209205452,apartment,9,8.7424,8.380434036254883
05210601781,apartment,9,7.9875,8.106027603149414
05211900413,apartment,9,7.9303,8.079405784606934
05211901282,apartment,9,8.7243,8.323577880859375
05215800731,apartment,9,8.635,8.608482360839844
05223004000,apartment,9,8.566,8.63969898223877
05223005481,apartment,9,8.5511,8.663923263549805
05224604060,apartment,9,8.7275,8.462994575500488
05224604133,apartment,9,8.7323,8.457398414611816
05302202506,apartment,9,8.372,8.705936431884766
05303303101,apartment,3,8.5086,8.646355628967285
05303305491,apartment,3,8.4219,8.610674858093262
05328900839,apartment,3,8.7465,8.615285873413086
05333904456,apartment,9,8.5698,8.47264575958252
05400500765,apartment,9,8.2714,8.146928787231445
05401601591,apartment,9,8.3139,8.154766082763672
05401803605,apartment,9,8.612,8.471870422363281
05402906378,apartment,9,8.7029,8.531229019165039
05404201568,apartment,9,8.6972,8.234006881713867
05404907207,apartment,9,8.5778,8.493592262268066
05405101907,apartment,9,8.294,8.366369247436523
05405203270,apartment,9,8.7916,8.500937461853027
05407301385,apartment,9,8.6166,8.438891410827637
05407301644,apartment,9,8.0546,8.500227928161621
05407301717,apartment,9,8.6432,8.427596092224121
05410602498,apartment,9,8.8474,8.369589805603027
05410602668,apartment,9,8.7139,8.359943389892578
05411312892,apartment,9,8.8796,8.286763191223145
05411401674,apartment,9,8.5839,8.404629707336426
05411503760,apartment,9,8.6961,8.497424125671387
05412201431,apartment,9,8.4295,8.029192924499512
05412503411,apartment,9,8.98,8.71724796295166
05412601121,apartment,9,8.0247,8.015021324157715
05412601510,apartment,9,8.3404,8.045807838439941
05414001677,apartment,9,8.4374,8.15526294708252
05414400921,apartment,9,7.7266,8.043071746826172
05415804188,apartment,9,8.8004,8.142617225646973
05416400501,apartment,3,8.5952,8.793744087219238
05417702722,apartment,9,8.6192,8.703015327453613
05419901218,apartment,9,7.5213,7.995028495788574
05420001705,apartment,9,8.9453,8.569794654846191
05420806304,apartment,9,8.6858,8.56633186340332
05423601487,apartment,9,8.8075,8.471552848815918
05501400839,apartment,3,8.7072,8.726840019226074
05501900629,apartment,3,8.6398,8.582056999206543
05504401305,apartment,3,7.9782,8.009696960449219
05505100880,apartment,3,7.9335,8.11540699005127
05509201630,apartment,3,8.9128,8.572698593139648
05509201975,apartment,3,8.9362,8.541478157043457
05512500430,apartment,3,8.2463,8.141973495483398
05512501828,apartment,3,8.3349,8.22976016998291
05512503839,apartment,3,8.3897,8.219186782836914
05518201486,apartment,3,8.1706,8.55275821685791
05519701245,apartment,3,8.5172,8.616415023803711
05519901015,apartment,3,8.3716,8.624727249145508
05520103445,apartment,3,8.3205,8.571885108947754
05520601003,apartment,9,8.8043,8.392020225524902
05525801371,apartment,3,8.2126,7.986583709716797
05527102398,apartment,3,8.3497,8.563986778259277
05537300885,apartment,3,8.0341,8.211905479431152
05538001105,apartment,3,8.3774,8.440011978149414
05604003751,apartment,3,8.3243,8.478484153747559
05605101080,apartment,3,8.2212,8.382271766662598
05605103474,apartment,3,8.2889,8.374868392944336
05606800713,apartment,9,8.4584,8.4732084274292
05606802937,apartment,9,8.5913,8.545942306518555
05607905195,apartment,3,8.7881,8.68764591217041
05609001676,apartment,3,8.6288,8.466707229614258
05609001781,apartment,3,8.6552,8.524981498718262
05609002451,apartment,3,8.5778,8.466707229614258
05609002532,apartment,3,8.6627,8.458123207092285
05609004330,apartment,3,8.6467,8.508588790893555
05609004438,apartment,3,8.5356,8.509206771850586
05609804019,apartment,9,8.3578,8.518108367919922
05609804299,apartment,9,8.3862,8.518108367919922
05609805724,apartment,9,8.3961,8.527812004089355
05609813379,apartment,9,8.7536,8.62769603729248
05611403174,apartment,3,8.2903,8.132845878601074
05612305532,apartment,9,8.8961,8.609570503234863
05614800352,apartment,9,8.2346,8.327847480773926
05615201436,apartment,9,8.4188,8.23094654083252
05616402222,apartment,9,8.0962,7.958412170410156
05617300660,apartment,3,8.5374,8.478802680969238
05617501003,apartment,9,8.1578,8.008843421936035
05617703943,apartment,3,8.3075,8.438922882080078
05617704540,apartment,3,8.3326,8.420059204101562
05619901531,apartment,3,8.9497,8.588948249816895
05620603806,apartment,3,8.3933,8.190006256103516
05620606104,apartment,3,8.311,8.191644668579102
05621600721,apartment,9,8.3423,8.537813186645508
05623802761,apartment,3,8.4431,8.464856147766113
05700201208,apartment,3,8.3413,8.510514259338379
05700701294,apartment,3,8.7068,8.33085823059082
05700701529,apartment,3,8.6115,8.33085823059082
05700703971,apartment,3,8.5172,8.41906452178955
05700704196,apartment,3,8.4764,8.47022533416748
05700704226,apartment,3,8.5817,8.44291877746582
05700704641,apartment,3,8.5172,8.438753128051758
05700705427,apartment,3,8.2752,8.385676383972168
05700706032,apartment,3,8.8049,8.505387306213379
05700706733,apartment,3,8.9394,8.487629890441895
05700707111,apartment,3,9.028,8.531306266784668
05701702170,apartment,3,8.7675,8.439833641052246
05702002776,apartment,3,8.686,8.721565246582031
05702201698,apartment,3,8.7201,8.742637634277344
05702203003,apartment,3,8.8888,8.737125396728516
05702301056,apartment,3,8.6638,8.485917091369629
05704801137,apartment,3,7.9817,8.041805267333984
05704902308,apartment,3,8.3265,8.003579139709473
05708501278,apartment,3,8.2481,8.439658164978027
05724301210,apartment,3,8.316,8.141310691833496
05724900629,apartment,3,8.1577,8.172743797302246
05726601254,apartment,3,8.2199,8.470845222473145
05728900372,apartment,3,8.1377,8.460320472717285
05800601194,apartment,3,7.6669,8.017217636108398
05800601283,apartment,3,8.0508,8.024576187133789
05800800936,apartment,3,8.2338,8.120878219604492
05801601392,apartment,3,8.1837,8.361628532409668
05801901035,apartment,3,8.5913,8.488863945007324
05802601396,apartment,3,8.4285,8.554143905639648
05802602791,apartment,3,8.4678,8.49704647064209
05804401734,apartment,3,8.2563,8.081684112548828
05804402481,apartment,3,8.2673,8.418009757995605
05805101130,apartment,3,8.6148,8.694585800170898
05805600625,apartment,3,8.4839,8.54372787475586
05805600651,apartment,3,8.4494,8.551656723022461
05806101495,apartment,3,8.4293,8.291913986206055
05807500482,apartment,3,8.6424,8.496782302856445
05808301521,apartment,3,8.5352,8.551836013793945
05809501648,apartment,3,8.0709,8.154991149902344
05809900941,apartment,3,8.1325,8.049837112426758
05810301010,apartment,3,8.129,8.124396324157715
05810302874,apartment,3,8.2653,8.438546180725098
05815802141,apartment,3,8.6082,8.449349403381348
05815804770,apartment,3,8.665,8.518383979797363
05815805696,apartment,3,8.5499,8.519610404968262
05815808741,apartment,3,8.8239,8.628410339355469
05816101544,apartment,3,7.9706,8.56732177734375
05816401025,apartment,3,8.4317,8.42542552947998
05818901696,apartment,3,8.4882,8.574713706970215
05819601017,apartment,3,8.4616,8.502945899963379
05821900557,apartment,3,8.342,8.523354530334473
05821900654,apartment,3,8.3385,8.551648139953613
05822700772,apartment,3,8.0472,8.49695110321045
05902904412,apartment,3,8.6507,8.411858558654785
05903601073,apartment,3,7.8937,8.043033599853516
05904100973,apartment,3,8.0221,8.15878963470459
05904902727,apartment,3,8.4519,8.198137283325195
05905204713,apartment,3,8.2465,8.180174827575684
05905205434,apartment,3,8.3133,8.203800201416016
05906302565,apartment,3,8.4254,8.485340118408203
05907704411,apartment,3,8.0766,8.406683921813965
05911001314,apartment,3,8.5791,8.558741569519043
05912001271,apartment,3,8.2149,8.376653671264648
05916501171,apartment,3,8.7355,8.557782173156738
05916501579,apartment,3,8.7362,8.56733512878418
05922401319,apartment,3,8.3439,8.360474586486816
05923101904,apartment,3,8.3252,8.278070449829102
05923104652,apartment,3,8.2836,8.270879745483398
05927703143,apartment,3,8.397,8.455682754516602
06003405066,apartment,3,8.1007,8.197271347045898
06004500585,apartment,3,7.9503,7.909839630126953
06006001462,apartment,3,8.1124,8.29454231262207
06006001608,apartment,3,8.0766,8.29454231262207
06006001640,apartment,3,8.0178,8.298229217529297
06006001659,apartment,3,8.1117,8.29106616973877
06008801741,apartment,3,8.294,8.263298988342285
06008801903,apartment,3,8.388,8.265396118164062
06020003302,apartment,3,7.4757,7.99387264251709
06024206305,apartment,3,8.3413,8.265070915222168
06026001506,apartment,3,8.0472,8.000272750854492
06029905341,apartment,3,8.3516,7.966287136077881
06029909703,apartment,3,8.2795,8.200410842895508
06032800547,apartment,3,7.8545,8.015701293945312
06100101254,apartment,3,8.101,8.038784980773926
06103201756,apartment,3,8.1117,8.327493667602539
06103602890,apartment,3,8.0934,8.494013786315918
06103803098,apartment,3,8.0555,8.100217819213867
06107801057,apartment,3,8.0882,8.225587844848633
06109502332,apartment,3,8.503,8.368929862976074
06110301205,apartment,3,8.435,8.27487850189209
06111702319,apartment,3,8.5322,8.402803421020508
06114803973,apartment,3,8.3007,8.368353843688965
06115606357,apartment,3,8.6732,8.29698657989502
06116000479,apartment,3,8.2667,8.036599159240723
06202501881,apartment,9,8.6847,8.3484525680542
06202502312,apartment,9,8.5836,8.341971397399902
06203200417,apartment,9,8.2019,8.180782318115234
06204302310,apartment,9,8.5076,8.5678129196167
06206107681,apartment,9,7.9804,8.208672523498535
06206110168,apartment,9,8.2267,8.172435760498047
06206111288,apartment,9,7.9795,8.30159854888916
06206111733,apartment,9,7.9825,8.268445014953613
06206113833,apartment,9,8.3441,8.526144027709961
06206121631,apartment,9,8.534,8.621987342834473
06206126994,apartment,9,8.2553,8.618393898010254
06208007364,apartment,9,8.8524,8.649913787841797
06208007712,apartment,9,8.6876,8.647675514221191
06208014115,apartment,9,8.7371,8.639861106872559
06208014123,apartment,9,8.7606,8.638946533203125
06210517196,apartment,9,9.1334,8.627366065979004
06211400985,apartment,9,8.1413,8.020720481872559
06211602413,apartment,9,8.3822,8.291021347045898
06211603827,apartment,9,8.6446,8.54825496673584
06211801742,apartment,9,8.6378,8.572663307189941
06211803176,apartment,9,8.535,8.567636489868164
06212001014,apartment,9,8.0796,8.144383430480957
06212102031,apartment,9,8.507,8.233776092529297
06212204225,apartment,9,8.8251,8.659093856811523
06212300501,apartment,9,8.9833,8.653777122497559
06212605361,apartment,9,8.534,8.5685453414917
06212605890,apartment,9,8.3019,8.627800941467285
06212606455,apartment,9,8.6443,8.561517715454102
06217204691,apartment,9,8.5495,8.504377365112305
06219002202,apartment,9,8.1759,8.212701797485352
06219201671,apartment,9,8.3198,8.467121124267578
06221001889,apartment,9,8.7614,8.53995132446289
06221203821,apartment,9,8.1435,8.1569185256958
06224202613,apartment,9,8.7685,8.645380020141602
06224204349,apartment,9,8.8061,8.804182052612305
06224404747,apartment,3,8.6284,8.295295715332031
06224405621,apartment,3,8.6148,8.188959121704102
06224405727,apartment,3,8.392,8.289966583251953
06224405751,apartment,3,8.6671,8.272415161132812
06224409129,apartment,3,8.0218,8.151138305664062
06224415315,apartment,3,8.1213,8.181811332702637
06224415358,apartment,3,8.2431,8.127636909484863
06224417350,apartment,3,7.9844,8.106316566467285
06224421587,apartment,3,8.2727,8.183086395263672
06224422516,apartment,3,8.1006,8.183838844299316
06302500370,apartment,9,8.1987,7.99407434463501
06307001666,apartment,9,8.2548,8.443145751953125
06307001674,apartment,9,8.3618,8.43655776977539
06307703857,apartment,9,8.3576,8.353906631469727
06307704292,apartment,9,8.3183,8.349896430969238
06307707828,apartment,9,8.2199,8.280267715454102
06307708158,apartment,9,8.294,8.315474510192871
06307708336,apartment,9,8.2683,8.3466157913208
06307709170,apartment,9,8.2365,8.266829490661621
06308702021,apartment,9,8.1468,8.386000633239746
06308702765,apartment,9,8.2295,8.403459548950195
06310202448,apartment,9,8.3261,8.408016204833984
06310901966,apartment,9,8.1043,8.470582962036133
06410903316,apartment,4,8.294,8.518101692199707
06417402681,apartment,9,8.2567,8.522644996643066
06422301618,apartment,4,8.7529,8.477291107177734
06422401957,apartment,4,8.2217,8.408892631530762
06503200757,apartment,4,7.9514,8.144654273986816
06510000792,apartment,4,8.7403,8.569724082946777
06510502488,apartment,4,8.4912,8.455510139465332
06510502704,apartment,4,8.5172,8.455510139465332
06510504456,apartment,4,8.7725,8.409152030944824
06512200721,apartment,4,8.2182,8.330517768859863
06512200756,apartment,4,8.6237,8.339427947998047
06609402851,apartment,4,8.323,8.36730670928955
06609403600,apartment,4,8.2059,8.249422073364258
06612703628,apartment,4,8.5288,8.184922218322754
06615301679,apartment,4,8.3888,8.227767944335938
06629400631,apartment,4,8.5027,8.306177139282227
06629400641,apartment,4,8.6507,8.315853118896484
06663103008,apartment,4,8.3517,8.077786445617676
06663200305,apartment,4,8.3688,8.09755802154541
06706102040,apartment,4,8.4991,8.169611930847168
06713400841,apartment,4,8.6059,8.209362030029297
06715303096,apartment,4,8.4024,8.306478500366211
06716901701,apartment,4,8.3547,8.267816543579102
06716902392,apartment,4,8.3115,8.40047836303711
06718206466,apartment,4,8.0879,8.209174156188965
06718206997,apartment,4,8.0997,8.221735954284668
06718401821,apartment,4,8.5001,8.378437995910645
06718601845,apartment,4,8.2035,8.159021377563477
06718604852,apartment,4,8.8049,8.361234664916992
06718607835,apartment,4,8.3913,8.33896541595459
06719101048,apartment,4,8.0905,8.083025932312012
06719101323,apartment,4,8.0905,8.08125114440918
06721401071,apartment,4,8.3593,8.090688705444336
06722408779,apartment,4,8.7767,8.417232513427734
06722601935,apartment,4,7.6557,7.995983600616455
06722702839,apartment,4,8.7536,8.583984375
06724701171,apartment,4,8.6392,8.629631996154785
06725400485,apartment,4,8.0943,8.066216468811035
06726201206,apartment,4,8.0098,8.039997100830078
06726803591,apartment,4,8.609,8.49463176727295
06727800332,apartment,4,8.6744,8.572779655456543
06728001409,apartment,4,8.4717,8.224649429321289
06728004629,apartment,4,8.4244,8.264494895935059
06734700909,apartment,4,8.4171,8.376450538635254
06735200500,apartment,4,8.0038,8.089472770690918
06738301537,apartment,4,8.4547,8.401702880859375
06738502672,apartment,4,8.0331,8.111966133117676
06747500512,apartment,4,8.0375,7.992558479309082
06800802891,apartment,4,8.8634,8.62038803100586
06801100866,apartment,4,8.1622,8.159193992614746
06801101331,apartment,4,8.342,8.455971717834473
06801504037,apartment,4,8.6924,8.572981834411621
06802301105,apartment,4,8.5042,8.72524356842041
06802701154,apartment,4,8.5172,8.61856460571289
06802701162,apartment,4,8.478,8.604388236999512
06802701197,apartment,4,8.5172,8.61856460571289
06802701219,apartment,4,8.478,8.604388236999512
06803501035,apartment,4,8.5905,8.418257713317871
06803800970,apartment,4,7.8584,8.05286693572998
06803905357,apartment,4,8.5949,8.546285629272461
06804002237,apartment,4,8.6995,8.67525863647461
06804100549,apartment,4,8.5043,8.438028335571289
06804100948,apartment,4,8.5045,8.449247360229492
06804104366,apartment,4,8.9227,8.54506778717041
06809501061,apartment,4,8.5024,8.132740020751953
06809601260,apartment,4,8.5473,8.445907592773438
06816201401,apartment,4,8.6006,8.66845989227295
06816600894,apartment,4,8.6484,8.363593101501465
06816800796,apartment,4,8.5805,8.58637809753418
06819400861,apartment,4,7.502,8.104781150817871
06823000538,apartment,4,8.0577,8.298233032226562
06837100971,apartment,4,8.3664,8.296555519104004
06837101056,apartment,4,8.3907,8.30672836303711
06843200664,apartment,4,8.6197,8.58213996887207
06843200699,apartment,4,8.7796,8.58213996887207
06843401058,apartment,4,8.5994,8.738327980041504
06844201052,apartment,4,8.4151,8.298105239868164
06845001121,apartment,4,8.3459,8.280025482177734
06850701126,apartment,4,8.1918,8.464668273925781
06900601170,apartment,4,8.7968,8.763760566711426
06901702124,apartment,4,8.107,8.15795612335205
06903300945,apartment,4,8.4547,8.252959251403809
06904901101,apartment,4,8.3647,8.191489219665527
06905900508,apartment,4,8.3853,8.141790390014648
06905902012,apartment,4,8.2594,8.186354637145996
06906501089,apartment,4,7.9771,8.151981353759766
06907101671,apartment,4,8.2295,8.170012474060059
06907804263,apartment,4,8.6713,8.435378074645996
06907804549,apartment,4,8.6835,8.442758560180664
06908201181,apartment,4,9.2883,8.639203071594238
06909501233,apartment,4,8.1448,8.151572227478027
06909502175,apartment,4,8.0965,7.933450222015381
06909800788,apartment,4,8.1586,8.252317428588867
06912300839,apartment,4,8.4188,8.316407203674316
06915802223,apartment,4,8.1361,8.030264854431152
06916302781,apartment,4,8.1971,8.071210861206055
06916306246,apartment,4,8.0381,8.17892837524414
06916306513,apartment,4,7.972,8.167712211608887
06916309431,apartment,4,8.442,8.174144744873047
06916402741,apartment,4,8.5442,8.22347640991211
06916502703,apartment,4,8.5092,8.451701164245605
06916603135,apartment,4,8.3453,8.10421085357666
06916801336,apartment,4,8.1532,8.178627014160156
06917500887,apartment,4,8.213,8.390921592712402
06917701955,apartment,4,8.7429,8.383148193359375
06919001764,apartment,4,8.4089,8.301514625549316
06920400901,apartment,4,8.3862,8.487775802612305
06920504790,apartment,4,7.7231,8.203208923339844
06920506432,apartment,4,8.5869,8.185442924499512
06920514427,apartment,4,8.3774,8.50705623626709
06920800764,apartment,4,8.0413,8.171867370605469
07004304272,apartment,4,8.4616,8.411887168884277
07004602117,apartment,4,8.4727,8.407003402709961
07004602176,apartment,4,8.4575,8.401740074157715
07004602230,apartment,4,8.4584,8.439422607421875
07004602265,apartment,4,8.4878,8.411059379577637
07009101469,apartment,4,8.1084,8.13494873046875
07011600736,apartment,4,8.7767,8.498025894165039
07013100552,apartment,4,8.5359,8.529831886291504
07014800566,apartment,4,8.2973,8.215184211730957
07015000873,apartment,4,8.5826,8.121562004089355
07015006650,apartment,4,7.9353,8.151679039001465
07016102742,apartment,4,8.1315,8.226027488708496
07016104087,apartment,4,8.1467,8.265353202819824
07016110966,apartment,4,8.089,8.240503311157227
07016111563,apartment,4,8.2314,8.187389373779297
07016500993,apartment,4,8.1435,8.182427406311035
07021901763,apartment,4,8.0554,7.969151973724365
07022304211,apartment,4,8.4289,8.30384349822998
07022304300,apartment,4,8.3349,8.30964469909668
07022304531,apartment,4,8.3245,8.31895637512207
07023009167,apartment,4,8.0743,8.037960052490234
07023010785,apartment,4,8.1117,8.19834041595459
07023013067,apartment,4,8.6624,8.466838836669922
07023013202,apartment,4,8.7443,8.551831245422363
07030000439,apartment,4,8.0426,8.122888565063477
07030000811,apartment,4,8.0775,8.118985176086426
07030001461,apartment,4,8.045,8.147732734680176
07030100344,apartment,4,8.0317,8.053955078125
07030100611,apartment,4,8.1213,8.063881874084473
07030501063,apartment,4,7.9753,8.080422401428223
07030904370,apartment,4,8.1178,8.081290245056152
07030905105,apartment,4,8.0725,8.073441505432129
07030905385,apartment,4,8.2456,8.080812454223633
07032500366,apartment,4,8.4619,8.092289924621582
07032609821,apartment,4,8.2453,8.201434135437012
07032611508,apartment,4,8.2409,8.182884216308594
07032613128,apartment,4,8.6618,8.177597045898438
07032615392,apartment,4,8.6144,8.184186935424805
07036800186,apartment,4,7.8753,8.215957641601562
07041302008,apartment,4,8.5405,8.516858100891113
07041700712,apartment,4,7.8911,8.06689167022705
07103701679,apartment,4,7.8025,7.8936543464660645
07105203781,apartment,4,7.9749,7.932386875152588
07105204532,apartment,4,7.8823,8.209853172302246
07106001511,apartment,4,7.8539,7.887757778167725
07106301574,apartment,4,7.6323,8.088553428649902
07106405711,apartment,4,8.3994,8.296974182128906
07106405868,apartment,4,8.4821,8.332402229309082
07108301393,apartment,4,8.253,8.231236457824707
07108305641,apartment,4,7.9406,7.988328456878662
07108306441,apartment,4,8.0529,7.987826347351074
07110700879,apartment,4,7.9014,7.983334541320801
07114301081,apartment,4,8.3665,8.25407886505127
07114403860,apartment,4,7.6857,7.90285062789917
07118803601,apartment,4,8.0923,7.9419474601745605
07118807362,apartment,4,8.4545,7.930239677429199
07118807524,apartment,4,8.2954,7.933196067810059
07121101564,apartment,4,8.2515,8.124515533447266
07122002888,apartment,4,8.4514,8.316455841064453
07131004472,apartment,4,7.9971,7.927924633026123
07133902117,apartment,4,8.7218,8.34253978729248
07133902710,apartment,4,8.6837,8.362818717956543
07133904101,apartment,4,8.6546,8.338186264038086
07136002370,apartment,4,8.1775,8.129205703735352
07136003075,apartment,4,8.3253,8.12618350982666
07136807867,apartment,4,8.0225,8.012394905090332
07136812461,apartment,4,8.6713,8.251705169677734
07136826578,apartment,4,8.3391,8.413742065429688
07136900921,apartment,4,8.0141,8.072781562805176
07137401244,apartment,4,8.1328,8.061624526977539
07137604005,apartment,4,7.7877,8.026716232299805
07141601457,apartment,4,8.1588,8.127886772155762
07141605592,apartment,4,8.7082,8.500694274902344
07142000880,apartment,4,7.8649,7.999361038208008
07142300426,apartment,4,8.4427,8.12231159210205
07142500638,apartment,4,7.9194,8.026330947875977
07143106674,apartment,4,8.0932,8.188729286193848
07143111368,apartment,4,8.2861,8.282573699951172
07143114197,apartment,4,8.5329,8.281542778015137
07143116157,apartment,4,8.2861,8.281542778015137
07143122191,apartment,4,8.3444,8.276503562927246
07143500585,apartment,4,8.0598,8.159906387329102
07143802565,apartment,4,8.4454,8.134173393249512
07143802964,apartment,4,7.9796,8.130196571350098
07143802972,apartment,4,8.0765,8.132296562194824
07143802980,apartment,4,8.0765,8.125693321228027
07143803138,apartment,4,8.0195,8.14647388458252
07144001681,apartment,4,7.9552,8.130852699279785
07144008617,apartment,4,7.9552,8.289125442504883
07144202707,apartment,4,8.5172,8.271175384521484
07144300415,apartment,4,7.9168,7.9554595947265625
07145002183,apartment,4,8.2777,8.215805053710938
07145002396,apartment,4,8.2509,8.22100830078125
07146403262,apartment,4,7.902,8.00573444366455
07146406921,apartment,4,8.2035,8.050165176391602
07146415627,apartment,4,8.7531,8.562990188598633
07146601366,apartment,4,7.7733,7.972287178039551
07150200397,apartment,4,8.2118,8.027774810791016
07150300413,apartment,4,7.9225,7.960577011108398
07150700901,apartment,4,8.2548,8.287592887878418
07150702661,apartment,4,8.5017,8.311467170715332
07151804768,apartment,4,8.4192,8.380563735961914
07151805918,apartment,4,8.4518,8.377835273742676
07151807252,apartment,4,8.4077,8.382203102111816
07151807295,apartment,4,8.4219,8.395109176635742
07202201186,apartment,4,8.4475,8.393232345581055
07202305534,apartment,4,8.357,8.377098083496094
07202504774,apartment,4,8.9227,8.541733741760254
07203800652,apartment,4,8.8521,8.696380615234375
07204705343,apartment,4,8.7502,8.437161445617676
07205201462,apartment,4,8.1213,8.211532592773438
07205302102,apartment,4,8.8503,8.55451488494873
07205400848,apartment,4,8.3439,8.1990385055542
07206404723,apartment,4,7.966,8.229108810424805
07206405381,apartment,4,8.0232,8.224937438964844
07206405398,apartment,4,8.4151,8.233071327209473
07206416527,apartment,4,8.4462,8.558287620544434
07206416616,apartment,4,8.4314,8.554889678955078
07207001363,apartment,4,8.4356,8.407150268554688
07207201826,apartment,4,8.1689,8.21263313293457
07210403841,apartment,4,7.8692,7.986942768096924
07210802029,apartment,4,8.2677,8.347853660583496
07210902287,apartment,4,8.3389,8.229721069335938
07211903491,apartment,4,8.6226,8.493146896362305
07212201235,apartment,4,8.2708,8.0856351852417
07212702323,apartment,4,8.8739,8.562050819396973
07212802344,apartment,4,8.4578,8.110002517700195
07212803189,apartment,4,8.1944,8.26172161102295
07212904716,apartment,4,8.3214,8.268611907958984
07213001973,apartment,4,7.9999,8.223034858703613
07213202669,apartment,4,7.9594,8.206155776977539
07213603698,apartment,4,8.0186,8.167779922485352
07214702576,apartment,4,8.1319,8.214526176452637
07216804252,apartment,4,8.7197,8.670114517211914
07216806670,apartment,4,8.7657,8.688998222351074
07218502954,apartment,4,8.2267,8.225207328796387
07218803237,apartment,4,8.4161,8.261696815490723
07301004176,apartment,4,8.8739,8.656031608581543
07301006071,apartment,4,8.8105,8.6201171875
07301802897,apartment,4,8.8967,8.30584716796875
07302204446,apartment,4,8.3672,8.14787769317627
07304602309,apartment,4,8.0109,8.21976089477539
07305100692,apartment,4,7.9964,8.108972549438477
07305801119,apartment,4,8.3462,8.31126880645752
07315600612,apartment,4,8.7855,8.66784381866455
07316101164,apartment,4,8.333,8.301222801208496
07326613354,apartment,4,8.2523,8.20548152923584
07326613400,apartment,4,8.3023,8.20943832397461
07326709890,apartment,4,8.4776,8.221397399902344
07329700568,apartment,0,8.7659,8.452250480651855
07404304512,apartment,7,8.4157,8.433853149414062
07407603766,apartment,7,8.5172,8.220343589782715
07408903615,apartment,7,8.6938,8.4365234375
07420500274,apartment,7,8.207,8.721044540405273
07421300481,apartment,7,8.6144,8.597735404968262
07421400990,apartment,7,8.8379,8.485523223876953
07422001275,apartment,7,8.4589,8.616096496582031
07422102160,apartment,7,8.3837,8.314836502075195
07437801248,apartment,7,8.4118,8.725933074951172
07503900989,apartment,4,8.558,8.513772010803223
07504500879,apartment,4,8.7156,8.637020111083984
07504500992,apartment,4,8.668,8.626547813415527
07509000841,apartment,4,8.6024,8.630019187927246
07509000866,apartment,4,8.633,8.637042045593262
07509000955,apartment,4,8.633,8.637042045593262
07510101948,apartment,4,8.0789,8.232954978942871
07510700779,apartment,4,8.7136,8.44869613647461
07510701503,apartment,4,8.6813,8.45273208618164
07510801273,apartment,4,8.7721,8.491189956665039
07510903084,apartment,4,9.28,8.571709632873535
07510903475,apartment,4,9.0708,8.554778099060059
07521702352,apartment,4,8.4785,8.558094024658203
07521702611,apartment,4,8.9029,8.735204696655273
07525405395,apartment,4,8.5801,8.33083438873291
07534101816,apartment,7,8.2623,8.350093841552734
07534203201,apartment,7,8.1665,8.260870933532715
07534203945,apartment,7,8.3816,8.255412101745605
07534404207,apartment,7,8.1117,8.099004745483398
07535000452,apartment,4,8.0943,8.113140106201172
07600905345,apartment,7,8.4102,8.420555114746094
07601201651,apartment,7,8.3837,8.585542678833008
07602403991,apartment,7,8.5817,8.15744686126709
07602405471,apartment,7,8.5567,8.155510902404785
07606001855,apartment,4,7.8139,7.962668418884277
07606700885,apartment,4,7.9964,7.998348236083984
07607800646,apartment,7,7.9,8.292017936706543
07607800867,apartment,7,8.0725,8.299667358398438
07611002181,apartment,4,7.9442,8.004615783691406
07611002260,apartment,4,8.1636,8.017199516296387
07615503388,apartment,4,7.9394,8.18016242980957
07618301336,apartment,7,8.5907,8.280939102172852
07618602549,apartment,7,8.254,8.474396705627441
07618700591,apartment,7,8.294,8.437872886657715
07618700656,apartment,7,8.294,8.452777862548828
07629003625,apartment,7,8.193,8.219625473022461
07630200595,apartment,7,8.1281,8.320724487304688
07630200773,apartment,7,8.2323,8.311075210571289
07632802177,apartment,7,8.0691,8.293742179870605
07634500283,apartment,7,8.0882,8.141304969787598
07646302074,apartment,7,8.5034,8.236968994140625
07651302478,apartment,7,8.1526,8.294439315795898
07677404847,apartment,4,8.0766,8.039910316467285
07677405207,apartment,4,8.2102,8.12193489074707
07677406076,apartment,4,8.1622,8.075657844543457
07677800904,apartment,7,7.9844,8.281314849853516
07701400664,apartment,7,8.2459,8.357568740844727
07703801666,apartment,7,8.0721,8.32737922668457
07707302540,apartment,7,8.2118,8.325838088989258
07711601395,apartment,7,7.8141,8.534478187561035
07713900756,apartment,7,8.3179,8.977371215820312
07737202668,apartment,7,7.6355,8.60797119140625
07747100639,apartment,7,8.3374,8.646055221557617
07749301917,apartment,7,8.5523,8.677289009094238
07801200780,apartment,7,8.0403,8.531100273132324
07803701736,apartment,7,8.1017,8.339286804199219
07809201867,apartment,7,8.5267,8.480788230895996
07822800698,apartment,7,8.7387,8.716533660888672
07822804383,apartment,7,8.6305,8.716533660888672
07824900819,apartment,7,8.1893,8.570019721984863
07826803179,apartment,7,8.9002,8.358304977416992
07835105063,apartment,7,8.2263,8.659494400024414
07835105497,apartment,7,8.1591,8.662603378295898
07835106541,apartment,7,8.1591,8.64083480834961
07835106914,apartment,7,8.4258,8.676680564880371
07835107023,apartment,7,7.9768,8.65549373626709
07835107449,apartment,7,8.1196,8.696563720703125
07835107821,apartment,7,8.1557,8.690882682800293
07835118191,apartment,7,8.0864,8.681734085083008
07835118335,apartment,7,8.2295,8.66571044921875
07835121875,apartment,7,8.1605,8.670293807983398
07835122332,apartment,7,8.3561,8.745569229125977
07835123924,apartment,7,8.294,8.70815658569336
07835123959,apartment,7,8.294,8.692986488342285
07835125171,apartment,7,8.3768,8.768186569213867
07835128896,apartment,7,8.4425,8.834330558776855
07837104791,apartment,7,8.4611,8.66262149810791
07837107888,apartment,7,8.5913,8.721571922302246
07837112611,apartment,7,8.2659,8.70698070526123
07837112725,apartment,7,8.4241,8.7359619140625
07837113731,apartment,7,8.3724,8.71695613861084
07837114000,apartment,7,8.398,8.72218132019043
07840102352,apartment,7,8.0362,8.103398323059082
07841201907,apartment,7,8.4752,8.325667381286621
07841602014,apartment,7,7.8494,8.136338233947754
07844200901,apartment,7,8.7364,8.901774406433105
07844200987,apartment,7,8.6962,8.925095558166504
07844200995,apartment,7,8.5473,8.929826736450195
07844202645,apartment,7,8.6595,8.919567108154297
07851901960,apartment,7,8.6359,9.00390338897705
07851902886,apartment,7,8.7369,8.900880813598633
07851903361,apartment,7,8.6867,8.826391220092773
07851904870,apartment,7,8.76,8.822319984436035
07851905737,apartment,7,8.6747,8.805195808410645
07852001580,apartment,7,8.4489,8.446986198425293
07852902774,apartment,7,8.2884,8.879802703857422
07852904300,apartment,7,8.2998,8.916893005371094
07852907962,apartment,7,8.3052,8.89521598815918
07852910041,apartment,7,8.4737,8.865190505981445
07852913156,apartment,7,8.1342,8.904120445251465
07852913271,apartment,7,8.2884,8.877376556396484
07853002386,apartment,7,7.6628,8.919356346130371
07853010982,apartment,7,8.153,8.97867488861084
07853109644,apartment,7,8.1117,8.970145225524902
07853112793,apartment,7,8.3612,9.014932632446289
07853119380,apartment,7,8.0682,8.910273551940918
07853201109,apartment,7,8.2824,8.968953132629395
07853203391,apartment,7,8.2334,8.937663078308105
07853206038,apartment,7,8.1445,8.907159805297852
07853207891,apartment,7,8.2332,8.940982818603516
07853208065,apartment,7,8.2182,8.89766788482666
07853208863,apartment,7,8.3752,8.972590446472168
07853211538,apartment,7,8.408,8.93173885345459
07853213018,apartment,7,8.323,8.932473182678223
07853216726,apartment,7,8.1225,9.000657081604004
07913300639,apartment,7,8.6258,8.469979286193848
07917103617,apartment,7,8.0529,8.392585754394531
07917400638,apartment,7,7.9194,8.247973442077637
07917401669,apartment,7,8.0304,8.245552062988281
07920200792,apartment,7,8.4141,8.729744911193848
07966901602,apartment,8,8.4571,8.014501571655273
07966906507,apartment,8,8.5072,8.344993591308594
07974502223,apartment,7,8.0672,8.439255714416504
07974503841,apartment,7,8.1117,8.43085765838623
07974505524,apartment,7,8.1117,8.379748344421387
08001903028,apartment,7,8.6755,8.701334953308105
08001903451,apartment,7,8.6398,8.71249008178711
08004501265,apartment,7,9.0662,8.660877227783203
08004704001,apartment,7,8.9227,8.682336807250977
08004904701,apartment,7,8.4988,8.44273567199707
08006500940,apartment,7,8.2118,8.468131065368652
08009105465,apartment,7,8.6405,8.371376991271973
08009309710,apartment,7,8.6485,8.622783660888672
08009401781,apartment,7,8.7093,8.709651947021484
08009401803,apartment,7,8.5648,8.718489646911621
08011403214,apartment,7,8.9227,8.851908683776855
08012201216,apartment,7,8.4746,8.7421293258667
08012301636,apartment,7,8.6252,8.740039825439453
08012901341,apartment,7,8.9776,8.91705322265625
08015101891,apartment,7,8.8961,8.75336742401123
08015218276,apartment,7,8.8615,8.436144828796387
08015220823,apartment,7,8.7632,8.441285133361816
08015225205,apartment,7,8.829,8.574167251586914
08015226570,apartment,7,8.71,8.601295471191406
08015502225,apartment,7,8.9341,8.577327728271484
08015508622,apartment,7,8.8644,8.609353065490723
08015509106,apartment,7,8.8644,8.604490280151367
08015510422,apartment,7,8.8972,8.611473083496094
08015517907,apartment,7,9.1171,8.906150817871094
08100504199,apartment,7,8.6507,8.792113304138184
08100506965,apartment,7,8.4501,8.812809944152832
08100506981,apartment,7,8.7786,8.812809944152832
08100507031,apartment,7,8.5801,8.792113304138184
08102702273,apartment,7,8.3645,8.814702987670898
08108000319,apartment,0,8.9394,8.709267616271973
08109801099,apartment,0,8.5313,8.637679100036621
08109901794,apartment,0,9.2192,9.006345748901367
08113502701,apartment,0,8.7754,8.604936599731445
08113604421,apartment,0,8.5439,8.743745803833008
08113606602,apartment,0,8.6634,8.69974136352539
08113901272,apartment,0,8.9032,8.70959758758545
08115700721,apartment,0,8.9102,8.80763053894043
08116600745,apartment,0,8.9085,8.943642616271973
08116701525,apartment,0,8.4785,8.735130310058594
08116803875,apartment,0,8.998,8.787577629089355
08116804782,apartment,0,8.7179,8.828814506530762
08116804863,apartment,0,8.8694,8.864347457885742
08116807196,apartment,0,8.9186,8.809536933898926
08121802121,apartment,0,9.0656,9.119231224060059
08121802245,apartment,0,9.0251,9.129386901855469
08121802271,apartment,0,9.3135,9.129386901855469
08122700993,apartment,0,8.6084,8.858176231384277
08122701752,apartment,0,9.0349,8.95626449584961
08122706258,apartment,0,8.7928,9.033235549926758
08122801481,apartment,0,8.5007,8.845029830932617
08122901182,apartment,0,8.8612,8.965316772460938
08122905889,apartment,0,9.2904,9.226652145385742
08124201961,apartment,0,8.9443,8.766812324523926
08132400267,apartment,0,9.1112,8.643899917602539
08136001715,apartment,0,9.0097,8.782530784606934
08136006199,apartment,0,8.7875,8.788830757141113
08136200459,apartment,0,8.5998,8.707537651062012
08136700796,apartment,0,8.9488,8.735499382019043
08220600780,apartment,7,8.1673,8.199615478515625
08220600993,apartment,7,7.9294,8.18309211730957
08221102555,apartment,7,8.386,8.533588409423828
08221201561,apartment,7,8.096,8.228038787841797
08221801194,apartment,7,8.3679,8.58096981048584
08221801429,apartment,7,8.4492,8.5719633102417
08222101528,apartment,7,8.4379,8.450100898742676
08222103237,apartment,7,8.2097,8.480713844299316
08223001683,apartment,7,8.3912,8.399552345275879
08223007584,apartment,7,8.5076,8.41451644897461
08223202883,apartment,7,8.5511,8.51989459991455
08223205467,apartment,7,8.8683,8.51989459991455
08223207710,apartment,7,8.5454,8.525033950805664
08223209519,apartment,7,8.6026,8.37712287902832
08223210721,apartment,7,8.7682,8.373056411743164
08223211572,apartment,7,8.6783,8.384371757507324
08225202661,apartment,7,8.1724,8.12942886352539
08225601327,apartment,8,8.1834,8.179581642150879
08235700646,apartment,8,8.1146,8.321839332580566
08235702436,apartment,8,8.5764,8.623908996582031
08236303918,apartment,8,8.2537,8.333072662353516
08236800997,apartment,8,8.0652,8.332186698913574
08237000366,apartment,8,8.4881,8.381211280822754
08241204140,apartment,6,8.9732,9.028199195861816
08242001261,apartment,6,9.1317,9.087242126464844
08243700511,apartment,6,8.8049,8.676709175109863
08245003700,apartment,7,8.1335,8.237638473510742
08245003964,apartment,7,7.995,8.253227233886719
08245006564,apartment,7,8.3202,8.607998847961426
08245006971,apartment,7,8.1849,8.554948806762695
08245007269,apartment,7,8.3026,8.5958251953125
08245804541,apartment,8,8.2295,8.394206047058105
08245809101,apartment,8,8.3654,8.36875057220459
08245814369,apartment,8,8.0141,8.113846778869629
08245818844,apartment,8,8.362,8.302308082580566
08245820407,apartment,8,8.3451,8.302840232849121
08252806120,apartment,6,9.1497,9.111930847167969
08252810462,apartment,6,8.9635,8.96781063079834
08254801045,apartment,8,8.8437,8.518661499023438
08260700891,apartment,8,8.3856,8.614362716674805
08263000580,apartment,8,8.4423,8.463264465332031
08263501962,apartment,8,8.4423,8.625083923339844
08264101232,apartment,8,8.5042,8.389405250549316
08264103715,apartment,8,8.5217,8.2782564163208
08303210343,apartment,0,8.8948,8.923739433288574
08304201038,apartment,0,8.9271,8.905119895935059
08304904942,apartment,6,9.1981,9.17168140411377
08309700520,apartment,0,9.1145,9.15687370300293
08309701381,apartment,0,9.2442,9.09412670135498
08310202938,apartment,6,9.0083,8.930320739746094
08317702111,apartment,0,9.0747,9.079627990722656
08319002060,apartment,6,8.8416,8.855661392211914
08321101542,apartment,0,9.2749,8.938551902770996
08322012322,apartment,6,9.4775,8.831008911132812
08322013701,apartment,6,9.1521,8.932909965515137
08322202385,apartment,6,9.2653,9.355550765991211
08322202474,apartment,6,9.1835,9.340251922607422
08322202482,apartment,6,9.2177,9.33820629119873
08322202741,apartment,6,9.1557,9.33820629119873
08322202751,apartment,6,9.2365,9.338338851928711
08322202962,apartment,6,9.2903,9.355550765991211
08322203063,apartment,6,9.2255,9.110166549682617
08322203217,apartment,6,9.1954,9.33820629119873
08322204159,apartment,6,9.1638,9.354828834533691
08322204302,apartment,6,9.1458,9.338338851928711
08500103531,apartment,6,8.8655,8.814078330993652
08501304522,apartment,6,8.969,8.873291015625
08501304905,apartment,6,8.9778,9.052858352661133
08501305030,apartment,6,9.1324,8.861917495727539
08501305049,apartment,6,9.0839,8.861917495727539
08501305162,apartment,6,8.9988,8.86954402923584
08501305227,apartment,6,8.9415,8.877324104309082
08501305766,apartment,6,9.1553,8.86878776550293
08501306002,apartment,6,8.9419,8.870728492736816
08501306193,apartment,6,8.993,8.867624282836914
08501306207,apartment,6,9.1717,8.853349685668945
08501306541,apartment,6,8.9988,8.857542991638184
08501401005,apartment,6,8.8373,8.679708480834961
08501402060,apartment,6,8.8339,8.671993255615234
08501402443,apartment,6,8.8779,8.670441627502441
08501501281,apartment,6,8.3882,8.269676208496094
08501702277,apartment,6,8.7428,8.453704833984375
08501710180,apartment,6,9.6042,9.044032096862793
08501711608,apartment,6,8.6928,8.884785652160645
08501712884,apartment,6,8.7419,8.87435245513916
08502301624,apartment,6,9.2254,9.08083438873291
08502401051,apartment,6,9.0798,8.781967163085938
08502506005,apartment,6,9.0579,8.788609504699707
08502601891,apartment,6,9.2488,8.876195907592773
08502800371,apartment,6,8.7561,8.6214599609375
08503201429,apartment,6,8.2548,8.365636825561523
08503801231,apartment,6,9.0442,8.64242172241211
08503902036,apartment,6,9.1702,8.843947410583496
08506200911,apartment,6,9.1522,9.086160659790039
08506201055,apartment,6,9.1649,8.941572189331055
08506201527,apartment,6,9.0465,8.886672973632812
08506201551,apartment,6,9.0928,8.889183044433594
08506201675,apartment,6,9.0217,9.054004669189453
08506202183,apartment,6,9.1871,9.054004669189453
08506202396,apartment,6,9.0428,9.05398178100586
08506202434,apartment,6,9.1117,9.085546493530273
08506203201,apartment,6,9.1067,9.0818452835083
08506203384,apartment,6,9.0982,9.085546493530273
08509302073,apartment,6,9.3953,8.84084701538086
08509511624,apartment,6,8.6412,8.456058502197266
08509801916,apartment,6,8.7695,8.664549827575684
08509802548,apartment,6,8.7637,8.652042388916016
08509802637,apartment,6,8.9883,8.669046401977539
08510000761,apartment,6,8.2609,8.335282325744629
08510001340,apartment,6,8.6052,8.53729248046875
08510003602,apartment,6,8.9961,8.682756423950195
08510401888,apartment,6,9.2072,8.683199882507324
08510502668,apartment,6,8.81,8.435324668884277
08510604304,apartment,6,8.7403,8.232279777526855
08511702008,apartment,6,8.739,8.245803833007812
08511704604,apartment,6,8.4854,8.157157897949219
08511901442,apartment,6,8.6226,8.207759857177734
08511901647,apartment,6,8.4555,8.173840522766113
08512409134,apartment,6,9.5806,8.856514930725098
08512601957,apartment,6,8.8226,8.304778099060059
08512602937,apartment,6,8.8587,8.303229331970215
08512603054,apartment,6,8.4719,8.303229331970215
08512603631,apartment,6,8.4132,8.29266357421875
08512605391,apartment,6,8.9177,8.53305435180664
08512605677,apartment,6,8.959,8.706581115722656
08512701021,apartment,6,9.004,8.376435279846191
08512704462,apartment,6,8.6052,8.449847221374512
08512805471,apartment,6,8.5997,8.281702041625977
08513002410,apartment,6,8.6588,8.302618980407715
08513003311,apartment,6,8.9227,8.595963478088379
08513003387,apartment,6,8.8099,8.590302467346191
08514501755,apartment,6,9.0052,8.761029243469238
08514802321,apartment,6,9.2103,8.701704978942871
08516802094,apartment,6,8.7387,8.343438148498535
08528000321,apartment,6,9.0078,8.73128890991211
08528701565,apartment,6,8.9904,8.386003494262695
08532500651,apartment,6,8.7189,8.303679466247559
08534701067,apartment,6,8.775,8.698892593383789
08534701156,apartment,6,8.7456,8.7020845413208
08542601602,apartment,6,8.8127,8.59314250946045
08543002745,apartment,6,9.2322,8.853859901428223
08543800390,apartment,6,8.6886,8.496537208557129
08543900761,apartment,6,8.9203,8.770149230957031
08543901030,apartment,6,9.0368,8.786869049072266
08543901065,apartment,6,8.9028,8.788820266723633
08544301312,apartment,6,9.0106,8.537923812866211
08544401694,apartment,6,8.719,8.291582107543945
08545202768,apartment,6,9.0852,8.536276817321777
08545700776,apartment,6,8.786,8.43520736694336
08545801319,apartment,6,9.0632,8.642538070678711
08554400801,apartment,6,8.6163,8.340890884399414
08554400887,apartment,6,7.7778,8.173881530761719
08555401992,apartment,6,9.1576,8.939667701721191
08555402379,apartment,6,8.8906,8.81905460357666
08558702004,apartment,6,9.0448,8.894735336303711
08561402334,apartment,6,8.8377,8.679450988769531
08561403691,apartment,6,8.9808,8.70340347290039
08561404310,apartment,6,9.0706,8.695296287536621
08562402893,apartment,6,9.0456,8.653908729553223
08564301660,apartment,6,8.7979,8.691313743591309
08564303663,apartment,6,9.0006,8.67375373840332
08565703010,apartment,6,9.1945,8.790125846862793
08600503310,apartment,6,8.7723,8.764606475830078
08601001629,apartment,6,8.4226,8.421339988708496
08601004369,apartment,6,9.2841,8.899138450622559
08601202470,apartment,6,8.4434,8.243986129760742
08601601162,apartment,6,8.163,8.44469165802002
08601601200,apartment,6,8.0295,8.438210487365723
08601700705,apartment,6,8.5957,8.414628982543945
08602101864,apartment,6,8.6457,8.217571258544922
08602400969,apartment,6,8.7295,8.427534103393555
08602500701,apartment,6,8.5066,8.33932876586914
08602803893,apartment,6,8.541,8.447083473205566
08603401462,apartment,6,9.1384,8.856522560119629
08603401586,apartment,6,9.2512,8.846735000610352
08603402361,apartment,6,9.2937,9.061129570007324
08604605134,apartment,6,9.145,8.605798721313477
08604607781,apartment,6,8.8739,8.644513130187988
08604608494,apartment,6,9.2442,8.597434043884277
08605800666,apartment,6,9.1769,8.962879180908203
08605802367,apartment,6,9.3742,8.940117835998535
08605804548,apartment,6,9.1168,8.726418495178223
08605804807,apartment,6,9.1225,8.72254753112793
08607200771,apartment,6,8.558,8.097261428833008
08609700291,apartment,6,9.0919,8.837109565734863
08610501523,apartment,6,8.3858,8.263148307800293
08610604322,apartment,6,8.9845,8.384076118469238
08610701026,apartment,6,9.0336,8.362173080444336
08612001676,apartment,6,9.0562,8.68150806427002
08612301769,apartment,6,8.566,8.288575172424316
08613700993,apartment,6,8.6014,8.203892707824707
08613901026,apartment,6,8.6381,8.243642807006836
08615800758,apartment,6,8.6066,8.476850509643555
08616201432,apartment,6,8.6936,8.540811538696289
08617800917,apartment,6,8.7409,8.404584884643555
08621700506,apartment,6,8.743,8.239405632019043
08624100615,apartment,6,8.46,8.215312004089355
08624502845,apartment,6,8.6507,8.522287368774414
08624504880,apartment,6,8.8482,8.51465129852295
08624505631,apartment,6,8.6548,8.585943222045898
08625101364,apartment,6,8.1595,8.13951301574707
08625903010,apartment,6,8.8266,8.487602233886719
08626102534,apartment,6,8.8344,8.489371299743652
08626103352,apartment,6,8.8512,8.46951961517334
08627000662,apartment,6,7.8621,8.185957908630371
08629700238,apartment,6,8.6963,8.776163101196289
08629700408,apartment,6,8.7733,8.776163101196289
08629701201,apartment,6,8.8786,8.740992546081543
08632401051,apartment,6,8.0441,8.097951889038086
08632900889,apartment,6,8.4341,8.218827247619629
08635101936,apartment,6,9.1369,8.70346450805664
08635102614,apartment,6,8.9448,8.797221183776855
08637402046,apartment,6,9.2821,9.059525489807129
08639009058,apartment,6,8.446,8.274961471557617
08639009694,apartment,6,8.657,8.26655387878418
08639009945,apartment,6,8.7038,8.270516395568848
08639009971,apartment,6,8.7796,8.25942611694336
08639010382,apartment,6,8.7144,8.270516395568848
08639011931,apartment,6,8.7823,8.449377059936523
08639013901,apartment,6,8.816,8.467041015625
08639014531,apartment,6,8.692,8.486601829528809
08639014965,apartment,6,8.5946,8.574503898620605
08639015066,apartment,6,8.8273,8.545109748840332
08643002151,apartment,6,8.2709,8.197294235229492
08643400777,apartment,6,8.5323,8.699310302734375
08643504262,apartment,6,8.9612,8.668679237365723
08700604038,apartment,8,8.6563,8.649798393249512
08700901229,apartment,8,9.0619,8.793585777282715
08700901296,apartment,8,8.8024,8.796274185180664
08700902111,apartment,8,8.897,8.79727554321289
08701103199,apartment,8,9.0517,8.875603675842285
08701103334,apartment,8,8.8589,8.877009391784668
08701104500,apartment,8,8.8891,8.877009391784668
08701105302,apartment,8,9.0213,8.902326583862305
08701105825,apartment,8,8.9825,8.87555980682373
08701106341,apartment,8,8.9435,8.876965522766113
08701107143,apartment,8,9.0569,8.894539833068848
08701107402,apartment,8,8.8255,8.909017562866211
08701204467,apartment,8,8.8356,8.869438171386719
08701801910,apartment,2,8.7855,8.801763534545898
08703600701,apartment,2,8.4021,8.464653015136719
08704300531,apartment,2,7.7987,8.348352432250977
08705501377,apartment,2,8.3078,8.6922607421875
08705503094,apartment,2,8.5801,8.652448654174805
08705505526,apartment,2,8.7035,8.713529586791992
08705509629,apartment,2,8.7948,8.752947807312012
08706800866,apartment,2,8.0082,8.340630531311035
08707202751,apartment,2,8.7855,8.811258316040039
08707203063,apartment,2,8.712,8.814403533935547
08707302371,apartment,2,8.3914,8.777071952819824
08707303173,apartment,2,9.0301,8.775657653808594
08707308345,apartment,2,8.6103,8.763631820678711
08707502141,apartment,2,8.833,8.794501304626465
08707503938,apartment,2,8.8763,8.782454490661621
08707601611,apartment,2,8.7508,8.761651039123535
08707602863,apartment,2,8.6871,8.74761962890625
08707604394,apartment,2,9.0078,8.867329597473145
08707605196,apartment,2,8.9418,8.849446296691895
08707605420,apartment,2,9.0208,8.850669860839844
08708801649,apartment,2,8.5828,8.584430694580078
08709201742,apartment,2,8.2421,8.616823196411133
08711600764,apartment,6,8.7788,8.670093536376953
08712202622,apartment,6,8.9246,8.85488510131836
08714301865,apartment,6,8.8273,8.616839408874512
08714901056,apartment,6,8.5393,8.256945610046387
08714901129,apartment,6,7.9234,8.267108917236328
08716001117,apartment,6,8.673,8.522112846374512
08716400712,apartment,6,8.6406,8.382280349731445
08717401402,apartment,6,8.8501,8.572505950927734
08717800889,apartment,6,8.5905,8.32465934753418
08719601026,apartment,6,8.7082,8.678230285644531
08720600607,apartment,2,8.7197,8.599105834960938
08721501297,apartment,2,8.5732,8.343720436096191
08725501984,apartment,8,8.8988,8.771042823791504
08725502263,apartment,8,8.8199,8.780738830566406
08731403778,apartment,2,8.6748,8.623770713806152
08731403832,apartment,2,8.6467,8.621466636657715
08731406173,apartment,2,8.8647,8.856697082519531
08731500358,apartment,2,8.7614,8.49461841583252
08731502581,apartment,2,8.7392,8.538325309753418
08731502989,apartment,2,8.9012,8.541055679321289
08731504329,apartment,2,8.7415,8.545440673828125
08731510566,apartment,2,8.8199,8.514060020446777
08736602221,apartment,8,8.3702,8.463319778442383
08737401939,apartment,6,8.3952,8.313216209411621
08739605620,apartment,2,8.9215,8.789374351501465
08739608093,apartment,2,8.8666,8.78083610534668
08741000153,apartment,2,8.1461,8.394493103027344
08742402050,apartment,8,8.7292,8.759490966796875
08743401074,apartment,8,8.8173,8.726512908935547
08743401708,apartment,8,8.8457,8.742109298706055
08743403026,apartment,8,8.6472,8.747990608215332
08743404030,apartment,8,8.8597,8.744293212890625
08743404340,apartment,8,8.7978,8.745004653930664
08743405428,apartment,8,8.904,8.747539520263672
08743503667,apartment,8,8.4777,8.551875114440918
08744402031,apartment,6,8.4045,8.422369003295898
08745502791,apartment,2,8.6498,8.70915412902832
08745502846,apartment,2,9.1265,8.721944808959961
08745503702,apartment,2,8.8411,8.740628242492676
08747500808,apartment,2,8.3131,8.44570541381836
08747501634,apartment,2,8.0732,8.423210144042969
08801301472,apartment,2,8.767,8.77035140991211
08801302411,apartment,2,8.7641,8.759319305419922
08801304293,apartment,2,8.621,8.773540496826172
08801307561,apartment,2,8.6305,8.725845336914062
08801308035,apartment,2,8.8069,8.736392974853516
08801309147,apartment,2,8.8049,8.767107009887695
08802600392,apartment,2,7.6726,8.379724502563477
08803404831,apartment,2,8.9598,8.9566068649292
08803503714,apartment,2,8.294,8.433744430541992
08803505938,apartment,2,8.7993,8.73228645324707
08803507450,apartment,2,8.7711,8.70125675201416
08803601651,apartment,2,8.5969,8.392450332641602
08803602011,apartment,2,8.2752,8.376668930053711
08803605932,apartment,2,8.8078,8.751787185668945
08803900950,apartment,2,8.702,8.560359001159668
08804100435,apartment,2,8.7638,8.816226959228516
08804607033,apartment,6,8.7787,8.84746265411377
08809301692,apartment,2,8.2076,8.36335563659668
08813004346,apartment,2,8.3409,8.689135551452637
08814600831,apartment,2,8.7718,8.693293571472168
08815808574,apartment,2,8.9252,8.38119125366211
08815808701,apartment,2,8.7072,8.38529109954834
08815810641,apartment,2,8.8943,8.57269287109375
08815813993,apartment,2,8.851,8.565004348754883
08815816951,apartment,2,8.1637,8.568546295166016
08815817689,apartment,2,8.5861,8.603608131408691
08816201371,apartment,2,8.2315,8.30820083618164
08816901101,apartment,2,8.9858,8.578322410583496
08817006076,apartment,2,8.2819,8.321171760559082
08817008168,apartment,2,8.4914,8.204041481018066
08817015695,apartment,2,8.645,8.568800926208496
08817016675,apartment,2,8.6871,8.58416748046875
08817017183,apartment,2,8.5922,8.616791725158691
08817201006,apartment,6,8.4106,8.352179527282715
08824100724,apartment,2,8.262,8.2382230758667
08827201033,apartment,2,8.0635,8.436197280883789
08829803731,apartment,2,8.1125,8.300718307495117
08829806706,apartment,2,8.5764,8.702962875366211
08900201107,apartment,6,8.285,8.173123359680176
08900201247,apartment,6,8.2021,8.172442436218262
08901000563,apartment,2,8.3523,8.63024616241455
08901001187,apartment,2,8.5717,8.623457908630371
08901501503,apartment,6,8.6565,8.463671684265137
08901501899,apartment,6,8.4764,8.49660587310791
08902501280,apartment,6,8.145,8.141827583312988
08902601498,apartment,6,7.6866,8.068222999572754
08903902467,apartment,6,8.7618,8.547571182250977
08904300398,apartment,6,8.7126,8.50573444366455
08905203523,apartment,6,8.7458,8.680621147155762
08905203779,apartment,6,8.6226,8.651593208312988
08905204201,apartment,6,8.8869,8.615660667419434
08906001800,apartment,6,8.948,8.453569412231445
08907307326,apartment,2,8.8728,8.65760612487793
08907308039,apartment,2,8.3288,8.522295951843262
08907602522,apartment,2,8.2209,8.125340461730957
08907603294,apartment,2,7.94,8.158519744873047
08907603367,apartment,2,8.2114,8.130392074584961
08907802459,apartment,2,8.8418,8.709362030029297
08908200908,apartment,2,8.7116,8.583993911743164
08908300856,apartment,2,8.3326,8.307202339172363
08908609377,apartment,2,8.7068,8.559142112731934
08909502150,apartment,2,8.0591,8.334495544433594
08910301996,apartment,2,8.8739,8.645262718200684
08910405341,apartment,2,8.3317,8.090726852416992
08910503866,apartment,2,8.4511,8.296483993530273
08910900628,apartment,2,8.008,7.974820613861084
08911101214,apartment,2,8.2236,8.078045845031738
08911101427,apartment,2,8.1117,8.096723556518555
08911103721,apartment,2,8.85,8.599419593811035
08911300594,apartment,2,8.0443,8.082035064697266
08911400221,apartment,2,8.2788,8.086088180541992
08911700983,apartment,2,8.0091,8.095682144165039
08911801852,apartment,2,7.9605,8.15316390991211
08913306085,apartment,2,8.1117,8.139528274536133
08913306549,apartment,2,7.3995,8.082171440124512
08913502887,apartment,2,8.4487,8.332411766052246
08913807191,apartment,2,8.2063,8.435585975646973
08915101855,apartment,2,8.4338,8.431135177612305
08915101979,apartment,2,8.3927,8.433204650878906
08915103051,apartment,2,8.4407,8.423327445983887
08919300501,apartment,2,7.9245,8.036725044250488
08921005692,apartment,2,7.7207,7.9971394538879395
08921400575,apartment,2,7.9933,8.103941917419434
08923300446,apartment,2,8.08,8.09129524230957
08927200764,apartment,2,8.1176,8.165389060974121
08931200757,apartment,1,8.2599,8.235614776611328
08931501341,apartment,1,8.5312,8.41447925567627
08946600667,apartment,1,7.8837,8.231184959411621
08950001624,apartment,1,8.5308,8.414787292480469
08950602776,apartment,1,8.2453,8.549712181091309
08950602997,apartment,1,8.1117,8.539268493652344
08950603713,apartment,1,8.2851,8.543811798095703
08950604231,apartment,1,8.1468,8.543811798095703
08956201633,apartment,1,8.4454,8.317967414855957
08956400792,apartment,1,8.6507,8.594484329223633
08956801363,apartment,1,7.6487,8.119483947753906
08958502584,apartment,2,8.1075,7.983611106872559
08958503068,apartment,2,8.1328,7.965113639831543
08958700866,apartment,2,8.6616,8.346274375915527
08959404276,apartment,2,8.2005,7.990658283233643
08959404853,apartment,2,8.5489,8.118041038513184
09005902256,apartment,2,8.7403,8.514020919799805
09006001521,apartment,2,8.8388,8.6300687789917
09006103330,apartment,2,8.0014,8.557287216186523
09006106259,apartment,2,9.2438,8.753317832946777
09006109681,apartment,2,8.9959,8.681768417358398
09006302422,apartment,2,8.1524,8.25599193572998
09006702935,apartment,2,8.4746,8.526636123657227
09009410463,apartment,2,8.0491,8.205538749694824
09009411478,apartment,2,8.1565,8.215238571166992
09010601072,apartment,2,8.184,8.645723342895508
09015000360,apartment,2,8.8235,8.543760299682617
09015000743,apartment,2,8.6775,8.561266899108887
09015001359,apartment,2,8.749,8.561532020568848
09015002630,apartment,2,8.6588,8.560145378112793
09015003912,apartment,2,8.6588,8.560145378112793
09015004072,apartment,2,8.6494,8.56412124633789
09015004196,apartment,2,8.7139,8.56412124633789
09015004382,apartment,2,8.6204,8.560145378112793
09019400347,apartment,2,8.3174,8.298900604248047
09019400721,apartment,2,8.3402,8.323466300964355
09028100334,apartment,2,8.6842,8.721010208129883
09033101033,apartment,2,8.1658,8.228503227233887
09034604632,apartment,2,8.9399,8.669435501098633
09035530152,apartment,2,8.1676,8.287480354309082
09036700991,apartment,2,7.9258,8.143744468688965
09040201803,apartment,2,8.0064,8.342622756958008
09042303670,apartment,2,8.0334,8.244110107421875
09042304898,apartment,2,8.0875,8.28350830078125
09042305320,apartment,2,8.0418,8.29787540435791
09042308087,apartment,2,7.9269,8.248096466064453
09042309679,apartment,2,8.036,8.214550971984863
09042310049,apartment,2,8.1287,8.210634231567383
09042310375,apartment,2,8.0247,8.250930786132812
09042310774,apartment,2,8.0626,8.250930786132812
09042401443,apartment,2,8.5014,8.461041450500488
09042403292,apartment,2,8.3648,8.45627498626709
09042403543,apartment,2,8.5532,8.447981834411621
09043100862,apartment,2,8.2889,8.536650657653809
09043100919,apartment,2,8.3866,8.518171310424805
09043102921,apartment,2,8.2788,8.5155029296875
09043103853,apartment,2,8.2396,8.533452987670898
09043105643,apartment,2,8.5042,8.538840293884277
09043107581,apartment,2,8.3894,8.499695777893066
09043107859,apartment,2,8.3729,8.561322212219238
09043108456,apartment,2,8.5172,8.54255485534668
09043110175,apartment,2,8.7471,8.566154479980469
09044401866,apartment,2,8.2011,8.284112930297852
09044402171,apartment,2,8.2011,8.284963607788086
09044405802,apartment,2,8.6226,8.59903621673584
09045701529,apartment,2,8.0472,8.363988876342773
09046100251,apartment,2,8.395,8.238089561462402
09046200205,apartment,2,8.784,8.303389549255371
09046202747,apartment,2,8.5647,8.197996139526367
09046207323,apartment,2,8.6068,8.685343742370605
09046806235,apartment,2,8.1846,8.217294692993164
09046809722,apartment,2,8.4001,8.332162857055664
09046814823,apartment,2,8.096,8.206498146057129
09046831566,apartment,2,8.3958,8.22139835357666
09100302031,apartment,1,8.4727,8.349380493164062
09101202332,apartment,1,8.655,8.398781776428223
09101700898,apartment,1,7.9731,8.164106369018555
09101703048,apartment,1,7.7926,8.122787475585938
09102504596,apartment,1,8.1572,8.173035621643066
09102506785,apartment,1,8.1117,8.145889282226562
09104302710,apartment,2,8.0002,8.097603797912598
09104305681,apartment,2,8.0677,8.31869125366211
09104305922,apartment,2,8.118,8.308457374572754
09106107168,apartment,1,8.5778,8.496139526367188
09107603568,apartment,1,8.1543,8.207138061523438
09109503595,apartment,2,7.988,7.913376808166504
09116900839,apartment,2,8.0029,8.003610610961914
09117000572,apartment,2,7.6868,7.937650680541992
09117200261,apartment,2,8.24,8.026568412780762
09117201901,apartment,2,8.096,8.020766258239746
09117203457,apartment,2,8.1117,8.01975154876709
09121200701,apartment,2,8.3329,8.022650718688965
09121300641,apartment,2,7.9487,7.959616661071777
09122600507,apartment,2,7.9374,8.12523365020752
09122602356,apartment,2,8.7584,8.671990394592285
09125600737,apartment,2,8.0251,7.949346542358398
09136501077,apartment,2,7.7915,8.036131858825684
09159402571,apartment,1,8.3234,8.182080268859863
09159404248,apartment,1,8.0362,8.122257232666016
09302502341,apartment,2,8.0539,8.264618873596191
09302506681,apartment,2,8.5598,8.645364761352539
09302705250,apartment,2,8.5397,8.578470230102539
09302710221,apartment,2,8.729,8.600374221801758
09303401255,apartment,2,8.2182,8.164253234863281
09303402863,apartment,2,8.2912,8.334892272949219
09303404173,apartment,2,8.409,8.421480178833008
09303502736,apartment,2,8.4942,8.30107307434082
09303504097,apartment,2,8.6269,8.229805946350098
09303504771,apartment,2,8.5913,8.25430965423584
09303505220,apartment,2,8.5999,8.251629829406738
09304001900,apartment,2,8.7829,8.449919700622559
09304003393,apartment,2,8.5854,8.456755638122559
09304507774,apartment,2,8.6735,8.532069206237793
09305601707,apartment,2,8.3755,8.541712760925293
09422301203,apartment,2,8.3453,7.994126319885254
09422309832,apartment,2,8.253,8.006327629089355
09422316911,apartment,2,8.4039,8.409684181213379
09422318580,apartment,2,8.7226,8.417230606079102
09531200882,apartment,2,8.5717,8.682250022888184
09532300201,apartment,2,8.1566,8.267529487609863
09532302727,apartment,2,8.2311,8.267529487609863
09532307656,apartment,2,7.9823,8.151726722717285
09532307761,apartment,2,8.1787,8.151726722717285
09532308229,apartment,2,8.1188,8.141127586364746
09532309535,apartment,2,7.8796,8.180761337280273
09532310746,apartment,2,8.0754,8.141127586364746
09544401423,apartment,2,8.2821,8.121363639831543
09544401784,apartment,2,8.0776,8.094054222106934
09602310766,apartment,7,8.6042,8.8030366897583
09602600381,apartment,7,9.1281,8.76171875
09612701636,apartment,7,9.1384,8.757108688354492
09700205533,apartment,7,9.0052,8.655987739562988
09700208214,apartment,7,8.6995,8.490487098693848
09700300773,apartment,7,8.8397,8.535404205322266
09700306984,apartment,7,8.723,8.597175598144531
09700307360,apartment,7,8.657,8.6595458984375
09700307549,apartment,7,8.635,8.663061141967773
09700307662,apartment,7,8.6515,8.65916919708252
09700307816,apartment,7,8.6068,8.656947135925293
09700307913,apartment,7,8.6835,8.601973533630371
09700308065,apartment,7,8.5994,8.596128463745117
09700308278,apartment,7,8.6995,8.585540771484375
09700701964,apartment,7,8.7135,8.824557304382324
09700704483,apartment,7,8.796,8.794304847717285
09700900169,apartment,7,8.7471,8.469114303588867
09700902242,apartment,7,8.8521,8.511960983276367
09701400313,apartment,7,8.9505,8.784682273864746
09701705378,apartment,7,8.7248,8.698497772216797
09703300243,apartment,7,8.6439,8.57455825805664
09706400737,apartment,7,8.6728,8.58945083618164
09712609626,apartment,7,8.7866,8.867697715759277
09800600981,apartment,7,8.8408,8.770710945129395
09801105593,apartment,7,8.6771,8.74696159362793
09801106913,apartment,7,8.6622,8.771421432495117
09801111356,apartment,7,8.6836,8.710020065307617
09801114649,apartment,7,8.4684,8.711767196655273
09801801018,apartment,7,8.8551,8.769622802734375
09801801832,apartment,7,8.6886,8.778257369995117
09801803002,apartment,7,8.7422,8.797284126281738
09801803673,apartment,7,8.7776,8.774065017700195
09803000454,apartment,7,8.5496,8.736263275146484
09803005103,apartment,7,8.9492,8.879632949829102
09803007807,apartment,7,8.906,8.756979942321777
09803008544,apartment,7,8.9621,8.74353313446045
09803009516,apartment,7,9.1097,8.763189315795898
09803009613,apartment,7,8.9519,8.760250091552734
09803011650,apartment,7,9.0717,8.929159164428711
09803015230,apartment,7,8.844,8.830405235290527
09803015680,apartment,7,8.8699,8.851266860961914
09803016148,apartment,7,8.8749,8.851266860961914
09803016229,apartment,7,8.9177,8.838976860046387
09803016441,apartment,7,8.9025,8.853230476379395
09803019023,apartment,7,8.9018,8.832268714904785
09803103180,apartment,7,9.109,8.862144470214844
09803202537,apartment,7,8.9154,8.816824913024902
09803404954,apartment,7,8.615,8.861352920532227
09803405500,apartment,7,8.6514,8.865087509155273
09803405721,apartment,7,8.6691,8.865087509155273
09803406426,apartment,7,8.7175,8.854032516479492
09806302771,apartment,7,8.4543,8.868672370910645
09806500695,apartment,7,8.298,8.462510108947754
09900300386,apartment,7,8.2157,8.801706314086914
09900301455,apartment,7,8.4014,8.805556297302246
09900701062,apartment,7,8.8739,9.120604515075684
09901302706,apartment,7,8.7767,8.989755630493164
09901901375,apartment,7,8.6482,9.075982093811035
09904200564,apartment,7,8.6336,8.748743057250977
09904313253,apartment,7,8.5685,8.643902778625488
09904700516,apartment,7,8.2889,8.688851356506348
09905404155,apartment,7,8.7845,8.874053955078125
10002403918,apartment,9,8.3229,7.984033584594727
10003003824,apartment,9,8.4919,8.115472793579102
10003006203,apartment,9,7.9949,8.06855297088623
10003202177,apartment,9,8.2109,8.034104347229004
10005500795,apartment,9,8.2687,8.117935180664062
10005501406,apartment,9,7.8438,7.943212509155273
10005701499,apartment,9,8.2586,8.075133323669434
10005701960,apartment,9,8.3211,8.083069801330566
10009301584,apartment,9,8.6196,8.419705390930176
10009301703,apartment,9,8.6544,8.429811477661133
10009301851,apartment,9,8.7224,8.42644214630127
10009501842,apartment,9,8.5613,8.422713279724121
10100705651,apartment,8,8.0652,8.422928810119629
10105300501,apartment,8,7.9237,8.143583297729492
10107103991,apartment,8,8.2846,8.490654945373535
10107104831,apartment,8,8.6435,8.686872482299805
10107105399,apartment,8,8.7556,8.697543144226074
10111003546,apartment,8,8.165,8.353789329528809
10111400359,apartment,8,7.893,8.440853118896484
10111500744,apartment,8,8.1051,8.344269752502441
10111503204,apartment,8,8.2506,8.451444625854492
10111602946,apartment,8,8.4363,8.607352256774902
10113500652,apartment,8,7.8994,8.462839126586914
10115701116,apartment,8,8.2754,8.452550888061523
10120900490,apartment,8,8.4106,8.496453285217285
10120901403,apartment,8,8.2987,8.476837158203125
10131202048,apartment,8,8.6849,8.754656791687012
10131207392,apartment,8,8.6541,8.821949005126953
10131207414,apartment,8,8.9029,8.86115550994873
10131207910,apartment,8,8.6173,8.8291597366333
10131211594,apartment,8,8.8114,8.84682559967041
10132403640,apartment,8,8.3447,8.653203010559082
10134501798,apartment,8,8.4142,8.446288108825684
10138501040,apartment,8,9.0211,8.852981567382812
10138600421,apartment,8,8.8363,8.46509838104248
10138600537,apartment,8,8.788,8.436269760131836
10139100406,apartment,8,8.3792,8.503694534301758
10139905463,apartment,8,8.3432,8.542252540588379
10139906001,apartment,8,8.323,8.57458209991455
10139906011,apartment,8,8.363,8.574055671691895
10139907008,apartment,8,8.4704,8.610547065734863
10139907733,apartment,8,8.362,8.612014770507812
10139908616,apartment,8,8.321,8.574055671691895
10139909371,apartment,8,8.3392,8.552319526672363
10139910319,apartment,8,8.3332,8.57865047454834
10139910351,apartment,8,8.3432,8.574055671691895
10140000622,apartment,8,8.2344,8.4415283203125
10141401094,apartment,8,8.5629,8.404257774353027
10141503288,apartment,8,9.0606,8.835569381713867
10148607445,apartment,8,8.3284,8.435175895690918
10148607501,apartment,8,8.331,8.442841529846191
10149701054,apartment,8,9.2793,8.889220237731934
10152800319,apartment,8,8.4768,8.44920825958252
10152801501,apartment,8,8.5655,8.44920825958252
10152904416,apartment,8,8.7898,8.603534698486328
10154604339,apartment,6,8.1328,8.888834953308105
10154900825,apartment,8,8.2154,8.452729225158691
10155401921,apartment,6,7.8753,8.445577621459961
10155500758,apartment,8,7.6585,8.14387035369873
10155702660,apartment,8,8.4355,8.41723918914795
10155703020,apartment,8,8.3691,8.43781852722168
10155704515,apartment,8,8.5263,8.4426851272583
10155704906,apartment,8,8.3584,8.406744003295898
10155705491,apartment,8,7.8414,8.43614673614502
10155706186,apartment,8,8.0914,8.418623924255371
10157707368,apartment,8,8.3093,8.418559074401855
10158303791,apartment,8,8.4039,8.55967903137207
10158304747,apartment,8,8.6036,8.567322731018066
10161602702,apartment,8,8.476,8.530765533447266
10161603407,apartment,8,8.4167,8.456647872924805
10163000531,apartment,8,8.353,8.450238227844238
10203000731,apartment,9,8.4764,8.393074989318848
10203000942,apartment,9,8.4764,8.386127471923828
10203201328,apartment,9,8.5172,8.149742126464844
10206600762,apartment,9,8.2453,8.369474411010742
10206601076,apartment,9,8.581,8.324134826660156
10206601467,apartment,9,8.6411,8.30766773223877
10206603079,apartment,9,8.5239,8.400155067443848
10206604581,apartment,9,8.4674,8.295578002929688
10206605217,apartment,9,8.5074,8.304841995239258
10208802826,apartment,9,8.8049,8.234612464904785
10209700571,apartment,9,8.0696,8.075934410095215
10209900805,apartment,9,8.6201,8.411273956298828
10210403046,apartment,9,8.4905,8.33749008178711
10211104530,apartment,9,8.6226,8.727499008178711
10211803307,apartment,9,8.7487,8.350537300109863
10211803358,apartment,9,8.6928,8.297075271606445
10211902720,apartment,9,8.5778,8.27199649810791
10302533582,apartment,2,8.1784,8.089908599853516
10302557600,apartment,2,7.9434,8.480883598327637
10302558879,apartment,2,7.8685,8.402718544006348
10304700834,apartment,2,8.4289,8.120972633361816
10304701581,apartment,2,8.5172,8.11390209197998
10305004505,apartment,8,8.8493,8.782169342041016
10401000965,apartment,7,7.8924,8.088061332702637
10401101591,apartment,7,7.6927,8.019057273864746
10402401939,apartment,7,8.1557,8.106550216674805
10402701037,apartment,7,8.3211,8.32463264465332
10404904113,apartment,7,7.8604,7.997797012329102
10405501136,apartment,7,7.8147,8.290820121765137
10405504178,apartment,7,8.1699,8.706334114074707
10407402356,apartment,7,8.1252,8.306170463562012
10407406440,apartment,7,8.1222,8.358092308044434
10409501343,apartment,7,8.3052,8.48559284210205
10410304181,apartment,7,8.5929,8.918819427490234
10410304688,apartment,7,8.4555,8.894248962402344
10410305171,apartment,7,8.4555,8.901959419250488
10410902216,apartment,7,8.1229,8.589457511901855
10411401687,apartment,7,8.1807,8.583136558532715
10411500741,apartment,7,8.1281,8.485977172851562
10414005138,apartment,7,8.3786,8.503739356994629
10414007343,apartment,7,8.0064,8.513150215148926
10417801172,apartment,7,8.6715,9.131569862365723
10417801830,apartment,7,8.5629,9.14341926574707
10417802276,apartment,7,8.5035,9.121675491333008
10417802357,apartment,7,8.5172,9.131569862365723
10417802594,apartment,7,8.511,9.129146575927734
10417802721,apartment,7,8.5759,9.136837005615234
10417803485,apartment,7,8.5295,9.121675491333008
10417803817,apartment,7,8.6055,9.123702049255371
10417803868,apartment,7,8.5591,9.121675491333008
10417804252,apartment,7,8.7018,9.13747501373291
10502300999,apartment,7,8.2659,8.50462818145752
10516003525,apartment,7,8.7248,8.735380172729492
10628102304,apartment,7,8.5172,8.599739074707031
10707517256,apartment,7,8.3406,8.41222858428955
10709300629,apartment,7,8.5887,8.470715522766113
10711202647,apartment,7,8.1147,8.31512451171875
10718500996,apartment,7,8.1242,8.296564102172852
10718504428,apartment,7,8.0362,8.27055549621582
10721603342,apartment,7,7.8445,7.9363484382629395
10722401077,apartment,7,8.057,8.15620231628418
10729500771,apartment,4,7.9798,7.945478439331055
10729501646,apartment,4,7.9406,7.939711570739746
10743504223,apartment,7,8.2896,8.151163101196289
10743508547,apartment,7,8.6608,8.223592758178711
10743512838,apartment,7,8.6026,8.396844863891602
10743514377,apartment,7,8.5879,8.456194877624512
10743602306,apartment,7,8.5325,8.334951400756836
10744702150,apartment,7,8.0543,8.157144546508789
10744703025,apartment,7,8.096,8.171916961669922
10904302015,apartment,4,8.6975,8.269009590148926
10905202952,apartment,4,8.4584,8.237624168395996
10905208004,apartment,4,8.2352,8.240792274475098
11020401280,apartment,3,8.1229,8.241334915161133
11021301271,apartment,3,8.4431,8.495607376098633
11021901953,apartment,3,8.2428,8.287149429321289
11024302570,apartment,3,8.0064,8.143749237060547
11028801040,apartment,3,8.8049,8.63586711883545
11029000726,apartment,3,8.3349,8.48971939086914
11042602645,apartment,3,7.7047,8.035530090332031
11048102131,apartment,3,7.8835,8.101837158203125
11048702323,apartment,3,7.9633,8.10838794708252
11050712780,apartment,3,8.5983,8.575828552246094
11050713663,apartment,3,8.7403,8.602882385253906
11052002233,apartment,3,8.4142,8.261194229125977
11106601849,apartment,3,8.1022,8.433815002441406
11133301036,apartment,5,8.5119,8.716428756713867
11140700684,apartment,5,8.0839,7.935567855834961
11148805027,apartment,3,8.2224,8.114121437072754
11155307185,apartment,3,8.2998,8.280389785766602
11155307649,apartment,3,8.2428,8.26074504852295
11159200695,apartment,5,7.9549,8.096229553222656
11159203317,apartment,5,8.1106,8.084481239318848
11242200664,apartment,5,8.1713,8.137706756591797
11244401071,apartment,5,8.1605,8.279688835144043
11244401349,apartment,5,8.2586,8.118874549865723
11245601635,apartment,5,8.1728,7.949465751647949
11263103277,apartment,5,8.2623,8.008780479431152
11266402194,apartment,5,7.9137,7.888819217681885
11266406122,apartment,5,8.1237,7.98171854019165
11266406157,apartment,5,8.0893,7.969934463500977
11266406289,apartment,5,8.0195,7.992517948150635
11266406300,apartment,5,8.074,7.992517948150635
11267100541,apartment,5,8.3837,8.123906135559082
11285702149,apartment,5,8.0725,8.033036231994629
11285702238,apartment,5,8.2548,8.038179397583008
11301001855,apartment,3,8.8763,8.655220985412598
11302301445,apartment,3,8.4482,8.452818870544434
11304102601,apartment,3,8.0826,8.378093719482422
11308301161,apartment,3,8.5674,8.603126525878906
11308301242,apartment,3,8.5913,8.599827766418457
11316501034,apartment,3,8.2572,8.488056182861328
11316501069,apartment,3,8.4248,8.519235610961914
11316501107,apartment,3,8.5638,8.528691291809082
11317900714,apartment,3,8.7139,8.616025924682617
11325200981,apartment,3,8.645,8.601561546325684
11342201451,apartment,3,8.0668,8.282967567443848
11360701248,apartment,3,8.3549,8.524252891540527
11361500416,apartment,3,8.6088,8.447155952453613
11361501481,apartment,3,8.5705,8.476386070251465
11361502664,apartment,3,8.4752,8.485081672668457
11361503423,apartment,3,8.5442,8.467347145080566
11361505043,apartment,3,8.3311,8.457650184631348
11361506155,apartment,3,8.5172,8.442187309265137
11400101068,apartment,5,8.2601,8.267353057861328
11405800193,apartment,5,7.9427,8.113654136657715
11406405204,apartment,5,8.5025,8.608442306518555
11407505504,apartment,5,8.4233,8.079442024230957
11408601590,apartment,5,8.3228,8.265972137451172
11408901195,apartment,5,7.9896,7.959327697753906
11409903183,apartment,5,8.1532,7.978201389312744
11410800813,apartment,5,7.9896,8.063454627990723
11410800945,apartment,5,8.2428,8.05750560760498
11411003089,apartment,5,8.3371,8.117424011230469
11411003501,apartment,5,8.2372,8.122722625732422
11411003585,apartment,5,8.294,8.223036766052246
11411003658,apartment,5,8.1676,8.233355522155762
11411003755,apartment,5,8.3096,8.232542037963867
11411201476,apartment,5,7.7164,7.881933212280273
11411203924,apartment,5,7.7609,7.878465175628662
11411204009,apartment,5,7.8835,7.881933212280273
11411601806,apartment,5,8.0258,8.155056953430176
11412601346,apartment,5,8.3761,8.14380168914795
11412601370,apartment,5,8.3147,8.22103500366211
11412701881,apartment,5,8.2089,8.312700271606445
11419901205,apartment,5,8.2562,8.181402206420898
11419902066,apartment,5,8.163,8.283271789550781
11425501140,apartment,5,7.9274,7.854920864105225
11425801357,apartment,5,8.274,8.029033660888672
11426200756,apartment,5,7.6393,7.901985168457031
11430100868,apartment,5,8.2295,8.08722972869873
11437604861,apartment,5,8.0709,7.910551071166992
11437605671,apartment,5,8.2245,8.154122352600098
11437607585,apartment,5,8.5034,8.114212036132812
11437608336,apartment,5,8.3837,7.9422502517700195
11437611035,apartment,5,8.4839,7.937385082244873
11439100593,apartment,5,8.2187,8.158032417297363
11501805338,apartment,5,7.7571,8.328448295593262
11510500870,apartment,5,8.4145,8.549538612365723
11523504111,apartment,5,7.7245,7.890745639801025
11523504764,apartment,5,7.8793,7.902309417724609
11524900711,apartment,5,7.683,8.10567569732666
11524900949,apartment,5,7.9922,8.20462417602539
11534402348,apartment,5,8.197,8.148295402526855
11534403298,apartment,5,8.1932,8.16239070892334
11534403336,apartment,5,7.7232,8.148295402526855
11604903529,apartment,3,8.4347,8.338778495788574
11604904861,apartment,3,7.9547,8.371159553527832
11605503990,apartment,3,8.4592,8.37120246887207
11605506450,apartment,3,8.4068,8.394250869750977
11605507988,apartment,3,8.2637,8.392972946166992
11607503262,apartment,3,8.2421,8.402412414550781
11609500775,apartment,3,8.4505,8.495109558105469
11609500805,apartment,3,8.4505,8.490294456481934
11625001532,apartment,3,8.3261,8.579644203186035
11626402786,apartment,3,7.9576,8.219278335571289
11626402999,apartment,3,8.0247,8.213891983032227
11626403121,apartment,3,8.0998,8.20875072479248
11626701937,apartment,3,8.3904,8.354626655578613
11626702399,apartment,3,8.1468,8.358250617980957
11631704418,apartment,3,8.2538,8.231911659240723
11631704884,apartment,3,8.1759,8.23226261138916
11631903331,apartment,3,8.3106,8.236872673034668
11632001501,apartment,3,8.294,8.223111152648926
11632004754,apartment,3,8.5939,8.311907768249512
11632802731,apartment,3,8.1483,8.215710639953613
11633001813,apartment,3,8.3538,8.26330852508545
11633004251,apartment,3,8.2793,8.232000350952148
11633004987,apartment,3,8.0995,8.234199523925781
11636201341,apartment,3,8.4882,8.361748695373535
11640200796,apartment,3,8.3931,8.405158042907715
11640204279,apartment,3,8.279,8.365033149719238
11640204465,apartment,3,8.0317,8.293983459472656
11640204570,apartment,3,8.1858,8.256937026977539
11640204953,apartment,3,8.2245,8.372550010681152
11640703259,apartment,3,7.9576,8.209251403808594
11643901019,apartment,3,8.5172,8.718061447143555
11652604889,apartment,3,8.2703,8.456281661987305
11652606822,apartment,3,8.4652,8.485307693481445
11653701543,apartment,3,8.0677,8.116565704345703
11653802412,apartment,3,8.1892,8.422587394714355
11715200887,apartment,3,8.0376,8.359955787658691
11719500664,apartment,3,8.462,8.526896476745605
11726500801,apartment,3,8.5402,8.733549118041992
11728601346,apartment,3,8.0403,8.091858863830566
11730900673,apartment,3,8.1407,8.15842342376709
11730902544,apartment,3,8.1689,8.11453914642334
11730905829,apartment,3,8.1987,8.206730842590332
11730907112,apartment,3,8.689,8.378761291503906
11738704873,apartment,3,8.2376,8.125809669494629
11738707473,apartment,3,8.0995,8.125906944274902
11738708208,apartment,3,8.0225,8.125809669494629
11738708380,apartment,3,8.1535,8.123021125793457
11738708801,apartment,3,8.1358,8.125906944274902
11738709824,apartment,3,8.034,8.09156322479248
11739904353,apartment,3,8.2998,8.542584419250488
11741108331,apartment,3,8.5919,8.527422904968262
11744205913,apartment,3,8.1266,8.259575843811035
11744214017,apartment,3,8.6551,8.742094039916992
11808300571,apartment,3,8.1987,8.491466522216797
11812900731,apartment,3,8.3862,8.527193069458008
11819601969,apartment,3,8.2118,8.324450492858887
11819705810,apartment,3,8.4802,8.40284538269043
11830603123,apartment,9,8.3428,8.259830474853516
11830605533,apartment,9,8.6673,8.4381103515625
11834701251,apartment,9,8.6173,8.702957153320312
11835601676,apartment,9,8.1237,8.049446105957031
11836802942,apartment,9,8.3703,8.384420394897461
11838406661,apartment,3,8.3725,8.549448013305664
11847301532,apartment,9,8.4903,8.276185989379883
11852700271,apartment,9,8.2043,8.25754451751709
11852800223,apartment,9,7.8847,8.082608222961426
11852801742,apartment,9,8.0912,8.076708793640137
11853001103,apartment,9,8.3768,8.248278617858887
11853001200,apartment,9,8.1689,8.207021713256836
11854100733,apartment,9,8.6436,8.726044654846191
11854102086,apartment,9,8.5219,8.520181655883789
11913600725,apartment,1,7.9194,8.15848159790039
11913600989,apartment,1,8.0221,8.155482292175293
11915300575,apartment,1,7.8657,8.272762298583984
11917102258,apartment,1,8.0915,8.271784782409668
11919502350,apartment,1,8.4302,8.565940856933594
11928000771,apartment,1,8.4734,8.449668884277344
11928001490,apartment,1,8.392,8.46277141571045
11928001598,apartment,1,7.9659,8.522537231445312
11928002306,apartment,1,8.4566,8.467059135437012
11928002608,apartment,1,8.4154,8.510190963745117
11929808517,apartment,1,8.7701,8.843515396118164
11934101507,apartment,1,8.3428,8.152131080627441
11934200981,apartment,1,8.0064,8.164046287536621
11934201722,apartment,1,7.849,8.14559268951416
11934202001,apartment,1,7.7537,8.151198387145996
11934202011,apartment,1,7.8714,8.147770881652832
11934300488,apartment,1,8.4752,8.346834182739258
11934303134,apartment,1,8.1586,8.347085952758789
11934303568,apartment,1,8.2157,8.341907501220703
11934308225,apartment,1,8.1731,8.289604187011719
11934308837,apartment,1,7.824,8.224365234375
11934311404,apartment,1,7.9329,8.305537223815918
11934900914,apartment,1,8.2346,8.347452163696289
11934904030,apartment,1,8.535,8.518717765808105
11934904162,apartment,1,8.5172,8.518117904663086
11934904219,apartment,1,8.409,8.518117904663086
11934904316,apartment,1,8.6687,8.5851469039917
11934905223,apartment,1,8.3811,8.589593887329102
11934905665,apartment,1,8.4808,8.581045150756836
12002100712,apartment,2,8.1117,8.122435569763184
12002402867,apartment,2,8.4767,8.50313949584961
12002403121,apartment,2,8.3994,8.486316680908203
12002801729,apartment,2,8.7541,8.576435089111328
12003403131,apartment,2,8.3387,8.405917167663574
12003403921,apartment,2,8.4254,8.383667945861816
12003404111,apartment,2,8.4995,8.388934135437012
12003404715,apartment,2,8.4995,8.396053314208984
12003406777,apartment,2,8.537,8.667616844177246
12003406912,apartment,2,8.6995,8.813056945800781
12003410510,apartment,2,8.8679,8.640457153320312
12003411134,apartment,2,8.6163,8.631564140319824
12004208324,apartment,2,8.6648,8.7132568359375
12007708001,apartment,2,8.5172,8.499658584594727
12007803495,apartment,2,8.2589,8.14281177520752
12007804181,apartment,2,8.5172,8.173362731933594
12007809086,apartment,2,8.1605,8.3905668258667
12007816139,apartment,2,8.5725,8.492207527160645
12007817550,apartment,2,8.3349,8.507869720458984
12007817933,apartment,2,8.4286,8.485237121582031
12007819502,apartment,2,8.4324,8.505721092224121
12007823674,apartment,2,8.4839,8.473402976989746
12007823811,apartment,2,8.4482,8.507869720458984
12012703401,apartment,2,7.6487,7.977116584777832
12031101187,apartment,2,8.8144,8.686358451843262
12040203922,apartment,2,7.81,8.003785133361816
12040204023,apartment,2,8.2645,7.992408275604248
12040800947,apartment,2,8.1751,8.292337417602539
12040801048,apartment,2,8.0032,8.291486740112305
12040801153,apartment,2,8.1751,8.343232154846191
12040802907,apartment,2,8.1075,8.320980072021484
12040803644,apartment,2,8.2379,8.264366149902344
12040809960,apartment,2,8.2987,8.282183647155762
12040810144,apartment,2,7.7848,8.179468154907227
12040811809,apartment,2,8.4611,8.530598640441895
12040812082,apartment,2,8.4345,8.538262367248535
12041100671,apartment,2,8.3576,8.550509452819824
12041105118,apartment,2,8.3706,8.415844917297363
12042502110,apartment,2,8.2901,8.334628105163574
12044200804,apartment,2,8.3002,8.213936805725098
12103903446,apartment,2,8.3782,8.545849800109863
12109500831,apartment,2,8.2685,7.997839450836182
12111407460,apartment,2,8.2171,8.10006332397461
12111602441,apartment,2,8.0546,8.111470222473145
12117000826,apartment,2,7.8604,8.055274963378906
12125001429,apartment,2,8.1887,8.34141731262207
12125907401,apartment,2,8.4189,8.573267936706543
12200403266,apartment,8,8.4457,8.52263069152832
12200702328,apartment,8,8.8841,8.736448287963867
12200704411,apartment,8,8.635,8.730439186096191
12203500548,apartment,8,7.6009,7.965133190155029
12203900260,apartment,8,8.2295,8.06885051727295
12208001140,apartment,8,7.693,7.981777191162109
12208801147,apartment,8,8.1918,8.2590970993042
12209102341,apartment,8,7.8153,8.094707489013672
12210101416,apartment,8,8.096,8.09748363494873
12210101718,apartment,8,8.1557,8.096407890319824
12210102242,apartment,8,8.2331,8.088949203491211
12213303419,apartment,8,7.7985,7.851889610290527
12214502962,apartment,8,7.9258,7.987545013427734
12214505856,apartment,8,7.9576,8.089473724365234
12214507468,apartment,8,8.1619,8.073533058166504
12214507905,apartment,8,8.3257,8.064104080200195
12214509320,apartment,8,8.2802,8.080697059631348
12214509533,apartment,8,8.1619,8.071343421936035
12214509894,apartment,8,8.3253,8.081783294677734
12214510191,apartment,8,8.2138,8.064104080200195
12214600298,apartment,8,8.0413,8.099193572998047
12214600859,apartment,8,8.0126,8.087911605834961
12214601685,apartment,8,8.0721,8.088863372802734
12214601812,apartment,8,7.9768,8.080140113830566
12217401946,apartment,8,7.8859,8.035978317260742
12300201584,apartment,8,8.1117,8.45763111114502
12300501251,apartment,8,8.4333,8.688675880432129
12300503661,apartment,8,8.6662,8.626138687133789
12300900881,apartment,8,8.6323,8.682683944702148
12301500798,apartment,8,8.0098,8.233899116516113
12301502065,apartment,8,8.223,8.224682807922363
12307101356,apartment,8,8.0985,8.290513038635254
12307101372,apartment,8,8.1377,8.27406120300293
12310103119,apartment,8,8.2548,8.310101509094238
12310107068,apartment,8,8.453,8.291934967041016
12310302286,apartment,8,8.1543,8.563735961914062
12310302723,apartment,8,8.079,8.564268112182617
12315103028,apartment,8,8.8123,8.505373001098633
12322700753,apartment,8,8.1624,8.276907920837402
12322701954,apartment,8,8.1577,8.278219223022461
12408400588,apartment,7,8.382,8.399347305297852
12410402215,apartment,7,8.4995,8.553915023803711
12411600789,apartment,7,8.2898,8.628243446350098
12412001749,apartment,7,8.2048,8.340313911437988
12412002222,apartment,7,8.4925,8.336156845092773
12416501495,apartment,7,7.9521,8.176565170288086
12417405767,apartment,7,7.9207,8.448702812194824
12417407603,apartment,7,8.4995,8.567390441894531
12417408928,apartment,7,8.6945,8.582775115966797
12417501863,apartment,7,8.3257,8.588061332702637
12502100398,apartment,7,7.9984,8.242836952209473
12512403474,apartment,7,8.1172,8.266736030578613
12512403891,apartment,7,8.2185,8.275835990905762
12513105035,apartment,7,8.3666,8.680976867675781
12516600541,apartment,7,8.0317,8.250802040100098
12516900502,apartment,7,8.4237,8.507528305053711
12728902819,apartment,4,8.3066,8.026028633117676
12731000200,apartment,4,8.3318,8.250176429748535
12731000936,apartment,4,8.4537,8.240713119506836
12731006081,apartment,4,8.5017,8.239048957824707
12731007108,apartment,4,8.2785,8.235146522521973
12821200918,apartment,4,8.3473,8.202256202697754
12821300718,apartment,4,8.4362,8.33277702331543
12902301153,apartment,3,7.926,8.277708053588867
12902301927,apartment,3,7.3545,8.286800384521484
12902302011,apartment,3,7.9146,8.283492088317871
12902302559,apartment,3,7.7611,8.305571556091309
12902303679,apartment,3,7.8034,8.326624870300293
13010901428,apartment,3,8.2501,8.290553092956543
13010901959,apartment,3,8.3473,8.314335823059082
13012901158,apartment,3,7.9128,8.142196655273438
13014002371,apartment,3,8.3399,8.240487098693848
13014003191,apartment,3,7.9911,8.212485313415527
13014003319,apartment,3,7.9844,8.256448745727539
13014200688,apartment,3,8.4407,8.240818977355957
13014203385,apartment,3,8.2118,8.198286056518555
13014204284,apartment,3,8.2583,8.234066009521484
13031002546,apartment,3,8.0189,8.080901145935059
13031004050,apartment,3,7.9121,8.175118446350098
13032704943,apartment,5,7.8162,8.209531784057617
13037000200,apartment,3,7.803,8.02747917175293
13037001789,apartment,3,7.7595,8.059103012084961
13100303074,apartment,5,7.8109,7.913311004638672
13109702060,apartment,5,7.9817,7.98024320602417
13109702338,apartment,5,8.0617,7.989299297332764
13109702486,apartment,5,8.077,7.974142551422119
13110901322,apartment,5,8.1277,7.925728797912598
13111203106,apartment,5,8.2836,8.350227355957031
13327808197,apartment,5,8.0164,8.186326026916504
13328005977,apartment,5,7.9089,8.029339790344238
13409000241,apartment,5,8.1196,8.052607536315918
13446404456,apartment,5,7.7138,7.9695024490356445
13446404650,apartment,5,7.7331,7.9695024490356445
13522801554,apartment,5,8.3349,8.181784629821777
13538902649,apartment,5,8.0133,7.990201473236084
13625901632,apartment,5,7.7339,7.998688697814941
13632301041,apartment,5,8.1328,8.19056224822998
13704101876,apartment,5,8.5172,8.229072570800781
13706200235,apartment,5,7.6795,8.007343292236328
13706200472,apartment,5,7.7926,7.953685760498047
13706301376,apartment,5,7.9959,8.305887222290039
13714201695,apartment,5,7.8982,7.969582557678223
13805202694,apartment,5,7.9736,7.86427640914917
13811101349,apartment,5,8.0893,7.965549945831299
13834901465,apartment,5,8.6011,8.40965747833252
13834901473,apartment,5,8.6011,8.40965747833252
13834901503,apartment,5,8.625,8.41948127746582
13834901661,apartment,5,8.6121,8.405360221862793
13834905320,apartment,5,8.8198,8.58636474609375
13834905691,apartment,5,8.8222,8.591207504272461
13834908680,apartment,5,8.6011,8.42867374420166
13834908893,apartment,5,8.6312,8.4360990524292
13903003548,apartment,5,8.1388,8.17317008972168
13906600644,apartment,5,8.0025,8.055197715759277
13907402218,apartment,5,8.0451,8.05954360961914
13918700398,apartment,5,7.7517,8.103821754455566
14000400419,apartment,5,7.7863,7.937539100646973
14026606944,apartment,5,7.9391,8.079073905944824
14027103407,apartment,5,8.0783,8.029345512390137
14028100371,apartment,5,7.9329,7.787301063537598
14102001580,apartment,5,8.0383,7.929454326629639
14102600964,apartment,5,8.1639,8.118988037109375
14105701184,apartment,5,8.0652,7.8976616859436035
14105701941,apartment,5,7.916,7.8976616859436035
14105705661,apartment,5,7.7544,7.900872707366943
14202000853,apartment,5,8.3147,8.242575645446777
14202800787,apartment,5,8.4039,8.357834815979004
14208001711,apartment,5,8.6373,8.602964401245117
14208301197,apartment,5,8.7179,8.361363410949707
14208301227,apartment,5,8.781,8.432635307312012
14208301480,apartment,5,8.6603,8.453731536865234
14208600542,apartment,5,8.6108,8.328104019165039
14209400520,apartment,5,8.1873,8.187929153442383
14209601275,apartment,5,8.0898,8.156158447265625
14210200483,apartment,5,8.3021,8.28945255279541
14210200531,apartment,5,8.3021,8.28810977935791
14211900721,apartment,5,8.3321,8.30623722076416
14213500763,apartment,5,8.5172,8.400544166564941
14216202208,apartment,5,8.2453,8.134419441223145
14301902243,apartment,3,8.3143,8.493557929992676
14302400314,apartment,3,7.8403,8.451371192932129
14302502524,apartment,3,8.0652,8.326534271240234
14303001561,apartment,3,8.3862,8.37797737121582
14304600167,apartment,3,8.3205,8.363058090209961
14304801057,apartment,3,8.2118,8.32984447479248
14307203002,apartment,5,8.1117,8.151071548461914
14307206461,apartment,5,8.3837,8.322005271911621
14307302205,apartment,5,8.1773,8.186901092529297
14307303090,apartment,5,8.4966,8.186064720153809
14401801457,apartment,5,8.3773,8.171799659729004
14406501931,apartment,5,8.1117,8.332716941833496
14410501282,apartment,5,8.0539,8.00589656829834
14410503171,apartment,5,7.838,8.161781311035156
14416102185,apartment,5,7.768,7.9881792068481445
14416107411,apartment,5,8.6915,8.59721851348877
14420801122,apartment,5,7.7933,8.208117485046387
14602300854,apartment,3,8.3622,8.417875289916992
14603100735,apartment,3,8.4505,8.357769012451172
14612900765,apartment,3,7.8067,8.125243186950684
14707502414,apartment,3,8.7167,8.219259262084961
14719700445,apartment,3,7.8355,8.040508270263672
14719703126,apartment,3,7.824,8.011062622070312
14719800687,apartment,3,7.8886,8.064870834350586
14719801896,apartment,3,7.8625,8.030096054077148
14719803831,apartment,3,7.7945,7.975976467132568
14720502661,apartment,3,7.8623,8.064759254455566
14720503275,apartment,3,8.1091,8.125362396240234
14720504425,apartment,3,7.9619,8.079673767089844
14720504468,apartment,3,7.8435,8.050359725952148
14728200603,apartment,3,8.0446,8.2274808883667
14728201081,apartment,3,8.0947,8.25454044342041
14728205362,apartment,3,8.0962,8.208285331726074
14728208302,apartment,3,7.9891,8.179529190063477
14728208469,apartment,3,8.0396,8.171051979064941
14728211141,apartment,3,8.002,8.195414543151855
14728212350,apartment,3,8.4372,8.431853294372559
14728215031,apartment,3,8.6055,8.42146110534668
14728217281,apartment,3,8.355,8.305879592895508
14729302361,apartment,3,8.5457,8.326403617858887
14729302574,apartment,3,8.2855,8.378931045532227
14729304321,apartment,3,8.3117,8.33067512512207
14729304585,apartment,3,8.4684,8.33067512512207
14729304951,apartment,3,8.6558,8.318320274353027
14731100894,apartment,3,8.3811,8.390007019042969
14733600479,apartment,5,8.3931,8.24114990234375
14733803477,apartment,5,7.9715,7.852249622344971
14733808665,apartment,5,8.2385,8.183609008789062
14734002001,apartment,5,8.1183,8.130504608154297
14735001203,apartment,5,8.0472,8.053571701049805
14735001637,apartment,5,7.9853,8.033576965332031
14735200788,apartment,3,7.9317,8.288244247436523
14735200958,apartment,3,7.9111,8.286859512329102
14805001691,apartment,3,7.5279,7.921817302703857
14815400465,apartment,3,8.1689,8.300248146057129
14818901309,apartment,3,8.0359,8.181779861450195
14908700426,apartment,3,7.901,8.31476879119873
14932601221,apartment,3,7.9403,8.278953552246094
14932601335,apartment,3,7.7742,8.284937858581543
14935200102,apartment,3,7.9988,8.273367881774902
15002902005,apartment,3,8.1951,8.300992965698242
15028504211,apartment,5,8.1388,8.265456199645996
15028507421,apartment,5,8.1807,8.27566146850586
15028508282,apartment,5,7.7637,8.240967750549316
15028600332,apartment,3,8.1987,8.289708137512207
15106400480,apartment,3,8.0598,8.166647911071777
15110202299,apartment,5,8.1032,8.229202270507812
15112302827,apartment,5,8.0529,8.063569068908691
15112304234,apartment,5,7.9728,8.044856071472168
15112304651,apartment,5,7.9103,8.044856071472168
15112305605,apartment,5,8.0854,8.14334774017334
15119903281,apartment,5,8.0164,8.246001243591309
15119905871,apartment,5,8.2509,8.197470664978027
15119906396,apartment,5,8.0487,8.21794605255127
15119906965,apartment,5,8.0864,8.211010932922363
15119907759,apartment,5,7.7063,8.24201774597168
15120003728,apartment,5,8.3489,8.325304985046387
15120005895,apartment,5,8.3816,8.328109741210938
15120008509,apartment,5,8.2385,8.320158958435059
15120009221,apartment,5,8.3573,8.246912002563477
15212402696,apartment,3,8.415,8.309247016906738
15310404588,apartment,3,8.1742,8.189350128173828
15408001112,apartment,3,8.5668,8.414713859558105
15408001661,apartment,3,8.3109,8.422828674316406
15408001708,apartment,3,8.5172,8.423357009887695
15413106441,apartment,3,7.6454,8.027156829833984
15423101831,apartment,3,8.3143,8.484033584594727
15423904950,apartment,3,7.6059,8.40875244140625
15423905302,apartment,3,8.1117,8.417037010192871
15425301269,apartment,3,8.0897,8.481609344482422
15509801149,apartment,3,8.1591,8.20445728302002
15523011230,apartment,3,7.9911,8.297307968139648
15523017281,apartment,3,8.3286,8.473711967468262
15523017451,apartment,3,8.3837,8.46943473815918
15523019096,apartment,3,8.5172,8.46943473815918
15523019959,apartment,3,8.6068,8.469913482666016
15523021678,apartment,3,8.4457,8.498308181762695
15523021732,apartment,3,8.558,8.496252059936523
15523025517,apartment,3,8.1763,8.517009735107422
15523028370,apartment,3,8.1445,8.514372825622559
15528302101,apartment,3,8.3021,8.46937084197998
15536906541,apartment,3,8.0679,8.425097465515137
15603604890,apartment,3,7.9596,8.157485961914062
15603608136,apartment,3,7.453,8.170122146606445
15603612214,apartment,3,7.6397,8.194265365600586
15603612966,apartment,3,7.8724,8.26636028289795
15603612982,apartment,3,7.9625,8.266396522521973
15603615647,apartment,3,8.0292,8.257332801818848
15603619847,apartment,3,7.824,8.182419776916504
15603800762,apartment,3,8.5172,8.560312271118164
15603806906,apartment,3,8.6458,8.565625190734863
15705904516,apartment,1,8.0652,8.161824226379395
15705905210,apartment,1,8.1706,8.200166702270508
15705905520,apartment,1,8.1117,8.191802978515625
15707901468,apartment,1,8.5374,8.564793586730957
15707910378,apartment,1,8.3862,8.54561996459961
15709608512,apartment,1,7.9984,8.152811050415039
15709609756,apartment,1,7.7063,8.114044189453125
15709610924,apartment,1,7.8341,8.13475513458252
15709614512,apartment,1,8.6095,8.56065559387207
15709620849,apartment,1,8.2376,8.168014526367188
15710400547,apartment,1,7.8835,8.102222442626953
15710401241,apartment,1,8.0266,8.103742599487305
15710500576,apartment,1,8.2489,8.202398300170898
15711100237,apartment,1,7.8337,8.092491149902344
15713006701,apartment,1,8.0403,8.118565559387207
15713008079,apartment,1,8.0329,8.116203308105469
15713010235,apartment,1,8.3888,8.29676342010498
15713010502,apartment,1,8.1807,8.439740180969238
15713018988,apartment,1,8.3413,8.557709693908691
15718601991,apartment,1,7.9898,8.296184539794922
15720801722,apartment,1,8.1807,8.216203689575195
15721000642,apartment,1,7.9939,8.23375129699707
15721001584,apartment,1,7.9294,8.241514205932617
15721003201,apartment,1,8.4495,8.228729248046875
15721003552,apartment,1,8.3927,8.227739334106445
15721006322,apartment,1,8.0214,8.20443344116211
15721300859,apartment,1,7.824,7.988003730773926
15721301413,apartment,1,7.8312,7.985063552856445
15721402767,apartment,1,8.0943,8.219842910766602
15721403844,apartment,1,8.2536,8.241180419921875
15722000824,apartment,1,8.0523,8.16137981414795
15722403686,apartment,1,8.0415,8.028502464294434
15722900752,apartment,1,8.239,8.091686248779297
15722901392,apartment,1,8.192,8.249658584594727
15722901937,apartment,1,8.0014,8.240960121154785
15722902259,apartment,1,8.2043,8.25044059753418
15722905908,apartment,1,7.7018,7.967548370361328
15722907595,apartment,1,7.805,8.056007385253906
15722909660,apartment,1,8.1213,8.061052322387695
15722912181,apartment,1,7.744,8.058815956115723
15722919348,apartment,1,8.1117,8.297648429870605
15722923231,apartment,1,8.351,8.200624465942383
15722923507,apartment,1,8.273,8.19052791595459
15722924007,apartment,1,8.3001,8.19257926940918
15722926565,apartment,1,7.9032,8.272375106811523
15722927669,apartment,1,7.7634,8.267949104309082
15722928721,apartment,1,8.0247,8.408926963806152
15903800601,apartment,8,8.6713,8.62557601928711
15903802019,apartment,8,8.5374,8.638202667236328
15908800480,apartment,8,8.2127,8.186367988586426
15908800901,apartment,8,8.1055,8.185271263122559
15908803390,apartment,8,8.1634,8.468162536621094
15909800492,apartment,8,7.77,8.061413764953613
15913500694,apartment,8,7.9857,8.303823471069336
15914001195,apartment,8,8.0523,8.098512649536133
15914002019,apartment,8,8.1025,8.107124328613281
15915900649,apartment,8,7.4456,8.445784568786621
15915901734,apartment,8,7.8103,8.445463180541992
15916509285,apartment,8,8.479,8.616507530212402
15916517601,apartment,8,8.2462,8.610641479492188
15916517660,apartment,8,8.2649,8.618725776672363
15916517709,apartment,8,8.2271,8.61674976348877
15916519752,apartment,8,8.2035,8.625569343566895
15916601874,apartment,8,8.1605,8.477519035339355
15916603362,apartment,8,8.137,8.454307556152344
15916603435,apartment,8,8.0858,8.463227272033691
15916604271,apartment,8,8.2025,8.470291137695312
15916606523,apartment,8,8.0734,8.476547241210938
15916606744,apartment,8,8.1977,8.458580017089844
15916607422,apartment,8,8.0317,8.458580017089844
15916608305,apartment,8,8.34,8.480958938598633
15916608585,apartment,8,8.0672,8.459878921508789
15916801377,apartment,8,8.411,8.135437965393066
15917705304,apartment,8,7.8575,8.231253623962402
15917708532,apartment,8,7.832,8.204419136047363
15917711584,apartment,8,8.1288,8.337372779846191
15917712815,apartment,8,8.2102,8.358731269836426
15917713668,apartment,8,8.1483,8.387354850769043
15921002738,apartment,8,8.1543,8.499641418457031
15921004579,apartment,8,8.8408,8.748884201049805
15921006547,apartment,8,8.8444,8.753780364990234
15929105900,apartment,8,8.3741,8.497069358825684
15929109418,apartment,8,8.363,8.594379425048828
15929109655,apartment,8,8.3741,8.612894058227539
15929109965,apartment,8,8.4682,8.624662399291992
15929114391,apartment,8,8.3261,8.620196342468262
15929115681,apartment,8,8.3741,8.619839668273926
15929117453,apartment,8,8.3349,8.616217613220215
15929117496,apartment,8,8.4674,8.600300788879395
15930801915,apartment,8,7.5147,8.066277503967285
16004901813,apartment,8,8.0376,8.106554985046387
16004904987,apartment,8,8.3962,8.083855628967285
16010901811,apartment,8,7.4392,8.27833080291748
16017301194,apartment,8,8.059,8.055935859680176
16017701869,apartment,8,8.0064,7.992481231689453
16017705678,apartment,8,8.2083,8.002058029174805
16017705996,apartment,8,8.3434,8.106794357299805
16017901213,apartment,8,8.0973,8.062849044799805
16019501506,apartment,8,8.2521,8.276123046875
16019502723,apartment,8,8.2521,8.277984619140625
16021303521,apartment,8,8.1335,8.0797758102417
16021701215,apartment,8,7.7287,8.060576438903809
16023801128,apartment,8,8.2978,8.213666915893555
16023801251,apartment,8,8.5965,8.204153060913086
16023901653,apartment,8,8.0256,7.990111827850342
16024901126,apartment,8,8.3059,8.272418975830078
16026900461,apartment,8,8.2623,8.33086109161377
16026902154,apartment,8,8.2642,8.281766891479492
16026902456,apartment,8,8.3554,8.321394920349121
16026903045,apartment,8,8.2623,8.317852973937988
16027702353,apartment,8,8.5952,8.523727416992188
16027702612,apartment,8,8.6439,8.523648262023926
16027704161,apartment,8,8.7096,8.471055030822754
16027704720,apartment,8,8.6781,8.513749122619629
16028302995,apartment,8,8.4188,8.24942684173584
16028701008,apartment,8,8.2295,8.304726600646973
16028701441,apartment,8,8.1315,8.296092987060547
16036804491,apartment,8,8.1233,7.996066570281982
16036805585,apartment,8,8.1682,8.00296401977539
16036812271,apartment,8,8.6305,8.260814666748047
16036812573,apartment,8,8.7403,8.281899452209473
16037001951,apartment,8,8.3468,8.083636283874512
16037002117,apartment,8,8.265,8.082059860229492
16037002478,apartment,8,9.1938,8.45541763305664
16037006147,apartment,8,8.9872,8.316274642944336
16200100984,apartment,2,8.0679,8.326895713806152
16200105110,apartment,2,8.1233,8.466421127319336
16200106575,apartment,2,8.6748,8.530683517456055
16200109019,apartment,2,8.2628,8.562219619750977
16200111056,apartment,2,8.394,8.544065475463867
16200112869,apartment,2,8.7208,8.567937850952148
16200115302,apartment,2,8.8858,8.575678825378418
16200116481,apartment,2,8.9513,8.535298347473145
16200117828,apartment,2,8.8698,8.53279972076416
16200122104,apartment,2,8.5925,8.598458290100098
16200136180,apartment,2,8.4154,8.584134101867676
16200136512,apartment,2,8.3886,8.567427635192871
16200145929,apartment,2,8.2533,8.69123649597168
16200501792,apartment,2,8.5839,8.301424980163574
16200503736,apartment,2,8.3688,8.303069114685059
16200503981,apartment,2,8.4998,8.303069114685059
16203501327,apartment,2,8.465,8.440945625305176
16203606714,apartment,2,8.4839,8.380145072937012
16203609705,apartment,2,8.267,8.368131637573242
16203610797,apartment,2,8.1304,8.417119026184082
16205102926,apartment,2,8.1605,8.381573677062988
16208400502,apartment,2,8.7072,8.778787612915039
16221300761,apartment,2,8.0848,8.286989212036133
16221602520,apartment,2,7.9207,8.088752746582031
16325601148,apartment,2,7.9176,8.032472610473633
16325602276,apartment,2,8.1205,8.024324417114258
16325700626,apartment,2,7.7187,7.9835686683654785
16511710989,apartment,8,8.4118,8.328773498535156
16511711594,apartment,8,8.4978,8.401164054870605
16513500981,apartment,8,8.1353,8.415879249572754
16513500991,apartment,8,8.2659,8.37972640991211
16536502778,apartment,2,7.7194,7.787121772766113
16536503499,apartment,2,7.5314,7.745988845825195
16537104253,apartment,2,8.5703,8.230480194091797
16537111071,apartment,2,8.4611,8.23044204711914
16540402146,apartment,2,7.9176,7.7634477615356445
16540700295,apartment,2,7.9194,7.963818550109863
16540700392,apartment,2,8.0472,7.967520236968994
16541406676,apartment,2,8.2179,8.27027416229248
16600403763,apartment,8,8.2158,8.0718355178833
16603305134,apartment,8,8.6226,8.513810157775879
16606502674,apartment,8,7.9431,8.057497024536133
16624902735,apartment,8,8.2295,8.403849601745605
16624906153,apartment,8,8.235,8.422791481018066
16624906277,apartment,8,8.3953,8.424025535583496
16624908751,apartment,8,8.127,8.306856155395508
16624909871,apartment,8,8.1117,8.328781127929688
16624911203,apartment,8,7.7264,8.307599067687988
16626708111,apartment,8,8.3493,8.424670219421387
16626708146,apartment,8,8.6583,8.422290802001953
16626709053,apartment,8,8.3894,8.418635368347168
16701402241,apartment,8,8.0529,8.279229164123535
16715904633,apartment,8,7.4335,7.884847164154053
16721801581,apartment,8,8.263,8.351624488830566
16805900688,apartment,8,7.8996,7.928936004638672
16809301622,apartment,8,8.0405,8.07913589477539
16809301681,apartment,8,8.096,8.079914093017578
16810001815,apartment,8,7.7933,7.941030979156494
16810003931,apartment,8,8.4161,8.451441764831543
16813000925,apartment,8,7.8427,7.938955307006836
16813001107,apartment,8,7.6962,7.932510852813721
16825608613,apartment,8,8.8426,8.086309432983398
16825608885,apartment,8,8.581,8.08332633972168
16829701014,apartment,8,7.9798,8.127041816711426
16829707391,apartment,8,8.0175,8.167109489440918
16832001834,apartment,8,7.9139,7.979910850524902
16832002326,apartment,8,7.9215,7.994437217712402
16832407180,apartment,8,8.1487,8.077901840209961
16900901653,apartment,8,8.0186,8.342320442199707
16900902609,apartment,8,8.0348,8.342320442199707
16900908720,apartment,8,8.0348,8.291434288024902
16900915719,apartment,8,8.1481,8.332012176513672
16900923681,apartment,8,8.1763,8.614995002746582
16900929541,apartment,8,8.074,8.58642292022705
16901800370,apartment,8,8.1367,8.59056282043457
16901901614,apartment,8,8.2424,8.531266212463379
16902001285,apartment,8,8.5019,8.619832038879395
16902001846,apartment,8,8.5817,8.641233444213867
16902002001,apartment,8,8.4833,8.646377563476562
16902100879,apartment,8,8.0012,8.616085052490234
16902103398,apartment,8,8.1828,8.659892082214355
16902106559,apartment,8,8.36,8.732942581176758
16902301602,apartment,8,8.409,8.574828147888184
16902302056,apartment,8,8.3501,8.591837882995605
16902304131,apartment,8,8.2143,8.574928283691406
16902601241,apartment,8,7.9795,8.484487533569336
16902601835,apartment,8,8.0819,8.523852348327637
16902800714,apartment,8,8.5397,8.564915657043457
16902800927,apartment,8,8.3966,8.573816299438477
16902801303,apartment,8,8.4358,8.576018333435059
16902803780,apartment,8,8.099,8.57208251953125
16902803837,apartment,8,8.2803,8.573543548583984
16903101739,apartment,8,8.1263,8.64792537689209
16903600883,apartment,8,8.2078,8.515800476074219
16903601571,apartment,8,8.4392,8.53342342376709
16903602071,apartment,8,8.3157,8.546040534973145
16903602576,apartment,8,8.3374,8.553296089172363
16903602940,apartment,8,8.294,8.51673412322998
16903603602,apartment,8,8.3819,8.550265312194824
16903702880,apartment,8,8.1784,8.471500396728516
16903901875,apartment,8,8.5672,8.58879566192627
16904003420,apartment,8,8.1328,8.519829750061035
16904004362,apartment,8,8.3559,8.51539134979248
16904006721,apartment,8,8.6103,8.65941047668457
16904006861,apartment,8,8.5317,8.642936706542969
16904007485,apartment,8,8.3717,8.611531257629395
16904007681,apartment,8,8.428,8.65196418762207
16904007841,apartment,8,8.6081,8.65196418762207
16904007981,apartment,8,8.6516,8.67743968963623
16906202781,apartment,8,8.1942,8.534517288208008
16906203060,apartment,8,8.2228,8.552970886230469
16907600438,apartment,8,7.9519,8.2372407913208
16908401110,apartment,8,7.8989,8.379773139953613
16908903485,apartment,8,7.9365,8.13226318359375
16911901196,apartment,8,8.3075,8.316474914550781
16911902631,apartment,8,8.372,8.33260440826416
16911903237,apartment,8,8.3075,8.349797248840332
16911903555,apartment,8,8.0189,8.478693962097168
16911903970,apartment,8,7.8764,8.479717254638672
16911904578,apartment,8,8.0368,8.490792274475098
16911905167,apartment,8,7.5558,8.489930152893066
16919700947,apartment,8,7.8909,8.476237297058105
16919701978,apartment,8,8.4589,8.690380096435547
16919703377,apartment,8,8.3866,8.522157669067383
16919703415,apartment,8,8.3042,8.550960540771484
16919903201,apartment,8,8.3872,8.616856575012207
16919904593,apartment,8,8.4344,8.657323837280273
16919904992,apartment,8,8.5344,8.674633979797363
16919907444,apartment,8,8.6149,8.752795219421387
16920201861,apartment,8,8.4719,8.727418899536133
16920303034,apartment,8,8.3712,8.723565101623535
16920501995,apartment,8,8.4755,8.75965690612793
16920502071,apartment,8,8.4231,8.771056175231934
16920504579,apartment,8,8.5689,8.77432632446289
16920601302,apartment,8,7.9993,8.568324089050293
16921205087,apartment,8,8.4452,8.625232696533203
16921206131,apartment,8,8.4482,8.624917984008789
16921400823,apartment,8,8.294,8.311477661132812
16921402435,apartment,8,8.0739,8.546156883239746
16921402451,apartment,8,8.1348,8.57590103149414
16921900966,apartment,8,8.187,8.26854133605957
16922302124,apartment,8,7.9191,8.335707664489746
16922500988,apartment,8,8.2479,8.608055114746094
16922603655,apartment,8,8.4584,8.80310344696045
16922605658,apartment,8,8.4338,8.812389373779297
16922606131,apartment,8,8.7171,8.807352066040039
16926907179,apartment,8,8.4952,8.25025463104248
16926912857,apartment,8,8.1526,8.639749526977539
16929000271,apartment,8,7.824,8.105281829833984
16929001510,apartment,8,7.8427,8.127573013305664
16930101019,apartment,8,7.8611,8.38833236694336
16930101035,apartment,8,8.3487,8.52593994140625
16930102856,apartment,8,8.0133,8.381836891174316
16930403112,apartment,8,8.2334,8.30823040008545
16930403473,apartment,8,8.0635,8.272245407104492
16930403937,apartment,8,8.0819,8.317628860473633
16930414815,apartment,8,8.5268,8.589200019836426
16930416028,apartment,8,8.8144,8.592065811157227
16930416435,apartment,8,8.6229,8.609439849853516
17000403445,apartment,8,8.595,8.675540924072266
17001002428,apartment,8,8.6836,8.810760498046875
17001003149,apartment,8,8.6836,8.788436889648438
17001100977,apartment,8,8.2311,8.451383590698242
17001202214,apartment,8,8.81,8.673112869262695
17001204373,apartment,8,8.774,8.668935775756836
17001502412,apartment,8,8.0214,8.285696983337402
17001900248,apartment,8,8.2798,8.349393844604492
17002101241,apartment,8,8.1568,8.421418190002441
17002201823,apartment,8,8.1807,8.557564735412598
17002201912,apartment,8,8.1066,8.591976165771484
17002301275,apartment,8,7.7334,8.335614204406738
17002301755,apartment,8,7.7439,8.388344764709473
17003701196,apartment,8,7.9606,8.581337928771973
17003902280,apartment,8,7.9294,8.567049026489258
17004300322,apartment,8,7.8177,8.519259452819824
17004901024,apartment,8,7.5433,8.183173179626465
17004901733,apartment,8,7.4388,8.130791664123535
17005901192,apartment,8,8.3301,8.3915433883667
17005905295,apartment,8,8.1461,8.524968147277832
17006202433,apartment,8,8.3489,8.60389518737793
17006202786,apartment,8,8.2976,8.629706382751465
17006203200,apartment,8,8.1673,8.621623992919922
17007302466,apartment,8,8.2144,8.602903366088867
17007302806,apartment,8,8.3584,8.626569747924805
17007305287,apartment,8,8.2985,8.606996536254883
17007307573,apartment,8,8.0115,8.620100975036621
17007309967,apartment,8,8.1554,8.608270645141602
17007310868,apartment,8,8.363,8.596988677978516
17013201676,apartment,8,8.392,8.772710800170898
17015900539,apartment,8,7.4876,8.180810928344727
17015901217,apartment,8,8.1951,8.468113899230957
17017105418,apartment,8,7.6843,8.356270790100098
17017403400,apartment,8,8.101,8.353534698486328
17017403877,apartment,8,7.4931,8.432703971862793
17018408155,apartment,8,7.6247,8.849506378173828
17018902982,apartment,8,8.1543,8.541075706481934
17018903792,apartment,8,8.5022,8.622769355773926
17019202798,apartment,8,8.5446,8.64710807800293
17019203441,apartment,8,8.3849,8.589221000671387
17019204197,apartment,8,8.4472,8.619245529174805
17019400621,apartment,8,7.5785,8.27648639678955
17019606295,apartment,8,8.0018,8.365904808044434
17019606570,apartment,8,8.1456,8.34183406829834
17019606651,apartment,8,7.7746,8.365904808044434
17102101790,apartment,8,7.7295,8.222439765930176
17102102789,apartment,8,8.2255,8.396184921264648
17102102800,apartment,8,8.3501,8.362337112426758
17103705290,apartment,8,7.3905,8.151725769042969
17104300324,apartment,8,7.599,8.325142860412598
17104301487,apartment,8,8.1421,8.598343849182129
17106601232,apartment,8,7.8034,8.068103790283203
17110102059,apartment,8,8.1658,8.169026374816895
17111900919,apartment,8,7.8059,8.062154769897461
17116202500,apartment,8,8.713,8.606826782226562
17116202683,apartment,8,8.3143,8.617968559265137
17116400728,apartment,8,7.6426,8.2716703414917
17116401961,apartment,8,8.0169,8.646563529968262
17116404243,apartment,8,8.8309,8.684028625488281
17116600328,apartment,8,7.657,8.298810005187988
17116702031,apartment,8,8.0219,8.105791091918945
17116702368,apartment,8,8.1195,8.086081504821777
17117503350,apartment,8,8.5074,8.539669036865234
17117706561,apartment,8,8.434,8.37215805053711
17117712758,apartment,8,8.5848,8.330536842346191
17118301069,apartment,8,7.57,8.047992706298828
17118900701,apartment,8,7.8608,8.295782089233398
17118903409,apartment,8,7.7746,8.300175666809082
17119101209,apartment,8,7.8623,8.604196548461914
17119101314,apartment,8,7.7753,8.591937065124512
17119202315,apartment,8,8.75,8.692862510681152
17119204156,apartment,8,8.4737,8.620516777038574
17119204725,apartment,8,8.554,8.606156349182129
17119204970,apartment,8,8.5896,8.629773139953613
17119205675,apartment,8,8.5172,8.628323554992676
17119205799,apartment,8,8.5457,8.626976013183594
17119503587,apartment,8,8.0133,8.232521057128906
17119801197,apartment,8,7.627,8.241884231567383
17119807209,apartment,8,8.6412,8.696239471435547
17119903038,apartment,8,7.7683,8.232426643371582
17119903569,apartment,8,7.8685,8.278943061828613
17119905456,apartment,8,7.574,8.228170394897461
17119906010,apartment,8,8.0317,8.247450828552246
17119908064,apartment,8,7.7533,8.235922813415527
17120001670,apartment,8,8.4727,8.700590133666992
17120002065,apartment,8,8.544,8.700590133666992
17120002243,apartment,8,8.4555,8.675652503967285
17120003509,apartment,8,8.5265,8.677634239196777
17120201300,apartment,8,7.9557,8.589020729064941
17120202048,apartment,8,8.3033,8.593057632446289
17120202625,apartment,8,8.4389,8.573151588439941
17120301828,apartment,8,8.4284,8.29171371459961
17120302581,apartment,8,7.953,8.305294036865234
17120310290,apartment,8,8.7569,8.736352920532227
17120402081,apartment,8,8.9967,8.784443855285645
17120606793,apartment,8,7.9918,8.280244827270508
17120800379,apartment,8,7.8633,8.21720027923584
17121001569,apartment,8,8.3608,8.496760368347168
17121003472,apartment,8,7.9126,8.534319877624512
17121100745,apartment,8,8.32,8.309541702270508
17121302712,apartment,8,8.4467,8.643440246582031
17121304804,apartment,8,8.6396,8.630678176879883
17121601299,apartment,8,8.3931,8.72862720489502
17121700440,apartment,8,8.1063,8.577430725097656
17121801727,apartment,8,8.5127,8.666105270385742
17121802243,apartment,8,8.5997,8.69681167602539
17121802881,apartment,8,8.4621,8.701571464538574
17121808934,apartment,8,8.9239,8.73409652709961
17122000231,apartment,8,8.5389,8.555709838867188
17122000231,apartment,8,8.3421,8.534194946289062
17122213217,apartment,8,8.3291,8.669963836669922
17123100653,apartment,8,8.0891,8.261669158935547
17124301091,apartment,8,8.1724,8.317270278930664
17124703807,apartment,8,8.294,8.261418342590332
17125805999,apartment,8,7.7777,8.216680526733398
17125808041,apartment,8,8.1689,8.088545799255371
17125810704,apartment,8,8.1617,8.2616548538208
17125813274,apartment,8,8.4986,8.531133651733398
17126700554,apartment,8,8.6934,8.60408878326416
17126703634,apartment,8,8.5795,8.64717960357666
17126703898,apartment,8,8.96,8.605684280395508
17127002966,apartment,8,8.2642,8.533642768859863
17127004871,apartment,8,8.2125,8.601064682006836
17127102979,apartment,8,8.4078,8.4918794631958
17127106532,apartment,8,8.371,8.52962589263916
17127700590,apartment,8,8.4139,8.373839378356934
17127701589,apartment,8,8.4341,8.367709159851074
17127701813,apartment,8,8.5474,8.36824893951416
17128002390,apartment,8,8.3871,8.544794082641602
17128003575,apartment,8,8.4118,8.523874282836914
17129803613,apartment,8,8.1103,8.593585014343262
17129803729,apartment,8,8.1114,8.561470031738281
17129803842,apartment,8,8.1114,8.561470031738281
17129803974,apartment,8,8.1157,8.585193634033203
17129804040,apartment,8,8.1095,8.565497398376465
17129804059,apartment,8,8.1133,8.58349323272705
17129804512,apartment,8,8.0994,8.561470031738281
17129804636,apartment,8,8.0994,8.576271057128906
17129804733,apartment,8,8.1099,8.59188461303711
17129806183,apartment,8,8.3557,8.706682205200195
17130014430,apartment,8,8.6836,8.57507038116455
17130022476,apartment,8,8.6052,8.668609619140625
17130024770,apartment,8,8.5065,8.578832626342773
17130024959,apartment,8,8.4737,8.578739166259766
17130028296,apartment,8,8.5848,8.597452163696289
17130201230,apartment,8,8.3972,8.581210136413574
17130206836,apartment,8,8.2489,8.59040355682373
17130209223,apartment,8,8.4122,8.803587913513184
17206500977,apartment,2,8.4553,8.390130043029785
17234700799,apartment,2,7.7564,7.949446201324463
17234702627,apartment,2,8.0472,7.910064697265625
17235303599,apartment,2,8.2058,8.30245590209961
17235303742,apartment,2,8.2618,8.30245590209961
17300805158,apartment,2,7.789,8.214193344116211
17300806367,apartment,2,7.9501,8.17724609375
17300808823,apartment,2,7.8678,8.227309226989746
17300809137,apartment,2,7.9533,8.171957969665527
17300809633,apartment,2,7.9553,8.254544258117676
17300810216,apartment,2,7.8662,8.238131523132324
17330201501,apartment,2,7.934,8.046436309814453
17331001654,apartment,2,7.7512,7.906054496765137
17331003150,apartment,2,7.9418,8.300799369812012
17331003169,apartment,2,7.9782,8.315072059631348
17331003355,apartment,2,7.9041,8.29678726196289
17332001941,apartment,2,8.197,8.30785083770752
17332002263,apartment,2,8.0882,8.156824111938477
17332004002,apartment,2,8.0772,8.391317367553711
17427403990,apartment,2,8.1605,8.444469451904297
17431209109,apartment,2,7.9438,8.366318702697754
17616409392,apartment,2,8.6553,8.360508918762207
17616416682,apartment,2,8.5536,8.356345176696777
17616417328,apartment,2,8.5536,8.36076545715332
17616418502,apartment,2,8.5536,8.36955738067627
17709800229,apartment,2,7.8823,8.038328170776367
17709800253,apartment,2,7.9725,8.036581993103027
17714300451,apartment,2,8.3931,8.32038688659668
17714304285,apartment,2,8.46,8.323624610900879
17714306563,apartment,2,8.4302,8.3158540725708
17805802067,apartment,2,8.4065,8.228076934814453
17806500439,apartment,2,9.0086,8.422253608703613
18300200664,apartment,8,8.294,8.337189674377441
18302901163,apartment,8,8.207,8.400320053100586
18303201602,apartment,8,8.0288,8.105384826660156
18303400575,apartment,8,7.9706,8.222006797790527
18309108906,apartment,8,8.3994,8.34872817993164
18309109279,apartment,8,8.489,8.352764129638672
18309113306,apartment,8,8.3349,8.340085983276367
18309113969,apartment,8,8.1117,7.974165439605713
18309114191,apartment,8,8.1442,7.971044063568115
18310802861,apartment,8,7.9639,8.068872451782227
18310803469,apartment,8,8.1456,8.069642066955566
18311100461,apartment,8,8.1032,7.963644027709961
18311801192,apartment,8,8.4589,8.506484985351562
18311802997,apartment,8,8.5448,8.529141426086426
18311903610,apartment,8,7.9988,8.075138092041016
18312204831,apartment,8,8.0434,8.116896629333496
18312301142,apartment,8,7.6852,8.089042663574219
18312302661,apartment,8,7.701,8.09157657623291
18312500250,apartment,8,7.6468,8.166131019592285
18312701914,apartment,8,8.0631,7.9999284744262695
18312702090,apartment,8,7.7304,8.050336837768555
18312704484,apartment,8,7.7205,8.113094329833984
18406100760,apartment,8,8.0109,8.255843162536621
18406501145,apartment,8,8.1622,8.18898868560791
18425205531,apartment,8,8.0635,8.202716827392578
18425206544,apartment,8,8.1407,8.181695938110352
18501601259,apartment,8,7.8915,8.160900115966797
18501803021,apartment,8,7.8841,8.117134094238281
18505403168,apartment,8,8.566,8.46796703338623
18505403613,apartment,8,8.4919,8.465413093566895
18505404865,apartment,8,8.4362,8.509590148925781
18505404921,apartment,8,8.5161,8.516456604003906
18505406000,apartment,8,8.5419,8.459040641784668
18505407521,apartment,8,8.0415,8.514397621154785
18505408054,apartment,8,8.4409,8.514397621154785
18505409255,apartment,8,8.6442,8.467939376831055
18505409352,apartment,8,8.6049,8.467939376831055
18505409840,apartment,8,8.7355,8.512789726257324
18505412302,apartment,8,8.7514,8.476038932800293
18505412833,apartment,8,8.631,8.487010955810547
18512001061,apartment,8,7.8623,8.047041893005371
18513202011,apartment,8,8.406,8.203661918640137
18600213370,apartment,8,8.2123,8.279783248901367
18600608863,apartment,8,7.5022,8.245872497558594
18600623781,apartment,8,8.3428,8.46437931060791
18600630184,apartment,8,7.9728,8.447648048400879
18600904829,apartment,8,8.4966,8.48293685913086
18606801835,apartment,8,7.5386,8.13886833190918
18608101911,apartment,8,8.0588,8.30903148651123
18608202661,apartment,8,8.1094,8.296207427978516
18608202785,apartment,8,8.0294,8.293118476867676
18700100705,apartment,7,7.7104,8.615504264831543
18724402795,apartment,7,7.8442,8.454957962036133
18724404380,apartment,7,7.7164,8.468246459960938
18724406642,apartment,7,8.5325,8.465087890625
18800303179,apartment,7,7.8753,8.406087875366211
18800303470,apartment,7,8.0238,8.42927074432373
18803703933,apartment,7,7.889,8.40380573272705
18803704980,apartment,7,8.0064,8.41031551361084
18803706835,apartment,7,7.9519,8.388328552246094
18901900881,apartment,7,8.1807,8.471981048583984
19005501749,apartment,7,8.2721,8.351960182189941
19005505426,apartment,7,8.4727,8.355198860168457
19005507399,apartment,7,8.1543,8.367079734802246
19005509472,apartment,7,8.1543,8.436018943786621
19108900395,apartment,4,8.1807,8.096779823303223
19108900468,apartment,4,8.1807,8.127034187316895
19108900654,apartment,4,8.1188,8.140252113342285
19108901308,apartment,4,8.294,8.128911018371582
19201418271,apartment,5,8.3423,8.097881317138672
19300202331,apartment,5,8.3696,8.294442176818848
19601704425,apartment,9,8.8537,8.57685375213623
19601704654,apartment,9,8.6855,8.567787170410156
19601822843,apartment,9,8.3717,8.490769386291504
19603702535,apartment,9,8.5007,8.582179069519043
19603702675,apartment,9,8.3741,8.598618507385254
19603706328,apartment,9,8.1996,8.60612678527832
19603708495,apartment,9,8.5507,8.475836753845215
19603710244,apartment,9,8.4219,8.467287063598633
19603713979,apartment,9,8.5038,8.525650024414062
19603714721,apartment,9,8.4684,8.605339050292969
19700103810,apartment,7,8.4055,8.82023811340332
19700602795,apartment,7,8.5359,8.827853202819824
19700605964,apartment,7,8.7058,8.797334671020508
19700608491,apartment,7,8.6412,8.781997680664062
19700610501,apartment,7,8.8457,8.762438774108887
19700615889,apartment,7,8.948,8.806442260742188
19700617962,apartment,7,8.5092,8.793130874633789
19700621791,apartment,7,8.4566,8.819232940673828
19700623725,apartment,7,8.5572,8.874218940734863
19700629898,apartment,7,8.6792,8.911720275878906
19701600648,apartment,0,8.6392,8.602294921875
19701601423,apartment,0,8.8897,8.582066535949707
19701601822,apartment,0,8.8524,8.575913429260254
19701603426,apartment,0,8.7596,8.569071769714355
19701902067,apartment,0,8.5946,8.794699668884277
19701902814,apartment,0,8.7719,8.79042911529541
19701916610,apartment,0,8.5099,8.744783401489258
19701918907,apartment,0,8.7333,8.806668281555176
19703912167,apartment,0,8.7517,8.863102912902832
19704401433,apartment,0,8.5172,8.744576454162598
19704403762,apartment,0,8.6618,8.78867244720459
19704416686,apartment,0,8.5172,8.731440544128418
19706301290,apartment,0,9.2814,8.839431762695312
19706305032,apartment,0,9.0049,8.787070274353027
19706305121,apartment,0,9.199,8.82298469543457
19812200400,apartment,4,7.9696,7.940625190734863
19812200842,apartment,4,8.0302,7.9327216148376465
19901600838,apartment,7,8.4684,8.503860473632812
19905405320,apartment,7,8.1582,8.461222648620605
19905405835,apartment,7,7.9782,8.461223602294922
19905408818,apartment,7,8.0064,8.457585334777832
20101100361,apartment,8,7.8982,8.282160758972168
20101400258,apartment,8,7.9202,8.053303718566895
20101501331,apartment,8,7.9733,8.143889427185059
20105000858,apartment,8,8.0156,8.159590721130371
20111200294,apartment,8,7.3734,8.254085540771484
20111400358,apartment,8,8.1796,8.446307182312012
20111400706,apartment,8,8.4616,8.429100036621094
20204704081,apartment,7,8.2623,8.362449645996094
20204704381,apartment,7,7.9725,8.608428955078125
20204704500,apartment,7,8.3165,8.469822883605957
20800203362,apartment,7,8.3539,8.39059829711914
20800205446,apartment,7,8.4815,8.46875286102295
21002601876,apartment,7,7.6454,8.181743621826172
21401400424,apartment,7,8.5253,8.605751037597656
21401402354,apartment,7,8.537,8.631267547607422
21402008900,apartment,7,8.2479,8.348427772521973
21402009370,apartment,7,7.9749,8.217621803283691
21402300326,apartment,7,7.9979,8.294454574584961
21402301391,apartment,7,8.2171,8.452104568481445
21402301993,apartment,7,8.0427,8.429070472717285
21402302507,apartment,7,8.2171,8.437457084655762
21402401378,apartment,7,7.9953,8.456768035888672
21402402757,apartment,7,8.2013,8.44765567779541
21402407181,apartment,7,8.4181,8.517461776733398
21403300303,apartment,7,7.8649,8.372990608215332
21500304709,apartment,7,7.893,8.349841117858887
21601000403,apartment,7,8.3187,8.32706356048584
22702300829,apartment,4,8.2435,8.159965515136719
22702302309,apartment,4,8.2331,8.157137870788574
22702302317,apartment,4,8.1501,8.149785995483398
23006701354,apartment,5,8.1724,8.23592472076416
23007604621,apartment,5,7.8817,8.188981056213379
23008900222,apartment,5,8.3453,8.178511619567871
23009700601,apartment,5,8.3517,8.159643173217773
23009702378,apartment,5,8.1532,8.17072868347168
23009702920,apartment,5,8.0506,8.149104118347168
23009802704,apartment,5,7.966,8.184989929199219
23010002635,apartment,5,7.9492,8.203968048095703
23010200720,apartment,5,8.1807,8.176007270812988
23010503911,apartment,5,8.1117,8.168644905090332
23010505432,apartment,5,8.3453,8.182975769042969
23011800489,apartment,5,8.2295,8.1978178024292
23013312457,apartment,5,7.9111,8.187055587768555
23205501150,apartment,5,7.8565,7.998152256011963
23300901357,apartment,5,8.1132,8.238431930541992
23300901616,apartment,5,8.2017,8.24909782409668
23304501760,apartment,5,7.9698,8.377324104309082
23400801788,apartment,5,7.8545,7.945628643035889
23400804159,apartment,5,7.7407,7.954370975494385
23400804442,apartment,5,7.6337,7.931451797485352
23400804469,apartment,5,7.5492,7.981407642364502
23400807093,apartment,5,7.6277,7.9653191566467285
23400809150,apartment,5,7.6352,7.981407642364502
23403802009,apartment,5,7.6867,7.945573329925537
23404902236,apartment,5,8.1215,8.433524131774902
23603401725,apartment,5,7.359,7.988140106201172
23903009219,apartment,5,7.9218,8.32792854309082
24100601008,apartment,5,8.4407,8.272409439086914
24100602365,apartment,5,8.3028,8.284379959106445
24100805371,apartment,5,8.4449,8.198864936828613
24100805800,apartment,5,7.9519,8.183893203735352
24504701721,apartment,5,7.5909,8.283123016357422
24512301397,apartment,5,7.6204,8.239219665527344
24600801529,apartment,5,7.6076,8.276374816894531
24601003510,apartment,5,7.6081,8.298301696777344
24601104252,apartment,5,7.8034,8.268688201904297
24601204427,apartment,5,7.9294,8.34439468383789
24609902301,apartment,5,7.9251,8.166596412658691
24825916838,apartment,5,7.6535,8.19459056854248
29903506900,apartment,6,8.7421,8.501983642578125
29903507842,apartment,6,8.7403,8.524039268493652
29903919172,apartment,6,9.5402,8.790812492370605
29904103540,apartment,6,8.6832,8.711301803588867
29904605643,apartment,6,8.7981,8.522514343261719
29904704511,apartment,6,9.2305,8.845623016357422
29906701011,apartment,6,8.8319,8.529020309448242
29906705211,apartment,6,9.1482,8.462964057922363
29907406153,apartment,6,8.9772,8.821178436279297
29907505631,apartment,6,8.6664,8.57774829864502
29907705193,apartment,6,9.2347,8.711380958557129
29908205917,apartment,6,8.8366,8.57752799987793
29908206115,apartment,6,8.7216,8.528361320495605
29908206808,apartment,6,9.3263,8.49819278717041
29908206808,apartment,6,8.7305,8.499249458312988
29908208223,apartment,6,8.975,8.533409118652344
29908208479,apartment,6,8.8674,8.522834777832031
29908302491,apartment,6,9.5288,9.185908317565918
29908302769,apartment,6,9.0246,9.184721946716309
29908303791,apartment,6,9.0169,9.181313514709473
29908304176,apartment,6,9.2525,9.185908317565918
29908304461,apartment,6,8.9484,9.161844253540039
29908308155,apartment,6,9.2184,9.1739501953125
29908707351,apartment,6,8.8429,9.184968948364258
29909407262,apartment,6,9.0741,8.720053672790527
29909801841,apartment,6,8.8319,8.546595573425293
29909801882,apartment,6,8.5889,8.525606155395508
29909901331,apartment,6,8.9433,8.554147720336914
29910105428,apartment,6,8.8807,8.723579406738281
29910600186,apartment,6,8.5514,8.3760347366333
29911001634,apartment,6,9.1179,8.535449981689453
29911002150,apartment,6,8.7536,8.433846473693848
29911101329,apartment,6,8.8391,8.36972713470459
29911101991,apartment,6,8.6748,8.410918235778809
29911102562,apartment,6,8.509,8.417673110961914
29911103054,apartment,6,9.0489,8.39119815826416
29911403538,apartment,6,9.3746,8.459270477294922
29911403554,apartment,6,8.8856,8.456719398498535
29911406405,apartment,6,8.6894,8.330487251281738
29911501203,apartment,6,8.6045,8.499256134033203
29911602158,apartment,6,8.4112,8.279661178588867
29911708231,apartment,6,9.515,8.881311416625977
29911708398,apartment,6,9.5056,8.898109436035156
30001501019,apartment,6,8.9284,8.93428897857666
30001501183,apartment,6,8.9227,9.083268165588379
30004601731,apartment,6,8.4802,8.177840232849121
30004602630,apartment,6,7.8707,8.253395080566406
30005402228,apartment,6,8.192,8.222323417663574
30005403054,apartment,6,7.882,7.999841690063477
30005903456,apartment,6,8.3288,8.252853393554688
30006301141,apartment,6,8.0713,7.9546098709106445
30006702731,apartment,6,8.2443,7.9847412109375
30007301135,apartment,6,8.178,8.01922607421875
30008900342,apartment,6,8.3379,8.123895645141602
30008900423,apartment,6,8.8558,8.145825386047363
30011400495,apartment,6,8.3562,8.593198776245117
30103001351,apartment,8,7.9273,8.43303394317627
30103001589,apartment,8,7.6612,8.449185371398926
30104200526,apartment,8,8.6615,8.857816696166992
30104600761,apartment,8,7.8783,8.430708885192871
30104701096,apartment,8,8.157,8.478294372558594
30105100339,apartment,8,7.9094,8.314925193786621
30105100533,apartment,8,8.0014,8.32237434387207
30105201275,apartment,8,8.1586,8.614487648010254
30105403617,apartment,8,8.0652,8.312759399414062
30105406489,apartment,8,7.9261,8.327468872070312
30105406683,apartment,8,8.024,8.352731704711914
30105409690,apartment,8,8.024,8.3543062210083
30105410567,apartment,8,7.9399,8.35448932647705
30105411792,apartment,8,8.1193,8.359148979187012
30105414090,apartment,8,7.943,8.348737716674805
30105425483,apartment,8,8.6226,8.808489799499512
30105429659,apartment,8,8.4677,8.908812522888184
30105429691,apartment,8,8.462,8.915698051452637
30105432341,apartment,8,8.7611,8.736616134643555
30105433486,apartment,8,8.5087,8.813386917114258
30105434008,apartment,8,8.7022,8.751126289367676
30105434911,apartment,8,8.5648,8.814522743225098
30105436019,apartment,8,8.7156,8.825291633605957
30105436043,apartment,8,8.7549,8.828230857849121
30105800871,apartment,8,8.2142,8.73874568939209
30107201728,apartment,8,8.798,8.769604682922363
30200501752,apartment,1,8.4268,8.617319107055664
30201503341,apartment,9,8.6071,8.570366859436035
30202800943,apartment,1,8.3712,8.56537914276123
30300402071,apartment,3,8.6102,8.7416410446167
30300402098,apartment,3,8.7139,8.649969100952148
30300705971,apartment,3,7.7589,8.118292808532715
30300709924,apartment,3,8.2542,8.306244850158691
30300711082,apartment,3,8.169,8.313909530639648
30300720278,apartment,3,8.2771,8.484476089477539
30301401338,apartment,3,8.548,8.586560249328613
30303402129,apartment,3,8.0288,8.150288581848145
30306601270,apartment,3,8.0064,8.165318489074707
30401800821,apartment,4,8.4851,8.229545593261719
30405301194,apartment,4,8.7677,8.454205513000488
30405900357,apartment,4,8.1521,8.23184585571289
30406402581,apartment,4,8.3442,8.467156410217285
30408404555,apartment,4,8.3143,8.167020797729492
30408404881,apartment,4,8.278,8.189045906066895
30409301849,apartment,4,8.6183,8.508377075195312
30409303256,apartment,4,8.4957,8.497549057006836
30409304996,apartment,4,8.5791,8.483986854553223
30409305135,apartment,4,8.691,8.502988815307617
30412300785,apartment,4,8.2887,8.422264099121094
30412301617,apartment,4,8.3284,8.419280052185059
30412305371,apartment,4,8.4064,8.430042266845703
30412400682,apartment,4,8.3369,8.444831848144531
30412401522,apartment,4,8.191,8.444045066833496
30501000604,apartment,4,8.0383,8.046161651611328
30501002178,apartment,4,8.1481,8.155673027038574
30501002720,apartment,4,8.2816,8.159036636352539
30501004774,apartment,4,8.0893,8.159036636352539
30501005495,apartment,4,8.1481,8.159036636352539
30505201418,apartment,4,8.3521,8.021872520446777
30505203887,apartment,4,8.3288,8.036725044250488
30505206762,apartment,4,8.2149,8.1206693649292
30506602017,apartment,4,7.9837,8.031325340270996
30507704395,apartment,4,8.162,8.079858779907227
30507705057,apartment,4,8.2366,8.0804443359375
30508201443,apartment,4,7.9839,8.08273696899414
30508903553,apartment,4,7.7796,7.961397171020508
30509001715,apartment,4,7.9638,8.085489273071289
30509001804,apartment,4,8.0864,8.069201469421387
30509002797,apartment,4,8.0064,8.074718475341797
30513101354,apartment,4,8.076,8.095826148986816
30513700282,apartment,4,7.9977,8.138757705688477
30514303589,apartment,4,7.7116,8.022563934326172
30610900355,apartment,0,8.2118,8.326546669006348
30610909441,apartment,0,8.0064,8.351058006286621
30610909689,apartment,0,8.074,8.372260093688965
30611204697,apartment,0,8.8183,8.748333930969238
30611204913,apartment,0,8.5703,8.600774765014648
30611501081,apartment,0,8.674,8.443592071533203
30611704924,apartment,0,8.905,8.815839767456055
30611705246,apartment,0,8.7608,8.81247329711914
30612602777,apartment,0,8.4199,8.110392570495605
30612603218,apartment,0,8.1718,8.076533317565918
30613401181,apartment,0,8.1117,8.21865463256836
30701704370,apartment,7,8.0101,8.098350524902344
30702501384,apartment,7,8.3349,8.103132247924805
30702601664,apartment,7,8.5714,8.508996963500977
30702603322,apartment,7,8.221,8.4169282913208
30708200920,apartment,7,8.1117,8.053363800048828
30708203385,apartment,7,7.8681,8.084206581115723
30708203466,apartment,7,7.7966,8.068133354187012
30708204845,apartment,7,8.1152,8.255538940429688
30708401489,apartment,7,7.8456,8.154253959655762
30708601178,apartment,7,7.9219,8.074652671813965
30708601291,apartment,7,7.9715,8.067662239074707
30708601429,apartment,7,7.9048,8.067662239074707
30708602948,apartment,7,8.3089,8.271564483642578
30818100645,apartment,7,7.8456,8.1650390625
30818100793,apartment,7,7.824,8.164643287658691
30818201980,apartment,7,7.9092,8.21005630493164
30901601257,apartment,1,8.2742,8.661892890930176
30902503976,apartment,1,8.5088,8.766671180725098
30902504158,apartment,1,7.8953,8.782419204711914
30902505091,apartment,1,8.5425,8.845376968383789
30902505472,apartment,1,8.6239,8.845616340637207
30902506738,apartment,1,8.2319,8.84546184539795
30902507084,apartment,1,8.4605,8.774822235107422
30902600955,apartment,1,8.5731,9.066049575805664
30902600998,apartment,1,8.771,9.181236267089844
30902601099,apartment,1,8.8474,9.165569305419922
30902704823,apartment,1,8.5644,8.884324073791504
30902803368,apartment,1,8.5734,8.722967147827148
30903103051,apartment,1,8.7337,9.00574016571045
30903103122,apartment,1,8.7425,9.021191596984863
30903104331,apartment,1,8.8669,8.936330795288086
30903104412,apartment,1,8.7168,8.942534446716309
30903201434,apartment,1,8.363,8.78587818145752
30903201752,apartment,1,8.2685,8.736564636230469
30903401281,apartment,1,8.6788,8.811054229736328
30903401360,apartment,1,8.5685,8.811054229736328
30903503007,apartment,1,8.7591,9.00136947631836
30903603834,apartment,1,8.1366,8.636019706726074
30903605527,apartment,1,8.0229,8.646105766296387
30903605705,apartment,1,8.294,8.646990776062012
30903610849,apartment,1,8.4021,8.712163925170898
30904002656,apartment,1,8.3881,8.782798767089844
30904300894,apartment,1,8.5637,8.892936706542969
30904401224,apartment,1,8.8849,8.822060585021973
30904500729,apartment,1,8.2879,8.650154113769531
30904501571,apartment,1,8.4219,8.718561172485352
30904707821,apartment,1,8.9129,9.02582836151123
30904708567,apartment,1,8.6173,8.97574234008789
30904802172,apartment,1,8.294,8.692214012145996
30904802474,apartment,1,8.2228,8.695204734802246
30905002706,apartment,1,8.3326,8.58652400970459
30905101178,apartment,1,8.5862,8.739602088928223
30905506496,apartment,1,8.616,8.872116088867188
30905508944,apartment,1,8.6454,8.903541564941406
30905509258,apartment,1,8.8017,9.169624328613281
30905604897,apartment,1,8.6299,8.750500679016113
31001204260,apartment,1,8.5416,8.53802490234375
31002702851,apartment,1,8.5269,8.284385681152344
31002904649,apartment,1,8.2418,8.212959289550781
31002909616,apartment,1,8.619,8.465173721313477
31003003262,apartment,1,8.6548,8.522193908691406
31003004137,apartment,1,8.6697,8.510252952575684
31004302034,apartment,1,7.928,8.16780948638916
31004302093,apartment,1,8.0222,8.187788009643555
31004302468,apartment,1,8.5172,8.376350402832031
31004503511,apartment,1,8.3102,8.35332202911377
31004600450,apartment,1,8.7492,8.448039054870605
31004601457,apartment,1,8.8244,8.429374694824219
31004601694,apartment,1,8.7577,8.432186126708984
31004607013,apartment,1,8.768,8.405505180358887
31005904569,apartment,1,8.6327,8.305036544799805
31006201545,apartment,1,8.4128,8.276201248168945
31006602752,apartment,1,8.3728,8.071562767028809
31007001671,apartment,1,8.4386,8.042695045471191
00101901127,commercial,0,8.2097,8.373323440551758
00104403063,commercial,0,8.163,8.313544273376465
00104403071,commercial,0,8.1689,8.357945442199707
00104600160,commercial,0,9.0768,8.523629188537598
00104704217,commercial,0,8.0546,8.410683631896973
00104704251,commercial,0,8.3124,8.410955429077148
00104706163,commercial,0,8.3784,8.447509765625
00104707984,commercial,0,8.7329,8.410683631896973
00104708492,commercial,0,8.4909,8.41357421875
00104709261,commercial,0,8.6225,8.407798767089844
00104709553,commercial,0,8.5172,8.413302421569824
00300704003,commercial,0,7.5239,8.638106346130371
00501701850,commercial,0,8.4752,8.415047645568848
00506804127,commercial,0,8.1683,8.364358901977539
00506804135,commercial,0,8.1313,8.486088752746582
00600600416,commercial,0,8.6915,8.20633602142334
00600707611,commercial,0,9.0982,8.686781883239746
00601500768,commercial,0,8.0973,8.248758316040039
00602306744,commercial,0,7.292,8.217679023742676
00700203461,commercial,0,7.7128,8.389724731445312
00700504621,commercial,0,8.3311,8.350276947021484
00700900780,commercial,0,8.2671,8.35374927520752
00701209909,commercial,0,8.3015,8.366856575012207
00704505517,commercial,0,7.9647,8.432256698608398
00801200229,commercial,0,8.4118,8.45453929901123
00804302766,commercial,0,8.7316,8.441324234008789
00809302586,commercial,0,7.8623,8.179553985595703
00809302594,commercial,0,7.7231,8.18954086303711
00809302608,commercial,0,7.8055,8.184738159179688
00809302861,commercial,0,7.734,8.1680326461792
00901610240,commercial,0,8.3526,8.232887268066406
00901900028,commercial,0,9.3157,8.5652494430542
00904512614,commercial,0,9.0699,8.423208236694336
00905103939,commercial,0,8.5817,8.456686019897461
00905107837,commercial,0,8.7113,8.559379577636719
00906200725,commercial,0,8.7775,8.350069046020508
00906209201,commercial,0,8.5439,8.342852592468262
00907106226,commercial,0,8.5744,8.259069442749023
00907603130,commercial,0,8.7096,8.484052658081055
00908401701,commercial,0,8.4506,8.565089225769043
00910103100,commercial,0,7.9696,8.219024658203125
01001907949,commercial,0,8.3573,8.349615097045898
01001909453,commercial,0,8.5397,8.24245548248291
01002506573,commercial,0,8.9872,8.648262977600098
01002709822,commercial,0,8.5607,8.027482986450195
01002709865,commercial,0,7.6852,8.011415481567383
01003005632,commercial,0,8.5302,8.521904945373535
01005602484,commercial,0,8.6902,8.50709056854248
01005801770,commercial,0,7.4485,8.474823951721191
01006900411,commercial,0,9.9523,8.799847602844238
01006900624,commercial,0,9.8294,8.808574676513672
01006903704,commercial,0,8.7498,8.766888618469238
01007301279,commercial,0,8.5982,8.495803833007812
01007301333,commercial,0,9.1652,8.515963554382324
01009400037,commercial,0,9.028,8.68311595916748
01009400991,commercial,0,9.0768,8.798165321350098
01009901524,commercial,0,8.9185,8.70812702178955
01107001455,commercial,0,8.7371,8.407403945922852
01111400032,commercial,0,9.6803,8.532485008239746
01206807393,commercial,0,8.4575,8.328564643859863
01214202225,commercial,7,8.5172,8.491015434265137
01300105038,commercial,0,8.5849,8.53423023223877
01300105186,commercial,0,8.7504,8.53591537475586
01300913819,commercial,0,8.6995,8.502344131469727
01300913827,commercial,0,8.6146,8.511070251464844
01302204904,commercial,0,8.3393,8.337310791015625
01404803866,commercial,0,8.5952,8.428473472595215
01406703834,commercial,0,8.7736,8.46831226348877
01406703850,commercial,0,8.8371,8.468055725097656
01507302541,commercial,0,8.4288,8.603414535522461
01507302584,commercial,0,8.3724,8.550612449645996
01507302592,commercial,0,8.4067,8.552144050598145
01509403272,commercial,6,8.4912,8.553203582763672
01509403280,commercial,6,8.6358,8.566099166870117
01607404311,commercial,6,7.9671,8.335307121276855
01609902068,commercial,6,8.2548,8.530415534973145
01610104900,commercial,6,8.3736,8.570632934570312
01610105346,commercial,6,8.6662,8.619726181030273
01610611810,commercial,6,8.6603,8.805011749267578
01614801398,commercial,6,9.7212,8.77659797668457
01616302879,commercial,6,8.3774,8.507913589477539
01616402997,commercial,6,8.2824,8.930752754211426
01708000161,commercial,9,8.6407,8.028836250305176
01902100182,commercial,0,8.3931,8.530301094055176
01908400201,commercial,0,8.5242,8.280738830566406
01909400149,commercial,0,8.2607,8.059541702270508
02007200368,commercial,0,8.9002,8.521064758300781
02009106253,commercial,0,8.5881,8.390063285827637
02009106474,commercial,0,8.6103,8.365062713623047
02100700049,commercial,0,8.207,8.333293914794922
02103406419,commercial,0,8.2923,8.236560821533203
02103406435,commercial,0,8.2923,8.23699951171875
02200615531,commercial,0,8.6082,8.407556533813477
02200617275,commercial,0,8.8185,8.425169944763184
02200618263,commercial,0,8.6277,8.411157608032227
02200618621,commercial,0,8.7721,8.4306058883667
02300200457,commercial,7,8.2871,8.748835563659668
02505702871,commercial,9,8.4527,8.534456253051758
02702900331,commercial,9,8.6102,8.460976600646973
02706203889,commercial,9,8.3015,8.320579528808594
02803715813,commercial,9,8.4415,8.20121955871582
02906702382,commercial,9,8.2771,8.26151180267334
02909500268,commercial,9,8.4668,8.430030822753906
03000700935,commercial,9,8.4423,8.333410263061523
03001800046,commercial,9,8.6638,8.342208862304688
03003901060,commercial,9,9.2363,8.629626274108887
03003902687,commercial,9,9.0693,8.640951156616211
03007301726,commercial,9,8.532,8.251094818115234
03010510780,commercial,9,8.9388,8.341230392456055
03103400918,commercial,9,8.7882,8.366889953613281
03104300488,commercial,9,8.7403,8.347298622131348
03202004212,commercial,9,8.8571,8.427711486816406
03202900463,commercial,9,8.3973,8.104547500610352
03203602717,commercial,9,8.1894,8.142097473144531
03404002962,commercial,1,8.1543,8.109237670898438
03600313983,commercial,0,8.2912,8.220952987670898
03600313991,commercial,0,8.2912,8.220952987670898
03602200991,commercial,0,8.6472,8.659934997558594
03701703876,commercial,1,8.0769,8.876570701599121
03702801642,commercial,1,8.847,9.020483016967773
03907403002,commercial,1,9.9108,9.168954849243164
03907604970,commercial,1,7.8886,8.345980644226074
03907605012,commercial,1,7.9374,8.344043731689453
04013001039,commercial,1,8.1807,8.191736221313477
04102909788,commercial,6,8.9227,9.017480850219727
04109100161,commercial,6,9.3841,8.109611511230469
04111002404,commercial,6,8.722,8.409514427185059
04112404123,commercial,6,8.3481,8.248549461364746
04118403293,commercial,6,8.363,8.149397850036621
04118403617,commercial,6,8.3894,8.146093368530273
04118404656,commercial,6,8.6875,8.162867546081543
04118902842,commercial,6,8.3052,8.267992973327637
04122903378,commercial,6,8.9013,8.336797714233398
04122903858,commercial,6,8.691,8.352605819702148
04124402678,commercial,6,8.8426,8.337801933288574
04202100166,commercial,1,8.2985,9.162592887878418
04213810631,commercial,6,9.1081,8.532270431518555
04213811387,commercial,6,9.1678,8.513420104980469
04301702458,commercial,1,8.2171,8.418113708496094
04305102978,commercial,1,8.3221,8.4691743850708
04305103567,commercial,1,8.1551,8.46839427947998
04305103613,commercial,1,8.2849,8.46757984161377
04506200810,commercial,1,9.0914,8.836873054504395
04624500180,commercial,1,7.9866,8.206648826599121
04708004230,commercial,1,8.6365,8.571349143981934
04710305811,commercial,1,8.3032,8.486777305603027
04715801167,commercial,1,7.5239,8.150781631469727
04716700887,commercial,1,7.8847,8.126839637756348
04719100661,commercial,1,8.1987,8.286469459533691
04722603170,commercial,1,7.7202,8.4122896194458
04722603189,commercial,1,7.7202,8.4122896194458
04728700828,commercial,1,7.3757,8.317086219787598
05000600452,commercial,1,7.5789,8.359737396240234
05004400962,commercial,1,8.2618,8.285057067871094
05004402231,commercial,1,8.5628,8.290375709533691
05004403171,commercial,1,8.4072,8.571290016174316
05228700341,commercial,9,7.6897,8.059385299682617
05403204601,commercial,9,9.2597,8.405221939086914
05404301112,commercial,9,8.6631,8.22560977935791
05404601248,commercial,9,8.489,8.382194519042969
05404601493,commercial,9,8.3593,8.347991943359375
05405200141,commercial,9,8.7064,8.445520401000977
05422905210,commercial,9,8.9191,8.403061866760254
05422905857,commercial,9,8.5172,8.404362678527832
05505100120,commercial,3,9.097,8.201899528503418
05604001104,commercial,3,7.7725,8.234343528747559
05615301392,commercial,9,8.1987,8.346475601196289
05703600413,commercial,3,8.6268,8.27110767364502
05706700397,commercial,3,8.3674,8.127954483032227
05803900737,commercial,3,9.5437,8.473701477050781
05815809871,commercial,3,8.4706,8.473502159118652
06017500090,commercial,3,8.5172,8.443033218383789
06219008685,commercial,9,7.3733,8.23621940612793
06219008847,commercial,9,7.4007,8.23836898803711
06415100580,commercial,9,8.7536,8.429993629455566
06636800348,commercial,4,8.5268,7.966150283813477
06722403440,commercial,4,8.3041,8.137574195861816
06854400260,commercial,4,8.6995,8.352535247802734
06916313021,commercial,4,8.2149,8.223284721374512
06918600011,commercial,4,8.7183,8.09785270690918
06920502534,commercial,4,7.5163,8.258855819702148
07016503232,commercial,4,8.3608,8.470911979675293
07016503240,commercial,4,8.3608,8.470911979675293
07300802362,commercial,4,8.4684,8.533035278320312
07305001090,commercial,4,8.4833,8.458258628845215
07315704329,commercial,4,8.2666,8.344271659851074
07315706054,commercial,4,8.1568,8.408661842346191
07315706143,commercial,4,8.1891,8.340391159057617
07330500615,commercial,0,8.323,8.432482719421387
07330501743,commercial,0,8.5927,8.446900367736816
07408901329,commercial,7,8.3349,8.33859920501709
07433900128,commercial,7,8.1665,8.410664558410645
07502600493,commercial,4,8.1007,8.204183578491211
07703500356,commercial,7,8.8132,8.489248275756836
07725500464,commercial,7,8.338,8.723105430603027
07840201423,commercial,7,8.3238,8.428584098815918
08000602377,commercial,7,8.3894,8.294618606567383
08004703275,commercial,7,8.4527,8.310232162475586
08009107689,commercial,7,7.9217,8.255120277404785
08015513537,commercial,7,8.561,8.461465835571289
08136402523,commercial,0,8.5862,8.830650329589844
08220600225,commercial,7,7.2843,8.208078384399414
08321202373,commercial,0,8.442,8.540470123291016
08322005601,commercial,6,8.1695,8.49482536315918
08322005611,commercial,6,8.1695,8.497368812561035
08322005921,commercial,6,8.6268,8.43664836883545
08509510865,commercial,6,8.5898,8.16161823272705
08510004366,commercial,6,8.503,8.290573120117188
08512700211,commercial,6,8.8597,8.487263679504395
08516600564,commercial,6,8.4764,8.596822738647461
08528000338,commercial,6,9.498,8.927488327026367
08544501451,commercial,6,8.1003,8.096816062927246
08544502008,commercial,6,8.1242,8.076122283935547
08549700691,commercial,6,8.2588,8.271784782409668
08550400912,commercial,6,7.9587,7.98040246963501
08551401998,commercial,6,8.585,8.119179725646973
08551700758,commercial,6,9.0516,7.995779037475586
08552601311,commercial,6,7.9048,8.068352699279785
08554004159,commercial,6,8.2345,8.531035423278809
08554103033,commercial,6,8.1807,8.395333290100098
08563204521,commercial,6,8.635,8.418246269226074
08564100241,commercial,6,8.0653,7.978806495666504
08564100258,commercial,6,7.8612,7.9837646484375
08600200660,commercial,6,7.8876,8.092575073242188
08600604338,commercial,6,7.8152,8.170395851135254
08600604346,commercial,6,7.8152,8.170395851135254
08600901871,commercial,6,8.2272,8.326406478881836
08600902134,commercial,6,8.3814,8.305782318115234
08600902266,commercial,6,8.3814,8.305782318115234
08600902398,commercial,6,8.3814,8.305782318115234
08600902525,commercial,6,8.3814,8.305782318115234
08600902657,commercial,6,8.3814,8.305782318115234
08604001425,commercial,6,8.1229,8.13255500793457
08620604198,commercial,6,8.4232,8.312026023864746
08625800361,commercial,6,9.1572,8.369861602783203
08637504825,commercial,6,8.6797,8.337376594543457
08639012202,commercial,6,8.2024,8.348386764526367
08639012555,commercial,6,8.4256,8.295877456665039
08707507437,commercial,2,8.2775,8.460898399353027
08707901356,commercial,2,8.1437,8.30145263671875
08707902255,commercial,2,8.1052,8.288952827453613
08708701709,commercial,2,8.6629,8.52046012878418
08708702489,commercial,2,8.4134,8.428656578063965
08717001781,commercial,6,8.1352,8.376212120056152
08717001986,commercial,6,8.1644,8.368268013000488
08717003652,commercial,6,8.2556,8.388606071472168
08718003923,commercial,6,8.4547,8.342570304870605
08731511521,commercial,2,7.516,8.252958297729492
08731512097,commercial,2,7.9486,8.267571449279785
08731512127,commercial,2,7.9076,8.256701469421387
08743011284,commercial,8,8.4535,8.253461837768555
09016200150,commercial,2,9.2937,8.119290351867676
09046303985,commercial,2,8.2152,7.9736785888671875
09046303993,commercial,2,8.2152,7.9736785888671875
09046304191,commercial,2,8.2065,8.0016508102417
09046304531,commercial,2,8.2149,7.993862628936768
09046304639,commercial,2,8.2295,7.975677490234375
09101204076,commercial,1,7.8982,8.533302307128906
09102400413,commercial,1,8.1536,7.978519439697266
09106103545,commercial,1,7.9041,8.08719539642334
09106103936,commercial,1,7.915,8.158263206481934
09129500011,commercial,2,7.3702,8.109904289245605
09706800352,commercial,7,9.0055,8.964850425720215
09708502936,commercial,7,7.676,8.26285457611084
09708503002,commercial,7,7.9784,8.258454322814941
09708503010,commercial,7,8.2308,8.26285457611084
09708505765,commercial,7,8.6026,8.367366790771484
09708507271,commercial,7,8.2586,8.396960258483887
09708510947,commercial,7,8.3711,8.319775581359863
09708516864,commercial,7,8.63,8.598159790039062
09800901590,commercial,7,8.4798,8.452683448791504
09805802329,commercial,7,8.5559,8.293892860412598
09903700695,commercial,7,7.1082,8.529664993286133
10005300321,commercial,9,8.1731,8.198857307434082
10005300559,commercial,9,8.3066,8.217337608337402
10212300181,commercial,9,8.406,8.1190185546875
10212600361,commercial,9,8.2537,7.991000175476074
11035000570,commercial,3,8.4757,8.214186668395996
11407501428,commercial,5,7.9074,7.8956780433654785
11611400170,commercial,3,8.4428,8.239731788635254
11613100395,commercial,3,8.0131,8.313807487487793
11718600053,commercial,3,9.4727,8.241827011108398
11733600212,commercial,3,7.6761,8.007824897766113
11830607218,commercial,9,8.7934,8.609335899353027
12500500216,commercial,7,8.4844,8.290163040161133
15509400292,commercial,3,8.1586,8.05067253112793
16025800366,commercial,8,8.2976,8.17786693572998
16807101413,commercial,8,7.7421,8.071600914001465
16908400343,commercial,8,8.2808,8.184808731079102
16922101161,commercial,8,8.3581,8.307700157165527
17122105988,commercial,8,8.0126,8.173232078552246
17122106453,commercial,8,7.9671,8.199126243591309
17130003153,commercial,8,8.3994,8.283629417419434
17130003986,commercial,8,8.1754,8.284454345703125
17130005555,commercial,8,8.5685,8.276896476745605
17130006861,commercial,8,8.2808,8.291306495666504
17425800021,commercial,2,7.893,7.620588302612305
19701607553,commercial,0,8.5652,8.43234634399414
19702203073,commercial,0,8.5914,8.429415702819824
19702203081,commercial,0,8.6133,8.397809982299805
19702203091,commercial,0,8.5834,8.429415702819824
19702204584,commercial,0,8.7803,8.405803680419922
19702404885,commercial,0,8.2149,8.399431228637695
19703909174,commercial,0,8.1807,8.405707359313965
19703909182,commercial,0,8.5172,8.492938995361328
19703909190,commercial,0,8.1807,8.405707359313965
19704803337,commercial,0,8.1637,8.430639266967773
19704803345,commercial,0,8.3942,8.495511054992676
19704803353,commercial,0,8.3942,8.495511054992676
19705503396,commercial,0,7.896,8.42491340637207
29903509276,commercial,6,8.6995,8.311880111694336
29903509292,commercial,6,8.6995,8.311880111694336
29903509306,commercial,6,8.6603,8.310086250305176
29903509314,commercial,6,8.4707,8.275256156921387
29903509322,commercial,6,8.6112,8.242927551269531
29904900556,commercial,6,8.6226,8.28883171081543
29905008509,commercial,6,8.5129,8.323005676269531
29913900131,commercial,6,9.2793,8.599059104919434
30004401260,commercial,6,8.7009,7.951152801513672
30602804202,commercial,4,8.5267,8.442814826965332
30602805497,commercial,4,8.178,8.511406898498535
30602805772,commercial,4,8.5076,8.46896743774414
00400900440,house,9,8.8457,8.31796932220459
00404400205,house,0,7.846,8.499174118041992
00407200576,house,9,8.3741,8.64424991607666
00605000352,house,0,8.7493,8.483909606933594
01003000630,house,0,9.0877,8.696338653564453
01003511716,house,0,9.3555,8.716451644897461
01101200456,house,0,9.0027,8.674015045166016
01102900168,house,0,8.9857,8.68738842010498
01200200586,house,7,8.862,8.62906551361084
01200200624,house,7,8.9352,8.625345230102539
01200600088,house,7,8.9337,8.780112266540527
01200700864,house,7,8.6656,8.663726806640625
01201300169,house,7,9.105,8.842267990112305
01203900724,house,0,8.3774,8.663954734802246
01204801932,house,0,8.5929,8.833508491516113
01205600574,house,0,8.711,8.884089469909668
01205900314,house,0,9.4335,8.571595191955566
01209100592,house,0,9.5242,8.889863014221191
01209900211,house,0,8.7505,8.447501182556152
01210601001,house,0,9.6899,8.759726524353027
01210902389,house,0,8.3986,8.866518020629883
01214900641,house,0,8.6284,8.705626487731934
01215001282,house,0,8.8581,8.775906562805176
01215100541,house,0,8.6565,8.712972640991211
01216100101,house,0,9.469,8.88525390625
01217000321,house,0,9.0866,8.608384132385254
01500708429,house,0,8.8273,9.15648365020752
01500708542,house,0,8.8637,9.141785621643066
01506200338,house,0,9.1662,8.94058609008789
01614800928,house,6,8.9952,8.81826114654541
01703200152,house,9,8.7403,8.182984352111816
01803400511,house,0,8.2295,8.779793739318848
01806500590,house,0,8.7403,8.516101837158203
01806600072,house,0,8.862,8.739969253540039
01902400471,house,0,8.8356,8.563387870788574
01902800214,house,0,8.7096,8.27236270904541
01904500749,house,0,8.554,8.447213172912598
01905300468,house,0,8.5913,8.782275199890137
01910200654,house,0,8.3622,8.189884185791016
01910500631,house,0,8.6842,8.473100662231445
02102000311,house,0,8.8337,8.518041610717773
02104600057,house,0,8.8125,8.79443645477295
02106800053,house,0,8.9227,8.69536304473877
02107700400,house,0,8.2981,8.508174896240234
02109400269,house,0,8.4096,8.617137908935547
02109400341,house,0,8.9446,8.671453475952148
02109900441,house,0,8.5913,8.60445785522461
02200600410,house,0,9.4082,8.830339431762695
02206100568,house,7,8.797,9.039937973022461
02208100549,house,0,8.8899,8.685195922851562
02302100069,house,7,8.3021,8.696084976196289
02302100352,house,7,8.5172,8.919214248657227
02307200126,house,7,9.2496,9.033027648925781
02307800565,house,7,9.1452,8.932374954223633
02308900555,house,7,8.4802,8.960817337036133
02309800058,house,7,9.1678,8.800488471984863
02400900272,house,7,9.4918,8.710610389709473
02403500151,house,7,9.3645,9.133721351623535
02403800661,house,7,9.3281,9.221898078918457
02403800831,house,7,9.0711,9.109484672546387
02404000624,house,7,8.3602,8.587264060974121
02404101307,house,7,8.6446,8.979326248168945
02404101692,house,7,9.4823,8.924104690551758
02404500104,house,7,9.2103,8.783636093139648
02404800442,house,7,8.9271,8.861417770385742
02405100096,house,7,9.2287,9.174071311950684
02405100096,house,7,9.1616,9.174071311950684
02407001168,house,7,8.5708,8.599843978881836
02408100585,house,7,8.1526,8.912162780761719
02408100593,house,7,8.2097,8.828094482421875
02408200199,house,7,7.9978,8.314528465270996
02602800732,house,9,8.6644,8.166431427001953
02604000377,house,9,8.0418,8.234418869018555
02606600584,house,9,8.0754,8.24305534362793
02606900057,house,9,8.2221,8.278512001037598
02700700791,house,9,8.704,8.40510082244873
02703700581,house,9,8.8273,8.440410614013672
02706300663,house,9,8.6006,8.497193336486816
02706400188,house,9,8.6618,8.67165470123291
02708700901,house,9,9.0027,8.550668716430664
02800700440,house,9,8.8402,8.356719017028809
02805500091,house,9,8.635,8.429490089416504
02806402026,house,9,8.2909,7.935225009918213
02900300185,house,9,9.078,8.544422149658203
02902500599,house,9,8.5346,8.425932884216309
02907400071,house,9,8.1001,8.100322723388672
02907801661,house,9,8.3608,8.396347045898438
03000301471,house,9,8.6305,8.695979118347168
03008700993,house,9,8.3155,8.491915702819824
03010100760,house,9,8.9629,8.724800109863281
03010700695,house,9,8.4302,8.536511421203613
03011100624,house,9,8.8481,8.5145902633667
03011900213,house,9,8.7742,8.470222473144531
03014700495,house,9,8.2486,8.163191795349121
03102100589,house,9,8.6995,8.37353229522705
03102900119,house,9,8.4722,8.149721145629883
03102900283,house,9,8.5172,8.438969612121582
03104900388,house,9,8.1807,7.937865734100342
03104900582,house,9,8.5252,8.205096244812012
03105800123,house,9,8.2308,8.086984634399414
03108600311,house,9,8.5004,8.483331680297852
03109401231,house,9,8.1025,8.405342102050781
03201000191,house,9,8.9131,8.566463470458984
03203501066,house,9,8.8448,8.284979820251465
03203601788,house,9,8.1328,8.43402099609375
03204300463,house,9,8.7536,8.244918823242188
03206604192,house,9,9.028,8.738017082214355
03207300456,house,9,8.9737,8.163558006286621
03214000225,house,9,8.6125,8.157139778137207
03217500997,house,9,8.9661,8.474010467529297
03218300436,house,9,9.0706,8.406923294067383
03303700435,house,0,8.3466,8.479032516479492
03304701354,house,0,8.8567,8.779094696044922
03306800635,house,0,8.4118,8.624741554260254
03401000527,house,0,8.3147,8.681510925292969
03402500841,house,0,7.9819,8.32621955871582
03405000114,house,1,9.185,8.480769157409668
03405400368,house,1,8.4482,8.530624389648438
03406700225,house,1,8.7403,8.681788444519043
03407800045,house,1,8.6125,8.448253631591797
03408100071,house,1,8.5038,8.338309288024902
03408101205,house,1,8.6618,8.356588363647461
03408200661,house,1,8.5004,8.367140769958496
03408500789,house,0,8.408,8.607887268066406
03500900682,house,9,8.5942,8.479270935058594
03501000707,house,9,8.7048,8.080490112304688
03502406219,house,1,8.5046,8.568490982055664
03502600112,house,9,8.5878,8.442866325378418
03503700171,house,9,8.1167,8.188687324523926
03505301302,house,1,8.7959,8.183172225952148
03505501158,house,1,8.4378,8.055407524108887
03506000829,house,9,8.5587,8.454804420471191
03506400789,house,9,8.1192,8.281137466430664
03507200589,house,9,8.3349,8.427083969116211
03508100448,house,9,8.4659,8.193083763122559
03508100715,house,9,8.0991,8.155014038085938
03508500381,house,9,7.6009,8.142853736877441
03508700526,house,9,7.9194,8.215215682983398
03704200158,house,1,8.9532,8.61810302734375
03704300187,house,1,8.8139,8.869749069213867
03706705451,house,1,8.974,9.012297630310059
03707000281,house,1,9.058,8.511035919189453
03708200187,house,1,8.9124,8.929147720336914
03709100070,house,1,9.1458,8.683919906616211
03804500323,house,0,8.1564,8.682576179504395
03809300160,house,1,8.9193,8.524073600769043
03810200905,house,1,9.0401,8.945406913757324
03811200046,house,1,8.4831,8.688740730285645
03900400083,house,1,8.8553,8.570018768310547
03901900160,house,1,8.0973,8.394834518432617
03902000287,house,1,8.7179,8.298415184020996
03906700135,house,1,9.1659,8.493450164794922
03907102843,house,1,9.1224,8.781055450439453
03913900888,house,1,8.93,8.576153755187988
03914000120,house,1,8.4244,8.413057327270508
03914800607,house,1,8.6995,8.436699867248535
04005600271,house,1,8.0877,8.18542194366455
04006300204,house,1,8.4619,8.540343284606934
04007400113,house,1,8.9271,8.404044151306152
04009500115,house,1,8.6558,8.669529914855957
04012600850,house,1,8.8896,8.354002952575684
04012800183,house,1,8.1077,8.178116798400879
04013100339,house,1,8.531,8.357477188110352
04013400340,house,1,8.193,8.336625099182129
04013500469,house,1,8.9266,8.47581958770752
04015400097,house,1,8.7699,8.530826568603516
04015500131,house,1,8.1847,8.019890785217285
04017200346,house,1,8.4219,8.55925464630127
04017300456,house,1,9.1645,8.810239791870117
04102500146,house,6,9.3948,8.671671867370605
04124600054,house,6,9.2844,8.772587776184082
04203900514,house,1,9.1319,9.106952667236328
04215700991,house,1,8.4047,8.45866870880127
04216200273,house,1,9.014,9.166674613952637
04301700706,house,1,9.3661,8.522374153137207
04302900490,house,1,8.825,8.509578704833984
04302900512,house,1,8.8049,8.504098892211914
04305700522,house,1,8.1093,8.286149978637695
04307200381,house,1,8.5357,8.463142395019531
04307700090,house,1,8.4919,8.774699211120605
04307900251,house,1,8.421,8.345354080200195
04309400523,house,1,8.5994,8.315275192260742
04309800920,house,1,8.9256,8.406648635864258
04309900429,house,1,9.028,8.706756591796875
04313200541,house,1,8.6763,8.311123847961426
04314400293,house,1,8.4652,8.30535888671875
04314801425,house,1,8.0973,8.360665321350098
04315500615,house,1,8.2698,8.51303768157959
04315500631,house,1,8.1644,8.468306541442871
04318200183,house,1,8.2816,8.779950141906738
04319100034,house,1,8.3096,8.306771278381348
04319801350,house,1,8.7741,8.7803955078125
04409500635,house,9,8.2843,8.071684837341309
04410600338,house,9,7.9462,7.890222549438477
04410800647,house,9,8.4527,8.328736305236816
04411100347,house,9,8.0448,8.2901029586792
04412800199,house,9,7.8435,8.424127578735352
04412900401,house,9,7.61,7.9281182289123535
04413200081,house,9,8.3064,8.038870811462402
04502000310,house,1,8.46,8.806123733520508
04503300490,house,1,8.0552,9.202571868896484
04503700812,house,1,8.7093,8.88635540008545
04503900412,house,1,9.0753,9.250635147094727
04503901011,house,1,8.7248,9.034505844116211
04513801166,house,1,8.4455,8.668508529663086
04516000253,house,1,8.3349,8.647703170776367
04519000254,house,1,8.4262,8.713482856750488
04519500206,house,1,8.4675,8.737621307373047
04523700664,house,6,8.6719,8.137581825256348
04529000494,house,1,8.6752,9.070915222167969
04530100294,house,6,9.028,8.57433795928955
04530700186,house,6,8.4919,8.513191223144531
04530800091,house,1,8.3071,8.75416374206543
04531300548,house,6,8.2923,8.301591873168945
04600900553,house,1,8.7275,8.617956161499023
04601300592,house,1,8.7469,8.700127601623535
04605800761,house,1,8.4431,8.68705940246582
04607900443,house,1,8.2682,8.514368057250977
04609600064,house,1,8.294,8.656718254089355
04610702381,house,1,8.2283,8.772270202636719
04610800209,house,1,8.1372,8.72471809387207
04611300862,house,1,8.9596,8.934096336364746
04611301060,house,1,9.0672,9.054286003112793
04615000200,house,1,8.449,9.007230758666992
04619102776,house,1,7.8028,8.650663375854492
04619900354,house,1,7.9388,8.887659072875977
04620100846,house,1,8.2766,8.861148834228516
04622100053,house,1,8.642,8.388980865478516
04622100355,house,1,8.5301,8.395221710205078
04624400771,house,1,8.5086,8.562191009521484
04700100249,house,1,8.5882,8.641203880310059
04700200421,house,1,7.9313,8.706993103027344
04702300229,house,1,8.363,8.675616264343262
04704700496,house,1,8.2295,8.778458595275879
04706303753,house,1,8.4678,8.89388656616211
04707100333,house,1,8.2315,8.604970932006836
04708801191,house,1,8.1754,9.014967918395996
04708802137,house,1,8.8418,9.004287719726562
04709400520,house,1,8.6995,8.57473373413086
04713800082,house,1,8.7087,8.754328727722168
04714500661,house,1,9.0926,8.881418228149414
04714600583,house,1,8.2695,8.466578483581543
04717000811,house,1,8.5942,8.32581615447998
04719801021,house,1,8.5994,8.359623908996582
04720400965,house,1,8.1096,8.068875312805176
04721100175,house,1,8.7487,8.922767639160156
04724800208,house,1,7.4418,8.432058334350586
04803000077,house,1,8.4267,8.728912353515625
04803700494,house,1,8.239,8.49106502532959
04803801002,house,1,8.6692,8.736960411071777
04804500316,house,1,8.622,8.708579063415527
04807000330,house,1,8.2808,8.64459228515625
04807000500,house,1,8.6851,8.599289894104004
04807400053,house,1,9.0332,8.31806468963623
04810000109,house,1,9.477,9.031370162963867
04814000324,house,1,8.3141,8.374088287353516
04815401446,house,1,8.137,8.333033561706543
04819000251,house,1,8.6226,8.841614723205566
04822400182,house,1,7.8494,8.229252815246582
04823401530,house,1,9.2243,8.873785972595215
04824500605,house,1,8.6713,8.56731128692627
04825200540,house,1,8.6995,8.521442413330078
04826900104,house,1,8.1877,8.266529083251953
04828500871,house,1,8.6226,8.741741180419922
04830700084,house,1,8.2161,8.609306335449219
04831001775,house,1,8.297,8.469277381896973
04832600486,house,1,8.479,8.772343635559082
04834500845,house,1,8.5374,8.74107837677002
04836600601,house,1,9.0886,8.931504249572754
04836700061,house,1,8.0327,8.634380340576172
04839400571,house,1,8.6975,8.519707679748535
04839600333,house,1,8.3187,8.483722686767578
04842100389,house,1,8.5685,8.53955364227295
04901200526,house,1,8.5849,8.697331428527832
04903300455,house,1,8.4652,8.762866973876953
04903600270,house,1,7.9931,8.583192825317383
04903600386,house,1,8.4946,8.751882553100586
04905600618,house,1,8.1689,8.362613677978516
04906100392,house,1,8.2212,8.491693496704102
04909900802,house,1,8.2677,8.399199485778809
04911101040,house,1,8.3894,8.770537376403809
04913600850,house,1,7.8666,8.328559875488281
04914300915,house,1,8.24,8.563891410827637
04920400691,house,1,8.1363,8.064156532287598
04920500297,house,1,8.3248,8.315778732299805
04923000953,house,1,8.5188,8.531987190246582
04924000353,house,1,8.1461,8.591534614562988
04924100315,house,1,8.0227,8.579920768737793
04925900226,house,1,8.6915,8.766965866088867
04927601293,house,1,8.1452,8.1358003616333
04927601811,house,1,8.0385,8.176344871520996
04945000451,house,1,7.874,7.97855281829834
04945100527,house,1,8.6928,8.564594268798828
04945100586,house,1,7.9092,8.271612167358398
04945500576,house,1,7.5533,8.120148658752441
05000500407,house,1,8.3837,8.6809663772583
05008501119,house,1,8.3749,8.46605396270752
05008800450,house,1,8.7248,8.397642135620117
05014300022,house,1,8.5829,8.475947380065918
05014600727,house,1,7.9811,8.156128883361816
05016100179,house,1,8.8945,8.956975936889648
05016700559,house,1,7.9391,8.53557014465332
05018400153,house,1,8.4482,8.24667739868164
05018800518,house,1,8.442,8.161431312561035
05019000671,house,1,7.7628,8.347627639770508
05021100211,house,1,8.4019,8.447928428649902
05022800462,house,1,8.055,8.427851676940918
05101001041,house,9,8.6662,8.105469703674316
05101711950,house,9,8.7675,8.450922012329102
05101711993,house,9,8.7359,8.450922012329102
05102800302,house,9,8.4482,8.25623607635498
05104900428,house,9,8.2541,8.238210678100586
05106400503,house,9,7.8251,8.030342102050781
05107701949,house,9,8.6173,8.340571403503418
05110000522,house,9,8.3662,8.2843599319458
05110100527,house,9,8.552,8.328729629516602
05110600422,house,9,8.8162,8.64796257019043
05111300287,house,9,8.568,8.3314790725708
05111600469,house,9,8.8001,8.534810066223145
05111600485,house,9,8.8144,8.555939674377441
05113000345,house,9,8.6373,8.324462890625
05113100625,house,9,8.8708,8.495615005493164
05114800388,house,9,8.9002,8.710981369018555
05114900234,house,9,8.955,8.653950691223145
05115501783,house,9,8.3296,8.413623809814453
05116200401,house,9,8.7123,8.571993827819824
05116400301,house,9,8.5081,8.263623237609863
05117600568,house,9,7.9823,8.166292190551758
05117700732,house,9,8.4423,8.08556842803955
05122500355,house,9,7.7853,8.13968563079834
05122500398,house,9,7.8187,8.044635772705078
05122500908,house,9,8.7485,8.58763599395752
05122700826,house,9,8.5256,8.489153861999512
05122700842,house,9,8.5584,8.50181770324707
05123200282,house,9,9.0478,8.353055953979492
05124500506,house,9,8.4802,8.174221992492676
05129700708,house,9,8.4787,8.393204689025879
05130000358,house,9,7.9385,7.967853546142578
05131100712,house,9,8.2912,8.041779518127441
05132000126,house,9,8.8356,8.114107131958008
05132100619,house,9,8.5642,7.881808757781982
05132400442,house,9,8.3034,8.237284660339355
05133700921,house,9,8.2345,8.1746244430542
05133701055,house,9,8.9227,8.569022178649902
05133701195,house,9,8.4957,8.245935440063477
05133901828,house,9,8.9081,8.42216682434082
05201900526,house,9,8.4607,8.388361930847168
05202401043,house,9,8.6372,8.284546852111816
05202700075,house,9,7.9699,8.204845428466797
05204400958,house,9,8.3096,8.479385375976562
05204400974,house,9,8.8049,8.484761238098145
05205300418,house,9,8.3349,8.395240783691406
05205402644,house,9,8.5682,8.412192344665527
05205402776,house,9,8.5926,8.368695259094238
05206900869,house,9,8.7267,8.490152359008789
05207800957,house,9,8.3653,8.093996047973633
05209600564,house,9,8.9782,8.301736831665039
05224603439,house,9,8.8523,8.354363441467285
05225700543,house,9,8.905,8.72387981414795
05229200057,house,9,8.3472,8.071955680847168
05232901087,house,9,8.731,8.04130744934082
05236700485,house,9,8.163,8.237255096435547
05301000535,house,9,7.6009,8.010102272033691
05303300757,house,3,8.3096,8.63250732421875
05304900227,house,9,9.2103,8.925690650939941
05308900183,house,9,8.3481,8.393257141113281
05312400505,house,3,8.5384,8.26264762878418
05331700365,house,9,7.9215,8.309626579284668
05334200304,house,9,8.6036,8.073582649230957
05406201263,house,9,8.7403,8.666945457458496
05407200538,house,9,8.6723,8.387207984924316
05409801946,house,9,8.4784,8.304941177368164
05417300561,house,9,8.948,8.611330032348633
05418000081,house,9,8.6252,8.30566692352295
05419800489,house,9,8.6454,8.541754722595215
05428100125,house,9,8.1117,7.942104816436768
05428300191,house,9,9.0982,8.457435607910156
05500600133,house,3,8.3684,8.344009399414062
05507800510,house,3,8.4895,8.324249267578125
05508300491,house,3,8.779,8.43092155456543
05513000369,house,3,8.6305,8.573149681091309
05520100561,house,3,8.0604,8.471308708190918
05521401180,house,3,8.0014,8.373050689697266
05522004150,house,9,9.0205,8.535421371459961
05522202361,house,9,8.9922,8.51248550415039
05522900881,house,3,8.668,8.494732856750488
05523001090,house,3,8.6507,8.517535209655762
05523900052,house,3,8.6851,8.241418838500977
05524000977,house,3,8.8739,8.733722686767578
05525200945,house,3,8.4482,8.661916732788086
05526601293,house,3,8.3221,8.606036186218262
05527300297,house,3,9.1951,8.714150428771973
05528500801,house,3,8.2054,8.429692268371582
05529100309,house,3,8.7796,8.660500526428223
05530300391,house,9,8.7017,8.188583374023438
05530900380,house,3,8.8655,8.689470291137695
05535000671,house,3,8.4531,8.289932250976562
05535800260,house,3,8.8537,8.592156410217285
05608100131,house,3,7.8598,8.104948043823242
05608400178,house,3,8.1807,8.185380935668945
05610701600,house,3,8.5289,8.49467658996582
05612303157,house,9,8.4347,8.427295684814453
05612600615,house,9,8.1757,8.337139129638672
05612700245,house,9,8.2146,8.132467269897461
05613001219,house,3,8.2637,8.235125541687012
05619401553,house,3,9.1387,8.59849739074707
05620501991,house,9,8.2428,8.462057113647461
05620600149,house,3,8.2752,8.32586669921875
05623400973,house,3,8.5172,8.354736328125
05623700136,house,3,8.5942,8.469289779663086
05700800489,house,3,8.2591,8.460217475891113
05701700690,house,3,8.1495,8.409372329711914
05701900118,house,3,8.2428,7.988552570343018
05703200350,house,3,8.6226,8.51531982421875
05704600107,house,3,8.0709,8.374990463256836
05704702058,house,3,8.2659,8.444354057312012
05705400667,house,3,7.9768,8.19384479522705
05706800545,house,3,8.2171,8.246176719665527
05708600901,house,3,8.2631,8.345376968383789
05708600918,house,3,8.1826,8.347762107849121
05709400734,house,3,8.6797,8.464184761047363
05711201409,house,3,8.5323,8.578736305236816
05713501213,house,3,8.4925,8.330880165100098
05716300537,house,3,8.5685,8.522989273071289
05716500331,house,3,7.8913,8.029733657836914
05718001189,house,3,8.1047,8.118871688842773
05720300368,house,3,8.689,8.781654357910156
05725400646,house,3,8.4876,8.77011489868164
05725800628,house,3,7.9782,7.984096050262451
05728000975,house,3,8.8919,8.864727020263672
05728000991,house,3,8.8049,8.85923957824707
05800201341,house,3,8.4284,8.359159469604492
05800701709,house,3,8.3332,8.331927299499512
05801000682,house,3,7.9804,8.244708061218262
05802901721,house,3,9.0106,8.64093017578125
05803201138,house,3,8.359,8.57675838470459
05803800831,house,3,8.9359,8.761741638183594
05805900890,house,3,8.6482,8.41851806640625
05806401103,house,3,8.478,8.411901473999023
05808200172,house,3,8.4032,8.36212158203125
05808500338,house,3,8.4764,8.380677223205566
05810201458,house,3,8.8595,8.757462501525879
05811200293,house,3,8.5425,8.510275840759277
05811300484,house,3,8.2863,8.801541328430176
05813401857,house,3,8.2674,8.550322532653809
05814000686,house,3,8.0845,8.224562644958496
05815201502,house,3,8.4895,8.579042434692383
05815600296,house,3,8.9002,8.57149600982666
05816501038,house,3,8.7991,8.663970947265625
05816901036,house,3,8.545,8.433067321777344
05817600900,house,3,8.4198,8.571163177490234
05817900785,house,3,8.0334,8.478239059448242
05818001016,house,3,8.9486,8.856842041015625
05818301443,house,3,8.8154,8.803394317626953
05819500725,house,3,8.7843,8.780899047851562
05824000220,house,3,8.42,8.546234130859375
05900901262,house,3,9.1036,8.532258987426758
05901000234,house,3,8.1787,8.112303733825684
05901301137,house,3,8.3012,8.138267517089844
05901605292,house,3,8.4449,8.525794982910156
05901605306,house,3,8.4449,8.533353805541992
05902800641,house,3,8.4895,8.452571868896484
05903000266,house,3,8.566,8.557550430297852
05903604242,house,3,8.6855,8.472295761108398
05904301960,house,3,8.1117,8.558964729309082
05905302057,house,3,8.9609,8.638893127441406
05906501592,house,3,8.2772,8.43914794921875
05907301351,house,3,8.6965,8.583532333374023
05907700564,house,3,8.6061,8.592012405395508
05908400386,house,3,8.7988,8.626649856567383
05908500283,house,3,7.8494,8.179784774780273
05908900761,house,3,8.7382,8.483122825622559
05909500775,house,3,8.7308,8.619860649108887
05909500783,house,3,8.7229,8.599781036376953
05909800841,house,3,8.7962,8.405431747436523
05909900838,house,3,8.168,8.44164752960205
05911101181,house,3,8.9446,8.614633560180664
05911401096,house,3,8.0064,8.46041488647461
05912900738,house,3,8.6042,8.636775970458984
05913000897,house,3,8.5791,8.312010765075684
05913101324,house,3,8.0121,8.33458423614502
05913700759,house,3,8.2097,8.146089553833008
05913701399,house,3,8.1178,8.368135452270508
05913800966,house,3,8.3894,8.317927360534668
05914100968,house,3,8.8503,8.801179885864258
05914201039,house,3,8.6713,8.489121437072754
05915101267,house,3,8.8919,8.744420051574707
05915101798,house,3,8.5172,8.667792320251465
05915200818,house,3,7.8481,8.165069580078125
05915300464,house,3,8.9792,8.639056205749512
05915600751,house,3,8.6609,8.369837760925293
05917901384,house,3,8.3914,8.269683837890625
05917902161,house,3,8.812,8.508585929870605
05918100202,house,3,7.9403,8.142692565917969
05918600124,house,3,8.3958,8.18727970123291
05921100382,house,3,8.5374,8.653493881225586
05922000667,house,3,8.4665,8.550929069519043
05922100866,house,3,8.8883,8.689756393432617
05922200453,house,3,8.3194,8.225652694702148
05922600117,house,3,8.4162,7.862679958343506
05923900084,house,3,8.0317,8.241332054138184
05924401480,house,3,8.601,8.440889358520508
05925100468,house,3,9.0006,8.773935317993164
05925400178,house,3,8.6416,8.346609115600586
05926102715,house,3,8.6603,8.712839126586914
05928800606,house,3,7.8753,7.903927803039551
05929601070,house,3,8.0778,8.52509593963623
05931100733,house,3,8.435,8.369400978088379
06000800444,house,3,7.694,8.053065299987793
06002700439,house,3,8.2993,8.084481239318848
06002900683,house,3,7.8054,8.767334938049316
06002900691,house,3,7.8054,8.767334938049316
06003405295,house,3,8.7294,8.63329792022705
06003501121,house,3,8.8772,8.59941577911377
06004101060,house,3,8.2224,8.303985595703125
06004101125,house,3,8.4449,8.542129516601562
06004900737,house,3,8.2065,8.103677749633789
06007201651,house,3,8.395,8.360363006591797
06007700259,house,3,7.6299,8.027087211608887
06008200845,house,3,8.5965,8.59361743927002
06008200896,house,3,8.7737,8.441095352172852
06008300645,house,3,8.239,8.173672676086426
06008400321,house,3,8.1887,8.42947769165039
06011001076,house,3,8.5881,8.780787467956543
06012903065,house,3,8.683,8.548884391784668
06013100901,house,3,8.372,8.099571228027344
06014800530,house,3,8.5952,8.377854347229004
06015601991,house,3,8.2844,8.149538040161133
06016600466,house,3,8.6959,8.65526008605957
06017601261,house,3,8.7921,8.595081329345703
06019800611,house,3,8.4659,7.966248989105225
06023800361,house,3,8.9804,8.641181945800781
06023900471,house,3,8.9515,8.549776077270508
06024600488,house,3,8.3786,8.495872497558594
06026200606,house,3,8.4616,8.077605247497559
06028400572,house,3,8.6936,8.188339233398438
06031500434,house,3,7.9638,8.162123680114746
06100600471,house,3,7.7867,8.173478126525879
06102800079,house,3,8.0053,7.976998329162598
06103601851,house,3,8.276,8.270589828491211
06103601894,house,3,8.4345,8.321332931518555
06103803543,house,3,8.6386,8.640939712524414
06103803594,house,3,8.4131,8.478999137878418
06104701371,house,3,8.7612,8.517715454101562
06104900321,house,3,8.4219,8.42796516418457
06106101698,house,3,8.2621,8.303960800170898
06106801126,house,3,8.5172,8.543149948120117
06106900965,house,3,8.8127,8.566003799438477
06108203412,house,3,8.8717,8.792192459106445
06108600195,house,3,8.0631,8.241667747497559
06109503207,house,3,8.1117,8.530640602111816
06109900419,house,3,8.7829,8.729867935180664
06112200392,house,3,8.7704,8.74384880065918
06114101758,house,3,9.0375,8.649999618530273
06114101898,house,3,9.0905,8.64736557006836
06114500024,house,3,7.8917,8.08784294128418
06114700589,house,3,8.6206,8.535008430480957
06115402700,house,3,9.0655,8.588973045349121
06115402832,house,3,8.3052,8.442587852478027
06115402999,house,3,8.294,8.325427055358887
06115607051,house,3,9.0527,8.811383247375488
06201200304,house,9,8.5172,8.504939079284668
06203400335,house,9,9.444,8.519675254821777
06203600156,house,9,8.8302,8.40898609161377
06203700071,house,9,8.5936,8.306013107299805
06204700502,house,9,8.5477,8.36008071899414
06210600530,house,9,8.5758,8.451898574829102
06211200943,house,9,8.7403,8.577177047729492
06211300141,house,9,8.6343,8.255056381225586
06211800363,house,9,7.7786,8.193290710449219
06213200231,house,9,8.6622,8.257431030273438
06214100591,house,9,8.1951,8.564056396484375
06216300377,house,9,8.4792,8.305224418640137
06218900894,house,9,8.59,8.573846817016602
06219800818,house,9,8.3428,8.215014457702637
06306600167,house,9,8.8714,8.597935676574707
06306900284,house,9,7.8324,8.311049461364746
06325100271,house,9,7.7863,8.275940895080566
06409900260,house,4,8.8255,8.598708152770996
06414900321,house,9,8.6226,8.496123313903809
06416700980,house,4,8.235,8.360431671142578
06500802004,house,4,8.654,8.49386978149414
06504701466,house,4,8.7443,8.644640922546387
06506300604,house,4,7.9633,8.233743667602539
06508101072,house,4,8.6701,8.423025131225586
06509000431,house,4,8.4542,8.33391284942627
06510400316,house,4,9.0943,8.302032470703125
06511000370,house,4,8.3745,8.0928316116333
06512600185,house,9,8.6163,8.494322776794434
06515800754,house,4,8.5425,8.363260269165039
06602400665,house,4,8.0472,8.248917579650879
06602600796,house,4,7.9447,8.135774612426758
06603901455,house,4,8.4381,8.034991264343262
06606400643,house,4,8.8049,8.512072563171387
06608301154,house,4,8.8388,8.623200416564941
06608801742,house,4,8.7113,8.350079536437988
06611000828,house,4,8.0923,8.229002952575684
06611700153,house,4,8.1117,8.3154296875
06618801230,house,4,8.1022,8.181288719177246
06620600824,house,4,8.4372,8.469207763671875
06622400423,house,4,7.8426,7.967041015625
06624500271,house,4,8.1402,8.141880989074707
06626601725,house,4,8.478,8.252473831176758
06628900411,house,4,8.2324,7.923840522766113
06629300149,house,4,8.5222,7.948410987854004
06631000734,house,4,8.5731,8.360139846801758
06631400368,house,4,8.363,8.700935363769531
06633000227,house,4,8.5172,8.438726425170898
06638900102,house,4,8.0709,8.283601760864258
06645101181,house,4,8.4854,8.242992401123047
06653100030,house,4,8.3136,8.388311386108398
06654400690,house,4,8.4015,8.2294340133667
06655900451,house,4,8.5014,8.236897468566895
06656700454,house,4,8.6754,8.678275108337402
06659500200,house,4,8.132,8.240058898925781
06661200138,house,4,8.382,8.460271835327148
06661400714,house,4,8.3349,8.340066909790039
06701100538,house,4,8.4921,8.226958274841309
06701201369,house,4,8.5477,8.485438346862793
06702102399,house,4,8.363,8.509485244750977
06703701547,house,4,8.6418,8.213361740112305
06703804087,house,4,7.9408,8.260560989379883
06704500707,house,4,8.0135,8.042884826660156
06704501551,house,4,8.0273,7.988865375518799
06705401079,house,4,8.6311,8.67182731628418
06705601272,house,4,8.4278,8.40278148651123
06707800965,house,4,8.1399,8.434406280517578
06708800535,house,4,8.75,8.423418045043945
06710401308,house,4,8.371,8.352033615112305
06710500632,house,4,8.6578,8.260624885559082
06713300332,house,4,8.7403,8.520735740661621
06714200781,house,4,9.0272,8.727505683898926
06716101012,house,4,8.2577,8.693198204040527
06716101381,house,4,8.2659,8.406418800354004
06716101403,house,4,7.5625,7.894064426422119
06717001283,house,4,8.2453,8.21401596069336
06720100297,house,4,8.9081,8.76729965209961
06720201972,house,4,8.3187,8.433594703674316
06720600893,house,4,9.0502,8.527322769165039
06721601257,house,4,7.8579,8.34375286102295
06722801111,house,4,8.041,8.191696166992188
06726201338,house,4,8.919,8.596887588500977
06727300887,house,4,7.9146,7.965336322784424
06727400474,house,4,8.3789,7.974168300628662
06728601899,house,4,8.6936,8.626547813415527
06728902163,house,4,8.4302,8.401190757751465
06730500182,house,4,9.0852,8.886588096618652
06730600322,house,4,8.1342,8.235335350036621
06731600229,house,4,8.2577,8.218295097351074
06733300095,house,4,8.1257,8.033202171325684
06734800229,house,4,8.566,8.516359329223633
06734901149,house,4,8.1242,8.590946197509766
06735100077,house,4,9.0067,8.568878173828125
06736700310,house,4,8.8239,8.483592987060547
06737500544,house,4,8.4641,8.242731094360352
06738200641,house,4,8.5713,8.328754425048828
06739100187,house,4,7.3789,7.862337112426758
06741200029,house,4,8.5511,7.983864784240723
06741900381,house,4,8.2035,8.246017456054688
06744300350,house,4,8.6284,8.428924560546875
06747800095,house,4,8.6851,8.378654479980469
06748100038,house,4,8.6595,8.336660385131836
06748300878,house,4,8.1865,8.256875038146973
06749300421,house,4,7.9164,7.990433216094971
06750200109,house,4,8.0709,8.029791831970215
06800200867,house,4,7.9225,8.298232078552246
06801503324,house,4,8.7808,8.641618728637695
06802601931,house,4,9.0768,8.55884838104248
06803902455,house,4,8.4219,8.60669231414795
06808000697,house,4,8.8939,8.763402938842773
06810100962,house,4,8.36,8.485461235046387
06810101179,house,4,8.1998,8.486827850341797
06810101942,house,4,8.5172,8.629576683044434
06812500283,house,4,8.5004,8.271904945373535
06812500364,house,4,8.7156,8.490832328796387
06814601745,house,4,8.3261,8.444459915161133
06814800985,house,4,7.9374,8.314342498779297
06815400670,house,4,8.6829,8.425578117370605
06816100751,house,4,8.1568,8.422208786010742
06816700724,house,4,8.7052,8.4863862991333
06818200508,house,4,7.937,8.068475723266602
06820200846,house,4,8.4931,8.369510650634766
06824001759,house,4,8.5862,8.668659210205078
06825800094,house,4,8.3875,8.367926597595215
06826200521,house,4,8.6978,8.360284805297852
06826200600,house,4,8.3021,8.262699127197266
06826500825,house,4,7.7576,8.163146018981934
06826600341,house,4,8.3889,8.360738754272461
06828400569,house,4,8.6226,8.558609008789062
06829200466,house,4,7.9782,8.281338691711426
06829200547,house,4,8.4684,8.459073066711426
06830700213,house,4,8.41,8.295154571533203
06832000383,house,4,7.6009,8.401554107666016
06836900524,house,4,9.0005,8.565535545349121
06837700162,house,4,8.3671,8.467022895812988
06837700308,house,4,8.087,8.422035217285156
06839500322,house,4,8.7036,8.736705780029297
06839800652,house,4,8.5489,8.439424514770508
06843100392,house,4,8.7598,8.606212615966797
06845300887,house,4,8.0488,8.32872200012207
06848000108,house,4,8.2428,8.505738258361816
06851401266,house,4,8.0626,8.351062774658203
06852000524,house,4,8.8284,8.569783210754395
06853200020,house,4,7.9939,8.34007740020752
06853200241,house,4,8.3324,8.227530479431152
06853401468,house,4,8.3253,8.329909324645996
06854101352,house,4,9.004,8.66476821899414
06854202167,house,4,8.7403,8.529915809631348
06900900631,house,4,8.3576,8.375814437866211
06902301662,house,4,8.7057,8.4212064743042
06907600218,house,4,8.8818,8.508453369140625
06908400123,house,4,9.2013,8.492208480834961
06909201566,house,4,8.9567,8.351542472839355
06911300479,house,4,8.7759,8.510754585266113
06913101058,house,4,8.1031,8.305298805236816
06915300600,house,4,8.3868,8.164998054504395
06915700201,house,4,8.637,8.347078323364258
06916100826,house,4,8.4412,8.298073768615723
06917300160,house,4,8.5817,8.445194244384766
06917701130,house,4,8.4482,8.301755905151367
06917900151,house,4,8.0552,8.269906997680664
07004601420,house,4,8.294,8.5883150100708
07004701751,house,4,8.7121,8.198161125183105
07006501709,house,4,8.2525,8.344265937805176
07006702569,house,4,8.8269,8.397648811340332
07006703212,house,4,8.1543,8.200922966003418
07007800610,house,4,7.9995,8.243289947509766
07008100612,house,4,8.6051,8.066957473754883
07008800533,house,4,8.2245,8.25265121459961
07009200572,house,4,8.2876,8.578682899475098
07010800456,house,4,8.1432,8.42199993133545
07012501219,house,4,7.4101,8.095457077026367
07012700351,house,4,8.0041,8.339547157287598
07013802761,house,4,8.5172,8.520739555358887
07015502100,house,4,7.7311,8.352527618408203
07016101010,house,4,8.6042,8.341265678405762
07016101894,house,4,8.6785,8.682068824768066
07017604342,house,4,8.0383,8.207269668579102
07017800486,house,4,8.37,8.59822940826416
07018100844,house,4,7.9774,8.02142333984375
07018401232,house,4,8.4547,8.274333000183105
07018401240,house,4,8.2396,8.284144401550293
07019301126,house,4,8.0064,8.407742500305176
07019302025,house,4,8.7739,8.47461986541748
07019302637,house,4,7.9492,8.035558700561523
07019304222,house,4,8.1605,8.04564094543457
07019304362,house,4,8.3044,8.361151695251465
07020700421,house,4,8.4828,8.178655624389648
07021100401,house,4,8.4759,8.192566871643066
07021300050,house,4,8.1938,8.184818267822266
07023007652,house,4,8.1689,8.335532188415527
07023011749,house,4,8.4641,8.51980972290039
07024701250,house,4,8.7916,8.546174049377441
07024801115,house,4,8.4032,8.369007110595703
07024902442,house,4,8.6057,8.120500564575195
07028500446,house,4,8.2742,8.343215942382812
07033300492,house,4,7.9837,8.045690536499023
07035000615,house,4,7.9481,8.19770336151123
07035800621,house,4,8.3489,7.951960563659668
07037400033,house,4,7.9111,8.027398109436035
07037700711,house,4,8.6226,8.25531005859375
07039402981,house,4,8.2385,8.44498062133789
07039403145,house,4,8.606,8.298457145690918
07041000125,house,4,8.3533,8.121367454528809
07041200221,house,4,8.4392,8.567211151123047
07105201436,house,4,8.2183,8.20757007598877
07107200356,house,4,7.7814,7.835528373718262
07109600335,house,4,8.4684,8.415595054626465
07111100964,house,4,8.2396,8.277884483337402
07112700681,house,4,8.5262,8.314228057861328
07113500692,house,4,8.3407,8.295340538024902
07125100090,house,4,8.7932,8.228578567504883
07125700489,house,4,8.0645,7.99594783782959
07127100330,house,4,8.3416,8.210634231567383
07132100483,house,4,8.2063,8.210343360900879
07136800722,house,4,8.4302,7.897172927856445
07137604838,house,4,8.8049,8.280834197998047
07137701132,house,4,8.1157,8.164544105529785
07141605770,house,4,8.363,8.305734634399414
07146402894,house,4,9.0489,8.105003356933594
07147000201,house,4,8.8257,8.120269775390625
07147301749,house,4,8.4684,7.753939628601074
07151500165,house,4,8.363,8.088570594787598
07151500361,house,4,9.14,8.360091209411621
07152200548,house,4,8.0754,8.255087852478027
07200500429,house,4,8.46,8.151092529296875
07202501953,house,4,8.2903,8.321931838989258
07202900025,house,4,8.1305,8.150731086730957
07203200991,house,4,8.1731,8.448615074157715
07204400240,house,4,8.9546,8.700900077819824
07205901103,house,4,8.5903,8.536717414855957
07206000924,house,4,8.391,8.5506591796875
07209800077,house,4,9.1413,8.355119705200195
07210100504,house,4,8.5459,8.559032440185547
07211900431,house,4,8.6226,8.545614242553711
07213601008,house,4,8.1495,8.45217514038086
07216802888,house,4,8.3796,8.3887939453125
07217600391,house,4,8.1707,8.393046379089355
07217801524,house,4,8.1117,8.323155403137207
07220101864,house,4,8.3931,8.439637184143066
07220800479,house,4,9.1598,8.618103981018066
07221000581,house,4,8.2439,8.314981460571289
07221100993,house,4,8.406,8.402762413024902
07221101205,house,4,8.948,8.51791763305664
07222100334,house,4,8.363,8.416203498840332
07305600679,house,4,8.9324,8.726288795471191
07306101714,house,4,8.3223,8.240273475646973
07326000115,house,4,8.5083,8.354903221130371
07329100188,house,4,8.6558,8.270572662353516
07504100102,house,4,7.9481,8.001893043518066
07506800421,house,7,8.3143,8.268424034118652
07507000281,house,7,8.2649,8.30744743347168
07513601011,house,4,8.406,8.555099487304688
07514200266,house,4,8.4821,8.538743019104004
07520300986,house,7,8.6805,8.825368881225586
07520500551,house,7,8.5685,8.518736839294434
07522600758,house,4,9.3355,8.687101364135742
07524002165,house,7,7.4684,8.255355834960938
07525406294,house,4,8.6941,8.543523788452148
07525406340,house,4,8.6177,8.614959716796875
07525801649,house,4,8.4131,8.25578498840332
07530400606,house,4,8.3946,8.343050003051758
07534401364,house,7,8.2548,8.214640617370605
07535300200,house,7,8.097,8.449780464172363
07536100299,house,4,7.4052,7.883085250854492
07600800454,house,7,8.902,8.764745712280273
07608500107,house,7,8.8092,8.392271041870117
07609100897,house,7,8.351,8.361349105834961
07609800414,house,7,8.3864,8.100805282592773
07609800538,house,7,9.013,8.915825843811035
07609800546,house,7,8.9719,8.93714714050293
07610000744,house,7,8.4668,8.140131950378418
07610300438,house,4,8.163,7.903505802154541
07610501840,house,4,8.3,8.285635948181152
07614400331,house,4,7.5796,8.147795677185059
07616500285,house,7,7.9676,7.838778972625732
07617400438,house,7,8.4735,8.345687866210938
07618302529,house,7,8.6063,8.346714973449707
07619200037,house,7,8.1388,8.178364753723145
07620700171,house,7,8.532,8.734235763549805
07624800349,house,7,8.4875,8.495348930358887
07624800578,house,7,8.6905,8.623115539550781
07624800616,house,7,8.8876,8.709471702575684
07628500331,house,7,8.4699,8.462096214294434
07642500408,house,7,8.8626,8.711326599121094
07643000281,house,7,8.6101,8.549775123596191
07643200270,house,7,8.4118,8.618989944458008
07645100206,house,7,8.5041,8.537226676940918
07645100461,house,7,8.3349,8.111769676208496
07646304018,house,7,8.9714,8.54482650756836
07648900041,house,7,7.9811,8.20519733428955
07650200231,house,7,7.6009,8.084182739257812
07651301201,house,7,8.055,8.304720878601074
07651303032,house,7,8.5318,8.379712104797363
07651303083,house,7,8.7598,8.540994644165039
07677600352,house,7,8.3506,8.275909423828125
07700400768,house,7,8.6226,8.68385124206543
07700500193,house,7,8.3758,8.579559326171875
07703000655,house,7,8.036,8.630024909973145
07705800438,house,7,8.4659,8.779379844665527
07714300736,house,7,7.824,8.90623950958252
07724800545,house,7,8.4291,8.925661087036133
07730800462,house,7,8.8383,8.851834297180176
07730800489,house,7,9.0649,8.912810325622559
07737205225,house,7,8.3027,8.938499450683594
07743601587,house,7,8.4094,8.513993263244629
07743602206,house,7,8.5484,8.76491928100586
07744801644,house,7,8.0133,8.718558311462402
07744801903,house,7,8.1687,8.914710998535156
07802601142,house,7,8.8855,8.679903984069824
07803000827,house,7,8.797,8.807047843933105
07805100551,house,7,8.9872,8.659256935119629
07805400504,house,7,8.5352,8.5741548538208
07805401081,house,7,9.0315,8.870803833007812
07806101462,house,7,8.46,8.437566757202148
07807100230,house,7,8.6995,8.830124855041504
07807100516,house,7,8.7852,8.447134017944336
07807200383,house,7,8.1117,8.499150276184082
07807300213,house,7,8.6326,8.624260902404785
07808900451,house,7,8.4381,8.646377563476562
07808901679,house,7,8.4034,8.576773643493652
07818000461,house,7,8.2272,8.643218994140625
07818100458,house,7,8.7403,8.373529434204102
07818601252,house,7,8.3862,8.763144493103027
07821300187,house,7,8.2589,8.40634536743164
07821500569,house,7,8.9483,8.911330223083496
07821600717,house,7,8.4289,8.490622520446777
07822400312,house,7,8.7702,8.556328773498535
07823700638,house,7,8.7584,8.921141624450684
07824100431,house,7,8.6792,8.58414077758789
07824500012,house,7,8.7511,8.652578353881836
07825300599,house,7,8.8167,8.59370231628418
07825300701,house,7,8.728,8.759416580200195
07825801512,house,7,8.503,8.61678695678711
07826200113,house,7,9.0142,8.761306762695312
07826400694,house,7,8.3041,8.136088371276855
07832400633,house,7,8.7308,8.720847129821777
07836900177,house,7,8.2254,8.877968788146973
07838100437,house,7,8.0864,8.415796279907227
07840202659,house,7,8.9036,8.872303009033203
07840900577,house,7,8.6903,8.671433448791504
07840900712,house,7,8.4064,8.565113067626953
07841000723,house,7,8.4611,8.581391334533691
07842801851,house,7,8.1678,8.299455642700195
07843200649,house,7,8.747,8.625580787658691
07844700386,house,7,8.8385,8.9703950881958
07849100085,house,7,8.8451,9.055708885192871
07852809731,house,7,9.0576,9.113720893859863
07852810969,house,7,9.0711,9.105899810791016
07917800199,house,7,8.4945,8.370763778686523
07919900255,house,7,8.294,8.703012466430664
07966001482,house,7,8.4621,8.460368156433105
07966400468,house,7,7.9462,8.217947959899902
07966600041,house,7,8.6724,8.363602638244629
07966900851,house,8,8.5054,8.283406257629395
07973200037,house,7,8.7179,8.47356128692627
07975600164,house,7,8.4764,8.381770133972168
07977200198,house,7,8.6936,8.479944229125977
07977400073,house,7,8.585,8.461033821105957
08000501287,house,7,8.667,8.68226146697998
08002100336,house,7,8.5817,8.330718994140625
08003300169,house,7,8.0715,8.584510803222656
08004500900,house,7,8.1437,8.540141105651855
08006200580,house,7,8.2437,8.746513366699219
08008400171,house,7,8.3106,8.708877563476562
08009400890,house,7,8.5984,8.965513229370117
08010600814,house,7,8.3949,9.078886985778809
08011000608,house,7,9.3114,9.00158405303955
08011300555,house,7,8.1285,9.043082237243652
08013100871,house,7,8.7891,9.135051727294922
08013100928,house,7,8.975,9.201848030090332
08013400255,house,7,8.838,9.098968505859375
08013500055,house,7,9.105,9.215523719787598
08013700526,house,7,8.9105,9.145337104797363
08014804015,house,7,8.8763,8.910876274108887
08100501351,house,7,9.5444,9.193342208862305
08100501386,house,7,8.4557,8.929078102111816
08102402318,house,7,9.0749,9.235146522521973
08104200951,house,7,9.0632,9.343527793884277
08107000013,house,7,9.1592,9.34704875946045
08108700620,house,0,9.3943,8.84935474395752
08108800609,house,0,9.1281,8.775496482849121
08117600161,house,0,9.0776,8.667634010314941
08117700131,house,0,9.5165,9.082331657409668
08118200337,house,7,9.4523,9.30894660949707
08126100109,house,0,8.8273,8.850763320922852
08126200774,house,0,9.1203,8.9767484664917
08127100234,house,0,9.6566,8.891336441040039
08127400084,house,0,9.2724,8.899978637695312
08130100576,house,0,9.4335,8.886186599731445
08131500756,house,0,8.9429,8.89504623413086
08132002423,house,0,9.417,8.899230003356934
08133000122,house,7,8.7721,9.041523933410645
08134900445,house,0,9.4565,8.676504135131836
08218100563,house,7,8.6627,8.726037979125977
08221300039,house,7,8.3349,8.676441192626953
08235800470,house,8,8.3096,8.730724334716797
08236800172,house,8,8.9345,8.780584335327148
08244100176,house,6,9.2591,8.709022521972656
08245009768,house,7,8.3261,8.670056343078613
08245800937,house,8,8.1007,8.038002014160156
08250200268,house,6,8.8168,8.730974197387695
08256100265,house,8,8.5419,8.715712547302246
08260400375,house,8,8.4175,8.787184715270996
08260600544,house,8,8.8296,8.776185035705566
08260800233,house,8,8.5972,8.914310455322266
08261100261,house,8,8.8268,8.89597225189209
08262800230,house,8,8.3289,8.555357933044434
08263100461,house,8,8.1178,8.613877296447754
08309500149,house,0,9.4617,9.121113777160645
08320500699,house,0,9.2512,9.06489372253418
08321200699,house,0,9.1735,9.030470848083496
08321200801,house,0,8.9717,9.015893936157227
08421500333,house,6,9.2867,9.048025131225586
08500501278,house,6,8.3462,8.598886489868164
08507900267,house,6,9.1188,8.743846893310547
08512000848,house,6,9.3506,8.63430404663086
08515400413,house,6,8.7891,8.43982982635498
08518400384,house,6,9.4133,8.81187915802002
08519400345,house,6,8.8247,8.598057746887207
08519400388,house,6,8.9798,8.534405708312988
08519400507,house,6,8.5817,8.547486305236816
08532100503,house,6,8.9976,8.671792984008789
08558901376,house,6,8.7165,8.56797981262207
08564700492,house,6,8.6524,8.47153377532959
08564900191,house,6,8.5564,8.772411346435547
08603800529,house,6,8.9717,8.679830551147461
08604301186,house,6,9.4409,8.665544509887695
08608000180,house,6,8.8672,8.608186721801758
08608400138,house,6,8.9227,8.316781997680664
08608600137,house,6,8.5172,8.45583438873291
08613500730,house,6,8.3994,8.460699081420898
08615300501,house,6,8.5172,8.649158477783203
08616900128,house,6,8.2008,8.136428833007812
08617000538,house,6,8.2135,8.3701753616333
08617000554,house,6,8.2484,8.318079948425293
08627000123,house,6,8.9899,8.682473182678223
08627908877,house,6,8.2922,8.37372875213623
08628900462,house,6,8.297,8.72598934173584
08635700661,house,6,8.465,8.408857345581055
08638500017,house,6,8.6335,8.335219383239746
08641100156,house,6,8.9994,8.465672492980957
08641700498,house,6,8.422,8.40394401550293
08641800255,house,6,8.4856,8.367250442504883
08641800433,house,6,8.6287,8.572096824645996
08641900233,house,6,8.2585,8.32103157043457
08643300144,house,6,8.1229,8.280912399291992
08706100279,house,2,8.1678,8.43928337097168
08706100325,house,2,7.8145,8.346916198730469
08711500182,house,6,8.5972,8.655548095703125
08712900265,house,6,8.3656,8.607274055480957
08714000261,house,6,8.5972,8.679176330566406
08718100406,house,6,8.7734,8.617289543151855
08722700153,house,2,8.7403,8.432161331176758
08726200287,house,2,8.1057,8.501362800598145
08726200597,house,2,8.7035,8.769861221313477
08728201280,house,2,8.6319,8.561899185180664
08730100968,house,2,8.7601,8.749611854553223
08730300282,house,2,8.491,8.654053688049316
08732001592,house,2,8.8339,8.67294979095459
08736400335,house,2,8.7323,8.848947525024414
08737300725,house,6,9.5332,8.948506355285645
08737600281,house,2,8.4537,8.60862922668457
08737901273,house,2,8.8768,8.286377906799316
08737902271,house,2,9.6055,8.416961669921875
08737902581,house,2,9.0027,8.76270866394043
08740200396,house,2,8.5007,8.504539489746094
08740900551,house,2,8.5023,8.641427040100098
08745500983,house,2,9.0612,8.793479919433594
08747500018,house,2,8.4813,8.454773902893066
08800400426,house,2,8.5124,8.313519477844238
08800800254,house,2,8.2594,8.626323699951172
08805800384,house,6,8.4299,8.422048568725586
08808600114,house,2,8.7102,8.501023292541504
08808800644,house,2,8.8069,8.564846992492676
08809800311,house,2,8.9647,8.675488471984863
08810100174,house,2,8.1117,8.390922546386719
08812000101,house,2,8.7997,8.563529014587402
08814400921,house,2,9.0672,8.946929931640625
08815801936,house,2,8.2736,8.576163291931152
08815802746,house,2,8.6078,8.658246994018555
08815819711,house,2,8.4817,8.715012550354004
08815820132,house,2,9.0321,8.831613540649414
08817018961,house,2,9.0793,8.796934127807617
08819300656,house,2,8.9081,8.580527305603027
08819300672,house,2,8.974,8.69894027709961
08821400281,house,6,8.5723,8.667168617248535
08821400425,house,6,9.1133,8.751015663146973
08821600386,house,6,8.7279,8.612459182739258
08825000227,house,2,8.5332,8.627080917358398
08825900422,house,2,9.4214,8.74665641784668
08828900148,house,2,8.7337,8.713735580444336
08829800341,house,2,8.4229,8.408100128173828
08829802204,house,2,8.9446,8.54477310180664
08829802379,house,2,8.6386,8.678536415100098
08900200127,house,6,8.5072,8.457682609558105
08901500302,house,6,8.7248,8.867587089538574
08902300447,house,6,8.3182,8.301891326904297
08903600460,house,2,8.4011,8.444841384887695
08903900944,house,6,8.4206,8.33797836303711
08907000417,house,2,8.7213,8.630460739135742
08907301530,house,2,8.9635,8.67447280883789
08911000485,house,2,8.341,7.890942573547363
08911300251,house,2,8.5355,8.290452003479004
08912200836,house,2,8.2894,8.286537170410156
08912400061,house,1,8.1951,8.461418151855469
08917200125,house,2,8.0943,8.451592445373535
08917500481,house,2,7.6009,8.183650970458984
08918600305,house,2,7.8345,8.153801918029785
08918700806,house,2,7.9877,8.42367935180664
08920500177,house,1,8.363,8.758623123168945
08921500553,house,2,8.2195,8.269851684570312
08923800351,house,2,8.1672,8.064421653747559
08929300693,house,1,8.4764,8.471305847167969
08930500730,house,1,8.0583,8.540244102478027
08932500665,house,1,8.3837,8.481913566589355
08933500510,house,1,8.3536,8.556591987609863
08934200618,house,1,8.558,8.790128707885742
08935400361,house,2,7.8389,8.313533782958984
08937900254,house,6,8.2039,8.655468940734863
08938100294,house,6,8.1347,8.316812515258789
08938300315,house,6,8.6912,8.279084205627441
08939000250,house,6,8.5806,8.310651779174805
08939900251,house,2,8.5284,8.387809753417969
08941600359,house,6,8.3559,8.171419143676758
08941600741,house,6,8.5419,8.260990142822266
08942200461,house,6,8.1963,8.204313278198242
08942300431,house,6,8.2972,8.068157196044922
08942400191,house,2,7.9111,8.384562492370605
08942900461,house,6,8.2359,8.211478233337402
08942900569,house,6,8.3021,8.325483322143555
08943300352,house,6,8.7829,8.437891960144043
08943700091,house,1,7.5793,8.202709197998047
08944500924,house,1,7.8948,8.241303443908691
08947300233,house,6,8.2177,8.20186996459961
08947600644,house,6,7.4538,7.890861988067627
08948800485,house,6,8.2744,8.255656242370605
08951500047,house,6,8.3328,8.582653045654297
08951500136,house,6,8.5817,8.503532409667969
08951600831,house,6,8.183,8.082639694213867
08955700040,house,2,8.5769,8.640549659729004
08956300399,house,1,8.2314,8.286547660827637
08956300569,house,1,8.2928,8.187775611877441
08956300577,house,1,8.2742,8.191849708557129
08956901287,house,1,8.3666,8.471460342407227
08957001549,house,2,8.6748,8.548905372619629
09002700369,house,2,8.9327,8.511863708496094
09005000724,house,2,8.7354,8.691271781921387
09005200685,house,2,8.0411,7.987034320831299
09006500259,house,2,8.8049,8.117807388305664
09009600874,house,2,8.242,8.317755699157715
09009800490,house,2,7.9877,8.18555736541748
09009800571,house,2,8.5361,8.554008483886719
09010100545,house,2,8.5172,8.528433799743652
09013600530,house,2,7.8841,8.765353202819824
09015600449,house,2,8.8133,8.760991096496582
09015700389,house,2,8.9674,8.820475578308105
09016300406,house,2,8.1837,8.544278144836426
09016300465,house,2,8.2163,8.491826057434082
09017700777,house,2,8.8035,8.240730285644531
09019800043,house,2,8.7355,8.217195510864258
09021700271,house,2,8.5751,8.330153465270996
09021800731,house,2,8.297,8.302044868469238
09022600424,house,2,8.8155,8.394554138183594
09023400038,house,2,9.0635,8.530938148498535
09029900660,house,2,8.3961,8.694206237792969
09029900709,house,2,8.4668,8.691969871520996
09030900210,house,2,8.7791,8.357182502746582
09031300268,house,2,8.3117,8.403630256652832
09032800825,house,2,8.6797,8.59089469909668
09033400294,house,2,8.1924,8.475409507751465
09037400337,house,2,8.4241,8.075138092041016
09037901001,house,2,8.8495,8.751049995422363
09038100345,house,2,7.9576,8.35968017578125
09041800451,house,2,8.7765,8.530498504638672
09042301090,house,2,8.2751,8.20250415802002
09042600365,house,2,8.6226,8.44707202911377
09043300251,house,2,8.7796,8.507477760314941
09043500402,house,2,7.7832,8.088613510131836
09045000059,house,2,9.2103,8.625983238220215
09047000013,house,2,8.6836,8.51223087310791
09047400224,house,2,8.8136,8.455340385437012
09106301029,house,1,7.7379,7.675094127655029
09106801323,house,2,8.3349,8.568768501281738
09108800235,house,2,8.4118,8.67186450958252
09109600728,house,2,8.4159,8.316797256469727
09110000615,house,2,7.7142,8.443093299865723
09110200401,house,2,8.2623,8.579700469970703
09110500685,house,2,8.2439,8.4593505859375
09112901091,house,2,8.0348,8.685232162475586
09112901318,house,2,8.1007,8.511505126953125
09117500257,house,2,8.503,8.400703430175781
09120400381,house,2,8.0208,8.013717651367188
09120600348,house,2,8.6133,8.373075485229492
09121400229,house,2,8.596,8.76113510131836
09122600302,house,2,8.4925,8.589079856872559
09123100699,house,2,8.0317,8.292984962463379
09127100553,house,2,8.4302,8.482857704162598
09127500071,house,2,8.1801,8.370068550109863
09128000234,house,2,7.824,8.042709350585938
09129600057,house,2,8.312,8.317511558532715
09130000742,house,2,7.7091,8.238970756530762
09130100062,house,2,7.8579,7.833971977233887
09130300347,house,2,7.8869,7.910277366638184
09134100318,house,2,7.8977,8.206377029418945
09135700130,house,2,8.3018,8.376914978027344
09137000225,house,1,8.0064,7.850630283355713
09144700237,house,2,8.1281,8.319317817687988
09157000212,house,2,8.2261,8.369332313537598
09158600140,house,2,8.1917,8.210711479187012
09301800284,house,2,8.5564,8.44980239868164
09304400511,house,2,9.0637,8.688267707824707
09308900837,house,2,8.7623,8.714455604553223
09309300132,house,2,8.3315,8.45016098022461
09312201034,house,2,8.5557,8.576201438903809
09413100810,house,2,8.657,8.395655632019043
09414402195,house,2,8.2428,7.999250888824463
09415200774,house,2,8.3248,8.410263061523438
09500500231,house,2,8.5208,8.00975227355957
09505100124,house,2,8.8655,8.40196704864502
09506300046,house,2,7.998,7.935492992401123
09507700609,house,2,8.2898,8.20332145690918
09509200141,house,2,8.1641,8.044289588928223
09509800041,house,2,7.7753,8.059517860412598
09514900413,house,2,7.9773,8.103419303894043
09516000088,house,2,7.3342,8.17469596862793
09516800017,house,2,8.3296,8.134577751159668
09521400315,house,2,8.433,8.087444305419922
09521600284,house,2,9.3759,8.915575981140137
09523600362,house,2,8.3674,8.262584686279297
09527503922,house,2,9.105,9.033102989196777
09528000770,house,2,8.3662,8.514500617980957
09528700160,house,2,8.1117,8.288461685180664
09530500378,house,2,7.897,8.476692199707031
09536000075,house,2,9.075,8.633319854736328
09539000211,house,2,8.4813,8.645912170410156
09539100437,house,2,8.3442,8.236474990844727
09541400299,house,2,9.0672,8.703548431396484
09541500171,house,2,8.6125,8.354540824890137
09544400214,house,2,8.8861,8.775247573852539
09544400486,house,2,8.7905,8.708294868469238
09544400494,house,2,8.5895,8.609216690063477
09600400369,house,7,9.3612,8.606943130493164
09600800359,house,7,9.4864,8.552116394042969
09706700404,house,7,8.7962,9.092853546142578
09707500425,house,7,8.9321,9.077299118041992
09708200451,house,7,8.4916,9.097284317016602
09804500043,house,7,8.6842,8.66159725189209
09904800375,house,7,8.2324,8.82763671875
09904900027,house,7,8.645,9.026745796203613
10000300410,house,9,8.2829,8.001611709594727
10001100385,house,9,8.6006,8.352469444274902
10001400427,house,9,7.9434,8.053542137145996
10002300043,house,9,9.0257,8.572687149047852
10007100654,house,9,8.4844,8.073902130126953
10007600282,house,9,8.4219,8.149456024169922
10008100054,house,9,8.1483,7.9902448654174805
10008100321,house,9,8.2436,8.265450477600098
10008700477,house,9,8.1274,8.024274826049805
10009300251,house,9,8.6713,8.169940948486328
10009700322,house,9,8.363,8.240926742553711
10009700500,house,9,8.3741,8.39799976348877
10010400671,house,9,8.5568,8.273279190063477
10010800475,house,9,8.2367,8.171392440795898
10010800866,house,9,8.366,8.25367259979248
10102400139,house,8,8.6507,8.836724281311035
10105200165,house,8,8.2217,8.430970191955566
10105300100,house,8,7.8933,8.172544479370117
10105400334,house,8,8.7883,8.601593017578125
10105800146,house,8,8.621,8.813176155090332
10107200278,house,8,8.5584,8.598184585571289
10107300140,house,8,8.7796,8.663728713989258
10107700270,house,8,8.3245,8.525069236755371
10109100777,house,8,9.1633,8.511493682861328
10109400533,house,8,8.3759,8.756709098815918
10111005001,house,8,8.6821,8.69682788848877
10111005141,house,8,8.9468,8.668365478515625
10112300447,house,8,8.5428,8.674796104431152
10112400514,house,8,8.3428,8.704181671142578
10112500047,house,8,8.058,8.750439643859863
10112700593,house,8,8.5934,8.76433277130127
10113800028,house,8,8.1013,8.607630729675293
10115000568,house,8,8.4966,8.707898139953613
10115100406,house,8,8.6806,8.810608863830566
10115100635,house,8,8.6125,8.66997241973877
10115700829,house,8,8.0754,8.690382957458496
10116100957,house,8,8.3383,8.667503356933594
10119300401,house,8,8.3219,8.707622528076172
10120500492,house,8,8.1015,8.773481369018555
10120500591,house,8,8.5735,8.687021255493164
10121200042,house,8,7.8519,8.693378448486328
10122100262,house,8,8.8247,8.691690444946289
10123301393,house,8,8.9149,8.830784797668457
10127000126,house,8,8.5172,8.73491382598877
10132200898,house,8,7.9768,8.663338661193848
10132500204,house,8,8.655,8.790487289428711
10133300578,house,8,8.9539,8.913128852844238
10139000150,house,8,9.0595,8.91957950592041
10146200291,house,6,8.9285,8.530706405639648
10147000377,house,6,8.8995,8.575312614440918
10149000412,house,8,8.2644,8.209023475646973
10151100641,house,8,8.1756,8.374701499938965
10154000123,house,8,8.182,8.288444519042969
10155600698,house,8,7.8564,8.435831069946289
10156400382,house,8,7.7768,8.293858528137207
10156800275,house,8,7.824,8.602723121643066
10156900301,house,8,8.3349,8.270681381225586
10157100609,house,8,8.4527,8.41687297821045
10157201332,house,6,9.2103,9.012779235839844
10157708127,house,8,8.1742,8.576684951782227
10157801046,house,8,8.0064,8.492714881896973
10158301284,house,8,8.2306,8.452302932739258
10160000504,house,8,8.6995,8.816826820373535
10160100703,house,8,8.5976,8.883476257324219
10160102481,house,8,8.5697,8.758837699890137
10160102730,house,8,8.2727,8.590967178344727
10160300729,house,8,7.9412,8.686707496643066
10160900777,house,8,8.3763,8.869937896728516
10161500713,house,8,8.1522,8.396101951599121
10162100956,house,8,8.0819,8.411744117736816
10163700485,house,8,8.752,8.662885665893555
10201700122,house,9,7.917,7.965676784515381
10203300652,house,9,8.6781,8.6754150390625
10205500373,house,9,8.3664,8.432899475097656
10206300351,house,9,8.4482,8.635845184326172
10206900847,house,9,7.9215,8.336450576782227
10207001145,house,9,8.7278,8.775716781616211
10207600065,house,9,8.6624,8.665075302124023
10208200192,house,9,7.7675,8.133647918701172
10210600720,house,9,8.3155,8.393630981445312
10210700911,house,9,8.4137,8.437522888183594
10210800525,house,9,8.356,8.226448059082031
10212600337,house,9,8.3956,8.23120403289795
10301200105,house,8,8.5627,8.648191452026367
10301800420,house,8,8.2815,8.324922561645508
10302527396,house,2,8.4764,8.394447326660156
10304200114,house,2,8.385,8.043546676635742
10304300410,house,2,8.4039,8.104643821716309
10304800200,house,2,8.0164,8.196062088012695
10304900973,house,2,8.4482,7.997138977050781
10401200794,house,7,7.3424,8.028186798095703
10401500690,house,7,8.2145,8.427772521972656
10401800813,house,7,8.5966,8.462191581726074
10401801631,house,7,8.0247,8.3201322555542
10402400657,house,7,8.375,8.52683162689209
10402401416,house,7,8.489,8.775649070739746
10402900021,house,7,8.2295,8.717065811157227
10402900341,house,7,8.775,8.610161781311035
10403900254,house,7,8.1956,8.635391235351562
10405400984,house,7,8.4595,8.739368438720703
10405500539,house,7,8.5817,8.701740264892578
10405900928,house,7,8.2659,8.387849807739258
10406501350,house,7,8.0542,8.541056632995605
10406502039,house,7,8.0563,8.643445014953613
10407802664,house,7,8.2406,8.50623893737793
10408000405,house,7,8.2233,8.380749702453613
10408700547,house,7,8.4543,8.75991439819336
10410301042,house,7,8.4253,9.008528709411621
10414200216,house,7,7.9202,9.01168155670166
10414700022,house,7,8.3303,8.869961738586426
10501400140,house,7,8.3511,8.607205390930176
10501400248,house,7,7.7863,8.090998649597168
10502200064,house,7,8.4995,8.786567687988281
10502200722,house,7,8.9227,8.82728099822998
10503400350,house,7,8.7179,8.738951683044434
10504000240,house,7,8.8374,8.816831588745117
10504500960,house,7,8.1484,8.362371444702148
10504800506,house,7,8.2113,8.421244621276855
10506900435,house,7,8.7742,8.444239616394043
10507900447,house,7,8.6765,8.769892692565918
10509900428,house,7,8.1223,8.414933204650879
10510100294,house,7,8.6458,8.647400856018066
10511300556,house,7,8.6627,8.796531677246094
10512300509,house,7,8.2808,8.762965202331543
10512400333,house,7,8.4118,8.595593452453613
10512800552,house,7,8.6112,8.776618957519531
10514501064,house,7,8.7075,8.798460006713867
10514700512,house,7,8.037,8.580550193786621
10601500406,house,7,8.4837,8.612279891967773
10602800306,house,7,8.9177,8.905373573303223
10604300157,house,7,7.906,8.277199745178223
10605300657,house,7,8.4219,8.578704833984375
10609000577,house,7,8.1263,8.462092399597168
10609000739,house,7,8.1605,8.733597755432129
10610500480,house,7,8.4512,8.618907928466797
10610800468,house,7,8.9092,8.610023498535156
10612600350,house,7,8.1639,8.25545883178711
10618400337,house,7,8.4557,8.737774848937988
10618800386,house,7,8.894,8.964109420776367
10625401157,house,7,7.4259,8.133810043334961
10627500101,house,7,7.7714,8.349214553833008
10700700365,house,7,8.4659,8.672090530395508
10704000260,house,7,7.9792,8.31994342803955
10707900300,house,7,7.897,8.283614158630371
10709500474,house,7,8.5598,8.683934211730957
10710300459,house,7,8.1372,8.144704818725586
10711600391,house,7,8.2396,8.709933280944824
10714000131,house,7,7.9626,8.333413124084473
10714200491,house,7,8.5575,8.668736457824707
10714300143,house,7,8.9982,8.842612266540527
10718700261,house,7,7.941,8.129863739013672
10721604608,house,7,8.1225,8.322310447692871
10722200225,house,7,8.1703,8.142110824584961
10722200373,house,7,8.0882,8.465363502502441
10722200381,house,7,8.0882,8.467023849487305
10722200391,house,7,8.2824,8.392062187194824
10722200446,house,7,8.0882,8.428133964538574
10722200454,house,7,8.0882,8.389960289001465
10722200578,house,7,8.2217,8.440167427062988
10722400674,house,7,8.2732,8.277968406677246
10724500341,house,7,8.4178,8.726405143737793
10726600481,house,7,8.3951,8.512494087219238
10731400241,house,7,8.6781,8.702532768249512
10733400115,house,7,8.1773,8.363078117370605
10734900375,house,7,8.2144,8.36196517944336
10739400036,house,7,7.9294,8.75429916381836
10739400044,house,7,7.4366,8.141095161437988
10739400117,house,7,8.2264,8.364119529724121
10739500464,house,7,8.5256,8.556492805480957
10740000331,house,7,8.0338,8.258715629577637
10741401133,house,7,7.6508,8.208608627319336
10743400169,house,7,7.935,8.090815544128418
10743800167,house,7,8.4269,8.537586212158203
10743800337,house,7,8.8107,8.489890098571777
10744700514,house,7,8.3501,8.300591468811035
10745700283,house,7,7.8932,8.220769882202148
10801600552,house,4,8.6535,8.517095565795898
10804700817,house,7,8.3415,8.171281814575195
10807800464,house,4,7.9817,7.732724189758301
10810100303,house,4,8.9029,8.36765193939209
10812500414,house,4,8.1689,8.182585716247559
10816600294,house,4,8.5852,8.518420219421387
10816700469,house,4,8.8754,8.571889877319336
10817600255,house,4,8.8075,8.294144630432129
10818500564,house,4,8.6945,7.907234191894531
10818500572,house,4,8.3181,7.84671688079834
10819300143,house,4,8.4631,8.283110618591309
10900400462,house,4,8.2648,7.923382759094238
10904600385,house,4,7.9686,8.030997276306152
10905703595,house,4,8.4859,7.981220245361328
10906400278,house,4,8.0105,7.910330772399902
10906400588,house,4,8.489,8.107060432434082
10906500795,house,4,7.9699,8.153877258300781
10906500930,house,4,8.1927,8.354446411132812
10906900386,house,4,8.7415,8.180887222290039
10908301560,house,4,9.0937,8.151004791259766
10911200125,house,4,8.2694,8.047896385192871
10916401099,house,4,8.409,8.083904266357422
10916401293,house,4,8.4864,8.092196464538574
10917200690,house,4,7.9311,7.8951239585876465
10917202987,house,4,8.503,8.032638549804688
10917203363,house,4,8.8167,8.432441711425781
10917900412,house,4,9.1458,8.351871490478516
10919500918,house,4,8.0472,8.208868980407715
10919501401,house,4,7.8457,8.105634689331055
10919600920,house,4,8.1117,8.286846160888672
10921300378,house,4,8.8529,8.171921730041504
10921900391,house,4,8.7655,8.196242332458496
10921900553,house,4,8.9525,8.21187686920166
11004000791,house,3,7.6628,8.141037940979004
11005800218,house,3,8.3728,8.585076332092285
11011900806,house,3,8.4214,8.238654136657715
11012101222,house,3,8.3261,8.48549747467041
11012400467,house,3,8.7377,8.613795280456543
11013600524,house,3,8.677,8.67930793762207
11014200392,house,3,8.5817,8.44092082977295
11014500434,house,3,8.3109,8.322330474853516
11015800628,house,3,8.4882,8.664649963378906
11017800013,house,3,7.3593,7.9950032234191895
11017800404,house,3,8.6251,8.570393562316895
11021300682,house,3,8.159,8.400955200195312
11026700476,house,3,8.7796,8.404593467712402
11027300048,house,3,7.6809,8.293280601501465
11028900197,house,3,8.797,8.388937950134277
11029200253,house,3,8.7948,8.626412391662598
11029500631,house,3,8.7318,8.69767951965332
11029900727,house,3,8.3654,8.554431915283203
11035200596,house,3,8.3105,8.487466812133789
11036200352,house,3,8.7725,8.522178649902344
11038905124,house,3,8.368,8.509206771850586
11041800222,house,3,8.3245,8.472763061523438
11042601231,house,3,8.3349,8.373259544372559
11043800165,house,3,8.1291,8.179566383361816
11044300239,house,3,8.1807,8.592517852783203
11045900329,house,3,8.3702,8.217860221862793
11046701214,house,3,7.6094,8.190852165222168
11047801301,house,3,8.5598,8.703191757202148
11048703214,house,3,8.5495,8.568190574645996
11050000128,house,3,8.2548,8.559184074401855
11050700723,house,3,7.7519,8.243927001953125
11050703269,house,3,8.5529,8.571630477905273
11053200421,house,3,8.1807,8.305218696594238
11102100871,house,3,8.7671,8.465462684631348
11102200599,house,3,8.3847,8.273886680603027
11102700257,house,3,8.5917,8.436580657958984
11112700853,house,5,8.7292,8.717806816101074
11113800525,house,5,8.0591,7.774367809295654
11116400706,house,5,8.6042,8.390066146850586
11116600251,house,5,8.0893,7.988344669342041
11120700794,house,5,8.6819,8.711206436157227
11123500052,house,5,8.4912,8.556090354919434
11124601030,house,5,8.3208,8.069866180419922
11124700713,house,5,8.8209,8.424668312072754
11126501203,house,5,8.5355,8.341822624206543
11127200304,house,3,8.6842,8.727370262145996
11131601598,house,5,8.4844,8.690507888793945
11132200597,house,5,8.2439,8.23938274383545
11132200619,house,5,8.2439,8.233410835266113
11134101340,house,5,8.4684,8.671793937683105
11134200624,house,5,8.5703,8.653620719909668
11134300661,house,5,8.3664,8.420694351196289
11134800461,house,5,7.9015,7.900251388549805
11135500621,house,5,8.392,8.721549034118652
11135901545,house,5,8.0096,7.82645845413208
11136100643,house,5,8.904,8.678671836853027
11136600034,house,5,9.2505,8.96591567993164
11136900585,house,5,8.2594,8.257242202758789
11139502386,house,5,7.9438,8.3165864944458
11140300694,house,5,9.184,8.508132934570312
11140301666,house,5,8.1568,7.9661688804626465
11140801030,house,5,8.1507,8.193684577941895
11141100680,house,5,7.9712,7.674010753631592
11146700317,house,3,8.3529,8.475571632385254
11146900383,house,5,8.7508,8.329919815063477
11148805841,house,3,8.5717,8.698640823364258
11149800487,house,5,8.1749,8.083690643310547
11156300281,house,5,8.4219,8.31544303894043
11158500253,house,5,8.3121,8.06580924987793
11159900344,house,5,8.6651,8.694294929504395
11201900191,house,5,8.4302,8.238014221191406
11205300200,house,5,8.7423,8.239052772521973
11206600461,house,5,8.503,8.590326309204102
11214100537,house,5,7.9063,7.8598408699035645
11215500733,house,5,8.621,8.53493881225586
11218400497,house,5,8.5172,8.343805313110352
11231200390,house,5,7.9294,8.280259132385254
11234800380,house,5,7.8982,8.017269134521484
11235000280,house,5,8.5766,8.571619987487793
11238800636,house,5,8.3407,8.6072359085083
11239801172,house,5,8.4177,8.416341781616211
11241000343,house,5,8.1605,8.14315414428711
11246500336,house,5,7.988,8.02086067199707
11246600381,house,5,8.4046,8.420656204223633
11247400513,house,5,8.2644,8.174131393432617
11248200364,house,5,8.4154,8.587821960449219
11248400665,house,5,9.0078,8.664361953735352
11253300193,house,5,8.7914,8.648365020751953
11254100872,house,5,8.0229,8.340473175048828
11254500226,house,5,7.8106,8.15123176574707
11257301666,house,5,8.635,8.565559387207031
11257301879,house,5,7.807,8.211703300476074
11257302026,house,5,8.4286,8.510429382324219
11257401156,house,5,8.5796,8.287847518920898
11257901256,house,5,8.4201,8.604815483093262
11263500322,house,5,7.8716,7.629648685455322
11264200421,house,5,8.8173,8.64417839050293
11266000630,house,5,8.0622,8.19890022277832
11267300646,house,5,7.4267,7.631746292114258
11268500770,house,5,8.0472,7.580043315887451
11269903399,house,5,7.6009,8.172812461853027
11269903410,house,5,7.8591,8.171231269836426
11276600444,house,5,8.2428,8.271414756774902
11276800729,house,5,7.216,7.98652458190918
11276801075,house,5,8.1624,8.405266761779785
11278400523,house,5,8.4527,8.567005157470703
11285703870,house,5,8.548,8.601058006286621
11286501491,house,5,8.323,8.507054328918457
11302200533,house,3,8.775,8.509800910949707
11303400374,house,3,8.4009,8.471426010131836
11303800747,house,3,8.6995,8.55419635772705
11304700835,house,3,8.3862,8.480037689208984
11305400134,house,3,8.2772,8.289872169494629
11306700514,house,3,8.7556,8.648308753967285
11307200388,house,3,8.6156,8.554403305053711
11308200616,house,3,8.4821,8.587165832519531
11312700350,house,3,8.3257,8.395308494567871
11313500940,house,3,8.7556,8.607147216796875
11313701431,house,3,8.3216,8.721996307373047
11314200509,house,3,8.7657,8.50185775756836
11315300353,house,3,8.4527,8.41726303100586
11315900423,house,3,8.3848,8.551759719848633
11316800503,house,3,8.6864,8.750077247619629
11320900126,house,3,8.2277,8.106900215148926
11324900457,house,3,8.4684,8.23263931274414
11327100060,house,3,7.9218,8.10630989074707
11327100648,house,3,8.5883,8.551236152648926
11327200677,house,3,8.7721,8.526618003845215
11329400339,house,3,8.635,8.570064544677734
11329702041,house,3,8.8883,8.565475463867188
11329800310,house,3,8.7279,8.67171573638916
11330800264,house,3,8.4566,8.558392524719238
11333501454,house,3,8.6896,8.39752197265625
11334100781,house,3,8.442,8.615876197814941
11336300565,house,3,8.5172,8.59369945526123
11336601271,house,3,8.6316,8.629227638244629
11339300442,house,5,8.2808,8.193143844604492
11343001713,house,3,8.9562,8.762359619140625
11343401606,house,3,8.9625,8.780332565307617
11349000123,house,5,9.2651,8.62775993347168
11356400557,house,3,8.4974,8.787649154663086
11360900623,house,3,8.5298,8.58227825164795
11360901549,house,3,8.8049,8.605484962463379
11400800330,house,5,8.0292,8.273415565490723
11400901137,house,5,8.7641,8.63348388671875
11400901277,house,5,8.297,8.3330078125
11401100189,house,5,8.7044,8.753490447998047
11401300145,house,5,8.5872,8.544599533081055
11403200571,house,5,8.6244,8.599442481994629
11404400353,house,5,8.8482,8.526716232299805
11405700458,house,5,8.4752,8.63252067565918
11406800278,house,5,8.8163,8.58343505859375
11407801294,house,5,8.6343,8.451752662658691
11409100757,house,5,8.9227,8.647001266479492
11409202002,house,5,8.4821,8.613868713378906
11409202037,house,5,8.4233,8.611308097839355
11409300713,house,5,8.5019,8.206343650817871
11411001272,house,5,8.6311,8.652902603149414
11411204645,house,5,8.3519,8.64278507232666
11411400878,house,5,8.1268,8.325653076171875
11412103923,house,5,8.4302,8.280146598815918
11413701654,house,5,8.5723,8.648366928100586
11413701824,house,5,8.131,8.296029090881348
11414002105,house,5,8.1918,8.569185256958008
11414800559,house,5,8.5462,8.668789863586426
11416201989,house,5,8.9496,8.655349731445312
11417900988,house,5,8.1858,8.42247200012207
11419700390,house,5,8.0985,8.600940704345703
11420600698,house,5,8.3271,8.238612174987793
11421700114,house,5,7.9656,8.077054977416992
11424400367,house,5,8.294,8.057263374328613
11426400100,house,5,8.1951,8.164144515991211
11426602234,house,5,7.9276,8.30052375793457
11426602579,house,5,7.8167,8.214762687683105
11427702070,house,5,8.1586,8.51958179473877
11429001061,house,5,8.0175,8.302403450012207
11429301634,house,5,8.3436,8.630969047546387
11429401124,house,5,8.9349,8.420577049255371
11429801637,house,5,8.6651,8.660043716430664
11434900745,house,5,8.611,8.582789421081543
11439400031,house,5,8.3197,8.330601692199707
11439400708,house,5,8.5322,8.482149124145508
11439400740,house,5,8.4864,8.468772888183594
11502600292,house,5,7.6843,8.062846183776855
11508002036,house,5,7.9953,8.582111358642578
11508002771,house,5,8.2548,8.571293830871582
11510600336,house,5,8.4631,8.708536148071289
11511700423,house,5,7.589,7.693943977355957
11521101352,house,5,7.2156,7.720707416534424
11525501861,house,5,8.4482,8.810609817504883
11527300063,house,5,8.1509,8.067861557006836
11532900448,house,5,8.4764,8.690712928771973
11604200031,house,3,7.9294,8.228214263916016
11606100253,house,3,8.4256,9.09179973602295
11609200887,house,3,8.6603,8.496119499206543
11609700731,house,3,8.3909,8.177332878112793
11609900617,house,3,8.8017,8.583732604980469
11615700713,house,3,8.7657,8.493386268615723
11616400306,house,3,8.3285,8.30216121673584
11617401136,house,3,8.5575,8.620421409606934
11618000658,house,3,7.8633,8.250658988952637
11621600751,house,3,8.5519,8.529075622558594
11623000695,house,3,8.827,8.878247261047363
11623200678,house,3,8.5564,8.549363136291504
11625200411,house,3,8.235,8.412018775939941
11625600592,house,3,8.3579,8.317778587341309
11628700407,house,3,8.1543,8.339277267456055
11629000409,house,3,8.2017,8.423617362976074
11629100098,house,3,7.9504,8.365464210510254
11630500975,house,3,8.0511,8.285378456115723
11632900695,house,3,8.5547,8.274984359741211
11632901330,house,3,8.1193,8.33309555053711
11634100726,house,3,8.2431,8.100947380065918
11634200577,house,3,9.5703,9.120759010314941
11635000350,house,3,8.3547,8.319055557250977
11635600242,house,3,8.0943,8.031535148620605
11644500182,house,3,8.6161,8.650895118713379
11645500569,house,3,8.4206,8.557032585144043
11647100193,house,3,8.2659,8.448728561401367
11651300320,house,3,9.5636,8.758038520812988
11652100181,house,3,8.3147,8.346711158752441
11653200307,house,3,8.6173,8.66423225402832
11711900061,house,3,8.2327,8.619434356689453
11712500332,house,3,8.0064,8.463457107543945
11713700408,house,3,8.6086,8.736526489257812
11713800399,house,3,7.7945,8.483294486999512
11713800437,house,3,8.469,8.56849193572998
11717500594,house,3,8.4535,8.565876007080078
11719300185,house,3,8.2195,8.381226539611816
11719800900,house,3,8.6115,8.597551345825195
11719801011,house,3,8.6698,8.775629997253418
11719900621,house,3,8.4714,8.16338062286377
11720600235,house,3,7.9918,8.189313888549805
11720700108,house,3,8.8537,8.696968078613281
11722800312,house,3,8.6068,8.87183952331543
11723100152,house,3,7.901,8.306403160095215
11724000291,house,3,8.8319,8.651263236999512
11725600144,house,3,7.9754,8.254368782043457
11726900354,house,3,8.3894,8.517327308654785
11726904996,house,3,8.7498,8.605077743530273
11726905021,house,3,8.7869,8.605077743530273
11735800251,house,3,8.2226,8.044690132141113
11736700511,house,3,7.7815,8.126522064208984
11741200279,house,3,8.2113,8.313694953918457
11742300021,house,3,8.3428,8.455315589904785
11742300552,house,3,8.8377,8.658452987670898
11743500776,house,3,8.1366,8.168941497802734
11743500830,house,3,8.4659,8.647820472717285
11800400161,house,3,7.594,8.107414245605469
11801700231,house,3,8.5972,8.623274803161621
11803400209,house,3,8.0032,8.345166206359863
11805700412,house,3,8.1117,8.440581321716309
11806700270,house,3,8.2226,8.152387619018555
11808000551,house,3,7.6557,8.517608642578125
11808500465,house,3,8.1205,8.365334510803223
11809500582,house,3,8.561,8.788238525390625
11810400375,house,3,8.4449,8.395182609558105
11812200578,house,3,8.7744,8.749722480773926
11813402662,house,3,8.6152,8.722317695617676
11816400644,house,3,8.7011,8.689898490905762
11816900337,house,3,8.1992,8.366300582885742
11817000501,house,3,8.4966,8.569863319396973
11822801167,house,3,8.7033,8.657176971435547
11825000556,house,9,8.5329,8.612847328186035
11827600313,house,3,7.9766,8.31495189666748
11829300597,house,3,8.875,8.51868724822998
11831300671,house,9,8.0225,8.188019752502441
11831501286,house,9,8.1614,7.976346015930176
11832100544,house,9,8.4302,8.285235404968262
11833400290,house,9,7.9092,8.245168685913086
11833600771,house,9,8.7986,8.667343139648438
11834100101,house,9,8.7561,8.455653190612793
11835100553,house,9,8.5477,8.523568153381348
11835701794,house,9,8.2717,8.09399127960205
11836401311,house,9,8.5432,8.552584648132324
11837100178,house,9,8.9692,8.541919708251953
11839000103,house,3,8.246,8.593241691589355
11842600531,house,3,8.3147,8.561619758605957
11844600326,house,3,8.8991,8.739479064941406
11849500397,house,3,8.798,8.785303115844727
11852500688,house,9,9.4037,8.519083023071289
11852600631,house,9,8.4659,8.327820777893066
11852601131,house,9,9.0415,8.366659164428711
11852900163,house,9,8.0604,8.182402610778809
11903900262,house,1,8.076,8.183636665344238
11905700767,house,1,8.6758,8.337310791015625
11906000051,house,1,7.5072,8.965483665466309
11912000503,house,1,8.363,8.668269157409668
11913200212,house,1,8.4764,8.326200485229492
11916100138,house,1,8.0675,8.452704429626465
11920600506,house,1,8.3349,8.730812072753906
11922100365,house,1,8.5172,8.154717445373535
11924800641,house,1,8.4096,8.247295379638672
11924800811,house,1,8.0789,8.144403457641602
11924800852,house,1,8.4205,8.185340881347656
11926700162,house,1,8.3309,8.51987361907959
11927800519,house,1,8.3796,8.490837097167969
11930700449,house,1,8.6863,8.52299690246582
11931700469,house,1,8.3377,8.205484390258789
11932800092,house,1,8.2904,8.199410438537598
11933500521,house,1,8.3536,8.24178409576416
12000900517,house,2,7.8731,8.128210067749023
12002000637,house,2,8.1944,8.452383995056152
12002300290,house,2,7.8759,8.127217292785645
12004000324,house,2,8.3974,8.377066612243652
12004000375,house,2,8.5036,8.310940742492676
12007100087,house,2,8.4449,8.291354179382324
12007802316,house,2,8.3349,8.447134017944336
12007803290,house,2,8.1787,8.378763198852539
12008900192,house,2,8.1855,8.13907527923584
12009400045,house,2,8.7536,8.490104675292969
12010100211,house,2,8.2703,8.768054008483887
12010300466,house,2,8.2869,8.15596866607666
12011200953,house,2,8.1034,8.267789840698242
12011201062,house,2,8.4268,8.530653953552246
12014100488,house,2,8.1902,8.218507766723633
12014200393,house,2,8.1807,8.315661430358887
12014300363,house,2,8.0336,8.471217155456543
12016300387,house,2,8.0864,8.442815780639648
12017301433,house,2,8.3523,8.254974365234375
12017601127,house,2,8.5172,8.206576347351074
12020000317,house,2,8.526,8.470849990844727
12020101271,house,2,8.4379,8.46578311920166
12022100297,house,2,8.0604,8.227544784545898
12023200341,house,2,8.107,8.534698486328125
12028800312,house,2,7.8823,8.031922340393066
12030000042,house,2,8.4594,8.493599891662598
12030400776,house,2,8.4844,8.338419914245605
12030500126,house,2,8.323,8.376591682434082
12036401014,house,2,8.2548,8.403114318847656
12037900472,house,2,7.5949,8.216525077819824
12038301130,house,2,8.5685,8.665560722351074
12038701473,house,2,8.1117,8.249788284301758
12042300372,house,2,7.8728,8.297386169433594
12044300612,house,2,8.4338,8.30529499053955
12100300422,house,2,8.2311,8.18791675567627
12101200650,house,2,8.2525,8.437464714050293
12102300284,house,2,8.0297,8.483499526977539
12103801732,house,2,8.8049,8.808524131774902
12104000504,house,2,8.8142,8.662511825561523
12105500721,house,2,8.3542,8.480403900146484
12106802608,house,2,8.7139,8.660967826843262
12107500419,house,2,8.2528,8.340718269348145
12107600405,house,2,8.4755,8.16840648651123
12114900761,house,2,8.5172,8.33763599395752
12114900893,house,2,8.5172,8.455921173095703
12114901474,house,2,8.4527,8.34177017211914
12114901636,house,2,8.0138,8.442049026489258
12116000830,house,2,8.7584,8.692870140075684
12117001563,house,2,7.901,8.262324333190918
12119400309,house,2,8.6651,8.24011516571045
12123302782,house,2,8.2118,8.424776077270508
12123401357,house,2,9.0327,8.734527587890625
12125901772,house,2,8.8581,8.822455406188965
12126300561,house,2,8.5007,8.810596466064453
12202200461,house,8,8.3884,8.550359725952148
12204300380,house,8,8.7331,8.56263542175293
12207501761,house,8,8.5644,8.365321159362793
12209400340,house,8,8.1187,7.9873151779174805
12217400141,house,8,8.2234,8.310413360595703
12300800801,house,8,8.4185,8.644508361816406
12301200328,house,8,8.786,8.488602638244629
12302100807,house,8,8.5172,8.657569885253906
12302300598,house,8,8.5492,8.671030044555664
12302400649,house,8,8.8226,8.711231231689453
12302400843,house,8,8.7153,8.899913787841797
12303600137,house,8,8.3376,8.682099342346191
12304700321,house,8,8.3837,8.76852035522461
12304900444,house,8,8.4676,8.467840194702148
12306100321,house,8,8.1638,8.366741180419922
12306300673,house,8,8.5588,8.704950332641602
12306500524,house,8,7.9877,8.348660469055176
12307600360,house,8,8.4575,8.534979820251465
12307900615,house,8,8.0281,8.520938873291016
12308600321,house,8,8.6759,8.66275691986084
12309600351,house,8,8.5417,8.513603210449219
12309900639,house,8,8.4966,8.753263473510742
12310300607,house,8,8.4331,8.665963172912598
12312300337,house,8,7.6679,8.301547050476074
12312300604,house,8,8.4975,8.367987632751465
12312301228,house,8,8.4584,8.482305526733398
12312400323,house,8,7.9769,8.374881744384766
12316200078,house,8,8.362,8.305831909179688
12316300961,house,8,9.0258,8.739152908325195
12317300084,house,8,8.0687,8.149754524230957
12405501243,house,7,8.2171,8.416505813598633
12409104028,house,7,8.5764,8.661833763122559
12409105504,house,7,8.6915,8.68784236907959
12409107132,house,7,7.9657,8.389920234680176
12409108619,house,7,8.5292,8.644608497619629
12409108661,house,7,8.7319,8.799674987792969
12409109518,house,7,8.1084,8.413313865661621
12409110060,house,7,8.7988,8.65385913848877
12409110907,house,7,8.0923,8.465580940246582
12416400893,house,7,8.4942,8.514424324035645
12416600371,house,7,8.3124,8.4290189743042
12508100251,house,7,8.165,8.444305419921875
12508800251,house,7,7.8898,8.310898780822754
12509300635,house,7,8.2861,8.478638648986816
12511900393,house,7,7.7123,8.360123634338379
12513700707,house,7,7.4747,8.124189376831055
12514000636,house,7,8.1748,8.426050186157227
12516200421,house,7,8.9835,8.53255558013916
12516500687,house,7,8.3547,8.272522926330566
12600400132,house,7,7.4075,8.373016357421875
12601100787,house,7,7.8835,8.196439743041992
12728700701,house,4,8.546,8.134493827819824
12728900220,house,4,8.2515,8.468125343322754
12733300848,house,7,7.8547,7.961373329162598
12800600429,house,4,8.2528,8.205387115478516
12816200395,house,4,9.0205,8.126033782958984
12821300319,house,4,8.8426,8.47339916229248
12821300351,house,4,8.8834,8.4878511428833
13013200889,house,3,8.6386,8.53386116027832
13018600621,house,3,8.2295,8.312087059020996
13020003848,house,3,8.9089,8.624128341674805
13020003937,house,3,8.7614,8.699917793273926
13022500059,house,3,8.0702,8.168335914611816
13022900741,house,3,7.7287,8.101527214050293
13029900265,house,5,8.2884,8.538134574890137
13039000127,house,3,8.1117,8.333695411682129
13040100261,house,3,8.6226,8.392478942871094
13101400820,house,5,8.918,8.646295547485352
13101600366,house,5,7.7853,7.969477653503418
13103700066,house,5,8.6226,8.37045669555664
13103700430,house,5,8.7849,8.292241096496582
13104900433,house,5,7.9999,8.017226219177246
13106700547,house,5,8.3069,8.237650871276855
13107201099,house,5,8.0612,8.104662895202637
13108000501,house,5,8.4544,8.645692825317383
13110700335,house,5,8.7285,8.76602840423584
13113500337,house,5,8.5022,8.51559829711914
13115100506,house,5,8.3209,8.33753776550293
13115801202,house,5,8.4181,8.49862003326416
13116600723,house,5,8.3941,8.320545196533203
13200600216,house,5,8.4013,8.434603691101074
13217600303,house,5,7.9084,8.196088790893555
13306000212,house,5,8.0354,8.293100357055664
13307900365,house,5,8.1807,8.510016441345215
13315100054,house,5,9.3355,9.138561248779297
13404500287,house,5,8.2674,8.489583969116211
13407100506,house,5,8.5817,8.578051567077637
13411600471,house,5,7.567,8.236804008483887
13414501367,house,5,8.5913,8.551963806152344
13415200301,house,5,7.8638,8.6851806640625
13416300059,house,5,8.5039,8.04873275756836
13417700085,house,5,8.2149,8.502065658569336
13419500520,house,5,7.7063,8.015063285827637
13421600421,house,5,8.4024,8.547242164611816
13422300278,house,5,8.1506,8.626696586608887
13427000051,house,5,7.9492,8.454723358154297
13429800101,house,5,7.9462,8.074336051940918
13429900361,house,5,7.5407,7.635128021240234
13432000341,house,5,8.9446,8.752096176147461
13436800413,house,5,7.8886,7.710509777069092
13444600584,house,5,7.9235,8.173020362854004
13445400511,house,5,8.3953,8.533129692077637
13446405177,house,5,8.4449,8.46796989440918
13449101160,house,5,8.4276,8.618622779846191
13450100512,house,5,8.4276,8.60720443725586
13510200720,house,5,7.9404,8.314967155456543
13530600181,house,5,8.4302,8.257882118225098
13600100407,house,5,8.5332,8.607441902160645
13633200176,house,5,7.2769,8.079516410827637
13703100061,house,5,8.8537,9.064366340637207
13804500470,house,5,8.2019,8.714385986328125
13806300932,house,5,8.4699,8.595717430114746
13806301394,house,5,8.4566,8.610447883605957
13806301483,house,5,8.3556,8.610447883605957
13806401585,house,5,8.3147,8.494159698486328
13806501301,house,5,8.7179,8.606107711791992
13806501393,house,5,8.6548,8.53920841217041
13813800481,house,5,7.8211,8.133456230163574
13834500355,house,5,8.0336,8.20605754852295
13901200451,house,5,8.614,8.284994125366211
13902800290,house,5,8.0368,8.278180122375488
13902902646,house,5,8.2677,8.53127384185791
13902903987,house,5,8.5058,8.75294017791748
13904700269,house,5,8.2815,8.337791442871094
13905900679,house,5,7.9743,7.9692182540893555
13905900849,house,5,8.3501,8.375749588012695
13910100219,house,5,8.4584,8.542878150939941
13910300341,house,5,8.6226,8.524867057800293
13915300186,house,5,7.4982,7.960005760192871
13915500029,house,5,7.6086,7.8614983558654785
13920300075,house,5,8.3147,8.201927185058594
13929500034,house,5,8.1445,8.408514022827148
13930500190,house,5,8.5172,8.688633918762207
14009200161,house,5,8.4631,8.410292625427246
14010400268,house,5,7.8953,8.044553756713867
14017000443,house,5,8.3667,8.569880485534668
14020000726,house,5,8.4527,8.540030479431152
14026002488,house,5,8.372,8.585559844970703
14040400304,house,5,7.5565,7.711945056915283
14101200271,house,5,7.9323,8.186245918273926
14101200377,house,5,7.9202,8.360747337341309
14102100910,house,5,8.1022,7.985684394836426
14102401236,house,5,8.1213,8.002886772155762
14102401376,house,5,7.8341,8.1588716506958
14102701043,house,5,8.5892,8.69777774810791
14102701841,house,5,8.0671,8.116589546203613
14104800871,house,5,8.1261,7.863777160644531
14104901198,house,5,8.5994,8.704265594482422
14105600116,house,5,7.92,7.960391998291016
14105700511,house,5,7.9947,7.923933029174805
14105801782,house,5,8.576,8.574328422546387
14201300578,house,5,8.3069,8.376983642578125
14204000842,house,5,8.7366,8.558516502380371
14205400135,house,5,8.5079,8.289523124694824
14205800291,house,5,8.5281,8.530678749084473
14207401201,house,5,8.6837,8.55165958404541
14211700471,house,5,8.6006,8.625043869018555
14211700481,house,5,8.5791,8.619815826416016
14212800666,house,5,7.9404,8.393257141113281
14213700401,house,5,7.4876,8.152017593383789
14214000896,house,5,8.0789,8.208550453186035
14214200186,house,5,8.0338,8.314427375793457
14215400669,house,5,8.635,8.576197624206543
14305500131,house,3,8.7263,8.430418014526367
14400600458,house,5,8.2278,8.015881538391113
14401100513,house,5,8.0164,8.322668075561523
14401100742,house,5,8.0917,8.340644836425781
14401100750,house,5,8.1216,8.340644836425781
14401500775,house,5,8.4134,8.776187896728516
14404202171,house,5,8.2234,8.304251670837402
14404202597,house,5,8.6781,8.709684371948242
14404202971,house,5,8.6316,8.66006088256836
14406200494,house,5,8.7238,8.685525894165039
14406300634,house,5,8.2767,8.287725448608398
14406500730,house,5,8.7334,8.657432556152344
14408301069,house,5,8.2872,8.435738563537598
14408400598,house,5,8.3493,8.370078086853027
14409200401,house,5,8.4738,8.58675765991211
14410501630,house,5,8.1648,8.348901748657227
14411200898,house,5,8.566,8.404008865356445
14411600802,house,5,8.489,8.750903129577637
14411800501,house,5,8.5886,8.316144943237305
14412600555,house,5,8.6159,8.623738288879395
14412700681,house,5,8.3741,8.679760932922363
14413100815,house,5,8.363,8.467938423156738
14413100858,house,5,8.3205,8.467938423156738
14414100568,house,5,7.8769,8.206223487854004
14417700051,house,5,7.9866,8.221619606018066
14417801575,house,5,8.4783,8.252090454101562
14501401061,house,5,8.3532,8.300680160522461
14502500630,house,5,8.1457,8.342414855957031
14503400605,house,5,8.7359,8.359733581542969
14503800689,house,5,8.6138,8.645181655883789
14506600621,house,5,8.7349,8.2682466506958
14507400715,house,5,8.8739,8.386852264404297
14508600361,house,5,8.5708,8.148961067199707
14509000161,house,5,7.8075,7.80875301361084
14509401107,house,5,8.7139,8.647636413574219
14509401239,house,5,8.2131,7.899947643280029
14510200160,house,5,8.8178,8.679698944091797
14510400658,house,5,8.3864,8.266980171203613
14511500451,house,5,8.5523,8.214544296264648
14511801591,house,5,8.3536,8.125130653381348
14511801631,house,5,8.5272,8.142746925354004
14511900441,house,5,7.8937,7.914886951446533
14513700520,house,5,8.1605,7.9452972412109375
14514100195,house,5,8.276,8.324585914611816
14518400142,house,3,8.0663,8.207574844360352
14601200600,house,3,8.1526,8.4579439163208
14603800567,house,3,7.7867,7.863704204559326
14606400659,house,3,8.6333,8.685091972351074
14606500440,house,3,8.5012,8.507817268371582
14606900228,house,3,8.4684,8.448004722595215
14608400291,house,3,7.1309,8.088971138000488
14608400354,house,3,8.5238,8.7024507522583
14610200911,house,3,8.1304,8.3740234375
14612700626,house,3,8.4812,8.290810585021973
14705200283,house,3,8.363,8.788357734680176
14707101258,house,3,8.6061,8.739152908325195
14707400301,house,3,8.6305,8.810439109802246
14707503011,house,3,9.4335,8.662071228027344
14707503410,house,3,9.2644,8.660720825195312
14711100031,house,3,7.489,7.761152744293213
14713200092,house,3,7.9234,8.146136283874512
14713200327,house,3,8.4619,8.395126342773438
14714300244,house,3,8.2496,8.349465370178223
14714700811,house,3,8.0604,8.2534818649292
14716900702,house,3,7.8781,8.064936637878418
14724001126,house,3,8.5478,8.41202449798584
14727200650,house,3,7.5741,7.844832897186279
14727800194,house,5,8.1229,8.090428352355957
14732500251,house,3,8.6381,8.59920883178711
14733000250,house,5,7.8763,7.989555358886719
14734301858,house,5,8.6507,8.47838020324707
14803400491,house,3,8.4177,8.45852279663086
14803500699,house,3,8.3547,8.39576244354248
14804000411,house,3,7.9956,8.326497077941895
14804200451,house,3,8.194,8.232690811157227
14804200771,house,3,7.7929,8.093055725097656
14805001241,house,3,9.0619,8.772933959960938
14805100582,house,3,8.7226,8.705373764038086
14813600068,house,3,7.9187,8.221445083618164
14815701589,house,3,8.1807,8.188521385192871
14815900263,house,3,8.4844,8.641447067260742
14816600247,house,3,7.7812,8.215824127197266
14817400780,house,3,8.0144,8.17633056640625
14819200649,house,3,7.9736,8.19947624206543
14820900322,house,3,7.9487,8.297468185424805
14825700331,house,3,8.5612,8.570646286010742
14825900010,house,3,7.394,7.965457439422607
14827500036,house,3,9.0672,9.311040878295898
14827800031,house,3,8.6626,8.696433067321777
14827800250,house,3,8.0864,8.023505210876465
14830300816,house,3,8.2232,8.317056655883789
14830301839,house,3,8.3717,8.346538543701172
14830500416,house,3,8.4699,8.548794746398926
14830500491,house,3,8.294,8.33253288269043
14900800235,house,3,7.9294,8.197380065917969
14904200097,house,3,8.5913,8.833938598632812
14905300680,house,3,8.536,8.58425235748291
14906800555,house,3,8.752,8.675716400146484
14912600384,house,3,8.2118,8.377297401428223
14916500112,house,3,8.0725,8.560354232788086
14918901270,house,3,7.9164,8.492793083190918
14919600797,house,3,8.2137,8.185064315795898
14920200403,house,3,7.7733,8.14156723022461
14924600511,house,3,8.0368,8.417800903320312
14926700130,house,3,8.7096,8.699333190917969
14929300311,house,3,8.2987,8.494771957397461
15002900797,house,3,8.6469,8.638670921325684
15007700141,house,3,7.6769,7.981881141662598
15009000521,house,3,8.3046,8.406174659729004
15011900435,house,3,8.4286,8.783008575439453
15013000458,house,3,8.4431,8.728792190551758
15015100670,house,3,8.1294,8.397268295288086
15019500861,house,3,8.4468,8.402446746826172
15020500533,house,3,8.706,8.611624717712402
15025600080,house,3,9.2955,8.942621231079102
15026500667,house,3,8.4102,8.562971115112305
15103100249,house,5,8.1188,7.871964931488037
15108300068,house,5,8.7179,8.489941596984863
15111700683,house,5,8.294,8.294939994812012
15111900267,house,5,8.7179,8.374711036682129
15117201247,house,5,7.6105,7.717952251434326
15120100146,house,5,8.7883,8.61963176727295
15206300410,house,3,7.9176,8.355268478393555
15208500352,house,3,8.2369,8.594976425170898
15210500100,house,3,8.6713,8.578436851501465
15213400611,house,3,8.3349,8.457961082458496
15214200187,house,3,8.1047,8.465815544128418
15215000513,house,3,8.7619,8.395709991455078
15217701111,house,3,8.5685,8.594893455505371
15219800514,house,5,8.3349,8.75510025024414
15221701080,house,3,7.8706,8.204377174377441
15224200856,house,5,7.8171,7.7967352867126465
15224800349,house,5,8.8537,8.691633224487305
15225001172,house,5,8.0368,7.787580966949463
15225200418,house,5,8.1486,7.923230171203613
15225500926,house,5,8.3837,8.461663246154785
15226000978,house,5,8.4118,8.567898750305176
15226600282,house,5,9.105,9.04633903503418
15229001096,house,5,8.5791,8.2688570022583
15230300212,house,5,8.1017,8.49848747253418
15231200483,house,3,8.061,8.232601165771484
15231200602,house,3,8.4864,8.458950996398926
15231300801,house,3,7.8781,7.982397079467773
15233500425,house,3,8.4051,8.355903625488281
15234100811,house,3,8.4566,8.620912551879883
15235500414,house,3,7.6491,8.13024616241455
15235700571,house,5,8.5564,8.462745666503906
15300900434,house,3,8.4203,8.494422912597656
15302700068,house,3,8.1007,8.378227233886719
15303100056,house,3,8.294,8.391375541687012
15303500291,house,3,9.3033,8.80565357208252
15309400574,house,3,7.8903,8.104421615600586
15309800394,house,3,7.6654,8.106250762939453
15310304834,house,3,8.4947,8.647714614868164
15310401090,house,3,8.947,8.63752269744873
15318300269,house,3,7.4574,8.076277732849121
15400200353,house,3,8.2221,8.374202728271484
15402000319,house,3,9.0595,8.755484580993652
15405000298,house,3,8.3222,8.304657936096191
15406700773,house,3,7.6322,8.23733901977539
15406800824,house,3,7.7096,8.194063186645508
15409901109,house,3,8.0472,8.285942077636719
15418200398,house,3,8.1445,8.525633811950684
15501400706,house,3,7.8867,8.269533157348633
15508800394,house,3,7.7648,8.0006685256958
15509800241,house,3,8.9628,8.652853965759277
15511000549,house,3,8.4372,8.403518676757812
15512800387,house,3,8.7096,8.635222434997559
15512800549,house,3,8.4624,8.622688293457031
15512900551,house,3,8.5817,8.780840873718262
15517800172,house,3,8.363,8.23392391204834
15518001648,house,3,7.7611,8.132309913635254
15519001013,house,3,7.8575,8.165942192077637
15521500870,house,3,8.3962,8.659770011901855
15530500152,house,3,7.6052,8.094572067260742
15531101596,house,3,8.0035,8.215883255004883
15600501136,house,3,8.2434,8.174566268920898
15605001344,house,3,8.5352,8.679702758789062
15605001522,house,3,8.5004,8.693432807922363
15606200294,house,3,7.9478,8.189550399780273
15704300242,house,1,7.8803,8.240606307983398
15706100178,house,1,7.9811,8.260442733764648
15707100082,house,1,8.4804,8.435949325561523
15711600248,house,1,8.1045,8.069246292114258
15711800786,house,1,7.8192,7.86152458190918
15711900144,house,1,7.8119,8.056449890136719
15720702325,house,1,8.7685,8.693175315856934
15723300481,house,1,8.5172,8.286527633666992
15900200867,house,8,8.1022,8.386852264404297
15903200574,house,8,8.328,8.506502151489258
15903700348,house,8,8.3517,8.521279335021973
15906100074,house,8,8.4118,8.698979377746582
15908800235,house,8,7.6522,8.196401596069336
15912600377,house,8,7.7129,8.35114860534668
15917901057,house,8,8.3693,8.63005542755127
15919000278,house,8,8.5172,8.424139022827148
15920100337,house,8,8.0943,8.404947280883789
15921500266,house,8,8.6864,8.70157241821289
15921801071,house,8,8.6833,8.895256042480469
15922301666,house,8,8.6679,8.614069938659668
15922302050,house,8,8.196,8.553210258483887
15922700412,house,8,8.5974,8.873636245727539
15923500867,house,8,8.0919,8.643692970275879
15923800658,house,8,8.5564,8.746337890625
15923800781,house,8,8.7916,8.653218269348145
15924200549,house,8,8.6713,8.738154411315918
15925600461,house,8,7.8656,8.231508255004883
15927400263,house,8,9.2873,8.99461555480957
15927601218,house,8,8.6656,8.669276237487793
15928100190,house,8,8.2978,8.277588844299316
15928300033,house,8,8.4815,8.35448932647705
16006400358,house,8,8.1336,8.450363159179688
16007600024,house,8,8.55,8.661127090454102
16011401359,house,8,8.1391,8.350878715515137
16011401782,house,8,7.7923,8.303072929382324
16013500370,house,8,8.5253,8.625593185424805
16015800169,house,8,8.1358,8.282092094421387
16016700524,house,8,8.5855,8.380538940429688
16016800340,house,8,8.3728,8.230623245239258
16016900760,house,8,8.1958,8.217704772949219
16016902518,house,8,8.2195,8.28132152557373
16017000046,house,8,8.323,8.341099739074707
16017400311,house,8,8.4358,8.262287139892578
16017900403,house,8,7.9663,8.09299087524414
16018301104,house,8,8.6484,8.348695755004883
16018700718,house,8,8.1509,8.491488456726074
16019500356,house,8,8.0709,8.05772590637207
16020200034,house,8,8.3953,8.4411039352417
16021101250,house,8,7.9081,8.336857795715332
16021300709,house,8,8.7796,8.813565254211426
16021900269,house,8,8.5434,8.43873405456543
16022500851,house,8,8.4102,8.45657730102539
16023500063,house,8,8.3191,8.27306079864502
16023600025,house,8,8.0613,8.15557861328125
16025000602,house,8,8.9826,8.81970500946045
16026600050,house,8,7.8484,8.64520263671875
16027000111,house,8,8.8537,8.973482131958008
16027300808,house,8,8.0661,8.130396842956543
16027700121,house,8,8.1187,8.373348236083984
16028100063,house,8,8.9368,8.450557708740234
16029900233,house,8,8.0325,8.16501522064209
16030500138,house,8,9.6623,8.526555061340332
16031100192,house,8,8.2906,8.325555801391602
16031800488,house,8,8.9661,8.370977401733398
16032200271,house,8,8.5796,8.285449028015137
16032900028,house,8,8.2999,8.198440551757812
16033100114,house,8,8.27,8.220660209655762
16034200104,house,8,9.0292,8.325928688049316
16035900223,house,8,9.0983,8.358063697814941
16036200731,house,8,8.6622,8.276679039001465
16036300637,house,8,8.0418,8.429680824279785
16036502396,house,8,8.0634,8.337409973144531
16036802772,house,8,8.0472,8.171767234802246
16111700080,house,2,8.5898,8.39709186553955
16200132401,house,2,9.5981,8.862188339233398
16201100511,house,2,8.2266,8.312712669372559
16203503079,house,2,8.7123,8.877001762390137
16204200533,house,2,8.4844,8.519845008850098
16204600620,house,2,8.4017,8.35863971710205
16205600276,house,2,8.3693,8.66777515411377
16206201049,house,2,8.4118,8.380977630615234
16206300993,house,2,8.061,8.070725440979004
16206800546,house,2,8.4118,8.421491622924805
16206900273,house,2,8.2295,8.487587928771973
16207200828,house,2,8.9465,8.6639404296875
16207701649,house,2,8.2245,8.281630516052246
16207701681,house,2,8.6995,8.503823280334473
16207800248,house,2,8.5,8.349085807800293
16208000156,house,2,7.8728,8.191829681396484
16213700438,house,2,8.898,8.660567283630371
16220101196,house,2,8.554,8.639631271362305
16221400820,house,2,8.4527,8.360113143920898
16301000551,house,2,8.716,8.292943000793457
16304000102,house,2,8.0472,8.478926658630371
16310000208,house,2,8.6863,8.556325912475586
16310302239,house,2,9.1711,8.439160346984863
16312500151,house,2,8.3042,8.202374458312988
16318000797,house,2,7.9447,8.199739456176758
16318600328,house,2,8.4039,8.45071792602539
16321000387,house,2,8.3735,8.381814956665039
16321200890,house,2,8.6535,8.557963371276855
16322100288,house,2,8.3404,8.083467483520508
16412200273,house,2,8.101,7.972397804260254
16504700523,house,2,7.9111,7.971925258636475
16506600488,house,2,8.9569,8.66763687133789
16509400595,house,2,7.8392,8.042404174804688
16509800143,house,2,7.6592,7.928543567657471
16512400266,house,8,8.9942,8.88210678100586
16512700472,house,8,8.5292,8.462130546569824
16519300399,house,2,8.2858,8.325408935546875
16520800103,house,8,8.3349,8.273786544799805
16521300449,house,8,7.805,8.063615798950195
16527300191,house,2,8.3746,7.963801383972168
16527400054,house,2,8.0725,8.08179759979248
16536800175,house,8,8.1047,8.132137298583984
16536800523,house,8,8.4417,8.338624954223633
16542701531,house,8,8.2054,8.265786170959473
16601400113,house,8,7.9368,8.17944049835205
16601500339,house,8,8.3194,8.285561561584473
16602300384,house,8,8.4917,8.406957626342773
16605400533,house,8,7.8982,8.327033042907715
16606501589,house,8,8.5846,8.476436614990234
16606700311,house,8,8.074,8.227514266967773
16606800942,house,8,8.0317,8.336624145507812
16612500645,house,8,7.4547,7.9095234870910645
16612900082,house,8,7.9644,8.161054611206055
16614500227,house,8,8.2247,8.213126182556152
16615501601,house,8,8.0949,8.415297508239746
16616500534,house,8,8.5909,8.791604995727539
16616700241,house,8,8.6133,8.48701000213623
16617500163,house,8,9.3645,8.925934791564941
16621200764,house,8,8.6021,8.66909408569336
16622800285,house,8,9.1901,8.987377166748047
16628400602,house,8,8.9566,8.68468189239502
16701900916,house,8,8.596,8.859434127807617
16702400232,house,8,8.5172,8.642797470092773
16706500452,house,8,8.2021,8.673431396484375
16722800104,house,8,8.6507,8.789345741271973
16802000422,house,8,8.6961,8.290013313293457
16802200340,house,8,8.3588,8.24393367767334
16802601302,house,8,8.2548,8.296907424926758
16805600821,house,8,8.3508,8.258526802062988
16806400565,house,8,8.0064,8.316858291625977
16806701190,house,8,8.163,8.232755661010742
16806800229,house,8,8.0273,8.196117401123047
16807101545,house,8,7.7031,8.09819221496582
16808000981,house,8,8.1773,8.231622695922852
16808800986,house,8,8.9798,8.68364429473877
16810010296,house,8,8.895,8.417035102844238
16810801269,house,8,8.4333,8.520116806030273
16811100590,house,8,9.0991,9.106464385986328
16813500189,house,8,8.553,8.325492858886719
16814400099,house,8,8.2221,8.4324369430542
16818800822,house,8,8.0805,8.266921043395996
16818800946,house,8,8.1897,8.354066848754883
16821700061,house,8,8.6353,8.604650497436523
16822100201,house,8,8.6797,8.622871398925781
16825600167,house,8,8.9917,8.67744255065918
16825601120,house,8,8.4795,8.272705078125
16827200964,house,8,8.6018,8.667882919311523
16827201065,house,8,8.1017,8.425871849060059
16827700932,house,8,8.294,8.546272277832031
16828000551,house,8,8.4192,8.56660270690918
16828100084,house,8,8.3462,8.178376197814941
16832004388,house,8,8.3086,8.250557899475098
16832004612,house,8,8.5554,8.316451072692871
16832005147,house,8,8.7699,8.319046020507812
16832101235,house,8,8.5979,8.288374900817871
16832200179,house,8,8.4596,8.285710334777832
16832305418,house,8,8.0415,8.234213829040527
16832305541,house,8,8.0182,8.234213829040527
16901900553,house,8,8.3152,8.483073234558105
16905400164,house,8,8.7641,8.795286178588867
16907000244,house,8,8.5598,8.567062377929688
16908100269,house,8,7.8155,8.578611373901367
16913200179,house,8,8.7366,8.434110641479492
16913301080,house,8,8.6507,8.701074600219727
16925300262,house,8,8.5172,8.710565567016602
17004101151,house,8,8.403,8.70105266571045
17004101168,house,8,8.5397,8.70105266571045
17009100410,house,8,8.8377,8.73102855682373
17101100367,house,8,8.3808,8.603049278259277
17106200475,house,8,8.8674,8.405756950378418
17108500166,house,8,8.1757,8.572616577148438
17109500240,house,8,7.8982,8.642370223999023
17111000543,house,8,8.9227,8.566601753234863
17111000561,house,8,8.0661,8.419668197631836
17114700082,house,8,8.1315,8.606788635253906
17121900601,house,8,8.2643,8.815150260925293
17121900989,house,8,8.3649,8.839686393737793
17121901187,house,8,8.1599,8.83287525177002
17122200875,house,8,8.3143,8.71750545501709
17124702096,house,8,8.5952,8.773298263549805
17125000291,house,8,8.3969,8.426512718200684
17125100391,house,8,8.1616,8.480049133300781
17125500225,house,8,8.3268,8.334515571594238
17125600548,house,8,8.9143,8.571208000183105
17126000188,house,8,8.2113,8.271252632141113
17126705742,house,8,9.5468,8.783617973327637
17126707125,house,8,9.5887,8.697127342224121
17126707311,house,8,9.5508,8.663619995117188
17126707729,house,8,8.438,8.66031265258789
17126710770,house,8,9.3628,8.663980484008789
17127300770,house,8,8.6046,8.392189979553223
17127400090,house,8,8.1995,8.148909568786621
17127600537,house,8,8.5913,8.366815567016602
17127700027,house,8,8.2637,8.03120231628418
17127900451,house,8,7.7118,8.294509887695312
17206300171,house,2,8.6009,8.361699104309082
17207900774,house,2,8.1536,8.140318870544434
17213400540,house,2,8.5462,8.788861274719238
17217900572,house,2,7.676,7.975439071655273
17219500784,house,2,7.8023,8.232426643371582
17219500814,house,2,7.8023,8.218947410583496
17220100581,house,2,7.7331,8.107683181762695
17220400097,house,2,8.2659,8.375417709350586
17224700443,house,2,8.2642,8.494996070861816
17231201260,house,2,7.7205,7.932473182678223
17231204529,house,2,7.7063,8.073928833007812
17300100091,house,2,8.305,8.373876571655273
17301500628,house,2,8.3894,8.279979705810547
17303800084,house,2,8.0338,8.25636100769043
17306502157,house,2,8.5817,8.645465850830078
17308400033,house,2,8.9056,8.88029956817627
17311300494,house,2,8.7184,8.692279815673828
17312800814,house,2,8.4482,8.390481948852539
17320801166,house,2,8.1658,8.316021919250488
17320900636,house,2,8.3664,8.32748031616211
17322400665,house,2,8.576,8.789667129516602
17327300995,house,2,8.3349,8.536235809326172
17330300781,house,2,8.5732,8.295485496520996
17330303142,house,2,7.8034,8.187821388244629
17332000295,house,2,8.2987,8.45244312286377
17332200103,house,2,8.5041,8.624029159545898
17332500085,house,2,8.6713,8.920726776123047
17335400405,house,2,8.576,8.71063232421875
17410900147,house,2,8.0064,8.265393257141113
17415600060,house,2,7.7564,8.179161071777344
17416200074,house,2,8.1718,8.244403839111328
17419400112,house,2,8.0348,8.523695945739746
17420300088,house,2,8.5399,8.677196502685547
17422700016,house,2,8.0266,8.234325408935547
17426000809,house,2,7.1351,7.919299125671387
17512900448,house,2,7.2796,7.969593524932861
17515701179,house,2,8.1521,8.173891067504883
17518100362,house,2,8.6938,8.42420768737793
17604200507,house,2,8.479,8.675542831420898
17800700045,house,2,8.4939,8.64098072052002
17801400517,house,2,8.482,8.810192108154297
17801400924,house,2,8.7865,8.799973487854004
17804900251,house,2,8.0549,8.242182731628418
17811500621,house,2,8.2173,8.727294921875
18003900440,house,8,8.5713,8.707685470581055
18003901196,house,8,8.6305,8.802706718444824
18101800149,house,8,7.3614,8.213104248046875
18103901031,house,8,8.4551,8.373160362243652
18107503693,house,8,8.5834,8.610674858093262
18108800306,house,8,7.5314,8.025733947753906
18111600193,house,8,7.9184,8.353981018066406
18201000985,house,8,8.5172,8.638633728027344
18202701057,house,8,8.5172,8.696907997131348
18202701073,house,8,8.4808,8.709005355834961
18305500224,house,8,8.3109,8.383023262023926
18306700324,house,8,8.4793,8.754515647888184
18310100336,house,8,8.8457,8.769245147705078
18311001560,house,8,8.0934,8.29936408996582
18311001919,house,8,8.5377,8.263519287109375
18311200644,house,8,8.9616,8.304518699645996
18311200830,house,8,8.8431,8.324033737182617
18312000460,house,8,8.9488,8.761999130249023
18312000827,house,8,8.6103,8.551573753356934
18312000940,house,8,8.7152,8.618656158447266
18312001327,house,8,8.762,8.802803039550781
18312002579,house,8,9.1086,8.793755531311035
18312002633,house,8,8.8787,8.793755531311035
18312002773,house,8,8.8112,8.601394653320312
18312101321,house,8,8.8145,8.589445114135742
18312101356,house,8,8.6226,8.597992897033691
18312205658,house,8,8.2197,8.283669471740723
18314100098,house,8,8.9087,8.969595909118652
18402500391,house,8,8.4188,8.64059066772461
18405200702,house,8,8.5731,8.699281692504883
18408200932,house,8,8.4369,8.735597610473633
18411300764,house,8,8.6746,8.505732536315918
18419300186,house,8,7.5844,8.175923347473145
18420802254,house,8,8.7584,8.86721134185791
18420900825,house,8,8.6042,8.71811294555664
18421700447,house,8,7.3405,8.026190757751465
18500400535,house,8,8.1572,8.262810707092285
18501500398,house,8,8.6507,8.503344535827637
18503000627,house,8,8.5172,8.531599998474121
18509200441,house,8,8.1213,8.379892349243164
18509200474,house,8,8.1769,8.374290466308594
18511800289,house,8,8.1862,8.223884582519531
18513200777,house,8,8.0186,8.339570045471191
18701401830,house,7,8.4431,8.834565162658691
18701402020,house,7,8.2506,8.806425094604492
18702900131,house,7,8.8049,9.07583999633789
18705901994,house,7,7.4171,8.51042366027832
18705902699,house,7,7.9041,8.39456558227539
18713200134,house,7,8.0334,8.541264533996582
18720600649,house,7,8.2341,8.469265937805176
18800702588,house,7,8.8457,8.863779067993164
18800704874,house,7,8.2903,8.696130752563477
18801400135,house,7,8.6472,8.755839347839355
18801800028,house,7,9.1521,9.062528610229492
18803101437,house,7,8.9838,8.933368682861328
18803600670,house,7,8.1391,8.641063690185547
18805100101,house,7,9.2103,8.850988388061523
18813100549,house,7,8.0266,8.46066951751709
18816000286,house,7,7.9999,8.486878395080566
18900102558,house,7,8.4491,8.52784252166748
18900102590,house,7,8.3186,8.511509895324707
18906201019,house,7,8.7457,8.75582504272461
18909500289,house,7,8.576,8.822860717773438
19006001952,house,7,9.0089,8.755241394042969
19006002533,house,7,7.7381,8.548235893249512
19008100591,house,7,8.3976,8.660883903503418
19109900186,house,4,8.7052,8.061639785766602
19200201295,house,5,8.3489,8.74002456665039
19204400209,house,5,7.5924,7.6944260597229
19211200058,house,5,9.105,8.97413444519043
19212500306,house,5,7.2597,7.867424488067627
19305500391,house,5,7.824,8.331804275512695
19403900163,house,5,7.9647,7.944442272186279
19405000860,house,5,8.6068,8.667230606079102
19601300200,house,9,8.6226,8.497434616088867
19601701205,house,9,8.566,8.32953929901123
19700600891,house,7,8.9669,9.018135070800781
19800300227,house,4,8.7918,8.254043579101562
19800500064,house,4,7.7018,7.8516740798950195
19804300078,house,4,8.6548,8.173425674438477
19804400218,house,4,8.27,8.16278076171875
19806200550,house,4,8.8581,8.186554908752441
19806300148,house,4,8.2987,8.199228286743164
19808300390,house,4,8.1763,8.098955154418945
19811700337,house,4,8.7403,8.42781925201416
19902500071,house,7,7.9664,8.382919311523438
19902601811,house,7,8.9227,8.766533851623535
19902601838,house,7,8.9227,8.841984748840332
19904300681,house,7,8.5465,8.570820808410645
19905500803,house,7,8.4482,8.299260139465332
19905900453,house,7,8.1456,8.676350593566895
19907400776,house,7,8.0171,8.38020133972168
19909000392,house,7,8.6995,8.433865547180176
20001700063,house,0,8.9815,9.034123420715332
20002500173,house,6,9.498,9.11209487915039
20101201141,house,8,7.8886,8.424675941467285
20101702858,house,8,8.6885,8.441933631896973
20102300966,house,8,8.0182,8.412582397460938
20102900289,house,8,8.4547,8.291147232055664
20103400212,house,8,8.0516,8.219793319702148
20103400522,house,8,8.4171,8.66851806640625
20104900804,house,8,8.5298,8.655672073364258
20105300886,house,8,8.1751,8.351811408996582
20105600685,house,8,8.1539,8.345354080200195
20107500580,house,8,8.096,8.206123352050781
20110500723,house,8,8.4909,8.253625869750977
20110501320,house,8,8.5301,8.29355239868164
20207300397,house,7,8.276,8.489412307739258
20300700499,house,7,7.1504,8.364544868469238
20306200382,house,7,7.688,8.392823219299316
20700200248,house,7,8.0317,8.499034881591797
21401000701,house,7,7.8291,8.478564262390137
21401301000,house,7,7.8682,8.25745964050293
21402000438,house,7,8.7265,8.847220420837402
21402001868,house,7,8.2524,8.49370288848877
21402002112,house,7,8.77,8.826509475708008
21402002295,house,7,8.7743,8.78372859954834
21402100221,house,7,8.7477,8.930333137512207
21402100297,house,7,8.6871,8.949162483215332
21402100394,house,7,8.5536,8.930333137512207
21402100904,house,7,8.8323,8.958175659179688
21402101153,house,7,7.9533,8.637959480285645
21402103016,house,7,7.8736,8.548873901367188
21402105779,house,7,8.8589,8.906905174255371
21402500600,house,7,8.8187,8.918197631835938
21402500831,house,7,8.7179,8.938055038452148
21402500902,house,7,8.7623,8.935866355895996
21402601172,house,7,8.6578,8.92249870300293
21402601490,house,7,8.7204,8.721084594726562
22208800050,house,4,8.6667,8.399154663085938
23000500144,house,5,9.3186,9.116862297058105
23001200195,house,5,9.3439,9.006892204284668
23001700147,house,5,7.8177,7.9961419105529785
23002500281,house,5,9.3329,8.81167221069336
23006000119,house,5,9.0562,9.016423225402832
23006300201,house,5,8.1154,8.199793815612793
23010600151,house,5,7.7155,8.070738792419434
23201500141,house,5,8.6302,7.771332740783691
23201500486,house,5,7.8791,7.892460346221924
23201601665,house,5,7.8778,8.077506065368652
23201700558,house,5,8.2895,8.073641777038574
23203200501,house,5,8.6335,8.63411808013916
23203200579,house,5,8.1987,8.199973106384277
23203200625,house,5,8.1839,8.3088960647583
23204400301,house,5,8.7129,8.70882797241211
23204500509,house,5,8.2385,8.5172700881958
24500401243,house,5,8.4566,8.688737869262695
24506300554,house,5,9.1822,9.103342056274414
24608700152,house,5,9.2937,9.159050941467285
24611000301,house,5,9.4151,9.178072929382324
26101600074,house,2,8.8049,8.774295806884766
28300800105,house,2,8.6003,8.573304176330566
29902803375,house,6,9.206,8.840920448303223
29906000560,house,6,9.1678,8.800558090209961
29911001189,house,6,9.6671,8.79676342010498
29911201201,house,6,8.2212,8.221047401428223
30002200314,house,6,8.9989,8.55233097076416
30005300506,house,6,8.635,8.533395767211914
30006800863,house,6,8.5429,8.573885917663574
30201400461,house,1,7.9782,8.325039863586426
30300600086,house,3,8.3837,8.420876502990723
30301600179,house,3,7.9167,8.01992416381836
30302000541,house,3,7.64,8.468993186950684
30302000795,house,3,7.4666,8.179201126098633
30303600362,house,3,8.5613,8.553227424621582
30304200368,house,3,8.0652,8.256324768066406
30304500175,house,3,8.0276,8.116642951965332
30309500580,house,3,7.7063,8.137665748596191
30400401395,house,4,8.5564,8.498239517211914
30401900158,house,4,8.7068,8.556605339050293
30402000304,house,4,8.7403,8.395577430725098
30402400221,house,4,8.8931,8.535969734191895
30406800471,house,4,8.2217,8.275915145874023
30501402109,house,4,8.4512,8.597589492797852
30501402508,house,4,8.5942,8.576621055603027
30503000091,house,4,8.1605,8.325127601623535
30504604500,house,4,8.4313,8.320260047912598
30504604535,house,4,8.0413,8.261845588684082
30505500334,house,4,8.168,8.029562950134277
30510400474,house,4,8.7044,8.483912467956543
30511202463,house,4,8.5802,8.413406372070312
30514101455,house,4,8.6954,8.338061332702637
30601100953,house,4,8.7168,8.533552169799805
30602800290,house,4,8.7108,8.392529487609863
30603100233,house,4,8.5172,8.503203392028809
30606400408,house,0,8.0562,7.980915546417236
30608500337,house,0,8.7855,8.505463600158691
30608501422,house,0,8.5542,8.551539421081543
30702001306,house,7,8.3316,8.490804672241211
30704300221,house,7,8.3884,8.310040473937988
30705600553,house,7,7.843,8.294020652770996
30706600212,house,7,8.9059,8.717522621154785
30708100071,house,7,8.363,8.676088333129883
30708205361,house,7,8.5075,8.574647903442383
30708601641,house,7,8.6173,8.692392349243164
30709000674,house,7,8.7819,8.8555269241333
30710400044,house,7,8.408,8.37271499633789
30710600086,house,7,8.2183,8.399818420410156
30711001399,house,7,8.6725,8.6943998336792
30711300876,house,7,7.9609,8.461821556091309
30805800414,house,7,8.7248,8.770705223083496
30815100326,house,7,8.0283,8.379158973693848
30815201726,house,7,7.5449,8.25440788269043
30900500287,house,1,8.6937,8.875856399536133
30901000474,house,1,9.0624,9.0750093460083
30902700331,house,1,8.3183,9.003022193908691
31000900204,house,1,8.537,8.70247745513916
31004301119,house,1,8.0036,8.061295509338379
31005000724,house,1,8.1195,8.188081741333008
31005801166,house,1,8.214,8.190786361694336
31005903139,house,1,8.0511,8.217598915100098
31010100103,house,1,8.0993,8.219627380371094
31010200590,house,1,8.4917,8.088505744934082
31011200365,house,1,8.4544,8.302597045898438
31011500423,house,1,8.1766,8.045147895812988
31011600355,house,1,8.4276,8.338187217712402
