sql,tipo_imovel,bloco,y_ln,yhat_ln
00102004854,apartment,0,8.9719,9.017757499214419
00102101671,apartment,0,8.6618,8.962671873541767
00102102295,apartment,0,8.4412,8.839903292349623
00102310815,apartment,0,8.8957,8.98610108090997
00102600996,apartment,0,8.0155,8.918814164886196
00103705041,apartment,0,8.67,8.911316835164731
00103705201,apartment,0,8.7307,8.911316835164731
00103705538,apartment,0,8.7022,8.911316835164731
00103705740,apartment,0,8.8571,8.857790067291372
00103705953,apartment,0,8.8651,8.90558550885276
00103706208,apartment,0,8.7522,8.910970028273324
00103706216,apartment,0,8.6754,8.905932315744165
00103706569,apartment,0,8.8314,8.861751686745636
00103706674,apartment,0,8.7885,8.90731954330979
00103707158,apartment,0,8.7076,8.90627912263557
00104800593,apartment,0,8.0789,9.023482612468692
00204900964,apartment,0,8.525,8.402343175159402
00205301010,apartment,0,8.0985,8.601396546104146
00206600232,apartment,0,8.2388,8.935607227142562
00207100901,apartment,0,8.1956,8.47792334831164
00207401446,apartment,0,8.0819,8.850189600189266
00208003584,apartment,0,8.3187,8.55633908120152
00208004041,apartment,0,8.4338,8.553564626070273
00208005137,apartment,0,8.6183,8.760040443636068
00301107394,apartment,0,8.3904,8.781500693430054
00301109222,apartment,0,8.9179,8.956307798424891
00301109656,apartment,0,8.9562,8.909783759169983
00301110964,apartment,0,8.9118,8.912156732216644
00301200671,apartment,0,7.8648,8.462330051467752
00301302316,apartment,0,8.2064,8.474670999671016
00301504210,apartment,9,8.3323,8.680091224389914
00301602085,apartment,9,8.1506,8.727921768958982
00301604053,apartment,9,8.7803,8.761477353841183
00301605051,apartment,9,8.7802,8.724633518873837
00301610010,apartment,9,8.6254,8.770728214169713
00301612064,apartment,9,8.5817,8.749113621604128
00301614148,apartment,9,8.716,8.89271106155165
00301903247,apartment,0,8.4702,8.473766516568428
00301906238,apartment,0,8.6198,8.774548485694245
00302901337,apartment,9,8.3679,8.483639084297634
00302901442,apartment,9,8.3705,8.497074901049551
00302901965,apartment,9,8.3705,8.476799227046557
00303400560,apartment,0,8.0396,8.462822600710636
00304202428,apartment,9,8.4584,8.780845121477304
00304206342,apartment,9,8.6662,8.878793320487217
00304206458,apartment,9,8.9872,8.999223047012569
00306001608,apartment,9,8.1807,8.698786290589823
00306009821,apartment,9,8.6995,8.88286241803835
00306012464,apartment,9,8.578,8.80155413718092
00306013045,apartment,9,9.1536,8.898084851961128
00306019000,apartment,9,8.7905,8.874882584578762
00306019231,apartment,9,8.6754,8.8783025132043
00306800421,apartment,0,8.3901,8.53874568777155
00306800713,apartment,0,8.5009,8.538052073988739
00306800810,apartment,0,8.2359,8.538052073988739
00306900580,apartment,9,8.5332,8.544863055985363
00400501066,apartment,0,8.0558,8.473157090464017
00400502828,apartment,0,8.1918,8.524206657537455
00401501531,apartment,9,8.4007,8.47239632973828
00401601595,apartment,9,8.3688,8.43219123663559
00401604462,apartment,9,8.3489,8.59267951181514
00401900118,apartment,0,8.1456,8.53728661866543
00401900290,apartment,0,8.406,8.623209794248362
00401900487,apartment,0,8.1944,8.536939811774023
00401902862,apartment,0,8.366,8.622862987356957
00401903001,apartment,0,8.256,8.53728661866543
00403402883,apartment,0,8.3517,8.60052450463619
00403704863,apartment,0,7.7088,8.42150033558225
00403705517,apartment,0,8.1321,8.547900972295494
00404301541,apartment,0,7.8625,8.40844344864405
00404800696,apartment,9,8.2594,8.391639221629656
00404803271,apartment,9,8.196,8.38523071886025
00404805061,apartment,9,8.1918,8.387951532253728
00404808301,apartment,9,8.1658,8.383130646567256
00404903241,apartment,9,8.6928,8.530289068587493
00405100906,apartment,9,8.5448,8.745802655237055
00405202156,apartment,0,8.6667,8.637156490137738
00405209551,apartment,0,8.5454,8.624325055562702
00405210191,apartment,0,8.3434,8.697439611404985
00405217791,apartment,0,8.5678,8.623277987255282
00405700415,apartment,9,8.0317,8.430964986767833
00406106762,apartment,0,8.4864,8.52841666278983
00406301581,apartment,9,8.3974,8.438863528734672
00501701788,apartment,0,8.262,8.660872337766452
00501709053,apartment,0,8.6713,8.643862475865648
00502306262,apartment,0,8.9548,8.715998443873076
00503406295,apartment,0,9.1659,8.955060557623328
00503509442,apartment,0,8.5002,8.64450133277096
00504400398,apartment,0,8.419,8.87837820729448
00504400665,apartment,0,8.1456,8.577435318147717
00504604783,apartment,0,8.9401,8.818398508789748
00506300900,apartment,0,8.5172,8.642235333901118
00506401839,apartment,0,8.0652,8.453192757266077
00506805018,apartment,0,8.7002,8.862620529776489
00507104218,apartment,0,8.3349,8.44684655191981
00507626788,apartment,0,8.1526,8.965684750216816
00507633598,apartment,0,8.6226,8.828330464044907
00507810783,apartment,0,8.3165,8.605288152647159
00507811690,apartment,0,8.5829,8.574564702462611
00508602009,apartment,0,8.2679,8.568132533746082
00601102428,apartment,0,9.1114,8.700288493599773
00601305469,apartment,0,8.8834,8.76690755222933
00601321545,apartment,0,9.1548,8.838173668412999
00602008239,apartment,0,8.6744,8.643591761887887
00602013909,apartment,0,8.9561,8.7708393922966
00602201187,apartment,0,8.6765,8.74270930305363
00602406153,apartment,0,8.6226,8.809624509494501
00603003311,apartment,0,8.3131,8.849975851882686
00603003400,apartment,0,8.2788,8.848595062610134
00603006329,apartment,0,8.3066,8.40288194212341
00603007864,apartment,0,8.9978,8.784141409726873
00603803024,apartment,0,8.6338,8.49008209467971
00604004419,apartment,0,8.4711,8.491217260973736
00604006306,apartment,0,8.2577,8.479529204015583
00604014325,apartment,0,8.294,8.39675704111578
00604202679,apartment,0,8.1417,8.438252623017362
00604207638,apartment,0,8.1199,8.46771740142783
00604401507,apartment,0,8.5598,8.643769539891945
00605107025,apartment,0,8.5277,8.717982797515184
00605111227,apartment,0,8.3572,8.752857260511892
00605113882,apartment,0,8.6291,8.586679608092913
00605302162,apartment,0,8.5549,8.636050875235405
00605306311,apartment,0,8.2785,8.66942625972874
00605314675,apartment,0,8.326,8.635793225970314
00606002839,apartment,0,8.3786,8.471164064951
00606202870,apartment,0,8.6145,8.463910619011848
00606301798,apartment,0,8.8049,8.694670116730961
00606404562,apartment,0,8.7813,8.651785442763675
00606503188,apartment,0,8.2683,8.538694070769111
00606800867,apartment,0,8.5172,8.597219692034857
00606803106,apartment,0,8.2489,8.557608566116885
00607008172,apartment,0,8.9195,8.519324214690455
00700102361,apartment,0,8.7064,8.625530917185667
00700203257,apartment,0,8.7424,8.61297810424293
00700501770,apartment,0,9.0106,8.786103205681966
00700501843,apartment,0,8.9826,8.940708623290469
00700800654,apartment,0,8.3894,8.520893781007773
00700900616,apartment,0,8.2861,8.787410189345932
00700900829,apartment,0,8.6995,8.664449928347418
00701104139,apartment,0,8.4544,8.513608750681994
00701107294,apartment,0,8.5346,8.42120501584608
00701203196,apartment,0,8.4057,8.576667395008988
00701204990,apartment,0,8.6036,8.714829381310173
00701302631,apartment,0,8.4844,8.975174448692423
00701502703,apartment,0,8.2334,8.462182886107534
00701600853,apartment,0,8.3016,8.596552341318985
00701701625,apartment,0,8.8888,8.63534688516013
00701801654,apartment,0,8.9632,8.4979874825265
00702002682,apartment,0,8.5557,8.723485268341433
00702003859,apartment,0,8.8309,8.760886476778836
00702005088,apartment,0,8.8049,8.649642333166966
00702300950,apartment,0,8.5929,8.705176622497314
00702301558,apartment,0,8.8799,8.765351340121793
00702302392,apartment,0,8.8739,8.706977776545436
00702303429,apartment,0,8.8739,8.547228143673923
00702603521,apartment,0,8.6359,8.471333314422676
00703001191,apartment,0,7.9576,8.697244104850633
00703304704,apartment,0,8.993,8.611166023861486
00703407351,apartment,0,9.1281,8.91229727672577
00703500392,apartment,0,8.4876,8.747417819678585
00703604953,apartment,0,8.3413,8.539373252105227
00704102481,apartment,0,8.4788,8.845984006649722
00704106531,apartment,0,8.4878,8.65521636054922
00704108097,apartment,0,9.1822,8.89575956149463
00704109549,apartment,0,8.6476,8.731948640132252
00704109621,apartment,0,8.8888,8.893331913254789
00704304511,apartment,0,8.62,8.334671832505041
00704702916,apartment,0,8.4514,8.617721816197683
00704704978,apartment,0,8.641,8.473719123959109
00704801272,apartment,0,8.5962,8.706461015736972
00704802422,apartment,0,8.597,8.636236724718184
00704802791,apartment,0,8.7891,8.697398259311496
00704906511,apartment,0,8.862,8.943315307641827
00705102467,apartment,0,8.6272,8.933983397805772
00705106810,apartment,0,8.5716,8.607958834860106
00705108589,apartment,0,8.3862,8.908320202919324
00705201767,apartment,0,8.5172,8.739475533613192
00705603245,apartment,0,8.8739,8.552253697229537
00705702030,apartment,0,8.6835,8.714403347271022
00705704181,apartment,0,8.9714,8.74306313768781
00706007220,apartment,0,8.1432,8.55207998452676
00706105079,apartment,0,8.2097,8.616393989380454
00706105478,apartment,0,8.392,8.617087603163265
00706203429,apartment,0,7.8841,8.813079006517238
00706300629,apartment,0,8.9227,9.162041111266156
00706311205,apartment,0,8.8467,8.819127195288367
00706311582,apartment,0,8.7881,8.801869201708344
00706312023,apartment,0,8.8953,8.841110807623089
00706312082,apartment,0,8.5172,8.724719421188828
00706400429,apartment,0,8.7045,8.45655254008914
00706700589,apartment,0,8.6449,8.826238920116616
00706801105,apartment,0,8.3453,8.498088433300584
00706801288,apartment,0,8.5755,8.665913376422779
00706803833,apartment,0,8.7685,8.813787329748767
00707013461,apartment,0,8.8093,8.796043765082295
00707101530,apartment,0,8.8169,8.731786674874812
00707102693,apartment,0,8.7285,8.691119430057329
00707102911,apartment,0,8.9161,8.845652482083501
00707105439,apartment,0,9.1515,9.009462031645654
00707200261,apartment,0,8.3517,9.474749088018585
00707604206,apartment,0,8.9577,8.614280733154311
00707701627,apartment,0,8.4727,8.793588590902047
00707714184,apartment,0,9.5925,8.780969770098224
00707718971,apartment,0,9.0608,8.896730432200599
00708101437,apartment,0,8.4219,8.575173613589858
00708101461,apartment,0,8.4402,8.581344797894573
00708103480,apartment,0,8.6006,8.68528947431103
00708104347,apartment,0,8.6164,8.491720250421821
00708107036,apartment,0,8.7573,8.585173481242855
00708108407,apartment,0,8.7571,8.478291167638059
00708110738,apartment,0,9.187,8.81496176394547
00708112366,apartment,0,9.0433,8.8166957984025
00708702104,apartment,0,8.6507,9.042949468204448
00709101651,apartment,0,8.4631,8.768864225192228
00709601492,apartment,0,8.6243,8.987052610334326
00709700865,apartment,0,8.6226,8.77670504694613
00800403193,apartment,0,8.5578,8.76374955722146
00800403266,apartment,0,8.5564,8.772077937724225
00800502345,apartment,0,8.0843,8.614239240362894
00800502531,apartment,0,7.9749,8.470347070676269
00800801040,apartment,0,8.5172,8.545417125098869
00800802438,apartment,0,8.4192,8.424501997207434
00801200601,apartment,0,8.4379,8.717040710104701
00801303419,apartment,0,8.3894,8.484893049668653
00801304768,apartment,0,8.276,8.5431066161455
00801306124,apartment,0,8.414,8.42993167348923
00801306264,apartment,0,8.4287,8.428891252815014
00801400546,apartment,0,8.2371,8.675015674233851
00801500702,apartment,0,8.7413,8.794356057394769
00803102976,apartment,0,7.893,8.573539069489648
00803303106,apartment,0,7.9576,8.7320322672104
00804402663,apartment,0,8.4466,8.535076832789942
00804911071,apartment,0,8.0247,8.729092503726882
00805000615,apartment,0,7.9909,8.676321005946317
00805300368,apartment,0,9.028,9.025997067485923
00805400941,apartment,0,8.3862,8.512570927364948
00805401040,apartment,0,8.3862,8.510836892907918
00806101369,apartment,0,8.1605,8.541756215149128
00806103434,apartment,0,8.061,8.82650732163917
00806300681,apartment,0,8.0523,8.97902837757577
00807300659,apartment,0,8.8049,9.168155461283504
00807802999,apartment,0,8.33,8.884891193163472
00807804444,apartment,0,7.8122,9.79104053818413
00807903760,apartment,0,8.2703,8.48477288288397
00807904864,apartment,0,8.2396,9.162095333176831
00807905089,apartment,0,8.4317,9.179208391526236
00808705016,apartment,0,8.3517,8.802642211328287
00808901494,apartment,0,8.4844,8.933603699039493
00809202549,apartment,0,8.5446,8.623851954798635
00809203820,apartment,0,8.3181,8.624545568581448
00900501065,apartment,0,8.4318,8.74669863176477
00900901772,apartment,0,8.3075,8.55496621046115
00901301671,apartment,0,9.0619,8.568019012932385
00901306010,apartment,0,8.5558,8.465615921068846
00901404152,apartment,0,8.6931,8.65516541660202
00901417688,apartment,0,8.5557,8.425818690137156
00901601055,apartment,0,8.8503,8.559558388577772
00901601081,apartment,0,8.8356,8.434286457593233
00901604641,apartment,0,8.668,8.481177120030313
00901702250,apartment,0,8.8049,8.511362200498137
00901807192,apartment,0,9.036,8.624371705118264
00901809446,apartment,0,8.5893,8.267059901010827
00901903930,apartment,0,8.6217,8.444151925913925
00901907812,apartment,0,8.9645,8.309620107546067
00901909548,apartment,0,8.9214,8.298959589210657
00902602810,apartment,0,8.716,8.576376697455826
00902603655,apartment,0,8.5942,8.578110731912854
00903203685,apartment,0,8.1851,8.668097426674517
00903503476,apartment,0,9.2103,8.924624101236233
00903503621,apartment,0,9.2442,8.926358135693263
00904500446,apartment,0,8.571,8.540644479085362
00904600572,apartment,0,9.0644,8.724301054181836
00904609987,apartment,0,9.2699,8.611290368281324
00904906205,apartment,0,9.2569,8.44274796643439
00905109961,apartment,0,8.792,8.530986585816587
00905112301,apartment,0,9.0123,8.382181994597568
00905201361,apartment,0,8.2224,8.391340513925165
00905202287,apartment,0,8.618,8.722282032420681
00905205057,apartment,0,8.8618,8.604370150831622
00905300629,apartment,0,8.8899,8.619985463781454
00905500334,apartment,0,8.7179,8.40273344101266
00905602234,apartment,0,8.8273,8.356201552243546
00905810384,apartment,0,9.5096,8.92941153311843
00906401496,apartment,0,8.7327,8.758320189421338
00906500206,apartment,0,8.0682,8.848641740350502
00906500303,apartment,0,8.1732,8.337836510148286
00907004954,apartment,0,8.7633,8.514118731963077
00907009395,apartment,0,9.4223,8.851768999682932
00907305474,apartment,0,9.6593,8.931711006708127
00907503403,apartment,0,8.5284,8.341481412762644
00907600964,apartment,0,8.8971,8.462635113895022
00908305028,apartment,0,8.7311,8.332966346051652
00908508212,apartment,0,8.6868,8.405776680316006
00908700741,apartment,0,8.6603,8.6015350052107
00908700830,apartment,0,9.1092,8.598760550079454
00908700881,apartment,0,9.0926,8.675516687821013
00908801051,apartment,0,8.7269,8.43449252433743
00908804555,apartment,0,8.955,8.425619056093534
00908902476,apartment,0,9.059,8.400278897343796
00908902913,apartment,0,8.9502,8.36678656008673
00909102481,apartment,0,8.9088,8.387077522974149
00909400989,apartment,0,8.4553,8.50488855412986
00909501327,apartment,0,8.1787,8.461970346446497
00909702527,apartment,0,8.1934,8.686069223298642
01000100251,apartment,0,8.9015,8.809160370460866
01000400700,apartment,0,9.0363,8.382280116051708
01001001141,apartment,0,8.8668,8.492274368843015
01001105699,apartment,0,8.4229,8.496119947534467
01001202910,apartment,0,8.6692,8.775848888740045
01001209419,apartment,0,8.8457,8.739849873983397
01001301633,apartment,0,8.5172,8.702785776551783
01001501101,apartment,0,8.6995,8.41884146568809
01001700562,apartment,0,8.8821,8.537667772244042
01001801601,apartment,0,8.8049,8.691632999533248
01002311756,apartment,0,8.637,8.525753532193145
01002410118,apartment,0,8.8711,8.496762078711368
01002410381,apartment,0,8.7955,8.496801695662228
01002414415,apartment,0,8.9561,8.542668181027793
01002421543,apartment,0,9.2238,8.855576372783359
01002421683,apartment,0,9.3794,8.848401562792155
01002421691,apartment,0,9.4061,8.853842338326329
01002510181,apartment,0,8.9851,8.599236350844942
01002514770,apartment,0,8.7129,8.660914214880949
01002701491,apartment,0,8.6272,8.865920066393274
01002902037,apartment,0,8.8114,8.560876873502512
01002903459,apartment,0,7.8829,8.426047719027917
01003212980,apartment,0,8.7179,8.305029870073602
01003303404,apartment,0,8.5352,8.623688214982531
01003405096,apartment,0,8.187,8.44833562900849
01003405126,apartment,0,8.363,8.431440453570223
01003523080,apartment,0,8.5172,8.348458753949881
01003529267,apartment,0,8.9227,8.660926195479812
01003537741,apartment,0,9.2298,8.709463032891398
01003541623,apartment,0,8.7242,8.654471686929051
01003701191,apartment,0,8.9582,8.872765202453357
01003702538,apartment,0,8.4368,8.649788891155877
01003702880,apartment,0,8.8322,8.649788891155877
01004803907,apartment,0,8.5267,8.449559742459815
01004804644,apartment,0,8.2369,8.39898094270292
01004807384,apartment,0,8.6365,8.481994002791529
01004815433,apartment,0,8.3951,8.385106087540574
01005003904,apartment,0,9.1448,8.591615444961805
01005800251,apartment,0,9.0211,8.913853375096489
01005800758,apartment,0,8.8155,8.72984718278012
01006002685,apartment,0,8.7526,8.705997038207443
01006202587,apartment,0,8.7275,8.607547369331533
01006700455,apartment,0,8.8018,8.664101056570814
01007501499,apartment,0,8.7349,8.431289740184775
01007900547,apartment,0,9.1834,8.541666097999181
01008900753,apartment,0,8.8238,8.444373482196916
01009400657,apartment,0,9.1839,8.537000397901643
01009600753,apartment,0,9.0372,8.491394168890078
01102302376,apartment,0,8.3723,8.284604132072916
01106906373,apartment,0,9.1324,8.86394935104116
01106908511,apartment,0,9.1209,8.953219592452978
01107401070,apartment,0,9.0191,8.703128647326789
01112306481,apartment,0,8.7445,8.274582922328067
01201602963,apartment,7,8.3564,8.330641884288418
01201603986,apartment,7,8.1727,8.351205424266745
01201605954,apartment,7,9.0213,8.459778137565024
01202003321,apartment,7,8.6619,8.38596412282957
01202100961,apartment,0,8.645,8.350494664878967
01202101038,apartment,0,8.635,8.349801051096156
01202302671,apartment,7,8.7064,8.360023124488578
01202302726,apartment,7,8.6144,8.358437351766797
01202701371,apartment,0,8.2908,8.191698363818002
01203301601,apartment,0,8.5719,8.452121144027872
01203301642,apartment,0,8.7992,8.450040302679437
01203401701,apartment,0,8.7403,8.236001236281506
01203503997,apartment,0,8.6901,8.137087551988245
01204500762,apartment,0,8.2515,8.501610586262375
01205104631,apartment,0,9.08,8.610141426455767
01205701321,apartment,0,8.5775,8.188115209550409
01205903313,apartment,0,8.4818,8.208057133520901
01205905758,apartment,0,8.92,8.273919038704936
01206801387,apartment,0,8.7354,8.422990734179349
01206803411,apartment,0,8.6882,8.2879644022387
01207001376,apartment,0,8.2331,8.240832826024318
01207405566,apartment,0,8.5392,8.243651440529291
01207503290,apartment,0,8.8482,8.416622374494798
01207503762,apartment,0,8.9353,8.34135897373525
01207805580,apartment,0,9.3034,8.925216332656037
01207805688,apartment,0,9.5905,8.924869525764631
01207806099,apartment,0,9.3739,8.923829105090414
01208302523,apartment,0,8.7034,8.396442658155383
01208500333,apartment,0,8.729,8.438117981486283
01209000849,apartment,0,8.7998,8.482288288764023
01209201720,apartment,0,8.6125,8.37382476098984
01209303248,apartment,0,9.0852,8.434724043273057
01209303272,apartment,0,8.6096,8.43194958814181
01209603136,apartment,0,8.657,8.340146648947144
01210000709,apartment,0,8.576,8.46942742605967
01210203847,apartment,0,8.5652,8.646975640584401
01210503905,apartment,0,9.0045,8.365053996281649
01210605732,apartment,0,8.6926,8.361147851426484
01210607875,apartment,0,8.5251,8.231850829202463
01210609959,apartment,0,8.81,8.384381948550784
01210903131,apartment,0,8.6634,8.359387716469266
01211300821,apartment,0,9.1616,8.572059077426854
01211703101,apartment,0,9.0123,8.647335547800852
01211706583,apartment,0,9.3382,8.913311873693543
01214201776,apartment,7,8.7238,8.337844627994734
01214202012,apartment,7,8.4858,8.401902960118736
01216100756,apartment,0,8.6144,8.495475717258545
01216802912,apartment,0,8.3741,8.203269334651072
01217304266,apartment,0,8.3402,8.312552380418987
01300602597,apartment,0,8.9421,8.527283637490003
01300603054,apartment,0,8.8714,8.578082720448572
01300610301,apartment,0,9.1947,8.563664764672236
01300905239,apartment,0,8.8137,8.44839222969234
01301102075,apartment,0,8.8997,8.348637105998787
01301206512,apartment,0,9.1856,8.583719027973004
01301305261,apartment,0,8.6548,8.37936120929075
01301306436,apartment,0,8.4503,8.342158430810386
01301401943,apartment,0,8.7163,8.349527117674969
01301505218,apartment,0,9.1631,8.721561024706167
01301700568,apartment,0,9.2035,8.608438782171532
01301703176,apartment,0,9.5819,8.919092921889249
01301804231,apartment,0,9.2758,8.437768797360723
01302004832,apartment,0,9.0801,8.56082318815186
01302005261,apartment,0,9.2027,8.561516801934673
01302302809,apartment,0,8.8739,8.518290282052817
01302302868,apartment,0,8.8793,8.51988552198559
01302906887,apartment,0,9.0576,8.358245501040566
01303003511,apartment,0,8.8323,8.578946509418968
01303101858,apartment,0,8.9029,8.468395715267945
01303102528,apartment,0,8.7035,8.408469453422603
01303104601,apartment,0,8.9952,8.403771140638701
01303110253,apartment,0,9.3439,8.986229212944176
01303301768,apartment,0,8.4974,8.628271762241495
01303504911,apartment,0,8.8169,8.560876903500734
01303602571,apartment,0,8.775,8.377780608216343
01303608006,apartment,0,8.974,8.515597124920273
01303807009,apartment,0,9.028,8.219222695560386
01304002241,apartment,0,8.8875,8.396411144993179
01304109356,apartment,0,9.3666,8.595172350859757
01304200388,apartment,0,8.9519,8.40113917299939
01304804623,apartment,0,9.2333,8.485080930087916
01304804674,apartment,0,9.0255,8.497754732527106
01305502523,apartment,0,8.6308,8.425231947225743
01305900987,apartment,0,8.73,8.355792715270264
01306001511,apartment,0,8.5536,8.521958841502128
01306003180,apartment,0,8.6695,8.35162390063056
01306102448,apartment,0,8.5517,8.446118250579165
01306105722,apartment,0,8.9544,8.293548252331181
01306200431,apartment,0,8.9067,8.369613040173313
01306401951,apartment,0,8.6325,8.273832269963897
01306502446,apartment,0,8.7863,8.414387404924131
01402801947,apartment,0,9.3768,8.324139965239219
01403002177,apartment,0,9.4731,8.307550900907753
01403911568,apartment,0,9.6846,8.942308281990385
01403911622,apartment,0,9.6789,8.950325786510051
01404802088,apartment,0,9.2904,8.305392297641218
01404902309,apartment,0,9.1561,8.261490696461234
01405010495,apartment,0,9.2416,8.559031300594599
01406801240,apartment,0,9.2736,8.398306181952384
01407802623,apartment,0,9.1926,8.367817042031106
01408601273,apartment,0,8.7875,8.400729822348602
01408610086,apartment,0,9.3157,8.603071072434831
01408801043,apartment,0,9.2305,8.363517884421421
01408805510,apartment,0,8.7129,8.56102452753398
01410203174,apartment,0,8.731,8.269048240583292
01410203867,apartment,0,9.0885,8.467158997279537
01500302503,apartment,0,9.0027,8.397351123168471
01500502405,apartment,0,8.9785,8.593894777942792
01500602795,apartment,0,8.5878,8.458147266880346
01500604003,apartment,0,8.9429,8.407529094762936
01500709174,apartment,0,8.978,8.589625370497812
01500801410,apartment,0,8.6656,8.443042455622717
01501601377,apartment,0,8.7525,8.60188808776418
01504401751,apartment,0,8.9905,8.489947855772149
01504501926,apartment,0,8.7403,8.542732344129588
01505803896,apartment,0,8.7156,8.548428329782393
01507600811,apartment,0,8.7051,8.361563014150127
01509100776,apartment,6,8.9785,8.561817931334303
01604601671,apartment,6,9.0718,8.222260273612765
01604800739,apartment,6,9.6014,8.258218019397107
01604801247,apartment,6,8.7374,8.262498253220608
01606504037,apartment,6,8.7216,8.17696098506326
01606506668,apartment,6,9.0877,8.259470503012572
01606507036,apartment,6,9.2374,8.235759787121784
01608004090,apartment,6,9.4442,8.182967978708872
01608008037,apartment,6,8.76,8.166994784774078
01608011951,apartment,6,9.1303,8.277167715454507
01608018261,apartment,6,9.7046,8.608843399384972
01611903191,apartment,6,9.2922,8.229770609587675
01612002579,apartment,6,8.9823,8.19560938450618
01613602359,apartment,6,9.3724,8.3037879103846
01613602499,apartment,6,9.0391,8.306880532084897
01614702829,apartment,6,8.8204,8.392043625081431
01614703442,apartment,6,9.2339,8.465604707316569
01615303049,apartment,6,9.1065,8.59773013542474
01615901264,apartment,0,9.1341,8.341385272689303
01616305673,apartment,6,9.0745,8.27283655149909
01616502584,apartment,6,9.2442,8.34036456115555
01616701854,apartment,6,8.9709,8.31372162319855
01616702605,apartment,6,9.4409,8.307082832003777
01701705273,apartment,9,8.6074,8.33758287345958
01800602383,apartment,0,8.6061,8.597444519584375
01803202416,apartment,0,8.0878,8.435694841613085
01803301430,apartment,0,8.5304,8.576601807424556
01804501042,apartment,0,8.2382,8.527248216045987
01804501123,apartment,0,8.4021,8.529675864285828
01804801437,apartment,0,7.7212,8.678781060683427
01804805246,apartment,0,7.8028,8.450863817202821
01805000373,apartment,0,7.887,8.487806328993829
01901001520,apartment,0,8.2795,8.346403947941774
01903300673,apartment,0,8.0985,8.745068325861752
01904503950,apartment,0,8.5019,8.45838188388976
01905305648,apartment,0,8.6538,8.492597984079245
01905308000,apartment,0,8.6108,8.46587585436886
01906100438,apartment,0,8.3033,8.262337824897774
01906101027,apartment,0,8.4662,8.264071859354804
01906106525,apartment,0,8.6978,8.639303658304506
01906111944,apartment,0,8.7403,8.64208741393516
01906112916,apartment,0,8.5627,8.539676698242115
01906116016,apartment,0,8.5325,8.67053242330653
01906116660,apartment,0,8.7091,8.669492002632314
01906116660,apartment,0,8.7091,8.667411161283878
01906118361,apartment,0,8.7706,8.667757968175284
01907801601,apartment,0,8.5152,8.37319381607054
01908100982,apartment,0,7.9047,8.468559024318756
01909800368,apartment,0,7.6756,8.385105649671084
01910501409,apartment,0,8.844,8.495862749772868
01910503088,apartment,0,8.7285,8.497249977338491
01910505609,apartment,0,8.8468,8.556822416619706
01910514292,apartment,0,8.5621,8.733366936531086
02000202675,apartment,0,8.0376,8.6267676794756
02000202871,apartment,0,8.0376,8.6267676794756
02000203371,apartment,0,8.0376,8.626420872584195
02000305581,apartment,0,8.6667,8.389263400936978
02000306322,apartment,0,8.6173,8.419453082924132
02000307531,apartment,0,8.7026,8.464013913998862
02000308376,apartment,0,8.8334,8.570779985039108
02000309496,apartment,0,8.7437,8.71800943565384
02000310885,apartment,0,8.5614,8.62516904549062
02000310966,apartment,0,8.54,8.625862659273434
02000312187,apartment,0,8.6329,8.638081605281757
02000312977,apartment,0,8.7324,8.71627540119681
02000313922,apartment,0,8.6708,8.623088204142187
02000314325,apartment,0,8.4802,8.71438417686885
02000401392,apartment,0,8.7369,8.496764408433858
02000800750,apartment,0,7.8522,8.5150848347973
02001101414,apartment,0,8.7803,8.552954951952506
02001101759,apartment,0,8.7729,8.50883471337316
02001400128,apartment,0,8.4118,8.429896400569278
02001400829,apartment,0,8.4727,8.409188922431062
02001401711,apartment,0,8.3972,8.409882536213873
02001402236,apartment,0,8.5925,8.411269763779497
02001403526,apartment,0,8.1924,8.440477188550359
02001405898,apartment,0,9.0394,8.823639576835017
02001505132,apartment,0,8.6376,8.505120461152355
02001602774,apartment,0,8.164,8.346560496446317
02001702507,apartment,0,8.1399,8.356400862856772
02001704593,apartment,0,8.0754,8.473702543367404
02002401871,apartment,0,8.9761,8.482014972921991
02003100921,apartment,0,8.6085,8.526741884571676
02004604174,apartment,0,8.626,8.563116814496613
02004701285,apartment,0,8.5366,8.805397648001746
02004701315,apartment,0,8.645,8.834477479618299
02004701846,apartment,0,8.2854,8.778117096869455
02004702494,apartment,0,8.6254,8.73940443949092
02004706775,apartment,0,8.7373,8.717489004788114
02004901063,apartment,0,8.5768,8.534014737203204
02004902604,apartment,0,8.5999,8.528732491723837
02004902779,apartment,0,8.5437,8.396777971666536
02006003739,apartment,0,8.3602,8.482366854840642
02006004522,apartment,0,8.7308,8.463927724082588
02006102631,apartment,0,8.6531,8.386330900849085
02006201638,apartment,0,8.4462,8.482322636563772
02006203037,apartment,0,8.4043,8.500441778338118
02006206222,apartment,0,8.6048,8.424484847987681
02006305786,apartment,0,8.5637,8.57298731398976
02006305883,apartment,0,7.9429,8.59270631829541
02006404377,apartment,0,8.0937,8.501833084813724
02006501526,apartment,0,8.2811,8.611985112736946
02006502573,apartment,0,8.4276,8.474431127526481
02006503855,apartment,0,8.4461,8.512376918925778
02006504703,apartment,0,8.7285,8.487187469866738
02006506951,apartment,0,8.4712,8.491131631337858
02006510800,apartment,0,8.7796,8.57507113240703
02006604147,apartment,0,8.7536,8.617900302788495
02006904541,apartment,0,8.7883,8.28558088771321
02007303949,apartment,0,8.406,8.429819606488225
02007303973,apartment,0,8.4631,8.429125992705412
02007704390,apartment,0,8.9395,8.590044943135217
02007704633,apartment,0,8.5958,8.365222908302115
02007805006,apartment,0,8.673,8.474376150601348
02007904381,apartment,0,8.9393,8.485958472206086
02008004155,apartment,0,8.4381,8.39115062376997
02008004181,apartment,0,8.6631,8.433900104190327
02008004570,apartment,0,8.9652,8.39115062376997
02008901491,apartment,0,8.7692,8.333559979665617
02008903478,apartment,0,8.3331,8.234330413135797
02008905217,apartment,0,8.8953,8.363377302657408
02009102800,apartment,0,8.3143,8.294502368911324
02009401301,apartment,0,8.8183,8.533254489125522
02100603515,apartment,0,8.6875,8.362436474212469
02100605925,apartment,0,8.3837,8.527098098340858
02100702068,apartment,0,8.7139,8.46427247820489
02100705751,apartment,0,8.7096,8.42242136591867
02100717561,apartment,0,8.9336,8.575191733537721
02100719785,apartment,0,8.7998,8.688080805602866
02100901184,apartment,0,8.7008,8.404521704373925
02100902229,apartment,0,8.6107,8.308938327508233
02101601567,apartment,0,8.5172,8.53348732754333
02102104826,apartment,0,8.9787,8.408268468672576
02102105301,apartment,0,8.9445,8.274198624546592
02102202984,apartment,0,8.488,8.263112363305888
02102301532,apartment,0,8.6424,8.418291739388911
02102503860,apartment,0,9.281,8.788279210297429
02102503925,apartment,0,9.477,8.811690996215106
02102503951,apartment,0,9.3981,8.818478754451647
02102601145,apartment,0,9.0227,8.56730118360963
02102604136,apartment,0,9.1828,8.742584404048937
02103502817,apartment,0,8.6146,8.286367058403684
02104001552,apartment,0,8.4143,8.352837641219912
02104202965,apartment,0,9.4545,8.477782228077087
02104802784,apartment,0,8.9711,8.674126393083835
02105001750,apartment,0,9.2793,8.645938895120215
02105400418,apartment,0,9.298,8.309107462473264
02105507743,apartment,0,8.5788,8.520725276476368
02105602339,apartment,0,8.9815,8.276835906642848
02105702147,apartment,0,8.6848,8.213132939493386
02105801552,apartment,0,9.4175,8.372748630251596
02105802982,apartment,0,9.2753,8.731609303544127
02105803024,apartment,0,9.246,8.737468180339368
02106502273,apartment,0,8.4404,8.325966382626802
02106504179,apartment,0,8.7038,8.347969426230264
02106602634,apartment,0,9.0698,8.241826769197331
02106705719,apartment,0,8.6924,8.22583507193836
02106705794,apartment,0,8.8206,8.222671909795089
02106801637,apartment,0,8.5462,8.20232853116877
02106808135,apartment,0,9.5114,8.770568090095136
02107201579,apartment,0,8.9496,8.754567318553585
02107401659,apartment,0,8.7865,8.267403665719225
02107406421,apartment,0,8.5584,8.257943627000497
02108503889,apartment,0,8.8008,8.231547533371272
02109104351,apartment,0,9.0742,8.329823496450873
02109104600,apartment,0,8.7765,8.329823496450873
02109104880,apartment,0,8.61,8.255596273805827
02110201401,apartment,0,8.7675,8.37809707141223
02110404906,apartment,0,8.8099,8.578525028716001
02110406402,apartment,0,9.454,8.822221417216278
02110407050,apartment,0,9.5227,8.815304924641445
02110407077,apartment,0,9.6241,8.753491631733004
02110407727,apartment,0,9.4823,8.770827970851988
02111404578,apartment,0,8.872,8.556856685934994
02200503644,apartment,7,8.9687,8.38742287324724
02200504896,apartment,7,9.1209,8.525546617665151
02200600771,apartment,0,9.0049,8.49070538077004
02200604319,apartment,0,8.9029,8.560783051832455
02200613768,apartment,0,8.947,8.398038699026573
02201400717,apartment,7,8.5454,8.57395503122823
02203102004,apartment,0,8.5713,8.391135830184604
02203202939,apartment,0,9.3945,8.729336685566151
02203300736,apartment,0,8.7971,8.281315105249428
02203400714,apartment,0,8.9435,8.399702116703082
02203700866,apartment,0,8.3894,8.307347596890295
02203700912,apartment,0,8.4929,8.306307176216077
02203702771,apartment,0,8.8845,8.426287026802685
02204101974,apartment,0,8.6261,8.31963990833209
02204402958,apartment,0,8.9792,8.289871269405252
02204500690,apartment,0,8.9145,8.333086742524243
02204601578,apartment,0,8.7838,8.396991677587478
02204801781,apartment,0,8.7208,8.379450308210052
02204804703,apartment,0,9.0086,8.293335469709499
02204904112,apartment,0,9.2982,8.3579434381232
02205102192,apartment,7,8.5222,8.427219903743017
02205200828,apartment,0,8.7855,8.294756521484627
02205204191,apartment,0,9.0141,8.449489277193656
02205205145,apartment,0,8.8036,8.350328294544058
02205301519,apartment,0,8.7248,8.268821749545967
02205603299,apartment,0,8.6244,8.278322557542866
02205700782,apartment,0,8.6185,8.299487316809802
02205702688,apartment,0,8.4985,8.244393963618274
02205804626,apartment,0,8.4437,8.321461668672022
02205901052,apartment,0,8.447,8.326678092852333
02205901249,apartment,0,8.5929,8.382833501631827
02205902717,apartment,0,8.6959,8.286786817331222
02206601168,apartment,0,8.5707,8.152250088639443
02206602741,apartment,0,8.8164,8.188894821889459
02206605341,apartment,0,8.7541,8.352316359697792
02206700999,apartment,0,8.5903,8.265994076737716
02206801043,apartment,0,8.7902,8.246565791375616
02206803259,apartment,0,8.7119,8.227080041284454
02206903334,apartment,0,8.5472,8.247835717723966
02206903717,apartment,0,8.5505,8.24506126259272
02207001504,apartment,0,8.5458,8.412635743267602
02207003191,apartment,0,8.3623,8.222445559869678
02207401121,apartment,0,8.4045,8.362364367916486
02207403459,apartment,0,8.4341,8.203109698361025
02207701522,apartment,0,8.5681,8.301670952178494
02207702057,apartment,0,8.7441,8.337738319109453
02208101162,apartment,0,8.6146,8.304087395197246
02208107322,apartment,0,9.2328,8.365040115242845
02208600932,apartment,0,8.2861,8.367866512789071
02301902587,apartment,7,8.9541,8.60293622236561
02302403551,apartment,7,8.8379,8.894719432989909
02302501527,apartment,7,8.7096,8.431041755310883
02302504925,apartment,7,9.1021,8.862996653144158
02303200415,apartment,7,7.9699,8.742304077121307
02303203007,apartment,7,8.9332,8.562943073983059
02304600794,apartment,7,8.6975,8.488623845355965
02304701851,apartment,7,8.8854,8.557512209851833
02305800673,apartment,7,8.2804,8.35264672586547
02305801254,apartment,7,8.6819,8.47488400749202
02306401217,apartment,7,8.9952,8.345095826737328
02307907491,apartment,7,8.8799,8.382194301613726
02309000949,apartment,7,8.7705,8.625108448216823
02309401587,apartment,7,9.0134,8.575143976098303
02309401625,apartment,7,8.9502,8.5746661908919
02400103569,apartment,7,8.5692,8.450938175785062
02400501068,apartment,7,8.3561,8.399734780892988
02400603251,apartment,7,8.5346,8.351031494606948
02401501673,apartment,7,9.0263,8.342559363443492
02401900500,apartment,7,8.534,8.41278634167865
02402504129,apartment,7,8.645,8.287247453315576
02402508256,apartment,7,8.7957,8.414913104097124
02402602627,apartment,7,8.7511,8.378054317371497
02403803499,apartment,7,9.0335,8.386241576157547
02404004611,apartment,7,8.6968,8.330314311983404
02404005707,apartment,7,8.323,8.26894754655093
02404005715,apartment,7,8.6797,8.27831138558201
02404005790,apartment,7,8.7248,8.272292042995753
02404900544,apartment,7,8.4631,8.475294989846324
02406102386,apartment,7,8.4122,8.216018606531794
02406102963,apartment,7,8.6076,8.325061951564892
02406200671,apartment,7,9.2221,8.306671489505819
02407106113,apartment,7,8.1851,8.281001357556592
02407203569,apartment,7,8.4074,8.264361420267772
02407900928,apartment,7,8.8417,8.480371789160143
02407900952,apartment,7,8.6882,8.482178275518503
02408300541,apartment,7,8.5786,8.496795126005477
02601601353,apartment,9,8.2245,8.485575489304377
02700205431,apartment,9,8.497,8.592535683202378
02700205820,apartment,9,8.4403,8.58455584974279
02700207866,apartment,9,8.2095,8.645926393000202
02701201586,apartment,9,8.3941,8.508214544734518
02701201950,apartment,9,8.4751,8.516731470753193
02702303749,apartment,9,8.7343,8.63532530022913
02702400884,apartment,9,8.5848,8.56524753433444
02702401694,apartment,9,8.4258,8.55726770087485
02702500625,apartment,9,8.8144,8.779905289361333
02702501516,apartment,9,8.8339,8.785967400919123
02702501788,apartment,9,8.8144,8.778765313152821
02702502237,apartment,9,8.6104,8.676295490628483
02702502555,apartment,9,8.8144,8.779905289361333
02702502598,apartment,9,8.8001,8.78788512282092
02703202873,apartment,9,8.5392,8.795980422573173
02703206380,apartment,9,8.4266,8.787594107832632
02703300751,apartment,9,8.5926,8.676348657576009
02703302061,apartment,9,8.5994,8.667228847907907
02705300511,apartment,9,8.294,8.434573961815236
02705700587,apartment,9,8.371,8.46959881108455
02706502207,apartment,9,8.7553,8.58749490417289
02706505893,apartment,9,8.4974,8.615239662072543
02707100749,apartment,9,8.2721,8.339387508248535
02707101613,apartment,9,8.1417,8.340689825939384
02707805750,apartment,9,8.6846,8.471440801307796
02707901407,apartment,9,8.5505,8.448199130447373
02707905542,apartment,9,8.7727,8.594267905162981
02707906018,apartment,9,8.7391,8.592102684857664
02707906891,apartment,9,8.7285,8.595407881371495
02707917419,apartment,9,8.9158,8.811263882704498
02708702823,apartment,9,8.5797,8.639300843020301
02708704291,apartment,9,8.5797,8.632215547873226
02708705253,apartment,9,8.3814,8.627922494713705
02708800353,apartment,9,8.5885,8.666195860452692
02708802674,apartment,9,8.5637,8.67518112924662
02801001430,apartment,9,8.1789,8.301489242293686
02801101885,apartment,9,8.0869,8.245426185440342
02802404581,apartment,9,8.2821,8.525216433802088
02802901761,apartment,9,7.9418,8.392158239031332
02803707314,apartment,9,8.8302,8.603717267530273
02803803798,apartment,9,8.6638,8.520775344605703
02805100956,apartment,9,8.3737,8.40651168792057
02805502159,apartment,9,8.6243,8.465529314157683
02805801814,apartment,9,8.6418,8.4376919938983
02806100828,apartment,9,8.3303,8.441903477864535
02806901111,apartment,9,8.7041,8.865006500450974
02806903343,apartment,9,8.6248,8.826454661057888
02806914851,apartment,9,8.4479,8.772874673685271
02806915341,apartment,9,8.55,8.764894840225683
02806915554,apartment,9,8.5598,8.838631170519767
02900205891,apartment,9,8.6934,8.51516576211266
02900207355,apartment,9,8.4722,8.38742264379149
02900401410,apartment,9,8.285,8.422778536824266
02900908299,apartment,9,8.5825,8.562153453022809
02901001300,apartment,9,8.2295,8.472298919105855
02902200821,apartment,9,8.4108,8.549437078873448
02904006060,apartment,9,8.7123,8.55363764511346
02904403108,apartment,9,8.5889,8.774058797258695
02904902937,apartment,9,8.7654,8.486846331851762
02904904301,apartment,9,8.9174,8.50443086656426
02904908919,apartment,9,8.9196,8.859715719968618
02904909001,apartment,9,8.8336,8.85173588650903
02905201649,apartment,9,8.3862,8.621194084120633
03000303731,apartment,9,8.3176,8.427687912831837
03000304411,apartment,9,8.4276,8.435059352588407
03000308172,apartment,9,8.4133,8.352140585302324
03000308571,apartment,9,8.5948,8.48411611550627
03000308865,apartment,9,8.5558,8.478319939666322
03002401447,apartment,9,8.7614,8.698173436310608
03003001361,apartment,9,8.2274,8.464327798898328
03003001833,apartment,9,8.191,8.472307632357918
03005203239,apartment,9,8.0934,8.869541960612016
03005401693,apartment,9,8.4879,8.45642486229666
03006503759,apartment,9,8.7036,8.425495428849393
03006802063,apartment,9,8.9697,8.589703902387232
03008601091,apartment,9,8.7556,8.366758705047916
03010500696,apartment,9,8.4499,8.26634678784735
03010702711,apartment,9,8.6797,8.693545299126495
03011701199,apartment,9,7.8277,8.288218792677865
03011900744,apartment,9,7.8789,8.331489035858198
03012500774,apartment,9,8.3053,8.327438806391152
03012906835,apartment,9,8.4457,8.587996817634174
03100301676,apartment,9,8.8855,8.490736277706885
03101402891,apartment,9,8.9035,8.722106842031822
03102301010,apartment,9,8.9002,8.367130680657446
03107400866,apartment,9,8.0652,8.255263013830993
03108501208,apartment,9,8.5387,8.533876843662407
03109000784,apartment,9,8.3994,8.29045342326307
03109001659,apartment,9,8.5957,8.523157179391777
03110202093,apartment,9,8.2808,8.622963830085748
03110800810,apartment,9,8.6785,8.7501239010975
03110803178,apartment,9,9.0634,8.284048306042612
03110804867,apartment,9,8.3829,8.284048306042612
03111005488,apartment,9,8.6507,8.367604690884843
03200201169,apartment,9,8.4746,8.25427840717946
03200801182,apartment,9,8.5033,8.439973619073534
03202001401,apartment,9,8.3432,8.224637214275186
03203301164,apartment,9,8.1571,8.298880239920281
03204301206,apartment,9,8.3453,8.282651178748154
03204400948,apartment,9,8.0228,8.356831265296247
03204601072,apartment,9,8.6533,8.252140164805136
03205001508,apartment,9,8.4306,8.35221308329505
03205201868,apartment,9,8.6934,8.397008951413921
03205501047,apartment,9,8.3751,8.318746870368175
03206200301,apartment,9,8.2751,8.465190366445082
03212701307,apartment,9,8.1683,8.376330330323034
03213502121,apartment,9,8.3377,8.432399591656804
03213505153,apartment,9,8.5598,8.457737582821444
03213602035,apartment,9,7.824,8.219529710743906
03213602493,apartment,9,8.5664,8.469589561608561
03217402839,apartment,9,8.3183,8.279998759816388
03300504430,apartment,0,8.2409,8.50476799140569
03300504635,apartment,0,8.1028,8.52340710402349
03300605911,apartment,0,9.1258,9.013841998632287
03301102298,apartment,0,8.6973,8.581674045649798
03301102891,apartment,0,8.6661,8.58236765943261
03301403761,apartment,0,8.5913,8.648429780347286
03301900429,apartment,0,8.447,8.5704800401401
03303104034,apartment,0,8.6398,8.631817316877543
03303106444,apartment,0,8.2694,8.821880037091542
03303602298,apartment,0,8.1956,8.262693649139544
03303605890,apartment,0,7.667,8.14693574232134
03303702217,apartment,0,8.096,8.431200974021875
03303702810,apartment,0,7.7351,8.390304384130499
03303705240,apartment,0,8.2627,8.3610507486894
03303708436,apartment,0,8.3102,8.309937158548525
03303903107,apartment,0,8.0995,8.387892470519077
03303905711,apartment,0,8.7614,8.673291046333963
03303906122,apartment,0,8.6924,8.671557011876935
03303907145,apartment,0,8.8567,8.671557011876935
03304003886,apartment,0,8.896,8.420982563990961
03304604375,apartment,0,8.1435,8.479808564753519
03304605118,apartment,0,8.1773,8.322987673329756
03304609113,apartment,0,8.3529,8.367516947492067
03304616284,apartment,0,9.1429,8.461560001745173
03304702131,apartment,0,8.0387,8.429794429248723
03304709991,apartment,0,8.9433,8.580196258475452
03305601493,apartment,0,8.2808,8.4451546944278
03305703733,apartment,0,8.5041,8.437671010182179
03305708311,apartment,0,8.5619,8.174541020902398
03305709235,apartment,0,8.5231,8.220079314676267
03305709383,apartment,0,8.6018,8.22077292845908
03306201111,apartment,0,8.8717,8.367259612864604
03306202290,apartment,0,8.7376,8.418678839946496
03400102407,apartment,0,8.8899,8.405470413343528
03400200522,apartment,0,8.1727,8.187950580526806
03400700231,apartment,9,8.6858,8.653100714706753
03400702498,apartment,9,8.8982,8.666917398341067
03402301342,apartment,9,8.7171,8.44991857902133
03403201414,apartment,0,8.2171,8.325426811669892
03403203239,apartment,0,8.3787,8.284683700107973
03403501809,apartment,9,8.5172,8.424985509959509
03403507904,apartment,9,8.4331,8.38110394047103
03403904369,apartment,1,8.4621,8.304366909692286
03404801717,apartment,1,8.1952,8.374063950508047
03405100690,apartment,1,8.4102,8.27514787783943
03405700566,apartment,1,8.7279,8.398364426772403
03405900603,apartment,1,8.4988,8.401543335256429
03405900621,apartment,1,8.6178,8.44739521848367
03406001432,apartment,1,8.5411,8.467198333648833
03406501419,apartment,1,8.3915,8.373986630882726
03407701306,apartment,1,8.6457,8.368642758214158
03407701535,apartment,1,8.6873,8.36839293597354
03408200874,apartment,1,8.1089,8.408381497319171
03408302421,apartment,1,8.7643,8.415161837876393
03500105858,apartment,9,8.4566,8.543237218046226
03500106757,apartment,9,8.4533,8.516375299499304
03500109251,apartment,9,8.7125,8.781713900555209
03500501494,apartment,9,8.6032,8.48083509642208
03500502873,apartment,9,8.6412,8.45871092434117
03500901921,apartment,9,8.7403,8.41809692444583
03504401419,apartment,9,8.1213,8.382942453030363
03504801646,apartment,9,8.2295,8.436714936582536
03507302276,apartment,9,8.8236,8.437086344204745
03508202623,apartment,9,8.8018,8.451736286034553
03508304612,apartment,9,8.3682,8.374919566807474
03508802698,apartment,9,8.5839,8.443598550502735
03508805069,apartment,9,8.5862,8.62947279958952
03509805143,apartment,9,8.5874,8.530762926780557
03509805259,apartment,9,8.489,8.611031426318469
03509805275,apartment,9,8.6042,8.53190290298907
03510303539,apartment,9,8.6316,8.5078981148148
03600504101,apartment,0,9.1362,8.566342202736644
03601100479,apartment,0,9.0401,8.342211173983396
03601300699,apartment,0,8.5811,8.499664368061847
03601300923,apartment,0,8.6553,8.492729593300217
03601301172,apartment,0,8.8273,8.536245167669753
03601301229,apartment,0,8.6192,8.470581581781236
03601901692,apartment,0,8.6949,8.47920348655228
03602202771,apartment,0,8.9678,8.649516712948925
03602203042,apartment,0,8.5653,8.529734561906439
03602203433,apartment,0,8.5172,8.459157855377242
03602701441,apartment,0,8.6863,8.559945861508703
03602703371,apartment,0,8.5942,8.376747519820766
03603001540,apartment,0,8.9319,8.418821168926634
03603102614,apartment,0,9.0768,8.622659666057151
03603105931,apartment,0,9.4531,8.594411503018273
03603106059,apartment,0,9.2213,8.595451923692492
03603700546,apartment,0,9.0525,8.413940510048642
03604001201,apartment,0,8.9172,8.421008536107824
03604503353,apartment,0,8.7769,8.403455109214963
03604504007,apartment,0,8.6975,8.337847877732603
03605800823,apartment,0,9.7098,8.301348523603862
03609401133,apartment,6,9.1672,8.356889613941213
03611706957,apartment,6,9.3225,8.55443869985621
03611707015,apartment,6,9.2753,8.554782324489576
03612801635,apartment,6,8.8187,8.400520739322358
03613802708,apartment,0,9.0975,8.33892770041546
03700500874,apartment,0,8.4391,8.418823071412259
03700501323,apartment,0,8.833,8.439400375857655
03700602170,apartment,0,9.3534,8.99746352003321
03700801645,apartment,0,9.262,8.488423404537157
03700804466,apartment,0,8.4219,8.48929631822032
03700804751,apartment,0,9.1067,8.40251546995705
03701209464,apartment,0,8.1342,8.330382168005766
03701300933,apartment,0,8.5803,8.319448057069028
03701418411,apartment,0,9.1659,8.690825238760675
03701900884,apartment,0,8.1173,8.409404264780838
03701901139,apartment,0,8.7875,8.51525121722341
03702102371,apartment,1,8.3912,8.497291558245198
03702202587,apartment,1,9.0325,8.417113577386626
03702301046,apartment,1,8.0155,8.496460332490205
03702301062,apartment,1,8.5213,8.33949211993847
03702401555,apartment,1,8.63,8.389331364652813
03702401733,apartment,1,8.7841,8.387332786727885
03702405186,apartment,1,8.9353,8.409765851181222
03702602798,apartment,1,8.971,8.595050518620141
03703301600,apartment,1,8.8858,8.46844149022894
03703302690,apartment,1,8.7734,8.363819530235567
03703500591,apartment,1,8.5012,8.700288265134047
03703605057,apartment,1,8.8247,8.592964947329092
03703605960,apartment,1,8.9661,8.685601371681756
03703606398,apartment,1,8.5642,8.70354589044273
03704014516,apartment,1,8.8984,8.467871108954055
03704308900,apartment,1,8.763,8.465461415682377
03704311065,apartment,1,8.9192,8.420951284985888
03704402877,apartment,1,9.0849,8.728490809636659
03704408883,apartment,1,9.1658,8.834106501591801
03704409812,apartment,1,9.3738,8.794628095005043
03705001752,apartment,1,8.7101,8.449791571305791
03705609602,apartment,1,9.6841,8.932405036956602
03706402610,apartment,1,8.7712,8.626319043880184
03707103366,apartment,1,8.6819,8.38413715629992
03707107493,apartment,1,8.8147,8.279298717403218
03707107663,apartment,1,9.064,8.279798361884449
03708100840,apartment,1,8.3442,8.641078569243582
03709100615,apartment,1,9.1291,8.396197032628312
03709302005,apartment,0,8.6881,8.400260333908927
03709800986,apartment,0,8.7623,8.337605353125575
03710302382,apartment,1,8.9872,8.427186946805868
03710304210,apartment,1,8.8318,8.338838339283505
03800104261,apartment,0,9.405,8.453919796849563
03800901528,apartment,0,8.7527,8.798420960973392
03800902672,apartment,0,8.7113,8.760849025326726
03800904020,apartment,0,8.7668,8.640299428726877
03800913690,apartment,0,9.2263,8.988745405813773
03802105291,apartment,0,8.6637,8.312682854401269
03802300531,apartment,0,8.4467,8.187559860413192
03802301617,apartment,0,8.7403,8.548694275753032
03802400178,apartment,0,7.8813,8.203580168041471
03802904389,apartment,0,8.9685,8.505836927291467
03802904461,apartment,0,9.1957,8.501699663761034
03803204542,apartment,0,8.7945,8.542302045896479
03803401054,apartment,0,8.2967,8.329560464346297
03803800722,apartment,0,8.9111,8.76950487103789
03804404871,apartment,0,8.6687,8.573831436511458
03804405851,apartment,0,8.6618,8.594124791082384
03804406637,apartment,0,8.7403,8.628216432990257
03804407242,apartment,0,8.633,8.64803321569037
03804407501,apartment,0,8.8164,8.56758857381589
03804407560,apartment,0,8.4995,8.651154477713023
03804407749,apartment,0,8.7072,8.567589906333843
03804418678,apartment,0,8.6651,8.50399601009433
03804425291,apartment,0,8.6442,8.362219766345643
03804437192,apartment,0,9.1397,8.908814838948937
03805303246,apartment,0,8.8919,8.533864892861068
03805501161,apartment,0,8.8079,8.563921119094323
03805904967,apartment,1,8.3155,8.302987093457052
03807206205,apartment,1,9.4371,8.902231277739924
03807303529,apartment,1,9.1751,8.627971644250202
03807304541,apartment,1,9.1119,8.717704411638461
03808200741,apartment,1,8.0761,8.408520237361223
03808401826,apartment,1,9.4452,8.894802927292838
03808503157,apartment,1,9.1483,8.636805447790177
03810300306,apartment,1,8.3774,8.703916990646407
03810701361,apartment,1,8.641,8.545110459199657
03902501332,apartment,1,8.6722,8.420641405795672
03902601027,apartment,1,9.024,8.381176041686208
03902801697,apartment,1,8.1665,8.327158366618095
03904100981,apartment,1,8.7808,8.652872413868975
03907104234,apartment,1,9.1776,8.456387074283423
03907608399,apartment,1,8.9114,8.576768230058683
03907702123,apartment,1,8.2727,8.523234408200032
03907703669,apartment,1,8.5918,8.448204185187011
03907707222,apartment,1,8.8149,8.619362138133136
03907707397,apartment,1,8.85,8.619362138133136
03908003032,apartment,1,8.7959,8.490832400894925
03913700765,apartment,1,8.6995,8.553262357077806
03914501383,apartment,1,8.6758,8.40678267888035
03915803057,apartment,1,8.7898,8.535433647729516
03915809349,apartment,1,8.8823,8.518866714728164
03916300751,apartment,1,8.3294,8.456763398693068
03916301403,apartment,1,8.2009,8.469209972273148
03916402031,apartment,1,8.9959,8.612770264386603
03917100436,apartment,1,8.3305,8.414680932006641
03917102757,apartment,1,8.5313,8.302536460083008
03917700824,apartment,1,8.5952,8.470928696304448
03917801043,apartment,1,8.5546,8.301337362638298
03917801329,apartment,1,8.5172,8.299838429194603
03917802511,apartment,1,8.6624,8.41824247023724
03917902028,apartment,1,8.3653,8.400496092860848
03918101282,apartment,1,8.5564,8.431340519278114
03918602257,apartment,1,8.6433,8.574517121565695
03918700852,apartment,1,8.4635,8.38232860483851
03919100468,apartment,1,8.5093,8.367807889023661
04000200720,apartment,1,8.0846,8.249529683416261
04000202138,apartment,1,8.6248,8.671534161447212
04001101483,apartment,9,8.872,8.500370030571545
04002601153,apartment,9,8.3183,8.410702511574566
04005100341,apartment,1,8.4399,8.395878454003466
04006800991,apartment,1,8.7435,8.41492098090396
04007400857,apartment,1,8.5542,8.374631782988034
04007600521,apartment,1,8.641,8.371735378352055
04008201319,apartment,1,8.294,8.479867857500295
04008201327,apartment,1,8.3586,8.481366790943992
04008203516,apartment,1,8.7322,8.700732242983213
04008600515,apartment,1,8.5954,8.406947503488016
04009201398,apartment,1,8.2782,8.427127665986795
04010700688,apartment,1,8.3946,8.599297503645028
04012001787,apartment,1,8.0135,8.309766217255083
04012201034,apartment,1,8.8199,8.283171858426888
04013000873,apartment,1,8.4086,8.656149424486212
04016101565,apartment,1,8.6319,8.323885529231296
04020002908,apartment,1,8.4654,8.375809491186358
04102902333,apartment,6,8.8597,8.526233843931442
04103402563,apartment,6,9.4222,8.526418907777597
04105802161,apartment,6,8.9906,8.406466471893795
04108002385,apartment,6,9.2506,8.558445925591219
04108600843,apartment,6,8.9672,8.377100820870492
04109100690,apartment,6,8.8162,8.64582384595462
04109500702,apartment,6,8.7081,8.171286553149276
04109500982,apartment,6,8.6022,8.251953478359956
04109704901,apartment,6,9.0504,8.24091617930187
04109707511,apartment,6,9.2698,8.42223152657092
04109803411,apartment,6,8.8499,8.318399730458008
04110201055,apartment,6,8.1679,8.397875967117045
04110303291,apartment,6,9.5009,8.864776513078604
04110304490,apartment,6,9.6327,8.864432888445238
04110403863,apartment,6,9.3029,8.66367391387297
04111202144,apartment,6,9.1486,8.333505440198383
04111505333,apartment,6,9.1036,8.411566103674788
04111600751,apartment,6,8.7189,8.461033474470767
04111601839,apartment,6,9.0859,8.415200658152756
04111704247,apartment,6,9.2503,8.506969345890106
04111801692,apartment,6,9.121,8.445071448008623
04112301960,apartment,6,8.9872,8.596597287395126
04112302320,apartment,6,8.5731,8.606391593559533
04112603770,apartment,6,8.9412,8.716178341136365
04112604777,apartment,6,9.1607,8.64930626300783
04113501300,apartment,6,8.6207,8.347074446760626
04113809771,apartment,6,8.7275,8.35722860127926
04114200940,apartment,6,8.9724,8.419175137444835
04114201769,apartment,6,9.028,8.426430624726464
04115205733,apartment,6,8.745,8.252162817434304
04115206111,apartment,6,8.8164,8.254911814501234
04115901160,apartment,6,8.5435,8.341285952982801
04116201881,apartment,6,8.8077,8.40734457250363
04116203750,apartment,6,9.2994,8.218439955624618
04116203955,apartment,6,9.294,8.406665549318543
04116800503,apartment,6,8.7267,8.395647968587456
04118202778,apartment,6,9.1481,8.865883898571289
04118801353,apartment,6,8.8928,8.321506218650914
04118803305,apartment,6,9.2197,8.634153655705779
04120301095,apartment,6,9.5665,9.167635862192393
04120301826,apartment,6,9.4967,9.168666736092492
04120303561,apartment,6,9.2725,9.023263230860998
04120303616,apartment,6,9.4488,9.023263230860998
04120800733,apartment,6,8.5646,8.415027973137159
04120800792,apartment,6,8.7345,8.41670094848228
04120900924,apartment,6,8.8,8.384127248537894
04120902307,apartment,6,9.2512,8.506493221661332
04122405734,apartment,6,9.3848,8.899422878223733
04122405785,apartment,6,9.4274,8.890093655818301
04122405904,apartment,6,9.3774,8.892499028251866
04123001033,apartment,6,8.4727,8.33041229552147
04123700942,apartment,6,8.9252,8.362025352379757
04123902960,apartment,6,9.3843,8.878244368193496
04123903029,apartment,6,9.4335,8.884456158149813
04123903746,apartment,6,9.4418,8.886517905950011
04125601070,apartment,6,8.9362,8.474797952162739
04127300531,apartment,6,8.8503,8.55809410088332
04128600474,apartment,6,9.2563,8.315639627077177
04129103938,apartment,6,8.2859,8.364140557703923
04200100959,apartment,1,8.6323,8.29228358018048
04201102424,apartment,1,8.898,8.50850455246564
04201307751,apartment,1,9.4582,9.006788824521879
04201701581,apartment,1,8.2918,8.449221637826211
04201900657,apartment,1,8.5733,8.52251632944461
04202301031,apartment,1,8.7375,8.459461587687985
04203400546,apartment,1,8.4727,8.487569498995963
04204000983,apartment,1,8.6553,8.442091710846322
04204501168,apartment,1,8.668,8.486672736134084
04204600921,apartment,1,8.631,8.634907466146087
04205103891,apartment,1,9.027,8.902648526168754
04207300457,apartment,1,8.9453,8.751949702463357
04207701826,apartment,1,8.6873,8.619345477925535
04208401427,apartment,1,8.6169,8.38136600473344
04210703605,apartment,1,8.9665,8.53598320086142
04210801887,apartment,1,8.3816,8.432947259236055
04211201131,apartment,1,9.0225,8.419320719832832
04211503571,apartment,1,8.507,8.429269636186586
04211801511,apartment,1,8.8014,8.465495118667866
04211801643,apartment,1,8.9408,8.451550741120705
04212506254,apartment,1,8.3155,8.473432514383887
04213201325,apartment,1,8.6485,8.434214283225966
04213900975,apartment,1,8.36,8.46295467113622
04214202775,apartment,1,8.7633,8.48121949136143
04214309251,apartment,1,8.9095,8.516357036932904
04214401557,apartment,1,8.5317,8.464023401935023
04216405592,apartment,1,8.5744,8.504161435938542
04218100578,apartment,1,9.0078,8.80895771345318
04218101213,apartment,1,9.0893,8.931454594186572
04218102651,apartment,1,9.1344,8.916587134834543
04218103836,apartment,1,8.8459,8.575639121846855
04218104506,apartment,1,8.7109,8.609359866193918
04218500649,apartment,1,8.4291,8.424778129430273
04219102477,apartment,1,9.0775,8.837047553462853
04219803238,apartment,1,9.1298,8.689161384388104
04300500878,apartment,1,8.8722,8.64902880598877
04300501297,apartment,1,8.8506,8.646780405823225
04300501327,apartment,1,8.8405,8.649278628229386
04300501610,apartment,1,8.8363,8.644046316314741
04300501750,apartment,1,8.8677,8.688574327677717
04300501777,apartment,1,8.8521,8.643947889696388
04300501785,apartment,1,8.8597,8.702007191161524
04300501841,apartment,1,8.7494,8.701507546680292
04300501858,apartment,1,8.7935,8.647280050304458
04300502846,apartment,1,8.8837,8.64902880598877
04301400461,apartment,1,9.1375,8.507522793673095
04301401458,apartment,1,8.8739,8.577606994642993
04303402605,apartment,1,8.5378,8.415644527667778
04303403075,apartment,1,8.3955,8.415644527667778
04305101092,apartment,1,8.9406,8.42334011084166
04305901862,apartment,1,8.5862,8.424663393356326
04306600971,apartment,1,8.294,8.344159003718245
04306601013,apartment,1,8.32,8.343409536996397
04306701761,apartment,1,8.4885,8.583952309715947
04306704963,apartment,1,8.9648,8.784900280175465
04307101006,apartment,1,8.7156,8.657999466320177
04308001463,apartment,1,8.8615,8.645181513498702
04308001730,apartment,1,8.7948,8.581595617345606
04308200822,apartment,1,7.9866,8.432603263524328
04308300614,apartment,1,8.5006,8.59565085307099
04308400953,apartment,1,8.6712,8.600945415567917
04309200583,apartment,1,8.3576,8.564614141148695
04309501133,apartment,1,9.2377,8.925483396260066
04309503039,apartment,1,9.3157,8.926732507463147
04309700659,apartment,1,8.2798,8.508599581294396
04310204252,apartment,1,9.0484,8.817304636309418
04310204899,apartment,1,9.0257,8.752794417870277
04310205240,apartment,1,8.8357,8.799536553106616
04310601731,apartment,1,8.8207,8.857601179364808
04310701175,apartment,1,8.6528,8.539491767622593
04310702821,apartment,1,8.7118,8.626821641103053
04310703380,apartment,1,8.6839,8.669997190131298
04310704255,apartment,1,8.7197,8.668997901168833
04311301707,apartment,1,8.7298,8.576748070278702
04311901100,apartment,1,8.3774,8.441030203177123
04315400572,apartment,1,8.2489,8.539343822927187
04315401390,apartment,1,8.6456,8.427885660278656
04315800686,apartment,1,8.5259,8.554137049915939
04317901651,apartment,1,8.2538,8.359899220391734
04320002822,apartment,1,8.7934,8.878331919527028
04320300718,apartment,1,8.7361,8.839829195155149
04320302125,apartment,1,8.6464,8.798757159552574
04320400593,apartment,1,8.5172,8.713275016482452
04320401670,apartment,1,8.5172,8.688099394782489
04320402197,apartment,1,8.5607,8.688848861504336
04320402480,apartment,1,8.5459,8.66201742187206
04402200611,apartment,9,8.6507,8.889470096658842
04402202477,apartment,9,8.7033,8.883829085722322
04404001282,apartment,9,8.7226,8.9237985605228
04404005652,apartment,9,8.7859,9.013070981687857
04404400527,apartment,9,8.5297,8.820963701905155
04404401851,apartment,9,8.8135,8.872605026815274
04407800488,apartment,9,8.561,8.59638324215025
04408700754,apartment,9,8.605,8.527150471792527
04408801305,apartment,9,8.4637,8.602558249410501
04409302183,apartment,9,8.722,8.644270345925394
04409302795,apartment,9,8.4888,8.685791877739957
04413001321,apartment,9,8.6458,8.644139661046887
04501801158,apartment,1,8.7881,8.626795835296042
04503902091,apartment,1,8.2997,8.38622269449035
04504001731,apartment,1,8.8012,8.398487993656348
04506302486,apartment,1,8.8304,8.516747573520764
04506702603,apartment,6,8.4829,8.380051141864334
04507901111,apartment,1,8.538,8.492232848666776
04508403166,apartment,1,8.7248,8.380975725964612
04508801579,apartment,6,8.9102,8.315435677130408
04510402449,apartment,6,8.6954,8.436946574023656
04510601034,apartment,6,9.1127,8.381941865112534
04512001204,apartment,1,8.3223,8.624764831124688
04514001023,apartment,1,8.4952,8.488154984119273
04514101524,apartment,1,8.4833,8.629618770142375
04514106161,apartment,1,8.8088,8.604575505006384
04515900609,apartment,1,8.3915,8.381921344750717
04516602865,apartment,6,8.4386,8.309378107031563
04518202953,apartment,6,8.7915,8.31086363168955
04518401573,apartment,6,8.5317,8.305439427594472
04519804302,apartment,6,8.6462,8.251956949141771
04520100402,apartment,6,8.9105,8.432425856215737
04520100712,apartment,6,8.7351,8.193631731289022
04521400914,apartment,6,8.4085,8.281100327486575
04524001808,apartment,6,8.78,8.29961946212795
04524002200,apartment,6,8.5992,8.442394052482136
04524002596,apartment,6,8.6539,8.444455800282334
04528600390,apartment,1,9.197,8.599235115357866
04529803236,apartment,1,7.9729,8.299268168282776
04600600762,apartment,1,8.1817,8.458878863841733
04601102057,apartment,1,8.5359,8.420978017811658
04602011365,apartment,1,8.5429,8.379280868635258
04602011578,apartment,1,8.4734,8.383538368339911
04602014283,apartment,1,8.7734,8.412013125672507
04602014291,apartment,1,8.7661,8.408568212219526
04602303773,apartment,1,8.7806,8.661383568553221
04602902944,apartment,1,7.9436,8.323176057509272
04602906885,apartment,1,8.284,8.317791399294599
04602907164,apartment,1,7.9503,8.357932641102405
04602912044,apartment,1,8.7518,8.32447629773059
04602912109,apartment,1,8.6372,8.441052436314394
04603001381,apartment,1,8.2596,8.434501931590033
04603002149,apartment,1,8.6473,8.350036509427229
04603002157,apartment,1,8.7347,8.34026290281295
04603303165,apartment,1,8.6759,8.37842803581126
04603400969,apartment,1,8.6066,8.484900291529936
04603501978,apartment,1,8.1807,8.383212942187134
04605801391,apartment,1,8.1391,8.336234901703284
04606000971,apartment,1,8.294,8.369539657844768
04606012341,apartment,1,8.8388,8.431455835615191
04606012846,apartment,1,8.7245,8.444822618987995
04606013184,apartment,1,8.8571,8.431005045024976
04606102195,apartment,1,8.8128,8.59383553131519
04610804468,apartment,1,8.2808,8.311058528949017
04611301931,apartment,1,8.905,8.385853310014
04611600602,apartment,1,7.8775,8.370945875306436
04615000571,apartment,1,8.4118,8.370248415002772
04615101600,apartment,1,8.406,8.30167158295555
04615200781,apartment,1,8.4118,8.368313531091909
04615901321,apartment,1,8.2192,8.134692004919668
04615902107,apartment,1,8.3536,8.303664219561611
04616500282,apartment,1,8.5664,8.419829381431143
04618500875,apartment,1,8.3484,8.416441738192527
04619102997,apartment,1,7.8168,8.238175126899458
04619104523,apartment,1,8.2109,8.26666059043275
04619701254,apartment,1,8.3813,8.259733392106307
04620204048,apartment,1,8.7494,8.510067717332392
04620701351,apartment,1,8.2643,8.458574231264265
04620702285,apartment,1,8.4925,8.39117020183084
04621800639,apartment,1,8.4326,8.516239909083648
04621803621,apartment,1,8.8504,8.80363893695505
04621804022,apartment,1,8.7508,8.78703440285646
04621903004,apartment,1,8.4805,8.692769090632222
04621904000,apartment,1,8.7723,8.81065939396621
04621904167,apartment,1,9.0944,8.810909216206825
04621905295,apartment,1,8.7372,8.82651488665749
04621905554,apartment,1,8.8398,8.827514175619953
04621905813,apartment,1,8.7725,8.826764708898105
04621905831,apartment,1,9.1537,8.827264353379338
04621905988,apartment,1,8.783,8.82651488665749
04621906305,apartment,1,9.0942,8.814447513424694
04621906321,apartment,1,8.7219,8.818559015420005
04621906569,apartment,1,9.0387,8.814697335665311
04621906631,apartment,1,9.1252,8.826015242176258
04621907115,apartment,1,8.7679,8.826015242176258
04621907239,apartment,1,9.1329,8.818559015420005
04621907506,apartment,1,8.7588,8.82576541993564
04621907549,apartment,1,8.7588,8.82576541993564
04621907727,apartment,1,8.4412,8.839578935638277
04622502313,apartment,1,8.4288,8.466664685586059
04624101219,apartment,1,8.8138,8.521076811886642
04624202554,apartment,1,8.6813,8.915884621594277
04624203348,apartment,1,8.8575,8.915135154872429
04624301171,apartment,1,8.269,8.458151592017865
04700401176,apartment,1,8.6682,8.41071763412615
04701701122,apartment,1,8.1951,8.382732576283445
04701702943,apartment,1,8.6849,8.421623882426463
04701802239,apartment,1,8.2351,8.410815321383465
04701805998,apartment,1,8.6277,8.670445787269017
04703102331,apartment,1,8.6885,8.613796941368662
04703502194,apartment,1,8.5972,8.48032884068426
04703601265,apartment,1,8.3766,8.386481319275287
04703603039,apartment,1,8.4882,8.420733359366258
04703603683,apartment,1,8.2013,8.435928721028743
04703803747,apartment,1,8.5265,8.446276947762673
04704002535,apartment,1,7.8604,8.321956226421383
04705001885,apartment,1,8.24,8.559596516124392
04705005821,apartment,1,8.8231,8.706577774076218
04705006194,apartment,1,8.7891,8.699179671936209
04705501969,apartment,1,8.903,8.645889842412961
04705801873,apartment,1,8.3827,8.438639546820207
04705902920,apartment,1,8.8866,8.499266373988931
04706100836,apartment,1,8.7571,8.479086090579356
04706101050,apartment,1,8.8006,8.482235842720446
04706601908,apartment,1,8.5523,8.445231991329347
04707702279,apartment,1,8.4844,8.54524791980917
04707702880,apartment,1,8.2901,8.482971751045284
04708006128,apartment,1,8.8841,8.706987486674914
04708601328,apartment,1,8.6467,8.417211217072941
04708601492,apartment,1,8.3432,8.41725398683105
04709707588,apartment,1,8.71,8.545951938322897
04710301123,apartment,1,8.4607,8.57072103238618
04710301522,apartment,1,8.3822,8.52060923460633
04710407134,apartment,1,8.7612,8.444083813053977
04710508240,apartment,1,8.46,8.428499478605957
04710508615,apartment,1,8.5887,8.429998412049654
04710701172,apartment,1,8.4556,8.447759678035865
04715901439,apartment,1,8.3103,8.470644991990763
04716000974,apartment,1,8.1654,8.424315569523818
04716003248,apartment,1,8.8467,8.39219888324973
04716101381,apartment,1,8.4239,8.434789113992078
04716201511,apartment,1,8.9685,8.525244479085123
04716601706,apartment,1,8.3837,8.522750304683958
04716800334,apartment,1,8.6125,8.393702115420417
04716800687,apartment,1,8.3994,8.415404655130725
04717003179,apartment,1,8.2275,8.463136291078218
04717302710,apartment,1,8.5797,8.447279153819963
04717407733,apartment,1,8.8109,8.63101607648049
04719301614,apartment,1,8.3054,8.461467088639711
04719402951,apartment,1,8.4431,8.558735084270499
04719500900,apartment,1,8.1763,8.466383574217764
04719600972,apartment,1,8.0758,8.475931755079802
04719604056,apartment,1,8.6689,8.546893878548017
04719604692,apartment,1,8.607,8.543937716017815
04720201814,apartment,1,7.977,8.472593227581754
04720203833,apartment,1,9.0269,8.90748004254776
04720204287,apartment,1,8.8585,8.814933117968007
04720204635,apartment,1,8.8544,8.908479331510225
04720301630,apartment,1,8.3853,8.46168639294171
04720301851,apartment,1,8.5172,8.709848182895781
04720306527,apartment,1,8.5756,8.452211680249034
04720401201,apartment,1,8.408,8.481054525454857
04720502121,apartment,1,8.2423,8.401192438040894
04720803229,apartment,1,8.4335,8.492127896286526
04720803369,apartment,1,8.6248,8.582654867556709
04721302169,apartment,1,8.3741,8.33479641021566
04721901178,apartment,1,8.4239,8.32810422323501
04721901208,apartment,1,8.4664,8.327854400994395
04722002411,apartment,1,8.2962,8.364009155387757
04722002479,apartment,1,8.2777,8.378470040270287
04722002711,apartment,1,8.2668,8.336781335502852
04724000937,apartment,1,8.3536,8.417661657583908
04726400517,apartment,1,8.4402,8.451040163420926
04726401416,apartment,1,8.7786,8.668947927695505
04727805448,apartment,1,8.2079,8.346714618710159
04727901056,apartment,1,8.2548,8.493412150018102
04728507361,apartment,1,8.0525,8.324664760053247
04728509729,apartment,1,8.9072,8.65349707248254
04803701903,apartment,1,8.3669,8.26365399243405
04805903457,apartment,1,8.6096,8.404487027588452
04810009726,apartment,1,8.0505,8.197022494727515
04812300525,apartment,1,8.1926,8.458369479469864
04812402506,apartment,1,8.2769,8.37601700227078
04824803667,apartment,1,8.3385,8.390732281964278
04827801320,apartment,1,7.8512,8.353637952250251
04841200479,apartment,1,8.1987,8.29582738213076
04843100641,apartment,1,8.4931,8.500291276928706
04900601292,apartment,1,8.1569,8.357848463983306
04900603821,apartment,1,8.6578,8.460721510713942
04901000578,apartment,1,8.2792,8.277554622141812
04901000632,apartment,1,8.4144,8.229353078505838
04904800923,apartment,1,7.9442,8.27444227396389
04905202892,apartment,1,8.4737,8.4078622330285
04905203228,apartment,1,8.4047,8.408361877509732
04905203783,apartment,1,8.569,8.4078622330285
04906003540,apartment,1,8.1481,8.39021554701819
04906005543,apartment,1,8.3425,8.4067390583316
04906600816,apartment,1,8.9872,8.490467985997658
04906601375,apartment,1,8.7403,8.489968341516427
04906701124,apartment,1,8.055,8.212040164886389
04906801927,apartment,1,8.5103,8.33411859591657
04907900589,apartment,1,8.3868,8.348525882989449
04909406026,apartment,1,7.835,8.389793121680398
04910201629,apartment,1,8.0268,8.217340034298832
04910700811,apartment,1,8.1238,8.352369003324524
04911503270,apartment,1,8.3007,8.314592171985083
04911503416,apartment,1,8.1356,8.264754861431474
04911503912,apartment,1,8.4157,8.264005394709624
04911901985,apartment,1,8.6148,8.404683592243487
04912105619,apartment,1,8.5451,8.359337231792896
04912107549,apartment,1,8.4981,8.35908740955228
04912200425,apartment,1,8.1117,8.29535335781237
04914310317,apartment,1,8.2468,8.247926736319432
04914311631,apartment,1,8.0208,8.249675492003746
04914313881,apartment,1,8.1225,8.248426380800664
04914328372,apartment,1,7.9866,8.27104159081435
04914331063,apartment,1,8.2253,8.2848501039764
04914337614,apartment,1,8.3986,8.360724022272331
04914501945,apartment,1,8.6965,8.326604073162358
04914502739,apartment,1,8.7096,8.29592766079858
04915200841,apartment,1,7.7475,8.315073289701093
04919703041,apartment,1,8.1964,8.257091243492212
04919705107,apartment,1,8.2199,8.303748109724046
04919705972,apartment,1,8.1751,8.299995729372233
04919803958,apartment,1,8.7469,8.310600007107496
04920401124,apartment,1,8.0217,8.239676104988327
04922201882,apartment,1,8.565,8.411131610365882
04922900871,apartment,1,8.476,8.371205142806497
04926501406,apartment,1,8.2714,8.400219136782738
04926502240,apartment,1,8.238,8.397970736617193
04928606124,apartment,1,8.3715,8.296893913493612
04928612736,apartment,1,8.6638,8.389940896501322
04942100569,apartment,1,8.2808,8.268142656607834
04945401144,apartment,1,8.2137,8.260063125888738
04946600851,apartment,1,8.1385,8.108655834147731
04946603212,apartment,1,7.9619,8.121710950220447
04948100668,apartment,1,7.5844,8.062903494843804
04948100897,apartment,1,7.6193,8.088392865587815
05000801512,apartment,1,8.7343,8.33905644120702
05001302153,apartment,1,8.4877,8.751905424194636
05001303982,apartment,1,8.4417,8.753154535397716
05001304636,apartment,1,8.5575,8.697348788166346
05002402283,apartment,1,8.6583,8.57147966933854
05007201375,apartment,1,8.3119,8.462352626136992
05007202118,apartment,1,8.7113,8.565228874907888
05007202185,apartment,1,8.7308,8.563979763704808
05007203361,apartment,1,8.3165,8.60723920591404
05009200945,apartment,1,8.3124,8.560268658525992
05012100182,apartment,1,8.4154,8.459770783801323
05012101308,apartment,1,8.3413,8.459520961560706
05013601479,apartment,1,8.392,8.34085569798945
05013900591,apartment,1,8.0856,8.410615063753001
05013901936,apartment,1,8.4631,8.41476542873379
05015402368,apartment,1,8.2771,8.457862500676626
05015403356,apartment,1,8.2334,8.468256683238959
05016403295,apartment,1,8.5862,8.596792408423136
05016404305,apartment,1,8.6971,8.597292052904367
05016602476,apartment,1,8.3615,8.43567836822025
05021902301,apartment,1,7.9749,8.294692381141664
05022205416,apartment,1,8.6498,8.480428251714335
05023802140,apartment,1,8.387,8.130717260836116
05023807568,apartment,1,8.3473,8.207521025917163
05023808769,apartment,1,8.3324,8.206771559195316
05023809358,apartment,1,8.183,8.145688983521257
05023812103,apartment,1,7.9911,8.143440583355712
05023814386,apartment,1,8.2659,8.411089459898188
05023815137,apartment,1,8.3059,8.38193240779099
05023816729,apartment,1,7.9184,8.378330048818874
05100906881,apartment,9,8.6246,8.449921878609977
05101100404,apartment,9,8.6495,8.381922386676235
05101705322,apartment,9,8.5603,8.27139987699333
05101708356,apartment,9,7.769,8.41402476364897
05102302698,apartment,9,8.8226,8.510641412208953
05103702940,apartment,9,8.209,8.417656522340435
05103703424,apartment,9,8.1128,8.425636355800023
05104603369,apartment,9,8.1729,8.364352224796967
05106101255,apartment,9,8.534,8.5274444911321
05106102464,apartment,9,8.37,8.58148467419353
05106300479,apartment,9,7.9866,8.286282129193024
05106501245,apartment,9,8.1668,8.24814771989212
05108900783,apartment,9,8.0878,8.607620040267891
05115503700,apartment,9,8.746,8.706295944366833
05117300701,apartment,9,8.5885,8.578524240742453
05117300718,apartment,9,8.6006,8.57738426453394
05125701602,apartment,9,7.9212,8.377476135558462
05125901202,apartment,9,7.9434,8.44886785265796
05126000462,apartment,9,8.2978,8.456929835172955
05126100912,apartment,9,8.1358,8.419836585376107
05126205129,apartment,9,8.3994,8.301442671144295
05126205331,apartment,9,8.6763,8.454621919745259
05126205803,apartment,9,8.9692,8.558460084931417
05126206214,apartment,9,8.8998,8.543175770101582
05126800248,apartment,9,8.5774,8.318909567155934
05130602196,apartment,9,8.2659,8.499707054968248
05130605993,apartment,9,8.3712,8.494007173925684
05130610385,apartment,9,8.2816,8.497427102551223
05130617134,apartment,9,8.2329,8.470615974294512
05130620135,apartment,9,8.4978,8.460727583621965
05130620380,apartment,9,8.478,8.460727583621965
05130622367,apartment,9,8.5869,8.480443579062193
05130622545,apartment,9,8.4219,8.527698178731423
05131500990,apartment,9,8.7628,8.439792376818733
05131701473,apartment,9,8.381,8.390716252254029
05131701971,apartment,9,8.3383,8.28684475843077
05133805950,apartment,9,8.2749,8.525058577517477
05134102384,apartment,9,8.6785,8.41783688746008
05134102661,apartment,9,8.5684,8.410997030209003
05200204313,apartment,9,8.7615,8.347330317657779
05201200941,apartment,9,8.4034,8.340398494489133
05202401590,apartment,9,8.087,8.296134753200693
05202901542,apartment,9,8.3328,8.297567674882579
05203200841,apartment,9,8.5952,8.31673486704518
05203302431,apartment,9,8.1951,8.198432694754835
05203602441,apartment,9,8.566,8.308191041125355
05204801227,apartment,9,8.8571,8.457254016507068
05205401427,apartment,9,8.2124,8.231944070711647
05205601213,apartment,9,8.3728,8.461805974965438
05205802456,apartment,9,8.643,8.224116139738952
05206100862,apartment,9,8.3205,8.378257767103657
05206600903,apartment,9,8.0997,8.319289904312598
05208114461,apartment,9,8.8049,8.367815918686038
05208201062,apartment,9,7.9849,8.311989260448208
05209002632,apartment,9,8.4267,8.343366352291602
05209002667,apartment,9,8.3563,8.338806447457552
05209201813,apartment,9,8.646,8.382257439876515
05209205452,apartment,9,8.7424,8.424570527779046
05210601781,apartment,9,7.9875,8.237220718132649
05211900413,apartment,9,7.9303,8.409215524367285
05211901282,apartment,9,8.7243,8.295613833629899
05215800731,apartment,9,8.635,8.715789139680023
05223004000,apartment,9,8.566,8.37251199047478
05223005481,apartment,9,8.5511,8.350063421018822
05224604060,apartment,9,8.7275,8.607828671243563
05224604133,apartment,9,8.7323,8.598056837223805
05302202506,apartment,9,8.372,8.392279692585976
05303303101,apartment,3,8.5086,8.383973607357095
05303305491,apartment,3,8.4219,8.405649979730551
05328900839,apartment,3,8.7465,8.649398927299714
05333904456,apartment,9,8.5698,8.555411342104797
05400500765,apartment,9,8.2714,8.39794355495226
05401601591,apartment,9,8.3139,8.374951263359641
05401803605,apartment,9,8.612,8.506549763316636
05402906378,apartment,9,8.7029,8.627409920651857
05404201568,apartment,9,8.6972,8.356121634138354
05404907207,apartment,9,8.5778,8.411812818684488
05405101907,apartment,9,8.294,8.570600877438874
05405203270,apartment,9,8.7916,8.71471361835738
05407301385,apartment,9,8.6166,8.47832680105755
05407301644,apartment,9,8.0546,8.513501597385707
05407301717,apartment,9,8.6432,8.476046848640525
05410602498,apartment,9,8.8474,8.394304529500685
05410602668,apartment,9,8.7139,8.388604648458122
05411312892,apartment,9,8.8796,8.305519522206659
05411401674,apartment,9,8.5839,8.589773067767233
05411503760,apartment,9,8.6961,8.551274559637312
05412201431,apartment,9,8.4295,8.200619303089042
05412503411,apartment,9,8.98,8.474028646823179
05412601121,apartment,9,8.0247,8.319867263091233
05412601510,apartment,9,8.3404,8.19549978007408
05414001677,apartment,9,8.4374,8.32000313779256
05414400921,apartment,9,7.7266,8.211531348325702
05415804188,apartment,9,8.8004,8.097810951396845
05416400501,apartment,3,8.5952,8.665586872257135
05417702722,apartment,9,8.6192,8.445750563941862
05419901218,apartment,9,7.5213,8.308422012585186
05420001705,apartment,9,8.9453,8.414711199850432
05420806304,apartment,9,8.6858,8.824347341936972
05423601487,apartment,9,8.8075,8.255496835428477
05501400839,apartment,3,8.7072,8.668362348067998
05501900629,apartment,3,8.6398,8.544135166639576
05504401305,apartment,3,7.9782,8.28990963360056
05505100880,apartment,3,7.9335,8.142581164708433
05509201630,apartment,3,8.9128,8.329545799059057
05509201975,apartment,3,8.9362,8.391335013629856
05512500430,apartment,3,8.2463,8.25722137832911
05512501828,apartment,3,8.3349,8.263013341473975
05512503839,apartment,3,8.3897,8.258294016653352
05518201486,apartment,3,8.1706,8.53780982020594
05519701245,apartment,3,8.5172,8.631646775208765
05519901015,apartment,3,8.3716,8.287759743769449
05520103445,apartment,3,8.3205,8.371477840967462
05520601003,apartment,9,8.8043,8.397717837889418
05525801371,apartment,3,8.2126,8.251825029452219
05527102398,apartment,3,8.3497,8.381891335271868
05537300885,apartment,3,8.0341,8.36396396157353
05538001105,apartment,3,8.3774,8.589271111676647
05604003751,apartment,3,8.3243,8.591030578300785
05605101080,apartment,3,8.2212,8.502304540587016
05605103474,apartment,3,8.2889,8.539844477685799
05606800713,apartment,9,8.4584,8.366800515704881
05606802937,apartment,9,8.5913,8.423447840476134
05607905195,apartment,3,8.7881,8.63001011166683
05609001676,apartment,3,8.6288,8.602500396815056
05609001781,apartment,3,8.6552,8.588558634328532
05609002451,apartment,3,8.5778,8.602500396815056
05609002532,apartment,3,8.6627,8.599240168062215
05609004330,apartment,3,8.6467,8.571111461222412
05609004438,apartment,3,8.5356,8.575832283505548
05609804019,apartment,9,8.3578,8.387263202949228
05609804299,apartment,9,8.3862,8.387263202949228
05609805724,apartment,9,8.3961,8.392963083991791
05609813379,apartment,9,8.7536,8.611125629839012
05611403174,apartment,3,8.2903,8.26942775310192
05612305532,apartment,9,8.8961,8.420645159828181
05614800352,apartment,9,8.2346,8.453554589908508
05615201436,apartment,9,8.4188,8.43743398596527
05616402222,apartment,9,8.0962,8.132375602811736
05617300660,apartment,3,8.5374,8.35501485683793
05617501003,apartment,9,8.1578,8.220058889285854
05617703943,apartment,3,8.3075,8.468974739891271
05617704540,apartment,3,8.3326,8.508307914690088
05619901531,apartment,3,8.9497,8.341697064418193
05620603806,apartment,3,8.3933,8.266185244719203
05620606104,apartment,3,8.311,8.356193020630757
05621600721,apartment,9,8.3423,8.578692418634413
05623802761,apartment,3,8.4431,8.465585771931
05700201208,apartment,3,8.3413,8.900306582268986
05700701294,apartment,3,8.7068,8.568134749810245
05700701529,apartment,3,8.6115,8.568134749810245
05700703971,apartment,3,8.5172,8.58705632368816
05700704196,apartment,3,8.4764,8.55601031301293
05700704226,apartment,3,8.5817,8.550576598424861
05700704641,apartment,3,8.5172,8.548403112589634
05700705427,apartment,3,8.2752,8.613987898078673
05700706032,apartment,3,8.8049,8.69384232318996
05700706733,apartment,3,8.9394,8.696712480400853
05700707111,apartment,3,9.028,8.614522167554073
05701702170,apartment,3,8.7675,8.682552228246912
05702002776,apartment,3,8.686,8.511775796895314
05702201698,apartment,3,8.7201,8.868170188398814
05702203003,apartment,3,8.8888,8.86382321672836
05702301056,apartment,3,8.6638,8.838133435457916
05704801137,apartment,3,7.9817,8.395477182486275
05704902308,apartment,3,8.3265,8.382706704675828
05708501278,apartment,3,8.2481,8.547229071132108
05724301210,apartment,3,8.316,8.25711715904
05724900629,apartment,3,8.1577,8.369861665768811
05726601254,apartment,3,8.2199,8.481547860132094
05728900372,apartment,3,8.1377,8.5356967011651
05800601194,apartment,3,7.6669,8.384175289729871
05800601283,apartment,3,8.0508,8.38960900431794
05800800936,apartment,3,8.2338,8.45401062946135
05801601392,apartment,3,8.1837,8.809601804301684
05801901035,apartment,3,8.5913,8.708065482540173
05802601396,apartment,3,8.4285,8.650829481526804
05802602791,apartment,3,8.4678,8.764632485262293
05804401734,apartment,3,8.2563,8.37886595107137
05804402481,apartment,3,8.2673,8.382900543682373
05805101130,apartment,3,8.6148,8.904776179294943
05805600625,apartment,3,8.4839,8.883885499825377
05805600651,apartment,3,8.4494,8.884972242742991
05806101495,apartment,3,8.4293,8.543268028246809
05807500482,apartment,3,8.6424,8.733310284812644
05808301521,apartment,3,8.5352,8.80868163342535
05809501648,apartment,3,8.0709,8.43254282359943
05809900941,apartment,3,8.1325,8.378805297605522
05810301010,apartment,3,8.129,8.367908505683554
05810302874,apartment,3,8.2653,8.55721434198144
05815802141,apartment,3,8.6082,8.802502287473835
05815804770,apartment,3,8.665,8.779763168556949
05815805696,apartment,3,8.5499,8.727379825266151
05815808741,apartment,3,8.8239,8.952397515924927
05816101544,apartment,3,7.9706,8.493477455434684
05816401025,apartment,3,8.4317,8.653427966509826
05818901696,apartment,3,8.4882,8.798100037947085
05819601017,apartment,3,8.4616,8.747972096177223
05821900557,apartment,3,8.342,8.754510248700681
05821900654,apartment,3,8.3385,8.765325891032383
05822700772,apartment,3,8.0472,8.662775111293989
05902904412,apartment,3,8.6507,8.559634965480907
05903601073,apartment,3,7.8937,8.368552740673755
05904100973,apartment,3,8.0221,8.35061836852824
05904902727,apartment,3,8.4519,8.385805527708733
05905204713,apartment,3,8.2465,8.411093522318687
05905205434,apartment,3,8.3133,8.427488429533744
05906302565,apartment,3,8.4254,8.586158582441993
05907704411,apartment,3,8.0766,8.706914755224739
05911001314,apartment,3,8.5791,8.611718372696153
05912001271,apartment,3,8.2149,8.644614916788331
05916501171,apartment,3,8.7355,8.808956835247452
05916501579,apartment,3,8.7362,8.821248147571664
05922401319,apartment,3,8.3439,8.588707920099207
05923101904,apartment,3,8.3252,8.43429638526859
05923104652,apartment,3,8.2836,8.416603155865856
05927703143,apartment,3,8.397,8.647819394876612
06003405066,apartment,3,8.1007,8.407133883970253
06004500585,apartment,3,7.9503,8.249978699846082
06006001462,apartment,3,8.1124,8.435447228564742
06006001608,apartment,3,8.0766,8.435447228564742
06006001640,apartment,3,8.0178,8.43436048564713
06006001659,apartment,3,8.1117,8.42892677105906
06008801741,apartment,3,8.294,8.335337000207133
06008801903,apartment,3,8.388,8.336423743124747
06020003302,apartment,3,7.4757,8.269652074545498
06024206305,apartment,3,8.3413,8.388929877121495
06026001506,apartment,3,8.0472,8.281193684182506
06029905341,apartment,3,8.3516,8.281803041093848
06029909703,apartment,3,8.2795,8.512337128000564
06032800547,apartment,3,7.8545,8.34227685437841
06100101254,apartment,3,8.101,8.327226423653542
06103201756,apartment,3,8.1117,8.474774355859191
06103602890,apartment,3,8.0934,8.589643013958938
06103803098,apartment,3,8.0555,8.391871056238182
06107801057,apartment,3,8.0882,8.548962909246468
06109502332,apartment,3,8.503,8.594595807633342
06110301205,apartment,3,8.435,8.586826622198656
06111702319,apartment,3,8.5322,8.647844487580974
06114803973,apartment,3,8.3007,8.428587440177175
06115606357,apartment,3,8.6732,8.573092701480773
06116000479,apartment,3,8.2667,8.597368683840179
06202501881,apartment,9,8.6847,8.36191796010374
06202502312,apartment,9,8.5836,8.337688257527034
06203200417,apartment,9,8.2019,8.361274659911647
06204302310,apartment,9,8.5076,8.511236486792258
06206107681,apartment,9,7.9804,8.285957448945794
06206110168,apartment,9,8.2267,8.306067692353704
06206111288,apartment,9,7.9795,8.34616864142901
06206111733,apartment,9,7.9825,8.367371240173746
06206113833,apartment,9,8.3441,8.545083353733789
06206121631,apartment,9,8.534,8.685086818970944
06206126994,apartment,9,8.2553,8.683946842762431
06208007364,apartment,9,8.8524,8.68306442266331
06208007712,apartment,9,8.6876,8.67850451782926
06208014115,apartment,9,8.7371,8.692223812999433
06208014123,apartment,9,8.7606,8.680980540560412
06210517196,apartment,9,9.1334,8.509089395807873
06211400985,apartment,9,8.1413,8.288826480593976
06211602413,apartment,9,8.3822,8.420203166189314
06211603827,apartment,9,8.6446,8.640265444525108
06211801742,apartment,9,8.6378,8.512042199020815
06211803176,apartment,9,8.535,8.510902222812303
06212001014,apartment,9,8.0796,8.397582004667761
06212102031,apartment,9,8.507,8.465537098784601
06212204225,apartment,9,8.8251,8.534240720297236
06212300501,apartment,9,8.9833,8.462912206884592
06212605361,apartment,9,8.534,8.539829913668418
06212605890,apartment,9,8.3019,8.446028418044284
06212606455,apartment,9,8.6443,8.53640998504288
06217204691,apartment,9,8.5495,8.720140848575083
06219002202,apartment,9,8.1759,8.21895549847217
06219201671,apartment,9,8.3198,8.45291646189606
06221001889,apartment,9,8.7614,8.255898470944748
06221203821,apartment,9,8.1435,8.202633904885237
06224202613,apartment,9,8.7685,8.771564312028948
06224204349,apartment,9,8.8061,9.012420515881834
06224404747,apartment,3,8.6284,8.48499472105151
06224405621,apartment,3,8.6148,8.46056418056752
06224405727,apartment,3,8.392,8.482821235216283
06224405751,apartment,3,8.6671,8.477387520628215
06224409129,apartment,3,8.0218,8.504825899786436
06224415315,apartment,3,8.1213,8.479715951327481
06224415358,apartment,3,8.2431,8.425427413556845
06224417350,apartment,3,7.9844,8.500927524250454
06224421587,apartment,3,8.2727,8.550278012312805
06224422516,apartment,3,8.1006,8.56114170241338
06302500370,apartment,9,8.1987,8.122857288120613
06307001666,apartment,9,8.2548,8.351240875056401
06307001674,apartment,9,8.3618,8.348670737649512
06307703857,apartment,9,8.3576,8.23233175829123
06307704292,apartment,9,8.3183,8.220931996206101
06307707828,apartment,9,8.2199,8.189222527736153
06307708158,apartment,9,8.294,8.194922408778716
06307708336,apartment,9,8.2683,8.241767394065395
06307709170,apartment,9,8.2365,8.20010416116498
06308702021,apartment,9,8.1468,8.34334732045658
06308702765,apartment,9,8.2295,8.328154366970276
06310202448,apartment,9,8.3261,8.38548344594105
06310901966,apartment,9,8.1043,8.306452935856989
06410903316,apartment,4,8.294,8.565408182193762
06417402681,apartment,9,8.2567,8.39726766485846
06422301618,apartment,4,8.7529,8.379861869778082
06422401957,apartment,4,8.2217,8.349043365111648
06503200757,apartment,4,7.9514,8.31333880700585
06510000792,apartment,4,8.7403,8.517796892759057
06510502488,apartment,4,8.4912,8.269679883923553
06510502704,apartment,4,8.5172,8.269679883923553
06510504456,apartment,4,8.7725,8.335565215726145
06512200721,apartment,4,8.2182,8.33234702799687
06512200756,apartment,4,8.6237,8.321650401872933
06609402851,apartment,4,8.323,8.433384631662927
06609403600,apartment,4,8.2059,8.412913272060852
06612703628,apartment,4,8.5288,8.367994610015618
06615301679,apartment,4,8.3888,8.414212895783116
06629400631,apartment,4,8.5027,8.518146209361776
06629400641,apartment,4,8.6507,8.5717635591315
06663103008,apartment,4,8.3517,8.178752945108682
06663200305,apartment,4,8.3688,8.178797309332667
06706102040,apartment,4,8.4991,8.370541862082911
06713400841,apartment,4,8.6059,8.50490616572026
06715303096,apartment,4,8.4024,8.508471607340997
06716901701,apartment,4,8.3547,8.682591777552851
06716902392,apartment,4,8.3115,8.73881892674781
06718206466,apartment,4,8.0879,8.397322498342865
06718206997,apartment,4,8.0997,8.390479860474189
06718401821,apartment,4,8.5001,8.754899389159567
06718601845,apartment,4,8.2035,8.502238233447208
06718604852,apartment,4,8.8049,8.7164384107989
06718607835,apartment,4,8.3913,8.756163779405822
06719101048,apartment,4,8.0905,8.476782043463169
06719101323,apartment,4,8.0905,8.477202108333202
06721401071,apartment,4,8.3593,8.457081430861168
06722408779,apartment,4,8.7767,8.800839026900928
06722601935,apartment,4,7.6557,8.400759072073331
06722702839,apartment,4,8.7536,8.67946876431667
06724701171,apartment,4,8.6392,8.706597241457736
06725400485,apartment,4,8.0943,8.42633162993499
06726201206,apartment,4,8.0098,8.34663826831559
06726803591,apartment,4,8.609,8.582792783214712
06727800332,apartment,4,8.6744,8.69947077545419
06728001409,apartment,4,8.4717,8.52939303993771
06728004629,apartment,4,8.4244,8.56067974285062
06734700909,apartment,4,8.4171,8.502614955829337
06735200500,apartment,4,8.0038,8.337519012783655
06738301537,apartment,4,8.4547,8.500884130533414
06738502672,apartment,4,8.0331,8.310594694602905
06747500512,apartment,4,8.0375,8.177492116570154
06800802891,apartment,4,8.8634,8.676124421075004
06801100866,apartment,4,8.1622,8.483388759289669
06801101331,apartment,4,8.342,8.811960935664136
06801504037,apartment,4,8.6924,8.764788396237513
06802301105,apartment,4,8.5042,8.70155157335648
06802701154,apartment,4,8.5172,8.598387244477856
06802701162,apartment,4,8.478,8.591132462897358
06802701197,apartment,4,8.5172,8.598387244477856
06802701219,apartment,4,8.478,8.591132462897358
06803501035,apartment,4,8.5905,8.469868552660031
06803800970,apartment,4,7.8584,8.381838262430195
06803905357,apartment,4,8.5949,8.699475270914462
06804002237,apartment,4,8.6995,8.742267493846427
06804100549,apartment,4,8.5043,8.598718233537147
06804100948,apartment,4,8.5045,8.599722373886893
06804104366,apartment,4,8.9227,8.785635920717638
06809501061,apartment,4,8.5024,8.415831499892969
06809601260,apartment,4,8.5473,8.403540610609422
06816201401,apartment,4,8.6006,8.602222680908486
06816600894,apartment,4,8.6484,8.464497917394837
06816800796,apartment,4,8.5805,8.716893037298723
06819400861,apartment,4,7.502,8.278487219918759
06823000538,apartment,4,8.0577,8.439389661071493
06837100971,apartment,4,8.3664,8.600401458566761
06837101056,apartment,4,8.3907,8.597720784094342
06843200664,apartment,4,8.6197,8.698117299107421
06843200699,apartment,4,8.7796,8.698117299107421
06843401058,apartment,4,8.5994,8.834289413222756
06844201052,apartment,4,8.4151,8.540073332721553
06845001121,apartment,4,8.3459,8.455749905968023
06850701126,apartment,4,8.1918,8.441897201452038
06900601170,apartment,4,8.7968,8.783986987285797
06901702124,apartment,4,8.107,8.44501039455306
06903300945,apartment,4,8.4547,8.489244593927324
06904901101,apartment,4,8.3647,8.615089483132081
06905900508,apartment,4,8.3853,8.464283502379725
06905902012,apartment,4,8.2594,8.461746064668468
06906501089,apartment,4,7.9771,8.458867280728857
06907101671,apartment,4,8.2295,8.459432304029862
06907804263,apartment,4,8.6713,8.719465240477774
06907804549,apartment,4,8.6835,8.687314617724725
06908201181,apartment,4,9.2883,8.880203582773886
06909501233,apartment,4,8.1448,8.430547071448418
06909502175,apartment,4,8.0965,8.446834545666537
06909800788,apartment,4,8.1586,8.57612959691041
06912300839,apartment,4,8.4188,8.656045784971578
06915802223,apartment,4,8.1361,8.255331367817373
06916302781,apartment,4,8.1971,8.383097883385446
06916306246,apartment,4,8.0381,8.354667130533432
06916306513,apartment,4,7.972,8.344384727500067
06916309431,apartment,4,8.442,8.33466437390478
06916402741,apartment,4,8.5442,8.571654847414036
06916502703,apartment,4,8.5092,8.71817830271647
06916603135,apartment,4,8.3453,8.45517211499111
06916801336,apartment,4,8.1532,8.409517628766082
06917500887,apartment,4,8.213,8.461428977098588
06917701955,apartment,4,8.7429,8.711599213539433
06919001764,apartment,4,8.4089,8.669667624107984
06920400901,apartment,4,8.3862,8.68517244241056
06920504790,apartment,4,7.7231,8.305965459658001
06920506432,apartment,4,8.5869,8.406324415487004
06920514427,apartment,4,8.3774,8.600394692707093
06920800764,apartment,4,8.0413,8.409866534955418
07004304272,apartment,4,8.4616,8.62936218114538
07004602117,apartment,4,8.4727,8.642524768433383
07004602176,apartment,4,8.4575,8.640004379213186
07004602230,apartment,4,8.4584,8.679038494075849
07004602265,apartment,4,8.4878,8.638744184603087
07009101469,apartment,4,8.1084,8.28395867726453
07011600736,apartment,4,8.7767,8.613726013552123
07013100552,apartment,4,8.5359,8.559581424843813
07014800566,apartment,4,8.2973,8.352290049720898
07015000873,apartment,4,8.5826,8.337305472796972
07015006650,apartment,4,7.9353,8.393330657315417
07016102742,apartment,4,8.1315,8.36260207882328
07016104087,apartment,4,8.1467,8.292541865566639
07016110966,apartment,4,8.089,8.34943653237718
07016111563,apartment,4,8.2314,8.308904530173177
07016500993,apartment,4,8.1435,8.449181562528423
07021901763,apartment,4,8.0554,8.268026779619873
07022304211,apartment,4,8.4289,8.374867459442132
07022304300,apartment,4,8.3349,8.368919860276005
07022304531,apartment,4,8.3245,8.320117671846724
07023009167,apartment,4,8.0743,8.375046221927818
07023010785,apartment,4,8.1117,8.321794974976006
07023013067,apartment,4,8.6624,8.681324017242234
07023013202,apartment,4,8.7443,8.722063370272862
07030000439,apartment,4,8.0426,8.301361848731974
07030000811,apartment,4,8.0775,8.300101654121875
07030001461,apartment,4,8.045,8.32036000552263
07030100344,apartment,4,8.0317,8.173862024427908
07030100611,apartment,4,8.1213,8.171341635207712
07030501063,apartment,4,7.9753,8.179049524643675
07030904370,apartment,4,8.1178,8.198412902193324
07030905105,apartment,4,8.0725,8.213823467263968
07030905385,apartment,4,8.2456,8.19799283732329
07032500366,apartment,4,8.4619,8.311849937342158
07032609821,apartment,4,8.2453,8.515144167574531
07032611508,apartment,4,8.2409,8.507393018564718
07032613128,apartment,4,8.6618,8.322441035184637
07032615392,apartment,4,8.6144,8.403698570633988
07036800186,apartment,4,7.8753,8.406010946768982
07041302008,apartment,4,8.5405,8.585294339755343
07041700712,apartment,4,7.8911,8.197263101678535
07103701679,apartment,4,7.8025,8.15566956486763
07105203781,apartment,4,7.9749,8.08660446156118
07105204532,apartment,4,7.8823,8.267698539865547
07106001511,apartment,4,7.8539,8.082421470191731
07106301574,apartment,4,7.6323,8.117488660512235
07106405711,apartment,4,8.3994,8.320837818490995
07106405868,apartment,4,8.4821,8.362513562461
07108301393,apartment,4,8.253,8.330529438091133
07108305641,apartment,4,7.9406,8.223234263130223
07108306441,apartment,4,8.0529,8.108453241927815
07110700879,apartment,4,7.9014,8.232063235515154
07114301081,apartment,4,8.3665,8.40442570580369
07114403860,apartment,4,7.6857,8.273074716120995
07118803601,apartment,4,8.0923,8.23427666262896
07118807362,apartment,4,8.4545,8.133519467302275
07118807524,apartment,4,8.2954,8.133939532172306
07121101564,apartment,4,8.2515,8.250498445923528
07122002888,apartment,4,8.4514,8.37877077831372
07131004472,apartment,4,7.9971,8.14722137382245
07133902117,apartment,4,8.7218,8.308044680499835
07133902710,apartment,4,8.6837,8.266263790888921
07133904101,apartment,4,8.6546,8.337253821683984
07136002370,apartment,4,8.1775,8.282627700229714
07136003075,apartment,4,8.3253,8.282413996846799
07136807867,apartment,4,8.0225,8.122909367124755
07136812461,apartment,4,8.6713,8.329284741480103
07136826578,apartment,4,8.3391,8.318301450642084
07136900921,apartment,4,8.0141,8.20526944993896
07137401244,apartment,4,8.1328,8.200045169105117
07137604005,apartment,4,7.7877,8.206901373602538
07141601457,apartment,4,8.1588,8.177054024174108
07141605592,apartment,4,8.7082,8.329787307403917
07142000880,apartment,4,7.8649,8.235704583836263
07142300426,apartment,4,8.4427,8.288223906191197
07142500638,apartment,4,7.9194,8.253386489059256
07143106674,apartment,4,8.0932,8.32307207260203
07143111368,apartment,4,8.2861,8.141164782375798
07143114197,apartment,4,8.5329,8.143424716584176
07143116157,apartment,4,8.2861,8.143424716584176
07143122191,apartment,4,8.3444,8.139182630476103
07143500585,apartment,4,8.0598,8.351803917074013
07143802565,apartment,4,8.4454,8.378078363926017
07143802964,apartment,4,7.9796,8.379758623406149
07143802972,apartment,4,8.0765,8.377658299055984
07143802980,apartment,4,8.0765,8.376818169315918
07143803138,apartment,4,8.0195,8.381438882886279
07144001681,apartment,4,7.9552,8.31674942697782
07144008617,apartment,4,7.9552,8.461203304931725
07144202707,apartment,4,8.5172,8.385666447335543
07144300415,apartment,4,7.9168,8.175485525124499
07145002183,apartment,4,8.2777,8.319993888590743
07145002396,apartment,4,8.2509,8.32251427781094
07146403262,apartment,4,7.902,8.213075808412269
07146406921,apartment,4,8.2035,8.224242167404498
07146415627,apartment,4,8.7531,8.598191446596294
07146601366,apartment,4,7.7733,8.244368238847903
07150200397,apartment,4,8.2118,8.274642122931663
07150300413,apartment,4,7.9225,8.230284737600133
07150700901,apartment,4,8.2548,8.343817492948004
07150702661,apartment,4,8.5017,8.34465762268807
07151804768,apartment,4,8.4192,8.539390463628841
07151805918,apartment,4,8.4518,8.539134409368488
07151807252,apartment,4,8.4077,8.541910852849037
07151807295,apartment,4,8.4219,8.541357183092979
07202201186,apartment,4,8.4475,8.373096686718526
07202305534,apartment,4,8.357,8.366564985477686
07202504774,apartment,4,8.9227,8.595744214599858
07203800652,apartment,4,8.8521,8.510015194588304
07204705343,apartment,4,8.7502,8.446652912458442
07205201462,apartment,4,8.1213,8.292667017107714
07205302102,apartment,4,8.8503,8.455243336329332
07205400848,apartment,4,8.3439,8.261905287361454
07206404723,apartment,4,7.966,8.27111507521724
07206405381,apartment,4,8.0232,8.27237526982734
07206405398,apartment,4,8.4151,8.297943486432285
07206416527,apartment,4,8.4462,8.617049061528519
07206416616,apartment,4,8.4314,8.617889191268585
07207001363,apartment,4,8.4356,8.3606891969054
07207201826,apartment,4,8.1689,8.247667146417115
07210403841,apartment,4,7.8692,8.297477442892632
07210802029,apartment,4,8.2677,8.72367742974086
07210902287,apartment,4,8.3389,8.357355814465636
07211903491,apartment,4,8.6226,8.734108495785238
07212201235,apartment,4,8.2708,8.731682875467829
07212702323,apartment,4,8.8739,8.422913997783361
07212802344,apartment,4,8.4578,8.28661606127298
07212803189,apartment,4,8.1944,8.308791136892962
07212904716,apartment,4,8.3214,8.385435288461629
07213001973,apartment,4,7.9999,8.344685068671652
07213202669,apartment,4,7.9594,8.409051579059458
07213603698,apartment,4,8.0186,8.314830816626182
07214702576,apartment,4,8.1319,8.308643515297778
07216804252,apartment,4,8.7197,8.664177914205696
07216806670,apartment,4,8.7657,8.72066480883114
07218502954,apartment,4,8.2267,8.346874525390124
07218803237,apartment,4,8.4161,8.376372726921382
07301004176,apartment,4,8.8739,8.547433482975638
07301006071,apartment,4,8.8105,8.6955151383032
07301802897,apartment,4,8.8967,8.664167493056345
07302204446,apartment,4,8.3672,8.49124969124757
07304602309,apartment,4,8.0109,8.478927731669792
07305100692,apartment,4,7.9964,8.644577561212722
07305801119,apartment,4,8.3462,8.523732769435881
07315600612,apartment,4,8.7855,8.832454649280297
07316101164,apartment,4,8.333,8.433078076264085
07326613354,apartment,4,8.2523,8.374050087357011
07326613400,apartment,4,8.3023,8.374470152227044
07326709890,apartment,4,8.4776,8.201492922626446
07329700568,apartment,0,8.7659,8.42326839578747
07404304512,apartment,7,8.4157,8.368673131778225
07407603766,apartment,7,8.5172,8.268640355229794
07408903615,apartment,7,8.6938,8.377240249273797
07420500274,apartment,7,8.207,8.465030977111773
07421300481,apartment,7,8.6144,8.39289331701413
07421400990,apartment,7,8.8379,8.331311207912776
07422001275,apartment,7,8.4589,8.510986670156683
07422102160,apartment,7,8.3837,8.343062035300896
07437801248,apartment,7,8.4118,8.47830681103671
07503900989,apartment,4,8.558,8.461431515873635
07504500879,apartment,4,8.7156,8.523783878806059
07504500992,apartment,4,8.668,8.51539403011914
07509000841,apartment,4,8.6024,8.515978578367742
07509000866,apartment,4,8.633,8.5176150656444
07509000955,apartment,4,8.633,8.5176150656444
07510101948,apartment,4,8.0789,8.189765578554395
07510700779,apartment,4,8.7136,8.352846847609428
07510701503,apartment,4,8.6813,8.350746523259263
07510801273,apartment,4,8.7721,8.470403051056541
07510903084,apartment,4,9.28,8.374406217346587
07510903475,apartment,4,9.0708,8.370804002543231
07521702352,apartment,4,8.4785,8.615419255225829
07521702611,apartment,4,8.9029,8.710849693131937
07525405395,apartment,4,8.5801,8.419238693056466
07534101816,apartment,7,8.2623,8.19804811725843
07534203201,apartment,7,8.1665,8.174586112837693
07534203945,apartment,7,8.3816,8.171719401599272
07534404207,apartment,7,8.1117,8.192450776871286
07535000452,apartment,4,8.0943,8.25471268041314
07600905345,apartment,7,8.4102,8.55036542447524
07601201651,apartment,7,8.3837,8.54653494714023
07602403991,apartment,7,8.5817,8.30018304414987
07602405471,apartment,7,8.5567,8.29147335316462
07606001855,apartment,4,7.8139,8.18519945389242
07606700885,apartment,4,7.9964,8.201112249352045
07607800646,apartment,7,7.9,8.40302765260002
07607800867,apartment,7,8.0725,8.398976030842643
07611002181,apartment,4,7.9442,8.227155623267869
07611002260,apartment,4,8.1636,8.227995753007935
07615503388,apartment,4,7.9394,8.251054495545914
07618301336,apartment,7,8.5907,8.345414314870997
07618602549,apartment,7,8.254,8.297515305204625
07618700591,apartment,7,8.294,8.388165878235748
07618700656,apartment,7,8.294,8.384343596584522
07629003625,apartment,7,8.193,8.437794944290621
07630200595,apartment,7,8.1281,8.260540413314182
07630200773,apartment,7,8.2323,8.262929339346199
07632802177,apartment,7,8.0691,8.263852250652349
07634500283,apartment,7,8.0882,8.173384672091935
07646302074,apartment,7,8.5034,8.287294823148018
07651302478,apartment,7,8.1526,8.214003253190075
07677404847,apartment,4,8.0766,8.233316568018129
07677405207,apartment,4,8.2102,8.244672079198127
07677406076,apartment,4,8.1622,8.239194454752168
07677800904,apartment,7,7.9844,8.27531468464601
07701400664,apartment,7,8.2459,8.329983414980223
07703801666,apartment,7,8.0721,8.41820699495658
07707302540,apartment,7,8.2118,8.366825614629786
07711601395,apartment,7,7.8141,8.360571313466338
07713900756,apartment,7,8.3179,8.743935648691997
07737202668,apartment,7,7.6355,8.375748284699924
07747100639,apartment,7,8.3374,8.349846600941275
07749301917,apartment,7,8.5523,8.614730580683458
07801200780,apartment,7,8.0403,8.236023361458562
07803701736,apartment,7,8.1017,8.325080972350882
07809201867,apartment,7,8.5267,8.431297957672868
07822800698,apartment,7,8.7387,8.46063748174042
07822804383,apartment,7,8.6305,8.46063748174042
07824900819,apartment,7,8.1893,8.397619633078754
07826803179,apartment,7,8.9002,8.472346020797133
07835105063,apartment,7,8.2263,8.536201448499275
07835105497,apartment,7,8.1591,8.536679233705678
07835106541,apartment,7,8.1591,8.534768092880066
07835106914,apartment,7,8.4258,8.538590374531292
07835107023,apartment,7,7.9768,8.535245878086469
07835107449,apartment,7,8.1196,8.566274287785717
07835107821,apartment,7,8.1557,8.563407576547299
07835118191,apartment,7,8.0864,8.508187256778754
07835118335,apartment,7,8.2295,8.509620612397963
07835121875,apartment,7,8.1605,8.511864773798656
07835122332,apartment,7,8.3561,8.46450187159795
07835123924,apartment,7,8.294,8.521493203901718
07835123959,apartment,7,8.294,8.517670922250492
07835125171,apartment,7,8.3768,8.470766377116732
07835128896,apartment,7,8.4425,8.551786922167686
07837104791,apartment,7,8.4611,8.419067650442262
07837107888,apartment,7,8.5913,8.51997080151348
07837112611,apartment,7,8.2659,8.498964038664925
07837112725,apartment,7,8.4241,8.496097327426504
07837113731,apartment,7,8.3724,8.500640086591863
07837114000,apartment,7,8.398,8.50302901262388
07840102352,apartment,7,8.0362,8.277262345935108
07841201907,apartment,7,8.4752,8.342587159432213
07841602014,apartment,7,7.8494,8.231339902239776
07844200901,apartment,7,8.7364,8.559752462587177
07844200987,apartment,7,8.6962,8.55736353655516
07844200995,apartment,7,8.5473,8.59250894470888
07844202645,apartment,7,8.6595,8.593464515121687
07851901960,apartment,7,8.6359,8.53333379293224
07851902886,apartment,7,8.7369,8.571076980040035
07851903361,apartment,7,8.6867,8.496269618326755
07851904870,apartment,7,8.76,8.567154475350804
07851905737,apartment,7,8.6747,8.499234742043782
07852001580,apartment,7,8.4489,8.356735590969022
07852902774,apartment,7,8.2884,8.618296686589398
07852904300,apartment,7,8.2998,8.6302016121571
07852907962,apartment,7,8.3052,8.61335364571995
07852910041,apartment,7,8.4737,8.604779810702555
07852913156,apartment,7,8.1342,8.627975970704659
07852913271,apartment,7,8.2884,8.631320467149482
07853002386,apartment,7,7.6628,8.635386949440349
07853010982,apartment,7,8.153,8.65872530149983
07853109644,apartment,7,8.1117,8.714089862797856
07853112793,apartment,7,8.3612,8.73683392569505
07853119380,apartment,7,8.0682,8.686744539356457
07853201109,apartment,7,8.2824,8.64456241938449
07853203391,apartment,7,8.2334,8.647748119590474
07853206038,apartment,7,8.1445,8.639635695826078
07853207891,apartment,7,8.2332,8.637967247308193
07853208065,apartment,7,8.2182,8.642267314165823
07853208863,apartment,7,8.3752,8.682190580618961
07853211538,apartment,7,8.408,8.636604084559359
07853213018,apartment,7,8.323,8.648707866482093
07853216726,apartment,7,8.1225,8.691762677586489
07913300639,apartment,7,8.6258,8.415467849636968
07917103617,apartment,7,8.0529,8.363781350919618
07917400638,apartment,7,7.9194,8.340078589487629
07917401669,apartment,7,8.0304,8.339123019074822
07920200792,apartment,7,8.4141,8.426533063089305
07966901602,apartment,8,8.4571,8.263632042890075
07966906507,apartment,8,8.5072,8.493286170716893
07974502223,apartment,7,8.0672,8.352350024308269
07974503841,apartment,7,8.1117,8.351394453895463
07974505524,apartment,7,8.1117,8.382163455981372
08001903028,apartment,7,8.6755,8.403184874810119
08001903451,apartment,7,8.6398,8.413450765338805
08004501265,apartment,7,9.0662,8.613293218754517
08004704001,apartment,7,8.9227,8.42480377553942
08004904701,apartment,7,8.4988,8.370785454302702
08006500940,apartment,7,8.2118,8.34806054242091
08009105465,apartment,7,8.6405,8.246405430431055
08009309710,apartment,7,8.6485,8.315553667589654
08009401781,apartment,7,8.7093,8.406973048696845
08009401803,apartment,7,8.5648,8.411988379717128
08011403214,apartment,7,8.9227,8.187867327652555
08012201216,apartment,7,8.4746,8.354146218317362
08012301636,apartment,7,8.6252,8.327345400363049
08012901341,apartment,7,8.9776,8.49724788840318
08015101891,apartment,7,8.8961,8.372672672172477
08015218276,apartment,7,8.8615,8.304786560725558
08015220823,apartment,7,8.7632,8.323832770079422
08015225205,apartment,7,8.829,8.30892143987557
08015226570,apartment,7,8.71,8.354124430775874
08015502225,apartment,7,8.9341,8.344733505349788
08015508622,apartment,7,8.8644,8.420826720963312
08015509106,apartment,7,8.8644,8.419871150550506
08015510422,apartment,7,8.8972,8.419393365344103
08015517907,apartment,7,9.1171,8.481452902310897
08100504199,apartment,7,8.6507,8.232414533783007
08100506965,apartment,7,8.4501,8.230503392957393
08100506981,apartment,7,8.7786,8.230503392957393
08100507031,apartment,7,8.5801,8.232414533783007
08102702273,apartment,7,8.3645,8.30509350647746
08108000319,apartment,0,8.9394,8.51452140729267
08109801099,apartment,0,8.5313,8.497371389607137
08109901794,apartment,0,9.2192,8.656531519463577
08113502701,apartment,0,8.7754,8.328151438444726
08113604421,apartment,0,8.5439,8.355654844686095
08113606602,apartment,0,8.6634,8.326672172686546
08113901272,apartment,0,8.9032,8.28611105894949
08115700721,apartment,0,8.9102,8.370753418186688
08116600745,apartment,0,8.9085,8.381099026528839
08116701525,apartment,0,8.4785,8.229585592614256
08116803875,apartment,0,8.998,8.303107244096083
08116804782,apartment,0,8.7179,8.347441491392956
08116804863,apartment,0,8.8694,8.346054263827332
08116807196,apartment,0,8.9186,8.34641473328159
08121802121,apartment,0,9.0656,8.779837655389098
08121802245,apartment,0,9.0251,8.780878076063315
08121802271,apartment,0,9.3135,8.780878076063315
08122700993,apartment,0,8.6084,8.34264687560455
08122701752,apartment,0,9.0349,8.576227103762545
08122706258,apartment,0,8.7928,8.390908867625614
08122801481,apartment,0,8.5007,8.417055832236636
08122901182,apartment,0,8.8612,8.43889646359987
08122905889,apartment,0,9.2904,8.843932603306115
08124201961,apartment,0,8.9443,8.062626071959153
08132400267,apartment,0,9.1112,8.466418744204349
08136001715,apartment,0,9.0097,8.33239275682776
08136006199,apartment,0,8.7875,8.30694642578301
08136200459,apartment,0,8.5998,8.403642812626368
08136700796,apartment,0,8.9488,8.399883811458356
08220600780,apartment,7,8.1673,8.360346955716835
08220600993,apartment,7,7.9294,8.298093532457944
08221102555,apartment,7,8.386,8.387126665068301
08221201561,apartment,7,8.096,8.357989423853299
08221801194,apartment,7,8.3679,8.369832626676752
08221801429,apartment,7,8.4492,8.368399271057543
08222101528,apartment,7,8.4379,8.399288326750463
08222103237,apartment,7,8.2097,8.353492020707188
08223001683,apartment,7,8.3912,8.559132112825758
08223007584,apartment,7,8.5076,8.537365816795385
08223202883,apartment,7,8.5511,8.346769666930607
08223205467,apartment,7,8.8683,8.346769666930607
08223207710,apartment,7,8.5454,8.53215883301943
08223209519,apartment,7,8.6026,8.454867446616495
08223210721,apartment,7,8.7682,8.477354356818928
08223211572,apartment,7,8.6783,8.451565384051008
08225202661,apartment,7,8.1724,8.309160141325377
08225601327,apartment,8,8.1834,8.319631702092186
08235700646,apartment,8,8.1146,8.218675843548121
08235702436,apartment,8,8.5764,8.43205203316556
08236303918,apartment,8,8.2537,8.24492211506253
08236800997,apartment,8,8.0652,8.288452759624569
08237000366,apartment,8,8.4881,8.322756821006992
08241204140,apartment,6,8.9732,8.842392993735983
08242001261,apartment,6,9.1317,8.773461023661891
08243700511,apartment,6,8.8049,8.54073857438637
08245003700,apartment,7,8.1335,8.293171453103469
08245003964,apartment,7,7.995,8.289349171452242
08245006564,apartment,7,8.3202,8.299937678004534
08245006971,apartment,7,8.1849,8.314529236349887
08245007269,apartment,7,8.3026,8.311575870519988
08245804541,apartment,8,8.2295,8.390237522025291
08245809101,apartment,8,8.3654,8.382200362051547
08245814369,apartment,8,8.0141,8.333256826796365
08245818844,apartment,8,8.362,8.278628173640907
08245820407,apartment,8,8.3451,8.284951254090833
08252806120,apartment,6,9.1497,8.842106306608581
08252810462,apartment,6,8.9635,8.771185393849795
08254801045,apartment,8,8.8437,8.485416942452865
08260700891,apartment,8,8.3856,8.452551833145222
08263000580,apartment,8,8.4423,8.406965472060744
08263501962,apartment,8,8.4423,8.398847606753819
08264101232,apartment,8,8.5042,8.237000131793378
08264103715,apartment,8,8.5217,8.17913113652628
08303210343,apartment,0,8.8948,8.6347494065283
08304201038,apartment,0,8.9271,8.541789709397607
08304904942,apartment,6,9.1981,8.892106134805093
08309700520,apartment,0,9.1145,8.683153340513167
08309701381,apartment,0,9.2442,8.61279266673947
08310202938,apartment,6,9.0083,8.805157812194075
08317702111,apartment,0,9.0747,8.554925035940066
08319002060,apartment,6,8.8416,8.616665401511815
08321101542,apartment,0,9.2749,8.521176617171367
08322012322,apartment,6,9.4775,8.66667768412815
08322013701,apartment,6,9.1521,8.593498461916466
08322202385,apartment,6,9.2653,8.912363014523711
08322202474,apartment,6,9.1835,8.903907236649026
08322202482,apartment,6,9.2177,8.912706639157078
08322202741,apartment,6,9.1557,8.906656233715957
08322202751,apartment,6,9.2365,8.906999858349323
08322202962,apartment,6,9.2903,8.912363014523711
08322203063,apartment,6,9.2255,8.794260012218595
08322203217,apartment,6,9.1954,8.912706639157078
08322204159,apartment,6,9.1638,8.912019389890345
08322204302,apartment,6,9.1458,8.906999858349323
08500103531,apartment,6,8.8655,8.704043453656558
08501304522,apartment,6,8.969,8.794638577778382
08501304905,apartment,6,8.9778,8.853974992999385
08501305030,apartment,6,9.1324,8.79395132851165
08501305049,apartment,6,9.0839,8.79395132851165
08501305162,apartment,6,8.9988,8.767231674352724
08501305227,apartment,6,8.9415,8.794982202411749
08501305766,apartment,6,9.1553,8.793264079244917
08501306002,apartment,6,8.9419,8.767918923619456
08501306193,apartment,6,8.993,8.766544425085991
08501306207,apartment,6,9.1717,8.788900994631458
08501306541,apartment,6,8.9988,8.766888049719357
08501401005,apartment,6,8.8373,8.466941517117494
08501402060,apartment,6,8.8339,8.426381237357381
08501402443,apartment,6,8.8779,8.343660391253557
08501501281,apartment,6,8.3882,8.333783590035862
08501702277,apartment,6,8.7428,8.503988810688192
08501710180,apartment,6,9.6042,8.933915522922494
08501711608,apartment,6,8.6928,8.672023712234699
08501712884,apartment,6,8.7419,8.594325822584386
08502301624,apartment,6,9.2254,8.9008762875576
08502401051,apartment,6,9.0798,8.572469769308645
08502506005,apartment,6,9.0579,8.713272079767485
08502601891,apartment,6,9.2488,8.562626405019964
08502800371,apartment,6,8.7561,8.403508221874395
08503201429,apartment,6,8.2548,8.372139026200184
08503801231,apartment,6,9.0442,8.328858209184885
08503902036,apartment,6,9.1702,8.515951060367698
08506200911,apartment,6,9.1522,8.82975085072032
08506201055,apartment,6,9.1649,8.767577905627418
08506201527,apartment,6,9.0465,8.726563642652053
08506201551,apartment,6,9.0928,8.72690726728542
08506201675,apartment,6,9.0217,8.831125349253785
08506202183,apartment,6,9.1871,8.831125349253785
08506202396,apartment,6,9.0428,8.831468973887151
08506202434,apartment,6,9.1117,8.830094475353686
08506203201,apartment,6,9.1067,8.829407226086953
08506203384,apartment,6,9.0982,8.830094475353686
08509302073,apartment,6,9.3953,8.525187896635432
08509511624,apartment,6,8.6412,8.450290800543549
08509801916,apartment,6,8.7695,8.585271083619403
08509802548,apartment,6,8.7637,8.519482439900143
08509802637,apartment,6,8.9883,8.580051734311958
08510000761,apartment,6,8.2609,8.425386026406917
08510001340,apartment,6,8.6052,8.498197867193676
08510003602,apartment,6,8.9961,8.644985174387525
08510401888,apartment,6,9.2072,8.374327418448436
08510502668,apartment,6,8.81,8.565106364038558
08510604304,apartment,6,8.7403,8.328898358079536
08511702008,apartment,6,8.739,8.302952165370442
08511704604,apartment,6,8.4854,8.291535566003127
08511901442,apartment,6,8.6226,8.346320838170616
08511901647,apartment,6,8.4555,8.421263600455212
08512409134,apartment,6,9.5806,8.509899539312125
08512601957,apartment,6,8.8226,8.299570942726385
08512602937,apartment,6,8.8587,8.34518236210238
08512603054,apartment,6,8.4719,8.34518236210238
08512603631,apartment,6,8.4132,8.333958109532833
08512605391,apartment,6,8.9177,8.282005127144636
08512605677,apartment,6,8.959,8.356704685242011
08512701021,apartment,6,9.004,8.338105858413039
08512704462,apartment,6,8.6052,8.367073298809496
08512805471,apartment,6,8.5997,8.302852901512724
08513002410,apartment,6,8.6588,8.231839468096696
08513003311,apartment,6,8.9227,8.424620209748143
08513003387,apartment,6,8.8099,8.42118396341448
08514501755,apartment,6,9.0052,8.452879120967939
08514802321,apartment,6,9.2103,8.55444185151472
08516802094,apartment,6,8.7387,8.262740690501321
08528000321,apartment,6,9.0078,8.539676940369594
08528701565,apartment,6,8.9904,8.291761471938308
08532500651,apartment,6,8.7189,8.42852637231272
08534701067,apartment,6,8.775,8.635601843621957
08534701156,apartment,6,8.7456,8.531637113977979
08542601602,apartment,6,8.8127,8.74501928387723
08543002745,apartment,6,9.2322,8.50693524362779
08543800390,apartment,6,8.6886,8.482081487527939
08543900761,apartment,6,8.9203,8.638005542701322
08543901030,apartment,6,9.0368,8.635943794901124
08543901065,apartment,6,8.9028,8.635600170267757
08544301312,apartment,6,9.0106,8.2522030481449
08544401694,apartment,6,8.719,8.319115691031449
08545202768,apartment,6,9.0852,8.553338422231754
08545700776,apartment,6,8.786,8.419476791002388
08545801319,apartment,6,9.0632,8.666134882457513
08554400801,apartment,6,8.6163,8.404757090549843
08554400887,apartment,6,7.7778,8.27727238856875
08555401992,apartment,6,9.1576,8.74292710792595
08555402379,apartment,6,8.8906,8.557219230219376
08558702004,apartment,6,9.0448,8.782599233593011
08561402334,apartment,6,8.8377,8.496322053590744
08561403691,apartment,6,8.9808,8.598097837255517
08561404310,apartment,6,9.0706,8.60227954430666
08562402893,apartment,6,9.0456,8.474502656267221
08564301660,apartment,6,8.7979,8.51681015042906
08564303663,apartment,6,9.0006,8.594121397866568
08565703010,apartment,6,9.1945,8.565355003865664
08600503310,apartment,6,8.7723,8.589258468945369
08601001629,apartment,6,8.4226,8.501197722467351
08601004369,apartment,6,9.2841,8.582818833586003
08601202470,apartment,6,8.4434,8.36347798670553
08601601162,apartment,6,8.163,8.474188784250572
08601601200,apartment,6,8.0295,8.473845159617206
08601700705,apartment,6,8.5957,8.472291467712953
08602101864,apartment,6,8.6457,8.49779074806804
08602400969,apartment,6,8.7295,8.38326924959858
08602500701,apartment,6,8.5066,8.296092600020138
08602803893,apartment,6,8.541,8.475388941409594
08603401462,apartment,6,9.1384,8.452905547230097
08603401586,apartment,6,9.2512,8.453249171863463
08603402361,apartment,6,9.2937,8.91368192612083
08604605134,apartment,6,9.145,8.530116054848847
08604607781,apartment,6,8.8739,8.559847008558265
08604608494,apartment,6,9.2442,8.515439548620295
08605800666,apartment,6,9.1769,8.52500658066284
08605802367,apartment,6,9.3742,8.570715316153999
08605804548,apartment,6,9.1168,8.59245979453187
08605804807,apartment,6,9.1225,8.593147043798602
08607200771,apartment,6,8.558,8.23560152597355
08609700291,apartment,6,9.0919,8.480820988635955
08610501523,apartment,6,8.3858,8.319920286689662
08610604322,apartment,6,8.9845,8.396563576839174
08610701026,apartment,6,9.0336,8.272505810081563
08612001676,apartment,6,9.0562,8.345911847077815
08612301769,apartment,6,8.566,8.317999820776906
08613700993,apartment,6,8.6014,8.262388226238865
08613901026,apartment,6,8.6381,8.278531359766072
08615800758,apartment,6,8.6066,8.293389371053221
08616201432,apartment,6,8.6936,8.484739817842529
08617800917,apartment,6,8.7409,8.289673346143095
08621700506,apartment,6,8.743,8.216111506719667
08624100615,apartment,6,8.46,8.21860472654998
08624502845,apartment,6,8.6507,8.220914428008399
08624504880,apartment,6,8.8482,8.470540812139625
08624505631,apartment,6,8.6548,8.534687589290431
08625101364,apartment,6,8.1595,8.206469246875729
08625903010,apartment,6,8.8266,8.397543911105606
08626102534,apartment,6,8.8344,8.477977084925534
08626103352,apartment,6,8.8512,8.388559863252045
08627000662,apartment,6,7.8621,8.216445465211015
08629700238,apartment,6,8.6963,8.320677321651605
08629700408,apartment,6,8.7733,8.320677321651605
08629701201,apartment,6,8.8786,8.322395444818437
08632401051,apartment,6,8.0441,8.121755655182055
08632900889,apartment,6,8.4341,8.262313492969255
08635101936,apartment,6,9.1369,8.495468624355473
08635102614,apartment,6,8.9448,8.366711155169348
08637402046,apartment,6,9.2821,8.845833109340433
08639009058,apartment,6,8.446,8.568711211938439
08639009694,apartment,6,8.657,8.569742085838538
08639009945,apartment,6,8.7038,8.572467962936798
08639009971,apartment,6,8.7796,8.566305839504874
08639010382,apartment,6,8.7144,8.572467962936798
08639011931,apartment,6,8.7823,8.308126855349066
08639013901,apartment,6,8.816,8.434826320585824
08639014531,apartment,6,8.692,8.435857194485923
08639014965,apartment,6,8.5946,8.4774893044596
08639015066,apartment,6,8.8273,8.501892664485528
08643002151,apartment,6,8.2709,8.183806708159853
08643400777,apartment,6,8.5323,8.677746955455465
08643504262,apartment,6,8.9612,8.82486426930789
08700604038,apartment,8,8.6563,8.572161902946101
08700901229,apartment,8,9.0619,8.557618062347526
08700901296,apartment,8,8.8024,8.552875752010081
08700902111,apartment,8,8.897,8.585358922068542
08701103199,apartment,8,9.0517,8.8082968293308
08701103334,apartment,8,8.8589,8.809877599443283
08701104500,apartment,8,8.8891,8.809877599443283
08701105302,apartment,8,9.0213,8.79387643798217
08701105825,apartment,8,8.9825,8.803361058657062
08701106341,apartment,8,8.9435,8.804941828769543
08701107143,apartment,8,9.0569,8.805135289105836
08701107402,apartment,8,8.8255,8.803554518993355
08701204467,apartment,8,8.8356,8.78591536591921
08701801910,apartment,2,8.7855,8.571636468277827
08703600701,apartment,2,8.4021,8.589948116055341
08704300531,apartment,2,7.7987,8.475635104918023
08705501377,apartment,2,8.3078,8.470895322954563
08705503094,apartment,2,8.5801,8.39732818979874
08705505526,apartment,2,8.7035,8.60886074075252
08705509629,apartment,2,8.7948,8.621631782322737
08706800866,apartment,2,8.0082,8.529287975681019
08707202751,apartment,2,8.7855,8.741739989935908
08707203063,apartment,2,8.712,8.679173707896794
08707302371,apartment,2,8.3914,8.706706006889922
08707303173,apartment,2,9.0301,8.707995438927835
08707308345,apartment,2,8.6103,8.673197884667086
08707502141,apartment,2,8.833,8.709720686976935
08707503938,apartment,2,8.8763,8.600426670091556
08707601611,apartment,2,8.7508,8.640574815286529
08707602863,apartment,2,8.6871,8.630427332939549
08707604394,apartment,2,9.0078,8.621582921967729
08707605196,apartment,2,8.9418,8.623877620233468
08707605420,apartment,2,9.0208,8.600159693669758
08708801649,apartment,2,8.5828,8.760382498581594
08709201742,apartment,2,8.2421,8.664806600793733
08711600764,apartment,6,8.7788,8.512174182132213
08712202622,apartment,6,8.9246,8.561109584588435
08714301865,apartment,6,8.8273,8.275921681891598
08714901056,apartment,6,8.5393,8.291848670468726
08714901129,apartment,6,7.9234,8.292192295102092
08716001117,apartment,6,8.673,8.300129250879394
08716400712,apartment,6,8.6406,8.31170211099309
08717401402,apartment,6,8.8501,8.354680332025191
08717800889,apartment,6,8.5905,8.262463918045789
08719601026,apartment,6,8.7082,8.469441871523223
08720600607,apartment,2,8.7197,8.35047749741761
08721501297,apartment,2,8.5732,8.31136744237412
08725501984,apartment,8,8.8988,8.616431430651645
08725502263,apartment,8,8.8199,8.614850660539162
08731403778,apartment,2,8.6748,8.490944789516524
08731403832,apartment,2,8.6467,8.496102517668175
08731406173,apartment,2,8.8647,8.584575324085883
08731500358,apartment,2,8.7614,8.529722152512717
08731502581,apartment,2,8.7392,8.600632593955844
08731502989,apartment,2,8.9012,8.587156109234083
08731504329,apartment,2,8.7415,8.59129513623243
08731510566,apartment,2,8.8199,8.568593211925233
08736602221,apartment,8,8.3702,8.356101880370892
08737401939,apartment,6,8.3952,8.30114037035601
08739605620,apartment,2,8.9215,8.712636868012716
08739608093,apartment,2,8.8666,8.748074438107437
08741000153,apartment,2,8.1461,8.47788109239179
08742402050,apartment,8,8.7292,8.409618499579246
08743401074,apartment,8,8.8173,8.506534662563812
08743401708,apartment,8,8.8457,8.557808966951006
08743403026,apartment,8,8.6472,8.609809422345446
08743404030,apartment,8,8.8597,8.5898947920182
08743404340,apartment,8,8.7978,8.593056332243163
08743405428,apartment,8,8.904,8.582632939069386
08743503667,apartment,8,8.4777,8.55288859060228
08744402031,apartment,6,8.4045,8.406782303324906
08745502791,apartment,2,8.6498,8.381950738405106
08745502846,apartment,2,9.1265,8.369087209811644
08745503702,apartment,2,8.8411,8.402805530893076
08747500808,apartment,2,8.3131,8.324659737798369
08747501634,apartment,2,8.0732,8.312014624309962
08801301472,apartment,2,8.767,8.499432011231358
08801302411,apartment,2,8.7641,8.532747553473516
08801304293,apartment,2,8.621,8.509394147495529
08801307561,apartment,2,8.6305,8.549771562667166
08801308035,apartment,2,8.8069,8.54719269859134
08801309147,apartment,2,8.8049,8.511976633448747
08802600392,apartment,2,7.6726,8.505994884485553
08803404831,apartment,2,8.9598,9.09710079125746
08803503714,apartment,2,8.294,8.487510690700034
08803505938,apartment,2,8.7993,8.658535597197199
08803507450,apartment,2,8.7711,8.647620606228175
08803601651,apartment,2,8.5969,8.474723306660009
08803602011,apartment,2,8.2752,8.485358570772478
08803605932,apartment,2,8.8078,8.527282053477002
08803900950,apartment,2,8.702,8.484536354836475
08804100435,apartment,2,8.7638,8.476047462571257
08804607033,apartment,6,8.7787,8.686944213304304
08809301692,apartment,2,8.2076,8.426054082007427
08813004346,apartment,2,8.3409,8.643449612071159
08814600831,apartment,2,8.7718,8.4779778894164
08815808574,apartment,2,8.9252,8.434818609329426
08815808701,apartment,2,8.7072,8.434173893310469
08815810641,apartment,2,8.8943,8.406546810610717
08815813993,apartment,2,8.851,8.357514173974337
08815816951,apartment,2,8.1637,8.285327176202065
08815817689,apartment,2,8.5861,8.337648099990894
08816201371,apartment,2,8.2315,8.22840130257922
08816901101,apartment,2,8.9858,8.375359192048236
08817006076,apartment,2,8.2819,8.278357997958294
08817008168,apartment,2,8.4914,8.30128315793893
08817015695,apartment,2,8.645,8.358521403759111
08817016675,apartment,2,8.6871,8.350843863615921
08817017183,apartment,2,8.5922,8.381853458885255
08817201006,apartment,6,8.4106,8.528797548809434
08824100724,apartment,2,8.262,8.27345453074069
08827201033,apartment,2,8.0635,8.548314370441695
08829803731,apartment,2,8.1125,8.28953280587035
08829806706,apartment,2,8.5764,8.267473626665444
08900201107,apartment,6,8.285,8.23672793874301
08900201247,apartment,6,8.2021,8.236040689476278
08901000563,apartment,2,8.3523,8.435243407356728
08901001187,apartment,2,8.5717,8.433309259299858
08901501503,apartment,6,8.6565,8.400710905111943
08901501899,apartment,6,8.4764,8.431135336197796
08902501280,apartment,6,8.145,8.156038716413295
08902601498,apartment,6,7.6866,8.162686536958908
08903902467,apartment,6,8.7618,8.225154802354686
08904300398,apartment,6,8.7126,8.325643877534857
08905203523,apartment,6,8.7458,8.350918514253042
08905203779,apartment,6,8.6226,8.355643064771701
08905204201,apartment,6,8.8869,8.391284860060045
08906001800,apartment,6,8.948,8.435880276400475
08907307326,apartment,2,8.8728,8.380030155376724
08907308039,apartment,2,8.3288,8.367501356932115
08907602522,apartment,2,8.2209,8.117605185788074
08907603294,apartment,2,7.94,8.134452105065863
08907603367,apartment,2,8.2114,8.13095581093175
08907802459,apartment,2,8.8418,8.390030948656658
08908200908,apartment,2,8.7116,8.497117132474738
08908300856,apartment,2,8.3326,8.310425221755427
08908609377,apartment,2,8.7068,8.350957871555227
08909502150,apartment,2,8.0591,8.253782893621427
08910301996,apartment,2,8.8739,8.358223480869851
08910405341,apartment,2,8.3317,8.2816045686784
08910503866,apartment,2,8.4511,8.258867738972016
08910900628,apartment,2,8.008,8.133158444759571
08911101214,apartment,2,8.2236,8.243019529471416
08911101427,apartment,2,8.1117,8.318459694633912
08911103721,apartment,2,8.85,8.373640383381387
08911300594,apartment,2,8.0443,8.212043353948744
08911400221,apartment,2,8.2788,8.155437943082019
08911700983,apartment,2,8.0091,8.206259368112818
08911801852,apartment,2,7.9605,8.153951525522515
08913306085,apartment,2,8.1117,8.310403545694303
08913306549,apartment,2,7.3995,8.193279333947501
08913502887,apartment,2,8.4487,8.311869882325002
08913807191,apartment,2,8.2063,8.42372738843936
08915101855,apartment,2,8.4338,8.418348564516165
08915101979,apartment,2,8.3927,8.433123366050319
08915103051,apartment,2,8.4407,8.412546120345558
08919300501,apartment,2,7.9245,8.253952860796424
08921005692,apartment,2,7.7207,8.170584647827933
08921400575,apartment,2,7.9933,8.29519950349059
08923300446,apartment,2,8.08,8.293051590435352
08927200764,apartment,2,8.1176,8.334330770384344
08931200757,apartment,1,8.2599,8.423145449450935
08931501341,apartment,1,8.5312,8.608995519141489
08946600667,apartment,1,7.8837,8.312830768496344
08950001624,apartment,1,8.5308,8.567398564651684
08950602776,apartment,1,8.2453,8.43167785414061
08950602997,apartment,1,8.1117,8.430928387418762
08950603713,apartment,1,8.2851,8.431428031899994
08950604231,apartment,1,8.1468,8.431428031899994
08956201633,apartment,1,8.4454,8.535671243293832
08956400792,apartment,1,8.6507,8.57720094805348
08956801363,apartment,1,7.6487,8.318799375492627
08958502584,apartment,2,8.1075,8.2263862526532
08958503068,apartment,2,8.1328,8.187986948637093
08958700866,apartment,2,8.6616,8.28677399434111
08959404276,apartment,2,8.2005,8.195511408172186
08959404853,apartment,2,8.5489,8.269754326164172
09005902256,apartment,2,8.7403,8.389736648502529
09006001521,apartment,2,8.8388,8.395942120160397
09006103330,apartment,2,8.0014,8.232284990126914
09006106259,apartment,2,9.2438,8.411095045726508
09006109681,apartment,2,8.9959,8.387028552351195
09006302422,apartment,2,8.1524,8.256912518733401
09006702935,apartment,2,8.4746,8.313865816744672
09009410463,apartment,2,8.0491,8.283269750302427
09009411478,apartment,2,8.1565,8.21854701860795
09010601072,apartment,2,8.184,8.474608991662608
09015000360,apartment,2,8.8235,8.391868670776004
09015000743,apartment,2,8.6775,8.446763640299467
09015001359,apartment,2,8.749,8.445474208261555
09015002630,apartment,2,8.6588,8.442250628166772
09015003912,apartment,2,8.6588,8.441605912147814
09015004072,apartment,2,8.6494,8.442895344185729
09015004196,apartment,2,8.7139,8.442895344185729
09015004382,apartment,2,8.6204,8.442250628166772
09019400347,apartment,2,8.3174,8.243948928147912
09019400721,apartment,2,8.3402,8.245238360185825
09028100334,apartment,2,8.6842,8.479937256347911
09033101033,apartment,2,8.1658,8.278715185457827
09034604632,apartment,2,8.9399,8.4171208898682
09035530152,apartment,2,8.1676,8.228897705444094
09036700991,apartment,2,7.9258,8.231036849064749
09040201803,apartment,2,8.0064,8.276520420696277
09042303670,apartment,2,8.0334,8.168471571140985
09042304898,apartment,2,8.0875,8.170660766428117
09042305320,apartment,2,8.0418,8.221341006998777
09042308087,apartment,2,7.9269,8.16230061629736
09042309679,apartment,2,8.036,8.16349035940276
09042310049,apartment,2,8.1287,8.161453896406753
09042310375,apartment,2,8.0247,8.169708586466909
09042310774,apartment,2,8.0626,8.169708586466909
09042401443,apartment,2,8.5014,8.166014948010616
09042403292,apartment,2,8.3648,8.16711161607431
09042403543,apartment,2,8.5532,8.170979912188049
09043100862,apartment,2,8.2889,8.326836224211913
09043100919,apartment,2,8.3866,8.32361264411713
09043102921,apartment,2,8.2788,8.329597537247693
09043103853,apartment,2,8.2396,8.333465833361432
09043105643,apartment,2,8.5042,8.318187580561801
09043107581,apartment,2,8.3894,8.362844748468738
09043107859,apartment,2,8.3729,8.29006339162773
09043108456,apartment,2,8.5172,8.401158033552456
09043110175,apartment,2,8.7471,8.50434891565251
09044401866,apartment,2,8.2011,8.302817684700413
09044402171,apartment,2,8.2011,8.304751832757283
09044405802,apartment,2,8.6226,8.61485231415598
09045701529,apartment,2,8.0472,8.308801023899154
09046100251,apartment,2,8.395,8.183929813471787
09046200205,apartment,2,8.784,8.214100277661569
09046202747,apartment,2,8.5647,8.28976485227384
09046207323,apartment,2,8.6068,8.354390325471751
09046806235,apartment,2,8.1846,8.198107166440327
09046809722,apartment,2,8.4001,8.27651857983911
09046814823,apartment,2,8.096,8.178718489554639
09046831566,apartment,2,8.3958,8.226149116798517
09100302031,apartment,1,8.4727,8.578332402637377
09101202332,apartment,1,8.655,8.581102445883925
09101700898,apartment,1,7.9731,8.554113291527754
09101703048,apartment,1,7.7926,8.582267098632295
09102504596,apartment,1,8.1572,8.476522538213516
09102506785,apartment,1,8.1117,8.448277241787661
09104302710,apartment,2,8.0002,8.366007855170059
09104305681,apartment,2,8.0677,8.434618374129908
09104305922,apartment,2,8.118,8.438486670243648
09106107168,apartment,1,8.5778,8.631816444795454
09107603568,apartment,1,8.1543,8.4083303498853
09109503595,apartment,2,7.988,8.253736193796865
09116900839,apartment,2,8.0029,8.322972069230639
09117000572,apartment,2,7.6868,8.28065353673851
09117200261,apartment,2,8.24,8.34860744527255
09117201901,apartment,2,8.096,8.347846418224563
09117203457,apartment,2,8.1117,8.345267554148737
09121200701,apartment,2,8.3329,8.315821827664774
09121300641,apartment,2,7.9487,8.284175542772784
09122600507,apartment,2,7.9374,8.288473112830044
09122602356,apartment,2,8.7584,8.670224827428074
09125600737,apartment,2,8.0251,8.262685195140117
09136501077,apartment,2,7.7915,8.282373956960523
09159402571,apartment,1,8.3234,8.521434469383305
09159404248,apartment,1,8.0362,8.40858035087864
09302502341,apartment,2,8.0539,8.43893458593202
09302506681,apartment,2,8.5598,8.777839184068894
09302705250,apartment,2,8.5397,8.604635041293294
09302710221,apartment,2,8.729,8.61007876143803
09303401255,apartment,2,8.2182,8.37353022288655
09303402863,apartment,2,8.2912,8.4028680559064
09303404173,apartment,2,8.409,8.454493472095177
09303502736,apartment,2,8.4942,8.416680931716082
09303504097,apartment,2,8.6269,8.394839199998508
09303504771,apartment,2,8.5913,8.42227290559688
09303505220,apartment,2,8.5999,8.429702977378625
09304001900,apartment,2,8.7829,8.538398918447996
09304003393,apartment,2,8.5854,8.553404735565039
09304507774,apartment,2,8.6735,8.653996735490221
09305601707,apartment,2,8.3755,8.586532219645296
09422301203,apartment,2,8.3453,8.116969654939325
09422309832,apartment,2,8.253,8.141399304453623
09422316911,apartment,2,8.4039,8.487763187434755
09422318580,apartment,2,8.7226,8.4792493105643
09531200882,apartment,2,8.5717,8.783070013910287
09532300201,apartment,2,8.1566,8.29668439035497
09532302727,apartment,2,8.2311,8.29668439035497
09532307656,apartment,2,7.9823,8.237771474470442
09532307761,apartment,2,8.1787,8.237126758451485
09532308229,apartment,2,8.1188,8.233903178356703
09532309535,apartment,2,7.8796,8.240350338546268
09532310746,apartment,2,8.0754,8.233903178356703
09544401423,apartment,2,8.2821,8.259464699032566
09544401784,apartment,2,8.0776,8.248011996253842
09602310766,apartment,7,8.6042,8.40931771526472
09602600381,apartment,7,9.1281,8.305566167212264
09612701636,apartment,7,9.1384,8.232873366260682
09700205533,apartment,7,9.0052,8.618324492357589
09700208214,apartment,7,8.6995,8.549538471375984
09700300773,apartment,7,8.8397,8.550290828660476
09700306984,apartment,7,8.723,8.620346660532393
09700307360,apartment,7,8.657,8.538195430043691
09700307549,apartment,7,8.635,8.539628785662902
09700307662,apartment,7,8.6515,8.536762074424482
09700307816,apartment,7,8.6068,8.535328718805273
09700307913,apartment,7,8.6835,8.617479949293973
09700308065,apartment,7,8.5994,8.620824445738796
09700308278,apartment,7,8.6995,8.619391090119587
09700701964,apartment,7,8.7135,8.586683584396958
09700704483,apartment,7,8.796,8.561376999493039
09700900169,apartment,7,8.7471,8.59254311376768
09700902242,apartment,7,8.8521,8.58608921377671
09701400313,apartment,7,8.9505,8.478622488608316
09701705378,apartment,7,8.7248,8.722574304986619
09703300243,apartment,7,8.6439,8.413690866671093
09706400737,apartment,7,8.6728,8.322359707067957
09712609626,apartment,7,8.7866,8.408165993621589
09800600981,apartment,7,8.8408,8.487015911768381
09801105593,apartment,7,8.6771,8.492763827402383
09801106913,apartment,7,8.6622,8.4951527534344
09801111356,apartment,7,8.6836,8.447615706951588
09801114649,apartment,7,8.4684,8.373789773416117
09801801018,apartment,7,8.8551,8.494293777215093
09801801832,apartment,7,8.6886,8.47442441429487
09801803002,apartment,7,8.7422,8.472035488262852
09801803673,apartment,7,8.7776,8.539760102012183
09803000454,apartment,7,8.5496,8.47855833370552
09803005103,apartment,7,8.9492,8.482908278288747
09803007807,apartment,7,8.906,8.490826416482411
09803008544,apartment,7,8.9621,8.490348631276008
09803009516,apartment,7,9.1097,8.491304201688815
09803009613,apartment,7,8.9519,8.558007475213806
09803011650,apartment,7,9.0717,8.41081772385666
09803015230,apartment,7,8.844,8.490291403706477
09803015680,apartment,7,8.8699,8.487418834154765
09803016148,apartment,7,8.8749,8.488380262880865
09803016229,apartment,7,8.9177,8.490285545393183
09803016441,apartment,7,8.9025,8.488858048087268
09803019023,apartment,7,8.9018,8.491724759325688
09803103180,apartment,7,9.109,8.494567264589712
09803202537,apartment,7,8.9154,8.54080698231126
09803404954,apartment,7,8.615,8.638925269767785
09803405500,apartment,7,8.6514,8.639403054974188
09803405721,apartment,7,8.6691,8.639403054974188
09803406426,apartment,7,8.7175,8.669668049035291
09806302771,apartment,7,8.4543,8.829200436790408
09806500695,apartment,7,8.298,8.338868125790873
09900300386,apartment,7,8.2157,8.492768001166741
09900301455,apartment,7,8.4014,8.513353605180974
09900701062,apartment,7,8.8739,8.576681019641661
09901302706,apartment,7,8.7767,8.52209537167715
09901901375,apartment,7,8.6482,8.724282523924142
09904200564,apartment,7,8.6336,8.641325198407074
09904313253,apartment,7,8.5685,8.58320822856633
09904700516,apartment,7,8.2889,8.6145925972024
09905404155,apartment,7,8.7845,8.616188346316106
10002403918,apartment,9,8.3229,8.395850460473511
10003003824,apartment,9,8.4919,8.402080514345592
10003006203,apartment,9,7.9949,8.45768570695083
10003202177,apartment,9,8.2109,8.39114554975827
10005500795,apartment,9,8.2687,8.541006275333828
10005501406,apartment,9,7.8438,8.503683183143568
10005701499,apartment,9,8.2586,8.428616592908966
10005701960,apartment,9,8.3211,8.501405037889482
10009301584,apartment,9,8.6196,8.698686878705864
10009301703,apartment,9,8.6544,8.695266950080326
10009301851,apartment,9,8.7224,8.69034607461374
10009501842,apartment,9,8.5613,8.624641431649525
10100705651,apartment,8,8.0652,8.382105938114142
10105300501,apartment,8,7.9237,8.151589986246574
10107103991,apartment,8,8.2846,8.338972558474076
10107104831,apartment,8,8.6435,8.386321781146133
10107105399,apartment,8,8.7556,8.378417930583725
10111003546,apartment,8,8.165,8.314817481522214
10111400359,apartment,8,7.893,8.34911030221005
10111500744,apartment,8,8.1051,8.326051530753348
10111503204,apartment,8,8.2506,8.378315043595345
10111602946,apartment,8,8.4363,8.449245092744704
10113500652,apartment,8,7.8994,8.323162165075725
10115701116,apartment,8,8.2754,8.31423845679928
10120900490,apartment,8,8.4106,8.458793597794903
10120901403,apartment,8,8.2987,8.421087467992502
10131202048,apartment,8,8.6849,8.630358281737662
10131207392,apartment,8,8.6541,8.779102569358418
10131207414,apartment,8,8.9029,8.850158260308588
10131207910,apartment,8,8.6173,8.775135746348083
10131211594,apartment,8,8.8114,8.767231895785674
10132403640,apartment,8,8.3447,8.569100654434994
10134501798,apartment,8,8.4142,8.426493269769965
10138501040,apartment,8,9.0211,8.59094798929507
10138600421,apartment,8,8.8363,8.414047865180782
10138600537,apartment,8,8.788,8.428274796193119
10139100406,apartment,8,8.3792,8.229169344789806
10139905463,apartment,8,8.3432,8.466582081288115
10139906001,apartment,8,8.323,8.455516690500742
10139906011,apartment,8,8.363,8.463420541063151
10139907008,apartment,8,8.4704,8.410243813622952
10139907733,apartment,8,8.362,8.40866304351047
10139908616,apartment,8,8.321,8.463420541063151
10139909371,apartment,8,8.3392,8.465001311175634
10139910319,apartment,8,8.3332,8.458678230725706
10139910351,apartment,8,8.3432,8.463420541063151
10140000622,apartment,8,8.2344,8.494339589290064
10141401094,apartment,8,8.5629,8.454471991261068
10141503288,apartment,8,9.0606,8.569238393317688
10148607445,apartment,8,8.3284,8.396958937997578
10148607501,apartment,8,8.331,8.395378167885097
10149701054,apartment,8,9.2793,8.913072657377016
10152800319,apartment,8,8.4768,8.325165792450147
10152801501,apartment,8,8.5655,8.325165792450147
10152904416,apartment,8,8.7898,8.565296267774418
10154604339,apartment,6,8.1328,8.412754634959494
10154900825,apartment,8,8.2154,8.493791633512933
10155401921,apartment,6,7.8753,8.313072279808805
10155500758,apartment,8,7.6585,8.09932334272612
10155702660,apartment,8,8.4355,8.371671307643714
10155703020,apartment,8,8.3691,8.331381364531422
10155704515,apartment,8,8.5263,8.334542904756384
10155704906,apartment,8,8.3584,8.34876983576872
10155705491,apartment,8,7.8414,8.331823303248981
10155706186,apartment,8,8.0914,8.32774159468749
10157707368,apartment,8,8.3093,8.395921303089137
10158303791,apartment,8,8.4039,8.417065053518675
10158304747,apartment,8,8.6036,8.3802303346158
10161602702,apartment,8,8.476,8.30369410030073
10161603407,apartment,8,8.4167,8.404734358850437
10163000531,apartment,8,8.353,8.427710415330695
10203000731,apartment,9,8.4764,8.53903223924953
10203000942,apartment,9,8.4764,8.543592144083581
10203201328,apartment,9,8.5172,8.503262675728456
10206600762,apartment,9,8.2453,8.487643417878475
10206601076,apartment,9,8.581,8.548747638107049
10206601467,apartment,9,8.6411,8.552167566732587
10206603079,apartment,9,8.5239,8.457355603818986
10206604581,apartment,9,8.4674,8.550291147803918
10206605217,apartment,9,8.5074,8.537751409510278
10208802826,apartment,9,8.8049,8.571128355148414
10209700571,apartment,9,8.0696,8.588371425806056
10209900805,apartment,9,8.6201,8.647453426957174
10210403046,apartment,9,8.4905,8.62505664716896
10211104530,apartment,9,8.6226,8.774384000005263
10211803307,apartment,9,8.7487,8.57008891332599
10211803358,apartment,9,8.6928,8.607068213005453
10211902720,apartment,9,8.5778,8.574788561337712
10302533582,apartment,2,8.1784,8.427932899515804
10302557600,apartment,2,7.9434,8.637423170586354
10302558879,apartment,2,7.8685,8.610696704397045
10304700834,apartment,2,8.4289,8.30879593205113
10304701581,apartment,2,8.5172,8.310730080108
10305004505,apartment,8,8.8493,8.911399412379376
10401000965,apartment,7,7.8924,8.272175204958145
10401101591,apartment,7,7.6927,8.22128704817627
10402401939,apartment,7,8.1557,8.28704840310811
10402701037,apartment,7,8.3211,8.359063377078757
10404904113,apartment,7,7.8604,8.098152945289355
10405501136,apartment,7,7.8147,8.297651239598405
10405504178,apartment,7,8.1699,8.344057130533907
10407402356,apartment,7,8.1252,8.296036871523393
10407406440,apartment,7,8.1222,8.324130405934735
10409501343,apartment,7,8.3052,8.31515588039964
10410304181,apartment,7,8.5929,8.409310368759561
10410304688,apartment,7,8.4555,8.411221509585173
10410305171,apartment,7,8.4555,8.410265939172367
10410902216,apartment,7,8.1229,8.383891981010631
10411401687,apartment,7,8.1807,8.246414537406777
10411500741,apartment,7,8.1281,8.290893092911826
10414005138,apartment,7,8.3786,8.191496131930997
10414007343,apartment,7,8.0064,8.225578325412583
10417801172,apartment,7,8.6715,8.47566813079637
10417801830,apartment,7,8.5629,8.477579271621982
10417802276,apartment,7,8.5035,8.479490412447596
10417802357,apartment,7,8.5172,8.47566813079637
10417802594,apartment,7,8.511,8.47566813079637
10417802721,apartment,7,8.5759,8.47710148641558
10417803485,apartment,7,8.5295,8.479490412447596
10417803817,apartment,7,8.6055,8.479012627241193
10417803868,apartment,7,8.5591,8.479490412447596
10417804252,apartment,7,8.7018,8.435997979932935
10502300999,apartment,7,8.2659,8.396124437748252
10516003525,apartment,7,8.7248,8.317306921007534
10628102304,apartment,7,8.5172,8.48096618156801
10707517256,apartment,7,8.3406,8.24573497480473
10709300629,apartment,7,8.5887,8.447221886896404
10711202647,apartment,7,8.1147,8.279577589198178
10718500996,apartment,7,8.1242,8.332730810306408
10718504428,apartment,7,8.0362,8.330639701586733
10721603342,apartment,7,7.8445,8.051977842282128
10722401077,apartment,7,8.057,8.364137880330995
10729500771,apartment,4,7.9798,8.05866556449152
10729501646,apartment,4,7.9406,8.062843389163474
10743504223,apartment,7,8.2896,8.230027819368026
10743508547,apartment,7,8.6608,8.274288974673738
10743512838,apartment,7,8.6026,8.503541907291295
10743514377,apartment,7,8.5879,8.48698403260589
10743602306,apartment,7,8.5325,8.295062049174822
10744702150,apartment,7,8.0543,8.297287914182135
10744703025,apartment,7,8.096,8.2976583289958
10904302015,apartment,4,8.6975,8.355271536750944
10905202952,apartment,4,8.4584,8.283254255940818
10905208004,apartment,4,8.2352,8.282414126200752
11020401280,apartment,3,8.1229,8.364005531311614
11021301271,apartment,3,8.4431,8.670477719568368
11021901953,apartment,3,8.2428,8.39667495363384
11024302570,apartment,3,8.0064,8.293856988680187
11028801040,apartment,3,8.8049,8.750162652854039
11029000726,apartment,3,8.3349,8.54790165823904
11042602645,apartment,3,7.7047,8.294339130560381
11048102131,apartment,3,7.8835,8.46073163574548
11048702323,apartment,3,7.9633,8.353782805599224
11050712780,apartment,3,8.5983,8.715039493204179
11050713663,apartment,3,8.7403,8.736012377311745
11052002233,apartment,3,8.4142,8.426692875552718
11106601849,apartment,3,8.1022,8.5881642773411
11133301036,apartment,5,8.5119,8.97781597284519
11140700684,apartment,5,8.0839,8.589022415876371
11148805027,apartment,3,8.2224,8.371039159280757
11155307185,apartment,3,8.2998,8.46353132463118
11155307649,apartment,3,8.2428,8.45292716297409
11159200695,apartment,5,7.9549,8.340382177057407
11159203317,apartment,5,8.1106,8.366412863002783
11242200664,apartment,5,8.1713,8.711619748482443
11244401071,apartment,5,8.1605,8.732363518630724
11244401349,apartment,5,8.2586,8.702344858365057
11245601635,apartment,5,8.1728,8.44778541478429
11263103277,apartment,5,8.2623,8.7512895707799
11266402194,apartment,5,7.9137,8.290450593078312
11266406122,apartment,5,8.1237,8.491027208092545
11266406157,apartment,5,8.0893,8.498640920270823
11266406289,apartment,5,8.0195,8.502717051681813
11266406300,apartment,5,8.074,8.502717051681813
11267100541,apartment,5,8.3837,8.4072510661853
11285702149,apartment,5,8.0725,8.385998438146292
11285702238,apartment,5,8.2548,8.390074569557282
11301001855,apartment,3,8.8763,8.836707146229841
11302301445,apartment,3,8.4482,8.86081240546794
11304102601,apartment,3,8.0826,8.326190966965648
11308301161,apartment,3,8.5674,8.780843435365098
11308301242,apartment,3,8.5913,8.783016921200325
11316501034,apartment,3,8.2572,8.683417873701877
11316501069,apartment,3,8.4248,8.724345544123118
11316501107,apartment,3,8.5638,8.72807031615489
11317900714,apartment,3,8.7139,8.713451371817522
11325200981,apartment,3,8.645,8.623097431588434
11342201451,apartment,3,8.0668,8.280339984076884
11360701248,apartment,3,8.3549,8.569429473912397
11361500416,apartment,3,8.6088,8.458226211512795
11361501481,apartment,3,8.5705,8.460399697348022
11361502664,apartment,3,8.4752,8.45118284614054
11361503423,apartment,3,8.5442,8.462050275316678
11361505043,apartment,3,8.3311,8.514616134952014
11361506155,apartment,3,8.5172,8.51237448734885
11400101068,apartment,5,8.2601,8.62612081777219
11405800193,apartment,5,7.9427,8.490796931017158
11406405204,apartment,5,8.5025,8.81276670565582
11407505504,apartment,5,8.4233,8.781371456673334
11408601590,apartment,5,8.3228,8.830867804643692
11408901195,apartment,5,7.9896,8.375753567402866
11409903183,apartment,5,8.1532,8.479842661883403
11410800813,apartment,5,7.9896,8.615184325933123
11410800945,apartment,5,8.2428,8.609477741957736
11411003089,apartment,5,8.3371,8.679268410849348
11411003501,apartment,5,8.2372,8.686907688645727
11411003585,apartment,5,8.294,8.703074667223479
11411003658,apartment,5,8.1676,8.704705119787876
11411003755,apartment,5,8.3096,8.703889893505677
11411201476,apartment,5,7.7164,8.300514648564665
11411203924,apartment,5,7.7609,8.29888419600027
11411204009,apartment,5,7.8835,8.300514648564665
11411601806,apartment,5,8.0258,8.687063696770448
11412601346,apartment,5,8.3761,8.685947740203725
11412601370,apartment,5,8.3147,8.728132793072021
11412701881,apartment,5,8.2089,8.689593545377594
11419901205,apartment,5,8.2562,8.631969958919498
11419902066,apartment,5,8.163,8.684256089152289
11425501140,apartment,5,7.9274,8.233858781661386
11425801357,apartment,5,8.274,8.542568866687448
11426200756,apartment,5,7.6393,8.290996303807447
11430100868,apartment,5,8.2295,8.483913630223556
11437604861,apartment,5,8.0709,8.344728103193692
11437605671,apartment,5,8.2245,8.574344617385554
11437607585,apartment,5,8.5034,8.553332408753148
11437608336,apartment,5,8.3837,8.524874332778785
11437611035,apartment,5,8.4839,8.48975938848733
11439100593,apartment,5,8.2187,8.443332256830699
11501805338,apartment,5,7.7571,8.468401697328815
11510500870,apartment,5,8.4145,8.770220203779338
11523504111,apartment,5,7.7245,8.256797120091365
11523504764,apartment,5,7.8793,8.25924279893796
11524900711,apartment,5,7.683,8.589924381346805
11524900949,apartment,5,7.9922,8.503434358167468
11534402348,apartment,5,8.197,8.583178347723269
11534403298,apartment,5,8.1932,8.579917442594478
11534403336,apartment,5,7.7232,8.581547895158874
11604903529,apartment,3,8.4347,8.295134414585814
11604904861,apartment,3,7.9547,8.378454058181873
11605503990,apartment,3,8.4592,8.41212119048754
11605506450,apartment,3,8.4068,8.4309124495498
11605507988,apartment,3,8.2637,8.433085935385026
11607503262,apartment,3,8.2421,8.547127902804808
11609500775,apartment,3,8.4505,8.597012947260662
11609500805,apartment,3,8.4505,8.59918643309589
11625001532,apartment,3,8.3261,8.377120009387935
11626402786,apartment,3,7.9576,8.158497955301073
11626402999,apartment,3,8.0247,8.159584698218687
11626403121,apartment,3,8.0998,8.16936538447721
11626701937,apartment,3,8.3904,8.288846285196737
11626702399,apartment,3,8.1468,8.28993302811435
11631704418,apartment,3,8.2538,8.308840981776202
11631704884,apartment,3,8.1759,8.337233014900148
11631903331,apartment,3,8.3106,8.367052467194405
11632001501,apartment,3,8.294,8.377882504746283
11632004754,apartment,3,8.5939,8.499782263646495
11632802731,apartment,3,8.1483,8.337024458895552
11633001813,apartment,3,8.3538,8.373196458566456
11633004251,apartment,3,8.2793,8.416735460663354
11633004987,apartment,3,8.0995,8.417822203580968
11636201341,apartment,3,8.4882,8.586367461778021
11640200796,apartment,3,8.3931,8.330485818864895
11640204279,apartment,3,8.279,8.292175032229471
11640204465,apartment,3,8.0317,8.269453434301777
11640204570,apartment,3,8.1858,8.277060634725075
11640204953,apartment,3,8.2245,8.293261775147084
11640703259,apartment,3,7.9576,8.350775061449289
11643901019,apartment,3,8.5172,8.684966218704298
11652604889,apartment,3,8.2703,8.33665528979586
11652606822,apartment,3,8.4652,8.302421574917393
11653701543,apartment,3,8.0677,8.235625757442664
11653802412,apartment,3,8.1892,8.400989983661434
11715200887,apartment,3,8.0376,8.681347139104275
11719500664,apartment,3,8.462,8.636612815139047
11726500801,apartment,3,8.5402,8.664656456689231
11728601346,apartment,3,8.0403,8.415132456072387
11730900673,apartment,3,8.1407,8.522175578951515
11730902544,apartment,3,8.1689,8.528696036457196
11730905829,apartment,3,8.1987,8.568974781943163
11730907112,apartment,3,8.689,8.666409035576336
11738704873,apartment,3,8.2376,8.407011823380714
11738707473,apartment,3,8.0995,8.40918530921594
11738708208,apartment,3,8.0225,8.407011823380714
11738708380,apartment,3,8.1535,8.40266485171026
11738708801,apartment,3,8.1358,8.40918530921594
11738709824,apartment,3,8.034,8.375059067215776
11739904353,apartment,3,8.2998,8.50787272582892
11741108331,apartment,3,8.5919,8.778896271814169
11744205913,apartment,3,8.1266,8.370603616672367
11744214017,apartment,3,8.6551,8.790468574107143
11808300571,apartment,3,8.1987,8.582109870045066
11812900731,apartment,3,8.3862,8.772720050878844
11819601969,apartment,3,8.2118,8.519450790760867
11819705810,apartment,3,8.4802,8.663198666403611
11830603123,apartment,9,8.3428,8.620021258585458
11830605533,apartment,9,8.6673,8.686479483027362
11834701251,apartment,9,8.6173,8.880039564938432
11835601676,apartment,9,8.1237,8.412199122788529
11836802942,apartment,9,8.3703,8.466849391345523
11838406661,apartment,3,8.3725,8.751410334057114
11847301532,apartment,9,8.4903,8.424883141238054
11852700271,apartment,9,8.2043,8.552627309865242
11852800223,apartment,9,7.8847,8.434306823797462
11852801742,apartment,9,8.0912,8.422501503721513
11853001103,apartment,9,8.3768,8.571217328361195
11853001200,apartment,9,8.1689,8.53682050459639
11854100733,apartment,9,8.6436,8.994575149228837
11854102086,apartment,9,8.5219,8.828360153038462
11913600725,apartment,1,7.9194,8.224185105877606
11913600989,apartment,1,8.0221,8.214412295938871
11915300575,apartment,1,7.8657,8.2701872537287
11917102258,apartment,1,8.0915,8.167287904426622
11919502350,apartment,1,8.4302,8.421502072074743
11928000771,apartment,1,8.4734,8.351596204001998
11928001490,apartment,1,8.392,8.355612207270019
11928001598,apartment,1,7.9659,8.374981802288856
11928002306,apartment,1,8.4566,8.35486274054817
11928002608,apartment,1,8.4154,8.374232335567006
11929808517,apartment,1,8.7701,8.587895642431965
11934101507,apartment,1,8.3428,8.234473288420393
11934200981,apartment,1,8.0064,8.126367863223432
11934201722,apartment,1,7.849,8.232726276380799
11934202001,apartment,1,7.7537,8.22931431063218
11934202011,apartment,1,7.8714,8.23006377735403
11934300488,apartment,1,8.4752,8.281260905970022
11934303134,apartment,1,8.1586,8.279512150285708
11934303568,apartment,1,8.2157,8.280511439248173
11934308225,apartment,1,8.1731,8.266822070825329
11934308837,apartment,1,7.824,8.22321216032059
11934311404,apartment,1,7.9329,8.23588243084307
11934900914,apartment,1,8.2346,8.164008033081654
11934904030,apartment,1,8.535,8.344737214050603
11934904162,apartment,1,8.5172,8.34498703629122
11934904219,apartment,1,8.409,8.34498703629122
11934904316,apartment,1,8.6687,8.412968526990618
11934905223,apartment,1,8.3811,8.41546674939678
11934905665,apartment,1,8.4808,8.409884826624083
12002100712,apartment,2,8.1117,8.2903774957533
12002402867,apartment,2,8.4767,8.305353505094711
12002403121,apartment,2,8.3994,8.316182089884997
12002801729,apartment,2,8.7541,8.441654596683044
12003403131,apartment,2,8.3387,8.331864008153415
12003403921,apartment,2,8.4254,8.338564118205555
12003404111,apartment,2,8.4995,8.33405110607286
12003404715,apartment,2,8.4995,8.332761674034947
12003406777,apartment,2,8.537,8.561703611320308
12003406912,apartment,2,8.6995,8.610518046762369
12003410510,apartment,2,8.8679,8.54618256067026
12003411134,apartment,2,8.6163,8.55069954317981
12004208324,apartment,2,8.6648,8.623558618387008
12007708001,apartment,2,8.5172,8.45711241884499
12007803495,apartment,2,8.2589,8.219568780660618
12007804181,apartment,2,8.5172,8.22085821269853
12007809086,apartment,2,8.1605,8.290849404366385
12007816139,apartment,2,8.5725,8.279321124112894
12007817550,apartment,2,8.3349,8.349584635199248
12007817933,apartment,2,8.4286,8.298222016467076
12007819502,apartment,2,8.4324,8.347675767806024
12007823674,apartment,2,8.4839,8.287205951766667
12007823811,apartment,2,8.4482,8.348758033697093
12012703401,apartment,2,7.6487,8.188290576213822
12031101187,apartment,2,8.8144,8.614817346551842
12040203922,apartment,2,7.81,8.205787487733145
12040204023,apartment,2,8.2645,8.206535330958094
12040800947,apartment,2,8.1751,8.238965811198126
12040801048,apartment,2,8.0032,8.237676379160213
12040801153,apartment,2,8.1751,8.242189391292907
12040802907,apartment,2,8.1075,8.197594443002382
12040803644,apartment,2,8.2379,8.191791998831773
12040809960,apartment,2,8.2987,8.215170901307369
12040810144,apartment,2,7.7848,8.226758900493664
12040811809,apartment,2,8.4611,8.382394474009505
12040812082,apartment,2,8.4345,8.355999415718934
12041100671,apartment,2,8.3576,8.352637776476783
12041105118,apartment,2,8.3706,8.298289879224404
12042502110,apartment,2,8.2901,8.14199678592631
12044200804,apartment,2,8.3002,8.203525153789457
12103903446,apartment,2,8.3782,8.400473951094684
12109500831,apartment,2,8.2685,8.264754869856672
12111407460,apartment,2,8.2171,8.287537401821279
12111602441,apartment,2,8.0546,8.190543228456432
12117000826,apartment,2,7.8604,8.266030876935465
12125001429,apartment,2,8.1887,8.220107690125179
12125907401,apartment,2,8.4189,8.614535190477278
12200403266,apartment,8,8.4457,8.722046163500028
12200702328,apartment,8,8.8841,8.836234948102813
12200704411,apartment,8,8.635,8.820609845986377
12203500548,apartment,8,7.6009,8.451651415539065
12203900260,apartment,8,8.2295,8.515898816135257
12208001140,apartment,8,7.693,8.331080532836738
12208801147,apartment,8,8.1918,8.414014139814757
12209102341,apartment,8,7.8153,8.50364072275158
12210101416,apartment,8,8.096,8.510678830543188
12210101718,apartment,8,8.1557,8.530640968675081
12210102242,apartment,8,8.2331,8.517978949598977
12213303419,apartment,8,7.7985,8.165543275766868
12214502962,apartment,8,7.9258,8.33009041924442
12214505856,apartment,8,7.9576,8.402184518906125
12214507468,apartment,8,8.1619,8.457992859315587
12214507905,apartment,8,8.3257,8.460979837754996
12214509320,apartment,8,8.2802,8.459399067642515
12214509533,apartment,8,8.1619,8.454831319090623
12214509894,apartment,8,8.3253,8.434870790608198
12214510191,apartment,8,8.2138,8.464315939765514
12214600298,apartment,8,8.0413,8.499126052065915
12214600859,apartment,8,8.0126,8.49553485852452
12214601685,apartment,8,8.0721,8.500706822178396
12214601812,apartment,8,7.9768,8.49596451184095
12217401946,apartment,8,7.8859,8.460505252856834
12300201584,apartment,8,8.1117,8.41013496004845
12300501251,apartment,8,8.4333,8.414212361473567
12300503661,apartment,8,8.6662,8.492073120391145
12300900881,apartment,8,8.6323,8.504425503596678
12301500798,apartment,8,8.0098,8.37198535194572
12301502065,apartment,8,8.223,8.352637745108778
12307101356,apartment,8,8.0985,8.323295929890174
12307101372,apartment,8,8.1377,8.315392079327765
12310103119,apartment,8,8.2548,8.377267426555823
12310107068,apartment,8,8.453,8.317021611325949
12310302286,apartment,8,8.1543,8.36552336653407
12310302723,apartment,8,8.079,8.367104136646553
12315103028,apartment,8,8.8123,8.503556926973756
12322700753,apartment,8,8.1624,8.346193749216804
12322701954,apartment,8,8.1577,8.336858818858612
12408400588,apartment,7,8.382,8.376345768425454
12410402215,apartment,7,8.4995,8.57081931656092
12411600789,apartment,7,8.2898,8.632989316325832
12412001749,apartment,7,8.2048,8.60219279784738
12412002222,apartment,7,8.4925,8.60362615346659
12416501495,apartment,7,7.9521,8.337146025714974
12417405767,apartment,7,7.9207,8.625401925992106
12417407603,apartment,7,8.4995,8.72886441011738
12417408928,apartment,7,8.6945,8.69531651761499
12417501863,apartment,7,8.3257,8.67052009443205
12502100398,apartment,7,7.9984,8.26821831893793
12512403474,apartment,7,8.1172,8.318442860762422
12512403891,apartment,7,8.2185,8.318920645968827
12513105035,apartment,7,8.3666,8.619571921683702
12516600541,apartment,7,8.0317,8.364760513161764
12516900502,apartment,7,8.4237,8.443659942945475
12728902819,apartment,4,8.3066,8.175719139087866
12731000200,apartment,4,8.3318,8.221536809466429
12731000936,apartment,4,8.4537,8.221116744596397
12731006081,apartment,4,8.5017,8.218176290506166
12731007108,apartment,4,8.2785,8.217756225636133
12821200918,apartment,4,8.3473,8.290971332952493
12821300718,apartment,4,8.4362,8.407418468569277
12902301153,apartment,3,7.926,8.452877211577455
12902301927,apartment,3,7.3545,8.460484412000751
12902302011,apartment,3,7.9146,8.45722418324791
12902302559,apartment,3,7.7611,8.461571154918364
12902303679,apartment,3,7.8034,8.480309400540285
13010901428,apartment,3,8.2501,8.534781273410957
13010901959,apartment,3,8.3473,8.543475216751867
13012901158,apartment,3,7.9128,8.249214375523602
13014002371,apartment,3,8.3399,8.553354300195267
13014003191,apartment,3,7.9911,8.524428844043776
13014003319,apartment,3,7.9844,8.527381027534659
13014200688,apartment,3,8.4407,8.462221297324927
13014203385,apartment,3,8.2118,8.459145358733595
13014204284,apartment,3,8.2583,8.456372550357186
13031002546,apartment,3,8.0189,8.412361062656862
13031004050,apartment,3,7.9121,8.44287853087153
13032704943,apartment,5,7.8162,8.466576860605555
13037000200,apartment,3,7.803,8.190835966313951
13037001789,apartment,3,7.7595,8.202943988965833
13100303074,apartment,5,7.8109,8.361417047965343
13109702060,apartment,5,7.9817,8.51157607599017
13109702338,apartment,5,8.0617,8.51239130227237
13109702486,apartment,5,8.077,8.508315170861378
13110901322,apartment,5,8.1277,8.381408881444505
13111203106,apartment,5,8.2836,8.555599826161295
13327808197,apartment,5,8.0164,8.464143793910234
13328005977,apartment,5,7.9089,8.295584784519626
13409000241,apartment,5,8.1196,8.42533093019452
13446404456,apartment,5,7.7138,8.273874033577842
13446404650,apartment,5,7.7331,8.274689259860041
13522801554,apartment,5,8.3349,8.400020888753348
13538902649,apartment,5,8.0133,8.466209652801066
13625901632,apartment,5,7.7339,8.527702207167644
13632301041,apartment,5,8.1328,8.13664247624175
13704101876,apartment,5,8.5172,8.393003470922588
13706200235,apartment,5,7.6795,8.256124497125825
13706200472,apartment,5,7.7926,8.289102523172355
13706301376,apartment,5,7.9959,8.63713127298182
13714201695,apartment,5,7.8982,8.465100372198165
13805202694,apartment,5,7.9736,8.376699471893254
13811101349,apartment,5,8.0893,8.655143384606104
13834901465,apartment,5,8.6011,9.027274346741109
13834901473,apartment,5,8.6011,9.027274346741109
13834901503,apartment,5,8.625,9.025643894176714
13834901661,apartment,5,8.6121,9.029720025587704
13834905320,apartment,5,8.8198,9.084455503246126
13834905691,apartment,5,8.8222,9.086085955810523
13834908680,apartment,5,8.6011,9.043565810124239
13834908893,apartment,5,8.6312,9.044877243554046
13903003548,apartment,5,8.1388,8.462741267461976
13906600644,apartment,5,8.0025,8.26288276840294
13907402218,apartment,5,8.0451,8.35661930956141
13918700398,apartment,5,7.7517,8.310728524362592
14000400419,apartment,5,7.7863,8.235795745980443
14026606944,apartment,5,7.9391,8.265673836203481
14027103407,apartment,5,8.0783,8.230879417067307
14028100371,apartment,5,7.9329,8.113038870980073
14102001580,apartment,5,8.0383,8.301247336267174
14102600964,apartment,5,8.1639,8.468391178286176
14105701184,apartment,5,8.0652,8.247595415418424
14105701941,apartment,5,7.916,8.250041094265018
14105705661,apartment,5,7.7544,8.254932451958206
14202000853,apartment,5,8.3147,8.336167309479821
14202800787,apartment,5,8.4039,8.706838942416724
14208001711,apartment,5,8.6373,8.933936509396023
14208301197,apartment,5,8.7179,8.849542478497959
14208301227,apartment,5,8.781,8.8512477537367
14208301480,apartment,5,8.6603,8.850570891607715
14208600542,apartment,5,8.6108,8.659605479388027
14209400520,apartment,5,8.1873,8.592182725571687
14209601275,apartment,5,8.0898,8.696167395661124
14210200483,apartment,5,8.3021,8.776194411076709
14210200531,apartment,5,8.3021,8.778640089923304
14211900721,apartment,5,8.3321,8.707655326484184
14213500763,apartment,5,8.5172,8.818888690605403
14216202208,apartment,5,8.2453,8.25016239435179
14301902243,apartment,3,8.3143,8.24138274912797
14302400314,apartment,3,7.8403,8.792534028841672
14302502524,apartment,3,8.0652,8.270263698839969
14303001561,apartment,3,8.3862,8.244776754458059
14304600167,apartment,3,8.3205,8.171536882647636
14304801057,apartment,3,8.2118,8.182257018567807
14307203002,apartment,5,8.1117,8.275019123238586
14307206461,apartment,5,8.3837,8.353252290014943
14307302205,apartment,5,8.1773,8.187017638783987
14307303090,apartment,5,8.4966,8.221078692999745
14401801457,apartment,5,8.3773,8.806820973125241
14406501931,apartment,5,8.1117,8.605901239883915
14410501282,apartment,5,8.0539,8.497626635874592
14410503171,apartment,5,7.838,8.54502316324011
14416102185,apartment,5,7.768,8.417887266446012
14416107411,apartment,5,8.6915,8.687124914493648
14420801122,apartment,5,7.7933,8.5224173949793
14602300854,apartment,3,8.3622,8.599752381532557
14603100735,apartment,3,8.4505,8.470763438908007
14612900765,apartment,3,7.8067,8.323923365661154
14707502414,apartment,3,8.7167,8.324053342112567
14719700445,apartment,3,7.8355,8.260874959735222
14719703126,apartment,3,7.824,8.23476607471794
14719800687,apartment,3,7.8886,8.246004818295063
14719801896,apartment,3,7.8625,8.215487190972915
14719803831,apartment,3,7.7945,8.24335144540032
14720502661,apartment,3,7.8623,8.294333295079943
14720503275,apartment,3,8.1091,8.269047461883192
14720504425,apartment,3,7.9619,8.233008149578037
14720504468,apartment,3,7.8435,8.225280956686102
14728200603,apartment,3,8.0446,8.226405235506048
14728201081,apartment,3,8.0947,8.259832688655282
14728205362,apartment,3,8.0962,8.22303006547021
14728208302,apartment,3,7.9891,8.233989903399902
14728208469,apartment,3,8.0396,8.226287830641368
14728211141,apartment,3,8.002,8.234916657152617
14728212350,apartment,3,8.4372,8.477415796263825
14728215031,apartment,3,8.6055,8.47850253918144
14728217281,apartment,3,8.355,8.43128885470182
14729302361,apartment,3,8.5457,8.54739817960964
14729302574,apartment,3,8.2855,8.523353118156148
14729304321,apartment,3,8.3117,8.54526565462017
14729304585,apartment,3,8.4684,8.54526565462017
14729304951,apartment,3,8.6558,8.558461594958821
14731100894,apartment,3,8.3811,8.4544928099371
14733600479,apartment,5,8.3931,8.34638644130729
14733803477,apartment,5,7.9715,8.258829858690268
14733808665,apartment,5,8.2385,8.467683050236921
14734002001,apartment,5,8.1183,8.25927337297704
14735001203,apartment,5,8.0472,8.213575591714509
14735001637,apartment,5,7.9853,8.216836496843301
14735200788,apartment,3,7.9317,8.34215772868394
14735200958,apartment,3,7.9111,8.343244471601553
14805001691,apartment,3,7.5279,8.054121879508603
14815400465,apartment,3,8.1689,8.338024476953125
14818901309,apartment,3,8.0359,8.320792710373194
14908700426,apartment,3,7.901,8.560087355756286
14932601221,apartment,3,7.9403,8.41446074836733
14932601335,apartment,3,7.7742,8.41663423420256
14935200102,apartment,3,7.9988,8.505905353594558
15002902005,apartment,3,8.1951,8.438689195744406
15028504211,apartment,5,8.1388,8.623612342212562
15028507421,apartment,5,8.1807,8.613586781788257
15028508282,apartment,5,7.7637,8.586165946783272
15028600332,apartment,3,8.1987,8.336518266299684
15106400480,apartment,3,8.0598,8.555152041214926
15110202299,apartment,5,8.1032,8.415096290252247
15112302827,apartment,5,8.0529,8.349082650671324
15112304234,apartment,5,7.9728,8.479676748426382
15112304651,apartment,5,7.9103,8.478046295861985
15112305605,apartment,5,8.0854,8.507042913657537
15119903281,apartment,5,8.0164,8.428029772661516
15119905871,apartment,5,8.2509,8.350825798140189
15119906396,apartment,5,8.0487,8.344303987882604
15119906965,apartment,5,8.0864,8.34563543671877
15119907759,apartment,5,7.7063,8.418837150451035
15120003728,apartment,5,8.3489,8.5300160908284
15120005895,apartment,5,8.3816,8.54354416938287
15120008509,apartment,5,8.2385,8.601644880839006
15120009221,apartment,5,8.3573,8.573169139547204
15212402696,apartment,3,8.415,8.53398124875977
15310404588,apartment,3,8.1742,8.436815734296161
15408001112,apartment,3,8.5668,8.82888745922281
15408001661,apartment,3,8.3109,8.833234430893267
15408001708,apartment,3,8.5172,8.838128061110023
15413106441,apartment,3,7.6454,8.328940006742513
15423101831,apartment,3,8.3143,8.461051919497883
15423904950,apartment,3,7.6059,8.27127338669577
15423905302,apartment,3,8.1117,8.262139662576804
15425301269,apartment,3,8.0897,8.405923414219117
15509801149,apartment,3,8.1591,8.406579043304328
15523011230,apartment,3,7.9911,8.412347842756855
15523017281,apartment,3,8.3286,8.582293404441673
15523017451,apartment,3,8.3837,8.590987347782583
15523019096,apartment,3,8.5172,8.589900604864969
15523019959,apartment,3,8.6068,8.583380147359287
15523021678,apartment,3,8.4457,8.596379297351266
15523021732,apartment,3,8.558,8.568745238006244
15523025517,apartment,3,8.1763,8.558917937862136
15523028370,apartment,3,8.1445,8.56326490953259
15528302101,apartment,3,8.3021,8.770983953099105
15536906541,apartment,3,8.0679,8.685828501578229
15603604890,apartment,3,7.9596,8.252750855686525
15603608136,apartment,3,7.453,8.271628310560647
15603612214,apartment,3,7.6397,8.300545873131897
15603612966,apartment,3,7.8724,8.31505334685945
15603612982,apartment,3,7.9625,8.310706375188994
15603615647,apartment,3,8.0292,8.319400318529905
15603619847,apartment,3,7.824,8.288318891316937
15603800762,apartment,3,8.5172,8.443122204867029
15603806906,apartment,3,8.6458,8.440171006498563
15705904516,apartment,1,8.0652,8.239985043668371
15705905210,apartment,1,8.1706,8.245502586148817
15705905520,apartment,1,8.1117,8.243504008223889
15707901468,apartment,1,8.5374,8.531309365434213
15707910378,apartment,1,8.3862,8.52825770298582
15709608512,apartment,1,7.9984,8.253530816250244
15709609756,apartment,1,7.7063,8.220356181480303
15709610924,apartment,1,7.8341,8.223957410555656
15709614512,apartment,1,8.6095,8.36966403254395
15709620849,apartment,1,8.2376,8.192236512598074
15710400547,apartment,1,7.8835,8.221512714942097
15710401241,apartment,1,8.0266,8.222012359423328
15710500576,apartment,1,8.2489,8.265748017882391
15711100237,apartment,1,7.8337,8.21123450553204
15713006701,apartment,1,8.0403,8.226672375418973
15713008079,apartment,1,8.0329,8.20472337267566
15713010235,apartment,1,8.3888,8.355959061260027
15713010502,apartment,1,8.1807,8.389336043705521
15713018988,apartment,1,8.3413,8.488300338477208
15718601991,apartment,1,7.9898,8.130503876076656
15720801722,apartment,1,8.1807,8.296463221445116
15721000642,apartment,1,7.9939,8.261205199447783
15721001584,apartment,1,7.9294,8.260205910485318
15721003201,apartment,1,8.4495,8.352368164094536
15721003552,apartment,1,8.3927,8.379877390227593
15721006322,apartment,1,8.0214,8.34690877264594
15721300859,apartment,1,7.824,8.233266138469189
15721301413,apartment,1,7.8312,8.233016316228573
15721402767,apartment,1,8.0943,8.351103925008475
15721403844,apartment,1,8.2536,8.360626430998837
15722000824,apartment,1,8.0523,8.287304695221453
15722403686,apartment,1,8.0415,8.1380281745376
15722900752,apartment,1,8.239,8.260598489650071
15722901392,apartment,1,8.192,8.15302437251597
15722901937,apartment,1,8.0014,8.154700202142866
15722902259,apartment,1,8.2043,8.154023661478435
15722905908,apartment,1,7.7018,8.19661052016089
15722907595,apartment,1,7.805,8.20844663152927
15722909660,apartment,1,8.1213,8.21208090132249
15722912181,apartment,1,7.744,8.213845052831456
15722919348,apartment,1,8.1117,8.349143942684739
15722923231,apartment,1,8.351,8.318620010196838
15722923507,apartment,1,8.273,8.300867378123272
15722924007,apartment,1,8.3001,8.296206574114088
15722926565,apartment,1,7.9032,8.420055078752066
15722927669,apartment,1,7.7634,8.419305612030218
15722928721,apartment,1,8.0247,8.452564941473634
15903800601,apartment,8,8.6713,8.614992320478528
15903802019,apartment,8,8.5374,8.625504803191088
15908800480,apartment,8,8.2127,8.308924682723758
15908800901,apartment,8,8.1055,8.318409303398647
15908803390,apartment,8,8.1634,8.40640594879537
15909800492,apartment,8,7.77,8.259258058171175
15913500694,apartment,8,7.9857,8.364543164345106
15914001195,apartment,8,8.0523,8.28814319140621
15914002019,apartment,8,8.1025,8.283400881068765
15915900649,apartment,8,7.4456,8.254268532359744
15915901734,apartment,8,7.8103,8.25110699213478
15916509285,apartment,8,8.479,8.361858086183679
15916517601,apartment,8,8.2462,8.415547934029554
15916517660,apartment,8,8.2649,8.413967163917073
15916517709,apartment,8,8.2271,8.41080562369211
15916519752,apartment,8,8.2035,8.347680511585772
15916601874,apartment,8,8.1605,8.329733600777551
15916603362,apartment,8,8.137,8.306192571245363
15916603435,apartment,8,8.0858,8.309354111470327
15916604271,apartment,8,8.2025,8.336056681227479
15916606523,apartment,8,8.0734,8.339218221452443
15916606744,apartment,8,8.1977,8.299869490795436
15916607422,apartment,8,8.0317,8.301450260907918
15916608305,apartment,8,8.34,8.309995930308467
15916608585,apartment,8,8.0672,8.3030310310204
15916801377,apartment,8,8.411,8.266266721706897
15917705304,apartment,8,7.8575,8.274962678021872
15917708532,apartment,8,7.832,8.278853996236615
15917711584,apartment,8,8.1288,8.378889651415895
15917712815,apartment,8,8.2102,8.364662720403558
15917713668,apartment,8,8.1483,8.363697732022043
15921002738,apartment,8,8.1543,8.416016222310489
15921004579,apartment,8,8.8408,8.449160008816659
15921006547,apartment,8,8.8444,8.512171805827123
15929105900,apartment,8,8.3741,8.394060260110278
15929109418,apartment,8,8.363,8.40684819012629
15929109655,apartment,8,8.3741,8.395782799338917
15929109965,apartment,8,8.4682,8.419592798834733
15929114391,apartment,8,8.3261,8.439125834348946
15929115681,apartment,8,8.3741,8.456796731174663
15929117453,apartment,8,8.3349,8.450473650724735
15929117496,apartment,8,8.4674,8.440395627542932
15930801915,apartment,8,7.5147,8.302784234391932
16004901813,apartment,8,8.0376,8.234204790062561
16004904987,apartment,8,8.3962,8.111877907979341
16010901811,apartment,8,7.4392,8.410212701841825
16017301194,apartment,8,8.059,8.266759540274188
16017701869,apartment,8,8.0064,8.251311018967654
16017705678,apartment,8,8.2083,8.193260567187494
16017705996,apartment,8,8.3434,8.2935366815357
16017901213,apartment,8,8.0973,8.27920971295187
16019501506,apartment,8,8.2521,8.331342388045979
16019502723,apartment,8,8.2521,8.328180847821015
16021303521,apartment,8,8.1335,8.294065511779616
16021701215,apartment,8,7.7287,8.28041356368185
16023801128,apartment,8,8.2978,8.257240025818529
16023801251,apartment,8,8.5965,8.260401566043493
16023901653,apartment,8,8.0256,8.236242762529548
16024901126,apartment,8,8.3059,8.354834511909957
16026900461,apartment,8,8.2623,8.36323618461681
16026902154,apartment,8,8.2642,8.355476541135637
16026902456,apartment,8,8.3554,8.37182526173879
16026903045,apartment,8,8.2623,8.36481695472929
16027702353,apartment,8,8.5952,8.305378509502379
16027702612,apartment,8,8.6439,8.303797739389896
16027704161,apartment,8,8.7096,8.368742695623622
16027704720,apartment,8,8.6781,8.31906002267682
16028302995,apartment,8,8.4188,8.345630480729536
16028701008,apartment,8,8.2295,8.319552515637966
16028701441,apartment,8,8.1315,8.23688029321243
16036804491,apartment,8,8.1233,8.238468796190745
16036805585,apartment,8,8.1682,8.24479187664067
16036812271,apartment,8,8.6305,8.236283933550778
16036812573,apartment,8,8.7403,8.222057002538442
16037001951,apartment,8,8.3468,8.19472089731384
16037002117,apartment,8,8.265,8.205786288101212
16037002478,apartment,8,9.1938,8.355369418767502
16037006147,apartment,8,8.9872,8.178584163674408
16200100984,apartment,2,8.0679,8.212366414868326
16200105110,apartment,2,8.1233,8.234662622733858
16200106575,apartment,2,8.6748,8.331397643983179
16200109019,apartment,2,8.2628,8.318696406133853
16200111056,apartment,2,8.394,8.312893961963244
16200112869,apartment,2,8.7208,8.406238814479684
16200115302,apartment,2,8.8858,8.42939920976922
16200116481,apartment,2,8.9513,8.303042325101169
16200117828,apartment,2,8.8698,8.304331757139082
16200122104,apartment,2,8.5925,8.329500286478662
16200136180,apartment,2,8.4154,8.47272017058722
16200136512,apartment,2,8.3886,8.430171761410097
16200145929,apartment,2,8.2533,8.613112834605463
16200501792,apartment,2,8.5839,8.229438452663798
16200503736,apartment,2,8.3688,8.228149020625885
16200503981,apartment,2,8.4998,8.227504304606928
16203501327,apartment,2,8.465,8.479477672874491
16203606714,apartment,2,8.4839,8.38957760938414
16203609705,apartment,2,8.267,8.39538005355475
16203610797,apartment,2,8.1304,8.446098369902705
16205102926,apartment,2,8.1605,8.409950836552325
16208400502,apartment,2,8.7072,8.922181061816415
16221300761,apartment,2,8.0848,8.41218323916345
16221602520,apartment,2,7.9207,8.44365186150499
16325601148,apartment,2,7.9176,8.255874519118569
16325602276,apartment,2,8.1205,8.25200622300483
16325700626,apartment,2,7.7187,8.301919348074799
16511710989,apartment,8,8.4118,8.33732218884866
16511711594,apartment,8,8.4978,8.371197160670643
16513500981,apartment,8,8.1353,8.451001202633188
16513500991,apartment,8,8.2659,8.439935811845816
16536502778,apartment,2,7.7194,8.040954992051661
16536503499,apartment,2,7.5314,8.072428805081184
16537104253,apartment,2,8.5703,8.354929002108598
16537111071,apartment,2,8.4611,8.348481841919034
16540402146,apartment,2,7.9176,8.149039038159671
16540700295,apartment,2,7.9194,8.259862320375236
16540700392,apartment,2,8.0472,8.256638740280454
16541406676,apartment,2,8.2179,8.295216667233579
16600403763,apartment,8,8.2158,8.458089369634562
16603305134,apartment,8,8.6226,8.751574351157988
16606502674,apartment,8,7.9431,8.474407322483465
16624902735,apartment,8,8.2295,8.262472323048357
16624906153,apartment,8,8.235,8.348789844232575
16624906277,apartment,8,8.3953,8.355112924682503
16624908751,apartment,8,8.127,8.489076298385328
16624909871,apartment,8,8.1117,8.496980148947737
16624911203,apartment,8,7.7264,8.484017835655873
16626708111,apartment,8,8.3493,8.814140725918154
16626708146,apartment,8,8.6583,8.820463806368082
16626709053,apartment,8,8.3894,8.796081159090313
16701402241,apartment,8,8.0529,8.472534957324298
16715904633,apartment,8,7.4335,8.081189867840889
16721801581,apartment,8,8.263,8.227010847304445
16805900688,apartment,8,7.8996,8.305951851829839
16809301622,apartment,8,8.0405,8.42005139614826
16809301681,apartment,8,8.096,8.410566775473368
16810001815,apartment,8,7.7933,8.27363134376649
16810003931,apartment,8,8.4161,8.451726735353938
16813000925,apartment,8,7.8427,8.30567527039217
16813001107,apartment,8,7.6962,8.320914395899939
16825608613,apartment,8,8.8426,8.531307695575661
16825608885,apartment,8,8.581,8.536050005913106
16829701014,apartment,8,7.9798,8.305113235359297
16829707391,apartment,8,8.0175,8.42888116680585
16832001834,apartment,8,7.9139,8.376967085320087
16832002326,apartment,8,7.9215,8.355830042733015
16832407180,apartment,8,8.1487,8.500444713401043
16900901653,apartment,8,8.0186,8.275455742775197
16900902609,apartment,8,8.0348,8.275455742775197
16900908720,apartment,8,8.0348,8.28433567470405
16900915719,apartment,8,8.1481,8.266088370847818
16900923681,apartment,8,8.1763,8.378792582014794
16900929541,apartment,8,8.074,8.347046120093538
16901800370,apartment,8,8.1367,8.498494101947943
16901901614,apartment,8,8.2424,8.374464011820042
16902001285,apartment,8,8.5019,8.492514633304815
16902001846,apartment,8,8.5817,8.514426534998385
16902002001,apartment,8,8.4833,8.512845764885904
16902100879,apartment,8,8.0012,8.505014532437693
16902103398,apartment,8,8.1828,8.552223239067175
16902106559,apartment,8,8.36,8.631692523655602
16902301602,apartment,8,8.409,8.466053067007332
16902302056,apartment,8,8.3501,8.451826135994995
16902304131,apartment,8,8.2143,8.481631205569396
16902601241,apartment,8,7.9795,8.43297687049881
16902601835,apartment,8,8.0819,8.386955892354088
16902800714,apartment,8,8.5397,8.52191870196544
16902800927,apartment,8,8.3966,8.520337931852959
16902801303,apartment,8,8.4358,8.45125825004045
16902803780,apartment,8,8.099,8.539668795848524
16902803837,apartment,8,8.2803,8.454315066232798
16903101739,apartment,8,8.1263,8.538349341864805
16903600883,apartment,8,8.2078,8.434398313974263
16903601571,apartment,8,8.4392,8.518089778424555
16903602071,apartment,8,8.3157,8.511766697974627
16903602576,apartment,8,8.3374,8.509290384309235
16903602940,apartment,8,8.294,8.522832088762
16903603602,apartment,8,8.3819,8.518775004984127
16903702880,apartment,8,8.1784,8.310821329441259
16903901875,apartment,8,8.5672,8.571833522986433
16904003420,apartment,8,8.1328,8.481096904920586
16904004362,apartment,8,8.3559,8.477935364695622
16904006721,apartment,8,8.6103,8.595821281863316
16904006861,apartment,8,8.5317,8.597402051975797
16904007485,apartment,8,8.3717,8.517550332276915
16904007681,apartment,8,8.428,8.60056359220076
16904007841,apartment,8,8.6081,8.60056359220076
16904007981,apartment,8,8.6516,8.592659741638352
16906202781,apartment,8,8.1942,8.456758123610086
16906203060,apartment,8,8.2228,8.447273502935197
16907600438,apartment,8,7.9519,8.353520984372409
16908401110,apartment,8,7.8989,8.227158066649654
16908903485,apartment,8,7.9365,8.3083783467474
16911901196,apartment,8,8.3075,8.2828836873438
16911902631,apartment,8,8.372,8.299138334342004
16911903237,apartment,8,8.3075,8.315015730248598
16911903555,apartment,8,8.0189,8.591446244782507
16911903970,apartment,8,7.8764,8.558893856639566
16911904578,apartment,8,8.0368,8.55446925028139
16911905167,apartment,8,7.5558,8.56205539686453
16919700947,apartment,8,7.8909,8.257939967414233
16919701978,apartment,8,8.4589,8.503453652613638
16919703377,apartment,8,8.3866,8.48688606624784
16919703415,apartment,8,8.3042,8.482143755910394
16919903201,apartment,8,8.3872,8.356721225557788
16919904593,apartment,8,8.4344,8.377852803081252
16919904992,apartment,8,8.5344,8.400107407779347
16919907444,apartment,8,8.6149,8.552419717871903
16920201861,apartment,8,8.4719,8.558898308737987
16920303034,apartment,8,8.3712,8.6106136525936
16920501995,apartment,8,8.4755,8.702602020130584
16920502071,apartment,8,8.4231,8.686794319005765
16920504579,apartment,8,8.5689,8.696278939680656
16920601302,apartment,8,7.9993,8.453322636764653
16921205087,apartment,8,8.4452,8.516914633809199
16921206131,apartment,8,8.4482,8.45052797606642
16921400823,apartment,8,8.294,8.4428171784214
16921402435,apartment,8,8.0739,8.375112554737568
16921402451,apartment,8,8.1348,8.365627934062676
16921900966,apartment,8,8.187,8.34586583161302
16922302124,apartment,8,7.9191,8.305165202833784
16922500988,apartment,8,8.2479,8.417563780835314
16922603655,apartment,8,8.4584,8.647459624088311
16922605658,apartment,8,8.4338,8.63345017728727
16922606131,apartment,8,8.7171,8.622384786499897
16926907179,apartment,8,8.4952,8.278725514318632
16926912857,apartment,8,8.1526,8.539218560326313
16929000271,apartment,8,7.824,8.461617921697437
16929001510,apartment,8,7.8427,8.467941002147363
16930101019,apartment,8,7.8611,8.180051762449597
16930101035,apartment,8,8.3487,8.315892996505927
16930102856,apartment,8,8.0133,8.202644740040048
16930403112,apartment,8,8.2334,8.271099463232412
16930403473,apartment,8,8.0635,8.285326394244748
16930403937,apartment,8,8.0819,8.27742254368234
16930414815,apartment,8,8.5268,8.480035966418537
16930416028,apartment,8,8.8144,8.47371288596861
16930416435,apartment,8,8.6229,8.472132115856128
17000403445,apartment,8,8.595,8.265666995968115
17001002428,apartment,8,8.6836,8.481659405553692
17001003149,apartment,8,8.6836,8.489563256116103
17001100977,apartment,8,8.2311,8.39437982570044
17001202214,apartment,8,8.81,8.5347911629676
17001204373,apartment,8,8.774,8.5347911629676
17001502412,apartment,8,8.0214,8.209274044044088
17001900248,apartment,8,8.2798,8.39916964546317
17002101241,apartment,8,8.1568,8.289007225282827
17002201823,apartment,8,8.1807,8.40185533311442
17002201912,apartment,8,8.1066,8.386047631989603
17002301275,apartment,8,7.7334,8.326018717460878
17002301755,apartment,8,7.7439,8.293922312998431
17003701196,apartment,8,7.9606,8.323663978166678
17003902280,apartment,8,7.9294,8.342543973468064
17004300322,apartment,8,7.8177,8.450082517676082
17004901024,apartment,8,7.5433,8.2350504501949
17004901733,apartment,8,7.4388,8.2501028570494
17005901192,apartment,8,8.3301,8.431462984117383
17005905295,apartment,8,8.1461,8.492355608150527
17006202433,apartment,8,8.3489,8.51566181930609
17006202786,apartment,8,8.2976,8.504596428518717
17006203200,apartment,8,8.1673,8.434109458052088
17007302466,apartment,8,8.2144,8.381356619407393
17007302806,apartment,8,8.3584,8.323077292789362
17007305287,apartment,8,8.2985,8.383296488323984
17007307573,apartment,8,8.0115,8.298893185336809
17007309967,apartment,8,8.1554,8.388154145523824
17007310868,apartment,8,8.363,8.383556042267616
17013201676,apartment,8,8.392,8.747398325285534
17015900539,apartment,8,7.4876,8.302055131879568
17015901217,apartment,8,8.1951,8.448127551984403
17017105418,apartment,8,7.6843,8.319303088626327
17017403400,apartment,8,8.101,8.390065670191152
17017403877,apartment,8,7.4931,8.281519300955333
17018408155,apartment,8,7.6247,8.259628351635532
17018902982,apartment,8,8.1543,8.400257484586675
17018903792,apartment,8,8.5022,8.473932865191781
17019202798,apartment,8,8.5446,8.4996570201806
17019203441,apartment,8,8.3849,8.479240354471662
17019204197,apartment,8,8.4472,8.501044329956787
17019400621,apartment,8,7.5785,8.150676174645028
17019606295,apartment,8,8.0018,8.25384852030391
17019606570,apartment,8,8.1456,8.266494681203763
17019606651,apartment,8,7.7746,8.25384852030391
17102101790,apartment,8,7.7295,8.29020817957857
17102102789,apartment,8,8.2255,8.485847321900323
17102102800,apartment,8,8.3501,8.437311858423163
17103705290,apartment,8,7.3905,8.24468372093483
17104300324,apartment,8,7.599,8.299338278424514
17104301487,apartment,8,8.1421,8.418832942930498
17106601232,apartment,8,7.8034,8.184521562845987
17110102059,apartment,8,8.1658,8.264575627155715
17111900919,apartment,8,7.8059,8.201211823737971
17116202500,apartment,8,8.713,8.421954731744277
17116202683,apartment,8,8.3143,8.417212421406832
17116400728,apartment,8,7.6426,8.27548266914762
17116401961,apartment,8,8.0169,8.305648281998906
17116404243,apartment,8,8.8309,8.365619777381221
17116600328,apartment,8,7.657,8.280897002495719
17116702031,apartment,8,8.0219,8.221022785437436
17116702368,apartment,8,8.1195,8.207862077864123
17117503350,apartment,8,8.5074,8.529796610095733
17117706561,apartment,8,8.434,8.264558612015769
17117712758,apartment,8,8.5848,8.261397071790805
17118301069,apartment,8,7.57,8.233777722549878
17118900701,apartment,8,7.8608,8.215889988930215
17118903409,apartment,8,7.7746,8.186278197956497
17119101209,apartment,8,7.8623,8.309921337387635
17119101314,apartment,8,7.7753,8.320986728175008
17119202315,apartment,8,8.75,8.433224385654164
17119204156,apartment,8,8.4737,8.33837808767623
17119204725,apartment,8,8.554,8.501780810939605
17119204970,apartment,8,8.5896,8.347559244349085
17119205675,apartment,8,8.5172,8.35072078457405
17119205799,apartment,8,8.5457,8.349140014461566
17119503587,apartment,8,8.0133,8.310006485339647
17119801197,apartment,8,7.627,8.35909622482749
17119807209,apartment,8,8.6412,8.480318212009632
17119903038,apartment,8,7.7683,8.252208114563818
17119903569,apartment,8,7.8685,8.331704208584721
17119905456,apartment,8,7.574,8.278150971547497
17119906010,apartment,8,8.0317,8.265561368473445
17119908064,apartment,8,7.7533,8.260080750996108
17120001670,apartment,8,8.4727,8.417863075144174
17120002065,apartment,8,8.544,8.416282305031691
17120002243,apartment,8,8.4555,8.430509236044028
17120003509,apartment,8,8.5265,8.410390929941153
17120201300,apartment,8,7.9557,8.333321769541728
17120202048,apartment,8,8.3033,8.313357662596001
17120202625,apartment,8,8.4389,8.410640994963838
17120301828,apartment,8,8.4284,8.38524129238146
17120302581,apartment,8,7.953,8.312875758780667
17120310290,apartment,8,8.7569,8.477762532095074
17120402081,apartment,8,8.9967,8.448779264214913
17120606793,apartment,8,7.9918,8.288633696247732
17120800379,apartment,8,7.8633,8.252452797403905
17121001569,apartment,8,8.3608,8.400260963936429
17121003472,apartment,8,7.9126,8.24473723507836
17121100745,apartment,8,8.32,8.345649267259
17121302712,apartment,8,8.4467,8.359861630996141
17121304804,apartment,8,8.6396,8.49719719646814
17121601299,apartment,8,8.3931,8.3873739528351
17121700440,apartment,8,8.1063,8.479647743617434
17121801727,apartment,8,8.5127,8.440333289910058
17121802243,apartment,8,8.5997,8.429267899122685
17121802881,apartment,8,8.4621,8.3721866403157
17121808934,apartment,8,8.9239,8.556146417102303
17122000231,apartment,8,8.5389,8.384726715400845
17122000231,apartment,8,8.3421,8.386307485513328
17122213217,apartment,8,8.3291,8.481221769988545
17123100653,apartment,8,8.0891,8.334631813311509
17124301091,apartment,8,8.1724,8.367357312784057
17124703807,apartment,8,8.294,8.261851584793018
17125805999,apartment,8,7.7777,8.251460269090007
17125808041,apartment,8,8.1689,8.26395132266039
17125810704,apartment,8,8.1617,8.307501395207403
17125813274,apartment,8,8.4986,8.439384150604042
17126700554,apartment,8,8.6934,8.405721108990312
17126703634,apartment,8,8.5795,8.383490536705317
17126703898,apartment,8,8.96,8.362212729278303
17127002966,apartment,8,8.2642,8.480203137440263
17127004871,apartment,8,8.2125,8.510423882961573
17127102979,apartment,8,8.4078,8.402335119101112
17127106532,apartment,8,8.371,8.515048737913459
17127700590,apartment,8,8.4139,8.32882179025638
17127701589,apartment,8,8.4341,8.317756399469008
17127701813,apartment,8,8.5474,8.314594859244044
17128002390,apartment,8,8.3871,8.447547272638186
17128003575,apartment,8,8.4118,8.43332034162585
17129803613,apartment,8,8.1103,8.459343201339639
17129803729,apartment,8,8.1114,8.463942399159325
17129803842,apartment,8,8.1114,8.463942399159325
17129803974,apartment,8,8.1157,8.462504741564603
17129804040,apartment,8,8.1095,8.465826050436053
17129804059,apartment,8,8.1133,8.464245280323572
17129804512,apartment,8,8.0994,8.462234856894659
17129804636,apartment,8,8.0994,8.46381562700714
17129804733,apartment,8,8.1099,8.461083740098609
17129806183,apartment,8,8.3557,8.592807704183716
17130014430,apartment,8,8.6836,8.366805703425953
17130022476,apartment,8,8.6052,8.423392881110363
17130024770,apartment,8,8.5065,8.438444910201598
17130024959,apartment,8,8.4737,8.44002568031408
17130028296,apartment,8,8.5848,8.431549195774828
17130201230,apartment,8,8.3972,8.401906784611205
17130206836,apartment,8,8.2489,8.436483487686452
17130209223,apartment,8,8.4122,8.387048600648214
17206500977,apartment,2,8.4553,8.53047956190322
17234700799,apartment,2,7.7564,8.186054163961199
17234702627,apartment,2,8.0472,8.164581267440356
17235303599,apartment,2,8.2058,8.244240099953826
17235303742,apartment,2,8.2618,8.244884815972783
17300805158,apartment,2,7.789,8.197733872279848
17300806367,apartment,2,7.9501,8.169833160693708
17300808823,apartment,2,7.8678,8.174346172826404
17300809137,apartment,2,7.9533,8.19911955209473
17300809633,apartment,2,7.9553,8.179729124527642
17300810216,apartment,2,7.8662,8.212239096023445
17330201501,apartment,2,7.934,8.254960402250438
17331001654,apartment,2,7.7512,7.968314936499251
17331003150,apartment,2,7.9418,8.37360180051905
17331003169,apartment,2,7.9782,8.379404244689658
17331003355,apartment,2,7.9041,8.37747009663279
17332001941,apartment,2,8.197,8.106990977852215
17332002263,apartment,2,8.0882,8.074429611534407
17332004002,apartment,2,8.0772,8.166876949813593
17427403990,apartment,2,8.1605,8.155928578061204
17431209109,apartment,2,7.9438,8.333879155286365
17616409392,apartment,2,8.6553,8.428727787675998
17616416682,apartment,2,8.5536,8.429978845932448
17616417328,apartment,2,8.5536,8.429334129913492
17616418502,apartment,2,8.5536,8.424176401761839
17709800229,apartment,2,7.8823,8.364333091338164
17709800253,apartment,2,7.9725,8.366267239395032
17714300451,apartment,2,8.3931,8.490668175513079
17714304285,apartment,2,8.46,8.488734027456209
17714306563,apartment,2,8.4302,8.491957607550992
17805802067,apartment,2,8.4065,8.280080713593893
17806500439,apartment,2,9.0086,8.549252237216349
18300200664,apartment,8,8.294,8.304825768950561
18302901163,apartment,8,8.207,8.430264868883594
18303201602,apartment,8,8.0288,8.257197224867564
18303400575,apartment,8,7.9706,8.283244192267006
18309108906,apartment,8,8.3994,8.498301523875076
18309109279,apartment,8,8.489,8.496720753762595
18309113306,apartment,8,8.3349,8.495139983650112
18309113969,apartment,8,8.1117,8.406285105820544
18309114191,apartment,8,8.1442,8.428876913817183
18310802861,apartment,8,7.9639,8.486635810322088
18310803469,apartment,8,8.1456,8.486291752322748
18311100461,apartment,8,8.1032,8.344246456865632
18311801192,apartment,8,8.4589,8.561391779296246
18311802997,apartment,8,8.5448,8.579792445028978
18311903610,apartment,8,7.9988,8.45885875410441
18312204831,apartment,8,8.0434,8.493574656120373
18312301142,apartment,8,7.6852,8.381169742666254
18312302661,apartment,8,7.701,8.402131302116926
18312500250,apartment,8,7.6468,8.386825566253968
18312701914,apartment,8,8.0631,8.354233514459015
18312702090,apartment,8,7.7304,8.362825211037228
18312704484,apartment,8,7.7205,8.523309187925054
18406100760,apartment,8,8.0109,8.236077518540583
18406501145,apartment,8,8.1622,8.286668639593088
18425205531,apartment,8,8.0635,8.390831013040463
18425206544,apartment,8,8.1407,8.381346392365572
18501601259,apartment,8,7.8915,8.244773990110565
18501803021,apartment,8,7.8841,8.097408761473243
18505403168,apartment,8,8.566,8.356191866620295
18505403613,apartment,8,8.4919,8.357772636732777
18505404865,apartment,8,8.4362,8.325489296351186
18505404921,apartment,8,8.5161,8.336554687138559
18505406000,apartment,8,8.5419,8.356919662585048
18505407521,apartment,8,8.0415,8.343471730903255
18505408054,apartment,8,8.4409,8.343471730903255
18505409255,apartment,8,8.6442,8.293909998731513
18505409352,apartment,8,8.6049,8.293909998731513
18505409840,apartment,8,8.7355,8.32100980800718
18505412302,apartment,8,8.7514,8.272383951608889
18505412833,apartment,8,8.631,8.265462684104012
18512001061,apartment,8,7.8623,8.165580965995444
18513202011,apartment,8,8.406,8.215518458354516
18600213370,apartment,8,8.2123,8.20989358735538
18600608863,apartment,8,7.5022,8.27354150967442
18600623781,apartment,8,8.3428,8.50647308359035
18600630184,apartment,8,7.9728,8.516668392589013
18600904829,apartment,8,8.4966,8.553254327896687
18606801835,apartment,8,7.5386,8.055521337163526
18608101911,apartment,8,8.0588,8.39007308483072
18608202661,apartment,8,8.1094,8.3933817125713
18608202785,apartment,8,8.0294,8.404447103358672
18700100705,apartment,7,7.7104,8.566422772702666
18724402795,apartment,7,7.8442,8.468272455728087
18724404380,apartment,7,7.7164,8.466361314902475
18724406642,apartment,7,8.5325,8.544074131795591
18800303179,apartment,7,7.8753,8.567178404819607
18800303470,apartment,7,8.0238,8.57052290126443
18803703933,apartment,7,7.889,8.541458517104536
18803704980,apartment,7,8.0064,8.555332738934245
18803706835,apartment,7,7.9519,8.55772166496626
18901900881,apartment,7,8.1807,8.460670266175574
19005501749,apartment,7,8.2721,8.315524820323697
19005505426,apartment,7,8.4727,8.305326625278301
19005507399,apartment,7,8.1543,8.295861184894942
19005509472,apartment,7,8.1543,8.35816049673455
19108900395,apartment,4,8.1807,8.158049957654788
19108900468,apartment,4,8.1807,8.158890087394854
19108900654,apartment,4,8.1188,8.16267067122515
19108901308,apartment,4,8.294,8.159310152264887
19201418271,apartment,5,8.3423,8.372421768975379
19300202331,apartment,5,8.3696,8.351006210924378
19601704425,apartment,9,8.8537,8.583664031636461
19601704654,apartment,9,8.6855,8.589363912679024
19601822843,apartment,9,8.3717,8.39426973018901
19603702535,apartment,9,8.5007,8.60206592238473
19603702675,apartment,9,8.3741,8.609845323255893
19603706328,apartment,9,8.1996,8.610836511655087
19603708495,apartment,9,8.5507,8.54984956614188
19603710244,apartment,9,8.4219,8.548709589933367
19603713979,apartment,9,8.5038,8.611026819626964
19603714721,apartment,9,8.4684,8.652966347248263
19700103810,apartment,7,8.4055,8.393453225301611
19700602795,apartment,7,8.5359,8.58808769288766
19700605964,apartment,7,8.7058,8.5947855750786
19700608491,apartment,7,8.6412,8.595004350509953
19700610501,apartment,7,8.8457,8.490976863238338
19700615889,apartment,7,8.948,8.388108370729391
19700617962,apartment,7,8.5092,8.66629722018633
19700621791,apartment,7,8.4566,8.657553954993052
19700623725,apartment,7,8.5572,8.67843277328218
19700629898,apartment,7,8.6792,8.522448575257235
19701600648,apartment,0,8.6392,8.467260250610183
19701601423,apartment,0,8.8897,8.49914993546536
19701601822,apartment,0,8.8524,8.497415901008331
19701603426,apartment,0,8.7596,8.49984354924817
19701902067,apartment,0,8.5946,8.473995979451793
19701902814,apartment,0,8.7719,8.41549161905353
19701916610,apartment,0,8.5099,8.544625882017709
19701918907,apartment,0,8.7333,8.501289056481204
19703912167,apartment,0,8.7517,8.604020786288144
19704401433,apartment,0,8.5172,8.801220498093146
19704403762,apartment,0,8.6618,8.862686984110182
19704416686,apartment,0,8.5172,8.815879791891867
19706301290,apartment,0,9.2814,8.447890685004209
19706305032,apartment,0,9.0049,8.538422245684943
19706305121,apartment,0,9.199,8.488042147751049
19812200400,apartment,4,7.9696,8.132496768302072
19812200842,apartment,4,8.0302,8.134177027782203
19901600838,apartment,7,8.4684,8.577678557034812
19905405320,apartment,7,8.1582,8.368301294101146
19905405835,apartment,7,7.9782,8.37067576487741
19905408818,apartment,7,8.0064,8.371153550083813
20101100361,apartment,8,7.8982,8.220466359121527
20101400258,apartment,8,7.9202,8.1515525136617
20101501331,apartment,8,7.9733,8.21630547353342
20105000858,apartment,8,8.0156,8.250707955804387
20111200294,apartment,8,7.3734,8.219164352879643
20111400358,apartment,8,8.1796,8.40443934010614
20111400706,apartment,8,8.4616,8.393373949318768
20204704081,apartment,7,8.2623,8.4556715747065
20204704381,apartment,7,7.9725,8.38852485837563
20204704500,apartment,7,8.3165,8.468622133371538
20800203362,apartment,7,8.3539,8.344180817202357
20800205446,apartment,7,8.4815,8.391483997985894
21002601876,apartment,7,7.6454,8.275910149182684
21401400424,apartment,7,8.5253,8.677124131835487
21401402354,apartment,7,8.537,8.663666630995813
21402008900,apartment,7,8.2479,8.343029285099359
21402009370,apartment,7,7.9749,8.306031487412836
21402300326,apartment,7,7.9979,8.30182835510365
21402301391,apartment,7,8.2171,8.391922243241176
21402301993,apartment,7,8.0427,8.392877813653982
21402302507,apartment,7,8.2171,8.389055532002757
21402401378,apartment,7,7.9953,8.373567848825122
21402402757,apartment,7,8.2013,8.359586934819777
21402407181,apartment,7,8.4181,8.405528717080138
21403300303,apartment,7,7.8649,8.394283593736308
21500304709,apartment,7,7.893,8.09680970637624
21601000403,apartment,7,8.3187,8.092745408458558
22702300829,apartment,4,8.2435,8.30456515827368
22702302309,apartment,4,8.2331,8.308345742103977
22702302317,apartment,4,8.1501,8.312790921055004
23006701354,apartment,5,8.1724,8.196102730727231
23007604621,apartment,5,7.8817,8.20492583202628
23008900222,apartment,5,8.3453,8.21970273667424
23009700601,apartment,5,8.3517,8.230140041052557
23009702378,apartment,5,8.1532,8.232778950822595
23009702920,apartment,5,8.0506,8.224858288499862
23009802704,apartment,5,7.966,8.219130623432315
23010002635,apartment,5,7.9492,8.142301167608036
23010200720,apartment,5,8.1807,8.150511479955343
23010503911,apartment,5,8.1117,8.136654491060117
23010505432,apartment,5,8.3453,8.139051840736562
23011800489,apartment,5,8.2295,8.186993384282244
23013312457,apartment,5,7.9111,8.393847077969706
23205501150,apartment,5,7.8565,8.306095855716338
23300901357,apartment,5,8.1132,8.49404314519537
23300901616,apartment,5,8.2017,8.49811927660636
23304501760,apartment,5,7.9698,8.599059910393771
23400801788,apartment,5,7.8545,8.40052555272048
23400804159,apartment,5,7.7407,8.391365987528895
23400804442,apartment,5,7.6337,8.38484417727131
23400804469,apartment,5,7.5492,8.42072695241108
23400807093,apartment,5,7.6277,8.414205142153495
23400809150,apartment,5,7.6352,8.419911726128882
23403802009,apartment,5,7.6867,8.364869501293331
23404902236,apartment,5,8.1215,8.480320076605178
23603401725,apartment,5,7.359,8.425854614894307
23903009219,apartment,5,7.9218,8.565756640791411
24100601008,apartment,5,8.4407,8.240246051916047
24100602365,apartment,5,8.3028,8.241876504480445
24100805371,apartment,5,8.4449,8.467446535548483
24100805800,apartment,5,7.9519,8.458452554838807
24504701721,apartment,5,7.5909,8.071350910805974
24512301397,apartment,5,7.6204,8.076317282182936
24600801529,apartment,5,7.6076,8.073327817119267
24601003510,apartment,5,7.6081,8.044724609773475
24601104252,apartment,5,7.8034,8.052404962196185
24601204427,apartment,5,7.9294,8.220972987582455
24609902301,apartment,5,7.9251,8.05458389764867
24825916838,apartment,5,7.6535,8.396722684786665
29903506900,apartment,6,8.7421,8.34820964155857
29903507842,apartment,6,8.7403,8.298246006631482
29903919172,apartment,6,9.5402,8.35453701026005
29904103540,apartment,6,8.6832,8.275342747098893
29904605643,apartment,6,8.7981,8.354141586526367
29904704511,apartment,6,9.2305,8.676654509593881
29906701011,apartment,6,8.8319,8.329393500074906
29906705211,apartment,6,9.1482,8.203560793264028
29907406153,apartment,6,8.9772,8.588733526096444
29907505631,apartment,6,8.6664,8.336646261492042
29907705193,apartment,6,9.2347,8.35991575804794
29908205917,apartment,6,8.8366,8.31337074221264
29908206115,apartment,6,8.7216,8.303836739651208
29908206808,apartment,6,9.3263,8.256800974265238
29908206808,apartment,6,8.7305,8.260237220598901
29908208223,apartment,6,8.975,8.374243477550898
29908208479,apartment,6,8.8674,8.373899852917532
29908302491,apartment,6,9.5288,8.718644414025762
29908302769,apartment,6,9.0246,8.71795716475903
29908303791,apartment,6,9.0169,8.719331663292497
29908304176,apartment,6,9.2525,8.718644414025762
29908304461,apartment,6,8.9484,8.719675287925863
29908308155,apartment,6,9.2184,8.733765825726787
29908707351,apartment,6,8.8429,8.815077317555469
29909407262,apartment,6,9.0741,8.425535736283152
29909801841,apartment,6,8.8319,8.252789484839429
29909801882,apartment,6,8.5889,8.285706526210827
29909901331,apartment,6,8.9433,8.293997334226198
29910105428,apartment,6,8.8807,8.459813461977198
29910600186,apartment,6,8.5514,8.243403543861533
29911001634,apartment,6,9.1179,8.362914309136423
29911002150,apartment,6,8.7536,8.336168853977162
29911101329,apartment,6,8.8391,8.285556269128184
29911101991,apartment,6,8.6748,8.28369378523707
29911102562,apartment,6,8.509,8.284724659137169
29911103054,apartment,6,9.0489,8.290460790585078
29911403538,apartment,6,9.3746,8.331502786743714
29911403554,apartment,6,8.8856,8.334024778871754
29911406405,apartment,6,8.6894,8.273830648399056
29911501203,apartment,6,8.6045,8.407689268351056
29911602158,apartment,6,8.4112,8.322576598771349
29911708231,apartment,6,9.515,8.382953278733082
29911708398,apartment,6,9.5056,8.380891530932884
30001501019,apartment,6,8.9284,8.755544015785485
30001501183,apartment,6,8.9227,8.8366816572649
30004601731,apartment,6,8.4802,8.253682697790497
30004602630,apartment,6,7.8707,8.270697074759259
30005402228,apartment,6,8.192,8.368845743560984
30005403054,apartment,6,7.882,8.233259899018194
30005903456,apartment,6,8.3288,8.342679559997244
30006301141,apartment,6,8.0713,8.323774143141986
30006702731,apartment,6,8.2443,8.364911609094978
30007301135,apartment,6,8.178,8.27388239357592
30008900342,apartment,6,8.3379,8.314290380264923
30008900423,apartment,6,8.8558,8.317039377331856
30011400495,apartment,6,8.3562,8.64466295586838
30103001351,apartment,8,7.9273,8.240016997736674
30103001589,apartment,8,7.6612,8.233693917286747
30104200526,apartment,8,8.6615,8.526819390972037
30104600761,apartment,8,7.8783,8.30482217301066
30104701096,apartment,8,8.157,8.435656991264654
30105100339,apartment,8,7.9094,8.4241772273444
30105100533,apartment,8,8.0014,8.418748165405042
30105201275,apartment,8,8.1586,8.426606817712548
30105403617,apartment,8,8.0652,8.415777720588924
30105406489,apartment,8,7.9261,8.369936415516591
30105406683,apartment,8,8.024,8.345993934228781
30105409690,apartment,8,8.024,8.337103978882759
30105410567,apartment,8,7.9399,8.37479000314549
30105411792,apartment,8,8.1193,8.341846289220204
30105414090,apartment,8,7.943,8.382837408217416
30105425483,apartment,8,8.6226,8.550363160996
30105429659,apartment,8,8.4677,8.661593704421417
30105429691,apartment,8,8.462,8.663174474533898
30105432341,apartment,8,8.7611,8.628840028139468
30105433486,apartment,8,8.5087,8.559039455461166
30105434008,apartment,8,8.7022,8.729177271844557
30105434911,apartment,8,8.5648,8.816556651058761
30105436019,apartment,8,8.7156,8.813395110833799
30105436043,apartment,8,8.7549,8.802329720046426
30105800871,apartment,8,8.2142,8.828450377651636
30107201728,apartment,8,8.798,8.513964023741766
30200501752,apartment,1,8.4268,8.60657870403376
30201503341,apartment,9,8.6071,8.79097439324512
30202800943,apartment,1,8.3712,8.676796454817461
30300402071,apartment,3,8.6102,8.739864235541935
30300402098,apartment,3,8.7139,8.70938278010481
30300705971,apartment,3,7.7589,8.126235424150567
30300709924,apartment,3,8.2542,8.332906137664652
30300711082,apartment,3,8.169,8.325627186788381
30300720278,apartment,3,8.2771,8.558585406866854
30301401338,apartment,3,8.548,8.626428661102635
30303402129,apartment,3,8.0288,8.199528421218217
30306601270,apartment,3,8.0064,8.343846910010763
30401800821,apartment,4,8.4851,8.346737558600891
30405301194,apartment,4,8.7677,8.376560346166542
30405900357,apartment,4,8.1521,8.19562371941105
30406402581,apartment,4,8.3442,8.348699807293126
30408404555,apartment,4,8.3143,8.148208880525232
30408404881,apartment,4,8.278,8.156757343081047
30409301849,apartment,4,8.6183,8.412325272384926
30409303256,apartment,4,8.4957,8.513754872428061
30409304996,apartment,4,8.5791,8.512914742687995
30409305135,apartment,4,8.691,8.54591189872261
30412300785,apartment,4,8.2887,8.439243280716681
30412301617,apartment,4,8.3284,8.43630282662645
30412305371,apartment,4,8.4064,8.521605176096186
30412400682,apartment,4,8.3369,8.407240405159818
30412401522,apartment,4,8.191,8.405140080809653
30501000604,apartment,4,8.0383,8.15224213922074
30501002178,apartment,4,8.1481,8.30017154242903
30501002720,apartment,4,8.2816,8.298911347818931
30501004774,apartment,4,8.0893,8.298911347818931
30501005495,apartment,4,8.1481,8.298911347818931
30505201418,apartment,4,8.3521,8.17417645961461
30505203887,apartment,4,8.3288,8.176276783964775
30505206762,apartment,4,8.2149,8.225511785583546
30506602017,apartment,4,7.9837,8.178481861652346
30507704395,apartment,4,8.162,8.325656185007908
30507705057,apartment,4,8.2366,8.331467339967599
30508201443,apartment,4,7.9839,8.214222951954836
30508903553,apartment,4,7.7796,8.145436619525107
30509001715,apartment,4,7.9638,8.22581290273709
30509001804,apartment,4,8.0864,8.222452383776828
30509002797,apartment,4,8.0064,8.224552708126993
30513101354,apartment,4,8.076,8.243033569396749
30513700282,apartment,4,7.9977,8.249989182443791
30514303589,apartment,4,7.7116,8.22676050990682
30610900355,apartment,0,8.2118,8.311573010739709
30610909441,apartment,0,8.0064,8.185238674549547
30610909689,apartment,0,8.074,8.185514141700365
30611204697,apartment,0,8.8183,8.626668342180627
30611204913,apartment,0,8.5703,8.667184002859292
30611501081,apartment,0,8.674,8.439868589964103
30611704924,apartment,0,8.905,8.676853733380732
30611705246,apartment,0,8.7608,8.677547347163543
30612602777,apartment,0,8.4199,8.219591982490245
30612603218,apartment,0,8.1718,8.221841457734964
30613401181,apartment,0,8.1117,8.360294305093984
30701704370,apartment,7,8.0101,8.241538557600316
30702501384,apartment,7,8.3349,8.271343703786204
30702601664,apartment,7,8.5714,8.543859379149417
30702603322,apartment,7,8.221,8.512685191341024
30708200920,apartment,7,8.1117,8.262159695994285
30708203385,apartment,7,7.8681,8.23862805302417
30708203466,apartment,7,7.7966,8.241016979056187
30708204845,apartment,7,8.1152,8.355144046259758
30708401489,apartment,7,7.8456,8.274507890532403
30708601178,apartment,7,7.9219,8.269542562494498
30708601291,apartment,7,7.9715,8.269064777288095
30708601429,apartment,7,7.9048,8.269064777288095
30708602948,apartment,7,8.3089,8.40472480245953
30818100645,apartment,7,7.8456,8.34598960092404
30818100793,apartment,7,7.824,8.349334097368864
30818201980,apartment,7,7.9092,8.353777510397478
30901601257,apartment,1,8.2742,8.37278886561029
30902503976,apartment,1,8.5088,8.344524289633512
30902504158,apartment,1,7.8953,8.300478625733234
30902505091,apartment,1,8.5425,8.37548766085485
30902505472,apartment,1,8.6239,8.375987305336082
30902506738,apartment,1,8.2319,8.351544766416744
30902507084,apartment,1,8.4605,8.251499803937941
30902600955,apartment,1,8.5731,8.638100379786817
30902600998,apartment,1,8.771,8.76745597275808
30902601099,apartment,1,8.8474,8.762335555174708
30902704823,apartment,1,8.5644,8.465545637000938
30902803368,apartment,1,8.5734,8.388769416281313
30903103051,apartment,1,8.7337,8.522134720893497
30903103122,apartment,1,8.7425,8.520385965209185
30903104331,apartment,1,8.8669,8.395790273188592
30903104412,apartment,1,8.7168,8.397039384391672
30903201434,apartment,1,8.363,8.590304173992617
30903201752,apartment,1,8.2685,8.480031770754747
30903401281,apartment,1,8.6788,8.478803648783538
30903401360,apartment,1,8.5685,8.478803648783538
30903503007,apartment,1,8.7591,8.544903849322731
30903603834,apartment,1,8.1366,8.369911458983442
30903605527,apartment,1,8.0229,8.409919663658442
30903605705,apartment,1,8.294,8.409669841417825
30903610849,apartment,1,8.4021,8.452530853303152
30904002656,apartment,1,8.3881,8.235794386807797
30904300894,apartment,1,8.5637,8.740397456502487
30904401224,apartment,1,8.8849,8.629896010667316
30904500729,apartment,1,8.2879,8.432869077724565
30904501571,apartment,1,8.4219,8.443336429527017
30904707821,apartment,1,8.9129,8.575984768949294
30904708567,apartment,1,8.6173,8.472475651183162
30904802172,apartment,1,8.294,8.470592576220676
30904802474,apartment,1,8.2228,8.469343465017596
30905002706,apartment,1,8.3326,8.54440235958548
30905101178,apartment,1,8.5862,8.862273049523898
30905506496,apartment,1,8.616,8.377444782660335
30905508944,apartment,1,8.6454,8.631916340577689
30905509258,apartment,1,8.8017,8.544783131450274
30905604897,apartment,1,8.6299,8.400792110203108
31001204260,apartment,1,8.5416,8.444336339099891
31002702851,apartment,1,8.5269,8.55802764203849
31002904649,apartment,1,8.2418,8.452181961909274
31002909616,apartment,1,8.619,8.538312163387472
31003003262,apartment,1,8.6548,8.525247038972118
31003004137,apartment,1,8.6697,8.596862919946823
31004302034,apartment,1,7.928,8.378108520778175
31004302093,apartment,1,8.0222,8.379857276462488
31004302468,apartment,1,8.5172,8.513129225916723
31004503511,apartment,1,8.3102,8.47810758194544
31004600450,apartment,1,8.7492,8.318973261259488
31004601457,apartment,1,8.8244,8.250509846380927
31004601694,apartment,1,8.7577,8.250759668621543
31004607013,apartment,1,8.768,8.266103040162859
31005904569,apartment,1,8.6327,8.54961243429554
31006201545,apartment,1,8.4128,8.529923843964726
31006602752,apartment,1,8.3728,8.4204016399124
31007001671,apartment,1,8.4386,8.35765574060489
00101901127,commercial,0,8.2097,8.450790285149973
00104403063,commercial,0,8.163,8.415123391766794
00104403071,commercial,0,8.1689,8.47466519978574
00104600160,commercial,0,9.0768,9.486838648353693
00104704217,commercial,0,8.0546,8.56043372950315
00104704251,commercial,0,8.3124,8.56043372950315
00104706163,commercial,0,8.3784,8.55869969504612
00104707984,commercial,0,8.7329,8.56043372950315
00104708492,commercial,0,8.4909,8.560780536394555
00104709261,commercial,0,8.6225,8.55939330882893
00104709553,commercial,0,8.5172,8.560780536394555
00300704003,commercial,0,7.5239,8.526353482943541
00501701850,commercial,0,8.4752,8.678837028394986
00506804127,commercial,0,8.1683,8.601495280341265
00506804135,commercial,0,8.1313,8.6585353427571
00600600416,commercial,0,8.6915,8.568273392580748
00600707611,commercial,0,9.0982,8.946071396408914
00601500768,commercial,0,8.0973,8.97729816231285
00602306744,commercial,0,7.292,8.45607945090564
00700203461,commercial,0,7.7128,8.40371141519354
00700504621,commercial,0,8.3311,8.492762577072202
00700900780,commercial,0,8.2671,8.272320626407948
00701209909,commercial,0,8.3015,8.425846933333013
00704505517,commercial,0,7.9647,8.419074717536734
00801200229,commercial,0,8.4118,8.467746017374543
00804302766,commercial,0,8.7316,8.625200624793125
00809302586,commercial,0,7.8623,8.506239389321049
00809302594,commercial,0,7.7231,8.477840809621771
00809302608,commercial,0,7.8055,8.494651714181206
00809302861,commercial,0,7.734,8.564050135936501
00901610240,commercial,0,8.3526,8.147481896040638
00901900028,commercial,0,9.3157,8.187789424970065
00904512614,commercial,0,9.0699,8.39695980228765
00905103939,commercial,0,8.5817,8.547263724198661
00905107837,commercial,0,8.7113,8.43554198628006
00906200725,commercial,0,8.7775,8.529130725133355
00906209201,commercial,0,8.5439,8.446408953681354
00907106226,commercial,0,8.5744,8.433672173284775
00907603130,commercial,0,8.7096,8.493050976808833
00908401701,commercial,0,8.4506,8.41661719309423
00910103100,commercial,0,7.9696,8.192226152390122
01001907949,commercial,0,8.3573,8.326576776990468
01001909453,commercial,0,8.5397,8.338908777263866
01002506573,commercial,0,8.9872,8.484817440198006
01002709822,commercial,0,8.5607,8.30665666903941
01002709865,commercial,0,7.6852,8.306309862148005
01003005632,commercial,0,8.5302,8.499467652046999
01005602484,commercial,0,8.6902,8.539106504481026
01005801770,commercial,0,7.4485,8.463504086978757
01006900411,commercial,0,9.9523,8.775421137319201
01006900624,commercial,0,9.8294,8.765813921709483
01006903704,commercial,0,8.7498,8.625787346937317
01007301279,commercial,0,8.5982,8.644021241903616
01007301333,commercial,0,9.1652,8.46298061542256
01009400037,commercial,0,9.028,8.58089055713008
01009400991,commercial,0,9.0768,8.70286071753428
01009901524,commercial,0,8.9185,8.66877700487859
01107001455,commercial,0,8.7371,8.714904177776504
01111400032,commercial,0,9.6803,8.225227666027209
01206807393,commercial,0,8.4575,8.340469909248242
01214202225,commercial,7,8.5172,8.042130535675584
01300105038,commercial,0,8.5849,8.499720385309153
01300105186,commercial,0,8.7504,8.503158052157625
01300913819,commercial,0,8.6995,8.464130494182983
01300913827,commercial,0,8.6146,8.47832745576601
01302204904,commercial,0,8.3393,8.27562595406818
01404803866,commercial,0,8.5952,8.306893362913815
01406703834,commercial,0,8.7736,8.600890377141171
01406703850,commercial,0,8.8371,8.613848191086776
01507302541,commercial,0,8.4288,8.629752675090558
01507302584,commercial,0,8.3724,8.709481969786362
01507302592,commercial,0,8.4067,8.716477523393513
01509403272,commercial,6,8.4912,8.391311887409403
01509403280,commercial,6,8.6358,8.420614675514441
01607404311,commercial,6,7.9671,8.291553292051168
01609902068,commercial,6,8.2548,8.214435908824777
01610104900,commercial,6,8.3736,8.229740566149244
01610105346,commercial,6,8.6662,8.291966040526871
01610611810,commercial,6,8.6603,8.43610738117004
01614801398,commercial,6,9.7212,8.171568582919859
01616302879,commercial,6,8.3774,8.222486115364928
01616402997,commercial,6,8.2824,8.35150355443488
01708000161,commercial,9,8.6407,7.901169700765611
01902100182,commercial,0,8.3931,8.13285162607358
01908400201,commercial,0,8.5242,8.15262674495085
01909400149,commercial,0,8.2607,8.037013268235352
02007200368,commercial,0,8.9002,8.701068862018083
02009106253,commercial,0,8.5881,8.432543764590598
02009106474,commercial,0,8.6103,8.393309008354315
02100700049,commercial,0,8.207,8.165176404116764
02103406419,commercial,0,8.2923,8.341914292292802
02103406435,commercial,0,8.2923,8.341914292292802
02200615531,commercial,0,8.6082,8.409799513311837
02200617275,commercial,0,8.8185,8.39312263402169
02200618263,commercial,0,8.6277,8.425817278201103
02200618621,commercial,0,8.7721,8.388340500464823
02300200457,commercial,7,8.2871,8.573103641304492
02505702871,commercial,9,8.4527,8.453329100335008
02702900331,commercial,9,8.6102,8.192659064443632
02706203889,commercial,9,8.3015,8.475888741210237
02803715813,commercial,9,8.4415,8.540192603770308
02906702382,commercial,9,8.2771,8.629049251615916
02909500268,commercial,9,8.4668,8.432636379523975
03000700935,commercial,9,8.4423,8.386549763902535
03001800046,commercial,9,8.6638,8.48423900760553
03003901060,commercial,9,9.2363,8.735101041915946
03003902687,commercial,9,9.0693,8.729401160873383
03007301726,commercial,9,8.532,8.436362103992435
03010510780,commercial,9,8.9388,8.523583204341845
03103400918,commercial,9,8.7882,8.18424868125796
03104300488,commercial,9,8.7403,8.065288477316258
03202004212,commercial,9,8.8571,8.508590800849257
03202900463,commercial,9,8.3973,8.003678351978591
03203602717,commercial,9,8.1894,8.242268575064953
03404002962,commercial,1,8.1543,8.25354922140907
03600313983,commercial,0,8.2912,8.368489417433812
03600313991,commercial,0,8.2912,8.368489417433812
03602200991,commercial,0,8.6472,8.647951491663886
03701703876,commercial,1,8.0769,8.399588577360722
03702801642,commercial,1,8.847,8.8844999073983
03907403002,commercial,1,9.9108,8.725424106426177
03907604970,commercial,1,7.8886,8.516608039956179
03907605012,commercial,1,7.9374,8.517107684437411
04013001039,commercial,1,8.1807,8.213110665090019
04102909788,commercial,6,8.9227,8.641118554518064
04109100161,commercial,6,9.3841,7.976326413997728
04111002404,commercial,6,8.722,8.37365933281891
04112404123,commercial,6,8.3481,8.57395507178053
04118403293,commercial,6,8.363,8.399215486351737
04118403617,commercial,6,8.3894,8.39990273561847
04118404656,commercial,6,8.6875,8.398184612451638
04118902842,commercial,6,8.3052,8.403716492778411
04122903378,commercial,6,8.9013,8.569756533027533
04122903858,commercial,6,8.691,8.568382034494068
04124402678,commercial,6,8.8426,8.484192909460475
04202100166,commercial,1,8.2985,8.382995717004588
04213810631,commercial,6,9.1081,8.645005758890523
04213811387,commercial,6,9.1678,8.647067506690721
04301702458,commercial,1,8.2171,8.473930535139226
04305102978,commercial,1,8.3221,8.4773840685114
04305103567,commercial,1,8.1551,8.477883712992632
04305103613,commercial,1,8.2849,8.47072136331389
04506200810,commercial,1,9.0914,8.604243926526692
04624500180,commercial,1,7.9866,7.788513138785577
04708004230,commercial,1,8.6365,8.666782337288168
04710305811,commercial,1,8.3032,8.459731087022435
04715801167,commercial,1,7.5239,8.493721495480722
04716700887,commercial,1,7.8847,8.391422855604596
04719100661,commercial,1,8.1987,8.406014889905267
04722603170,commercial,1,7.7202,8.633205290526499
04722603189,commercial,1,7.7202,8.633205290526499
04728700828,commercial,1,7.3757,8.302429568196542
05000600452,commercial,1,7.5789,8.153567477423685
05004400962,commercial,1,8.2618,8.390161699961055
05004402231,commercial,1,8.5628,8.355221225528
05004403171,commercial,1,8.4072,8.498937330004177
05228700341,commercial,9,7.6897,8.076106035835423
05403204601,commercial,9,9.2597,8.681909480793465
05404301112,commercial,9,8.6631,8.502893628173195
05404601248,commercial,9,8.489,8.538900965610788
05404601493,commercial,9,8.3593,8.496474467794743
05405200141,commercial,9,8.7064,8.208491659411854
05422905210,commercial,9,8.9191,8.417866959353915
05422905857,commercial,9,8.5172,8.409757375506917
05505100120,commercial,3,9.097,8.004683686147162
05604001104,commercial,3,7.7725,8.11139489138811
05615301392,commercial,9,8.1987,8.436098121211264
05703600413,commercial,3,8.6268,8.051363230464135
05706700397,commercial,3,8.3674,8.140814100928363
05803900737,commercial,3,9.5437,8.373675560506857
05815809871,commercial,3,8.4706,8.740873214843152
06017500090,commercial,3,8.5172,8.064861583853228
06219008685,commercial,9,7.3733,8.183751606164977
06219008847,commercial,9,7.4007,8.186031558582002
06415100580,commercial,9,8.7536,8.233623654587603
06636800348,commercial,4,8.5268,7.882319911576537
06722403440,commercial,4,8.3041,8.596876111062398
06854400260,commercial,4,8.6995,8.487446578793081
06916313021,commercial,4,8.2149,8.393938695253114
06918600011,commercial,4,8.7183,8.19534827223691
06920502534,commercial,4,7.5163,8.131974914531495
07016503232,commercial,4,8.3608,8.566183538138404
07016503240,commercial,4,8.3608,8.566183538138404
07300802362,commercial,4,8.4684,8.409299052948898
07305001090,commercial,4,8.4833,8.604380774118953
07315704329,commercial,4,8.2666,8.673117020181152
07315706054,commercial,4,8.1568,8.700255622832481
07315706143,commercial,4,8.1891,8.673957149921216
07330500615,commercial,0,8.323,8.396901794937554
07330501743,commercial,0,8.5927,8.39898263628599
07408901329,commercial,7,8.3349,8.008947354078325
07433900128,commercial,7,8.1665,8.376167181642469
07502600493,commercial,4,8.1007,8.030648182227404
07703500356,commercial,7,8.8132,8.221990480094913
07725500464,commercial,7,8.338,8.159366182511596
07840201423,commercial,7,8.3238,8.017633852168057
08000602377,commercial,7,8.3894,8.561994926217201
08004703275,commercial,7,8.4527,8.507373603139474
08009107689,commercial,7,7.9217,8.32061721029833
08015513537,commercial,7,8.561,8.469700720773224
08136402523,commercial,0,8.5862,8.797674072309988
08220600225,commercial,7,7.2843,7.908093228809728
08321202373,commercial,0,8.442,8.557387693441742
08322005601,commercial,6,8.1695,8.553945234584544
08322005611,commercial,6,8.1695,8.553257985317812
08322005921,commercial,6,8.6268,8.61186850537825
08509510865,commercial,6,8.5898,8.34051217428417
08510004366,commercial,6,8.503,8.546046045088085
08512700211,commercial,6,8.8597,8.117353814177944
08516600564,commercial,6,8.4764,8.130469781114023
08528000338,commercial,6,9.498,8.614126455909602
08544501451,commercial,6,8.1003,8.353773755952512
08544502008,commercial,6,8.1242,8.324745421362918
08549700691,commercial,6,8.2588,8.20759830106313
08550400912,commercial,6,7.9587,8.121040062318993
08551401998,commercial,6,8.585,8.156178502989551
08551700758,commercial,6,9.0516,8.1863982607627
08552601311,commercial,6,7.9048,8.276626122141487
08554004159,commercial,6,8.2345,8.411012724900573
08554103033,commercial,6,8.1807,8.524479983613427
08563204521,commercial,6,8.635,8.470499197202132
08564100241,commercial,6,8.0653,8.057209801843
08564100258,commercial,6,7.8612,8.015837141563825
08600200660,commercial,6,7.8876,8.276387020943105
08600604338,commercial,6,7.8152,8.345499133385587
08600604346,commercial,6,7.8152,8.345499133385587
08600901871,commercial,6,8.2272,8.534946221451376
08600902134,commercial,6,8.3814,8.566188483979989
08600902266,commercial,6,8.3814,8.566188483979989
08600902398,commercial,6,8.3814,8.566188483979989
08600902525,commercial,6,8.3814,8.566188483979989
08600902657,commercial,6,8.3814,8.566188483979989
08604001425,commercial,6,8.1229,8.426900546403251
08620604198,commercial,6,8.4232,8.395360396142921
08625800361,commercial,6,9.1572,8.55232409407299
08637504825,commercial,6,8.6797,8.718445819856422
08639012202,commercial,6,8.2024,8.320262203738624
08639012555,commercial,6,8.4256,8.329441544814518
08707507437,commercial,2,8.2775,8.574646496738785
08707901356,commercial,2,8.1437,8.669885447857329
08707902255,commercial,2,8.1052,8.675687892027938
08708701709,commercial,2,8.6629,8.604573986211657
08708702489,commercial,2,8.4134,8.546995975427917
08717001781,commercial,6,8.1352,8.601529612264418
08717001986,commercial,6,8.1644,8.60152110379277
08717003652,commercial,6,8.2556,8.612607236242875
08718003923,commercial,6,8.4547,8.472102909071893
08731511521,commercial,2,7.516,8.453875630326872
08731512097,commercial,2,7.9486,8.444925426707258
08731512127,commercial,2,7.9076,8.44621485874517
08743011284,commercial,8,8.4535,8.746126348310357
09016200150,commercial,2,9.2937,8.05102085474224
09046303985,commercial,2,8.2152,8.061955835802861
09046303993,commercial,2,8.2152,8.061955835802861
09046304191,commercial,2,8.2065,8.090708954119336
09046304531,commercial,2,8.2149,8.091353670138291
09046304639,commercial,2,8.2295,8.054053965275202
09101204076,commercial,1,7.8982,8.582855274300313
09102400413,commercial,1,8.1536,8.244908332593548
09106103545,commercial,1,7.9041,8.422883914048219
09106103936,commercial,1,7.915,8.49381595236297
09129500011,commercial,2,7.3702,8.003212104750446
09706800352,commercial,7,9.0055,8.09430997181612
09708502936,commercial,7,7.676,8.458009674529942
09708503002,commercial,7,7.9784,8.451790875228378
09708503010,commercial,7,8.2308,8.458009674529942
09708505765,commercial,7,8.6026,8.57056711925213
09708507271,commercial,7,8.2586,8.618402256016267
09708510947,commercial,7,8.3711,8.563442775035417
09708516864,commercial,7,8.63,8.424311269839007
09800901590,commercial,7,8.4798,8.038974262256808
09805802329,commercial,7,8.5559,8.464555874019853
09903700695,commercial,7,7.1082,8.046284083397078
10005300321,commercial,9,8.1731,8.625779666270446
10005300559,commercial,9,8.3066,8.62691964247896
10212300181,commercial,9,8.406,8.197831173607735
10212600361,commercial,9,8.2537,8.041577303856283
11035000570,commercial,3,8.4757,8.076519280144707
11407501428,commercial,5,7.9074,8.058373219796625
11611400170,commercial,3,8.4428,8.056776215076994
11613100395,commercial,3,8.0131,7.936683708471602
11718600053,commercial,3,9.4727,8.30233279282644
11733600212,commercial,3,7.6761,8.026012219943402
11830607218,commercial,9,8.7934,8.741614302979391
12500500216,commercial,7,8.4844,8.123165262876809
15509400292,commercial,3,8.1586,8.094613118300911
16025800366,commercial,8,8.2976,7.974051137927405
16807101413,commercial,8,7.7421,7.975234028613635
16908400343,commercial,8,8.2808,7.987219847837285
16922101161,commercial,8,8.3581,8.42742438053196
17122105988,commercial,8,8.0126,8.31448476408772
17122106453,commercial,8,7.9671,8.310012338420217
17130003153,commercial,8,8.3994,8.469050423812883
17130003986,commercial,8,8.1754,8.445083587820012
17130005555,commercial,8,8.5685,8.456148978607384
17130006861,commercial,8,8.2808,8.45140666826994
17425800021,commercial,2,7.893,7.816717414271289
19701607553,commercial,0,8.5652,8.567176726763025
19702203073,commercial,0,8.5914,8.683988817903895
19702203081,commercial,0,8.6133,8.674783482449751
19702203091,commercial,0,8.5834,8.687151935394228
19702204584,commercial,0,8.7803,8.673396254884128
19702404885,commercial,0,8.2149,8.419519641586618
19703909174,commercial,0,8.1807,8.57919912720517
19703909182,commercial,0,8.5172,8.647845180592082
19703909190,commercial,0,8.1807,8.57919912720517
19704803337,commercial,0,8.1637,8.680360295661071
19704803345,commercial,0,8.3942,8.727391038925125
19704803353,commercial,0,8.3942,8.727391038925125
19705503396,commercial,0,7.896,8.51653213548953
29903509276,commercial,6,8.6995,8.3731536284322
29903509292,commercial,6,8.6995,8.3731536284322
29903509306,commercial,6,8.6603,8.373497253065567
29903509314,commercial,6,8.4707,8.311753774630853
29903509322,commercial,6,8.6112,8.354915429380663
29904900556,commercial,6,8.6226,8.30718030437216
29905008509,commercial,6,8.5129,8.351585346801828
29913900131,commercial,6,9.2793,8.067120733001767
30004401260,commercial,6,8.7009,7.943946379646161
30602804202,commercial,4,8.5267,8.554858571811428
30602805497,commercial,4,8.178,8.496403228908125
30602805772,commercial,4,8.5076,8.557378961031626
00400900440,house,9,8.8457,8.820060978322696
00404400205,house,0,7.846,8.444513183229674
00407200576,house,9,8.3741,8.639451972960243
00605000352,house,0,8.7493,8.975265000949703
01003000630,house,0,9.0877,8.448682416803837
01003511716,house,0,9.3555,8.704358285195797
01101200456,house,0,9.0027,8.559596011299519
01102900168,house,0,8.9857,8.558055571743255
01200200586,house,7,8.862,8.371346881736446
01200200624,house,7,8.9352,8.384024657888386
01200600088,house,7,8.9337,8.66034435651351
01200700864,house,7,8.6656,8.448752882966758
01201300169,house,7,9.105,8.313634286045874
01203900724,house,0,8.3774,8.383076124104578
01204801932,house,0,8.5929,8.38767294134491
01205600574,house,0,8.711,8.493522407001677
01205900314,house,0,9.4335,8.368633414970196
01209100592,house,0,9.5242,8.652486883177994
01209900211,house,0,8.7505,8.315905699123803
01210601001,house,0,9.6899,8.493828844209046
01210902389,house,0,8.3986,8.414589276684596
01214900641,house,0,8.6284,8.471440214412679
01215001282,house,0,8.8581,8.591708491097455
01215100541,house,0,8.6565,8.539064542889326
01216100101,house,0,9.469,8.499472007457571
01217000321,house,0,9.0866,8.431177887203443
01500708429,house,0,8.8273,8.60795569957299
01500708542,house,0,8.8637,8.524540314338179
01506200338,house,0,9.1662,8.3104263912724
01614800928,house,6,8.9952,8.47605137078145
01703200152,house,9,8.7403,8.447848073527869
01803400511,house,0,8.2295,9.153585503662914
01806500590,house,0,8.7403,8.982729806803022
01806600072,house,0,8.862,9.221585956908033
01902400471,house,0,8.8356,8.940469334856937
01902800214,house,0,8.7096,8.312768433088191
01904500749,house,0,8.554,8.393839202138889
01905300468,house,0,8.5913,8.641952092750309
01910200654,house,0,8.3622,8.380368880064042
01910500631,house,0,8.6842,8.585919855084375
02102000311,house,0,8.8337,8.513720490542637
02104600057,house,0,8.8125,8.503082348148352
02106800053,house,0,8.9227,8.73056832516274
02107700400,house,0,8.2981,8.37488773545806
02109400269,house,0,8.4096,8.550056675706104
02109400341,house,0,8.9446,8.527182654565548
02109900441,house,0,8.5913,8.636989477060357
02200600410,house,0,9.4082,8.519153944122793
02206100568,house,7,8.797,8.920260969679969
02208100549,house,0,8.8899,8.686625941734347
02302100069,house,7,8.3021,8.780968942273677
02302100352,house,7,8.5172,8.75776243681578
02307200126,house,7,9.2496,8.43164789633978
02307800565,house,7,9.1452,8.517745067607404
02308900555,house,7,8.4802,8.677610287447683
02309800058,house,7,9.1678,8.519298530946248
02400900272,house,7,9.4918,8.427587828655152
02403500151,house,7,9.3645,8.386835230484627
02403800661,house,7,9.3281,8.652505594704037
02403800831,house,7,9.0711,8.490418635145996
02404000624,house,7,8.3602,8.300553394575044
02404101307,house,7,8.6446,8.59437091498836
02404101692,house,7,9.4823,8.521341509373801
02404500104,house,7,9.2103,8.605671243896587
02404800442,house,7,8.9271,8.533615904598072
02405100096,house,7,9.2287,8.360644905744518
02405100096,house,7,9.1616,8.360644905744518
02407001168,house,7,8.5708,8.314627463716835
02408100585,house,7,8.1526,8.523844199024754
02408100593,house,7,8.2097,8.539884943427085
02408200199,house,7,7.9978,8.31441966968501
02602800732,house,9,8.6644,8.492297789962622
02604000377,house,9,8.0418,8.406599553990048
02606600584,house,9,8.0754,8.45894781544687
02606900057,house,9,8.2221,8.5773350297485
02700700791,house,9,8.704,8.720293272541292
02703700581,house,9,8.8273,8.933358585676746
02706300663,house,9,8.6006,8.545985765114605
02706400188,house,9,8.6618,8.620428441805657
02708700901,house,9,9.0027,8.942737248618533
02800700440,house,9,8.8402,8.67622081709379
02805500091,house,9,8.635,8.69947952224841
02806402026,house,9,8.2909,8.2850634288665
02900300185,house,9,9.078,8.575171928645148
02902500599,house,9,8.5346,8.560108409863759
02907400071,house,9,8.1001,8.413721879836038
02907801661,house,9,8.3608,8.514690707591056
03000301471,house,9,8.6305,9.167514129287586
03008700993,house,9,8.3155,8.728612036979834
03010100760,house,9,8.9629,8.706893775030677
03010700695,house,9,8.4302,8.455744754738541
03011100624,house,9,8.8481,8.56737774308288
03011900213,house,9,8.7742,8.529450399031786
03014700495,house,9,8.2486,8.451597804334362
03102100589,house,9,8.6995,8.53753451395852
03102900119,house,9,8.4722,8.365619227647175
03102900283,house,9,8.5172,8.430982832278213
03104900388,house,9,8.1807,8.256679828308172
03104900582,house,9,8.5252,8.476788624076796
03105800123,house,9,8.2308,8.497601943750732
03108600311,house,9,8.5004,8.68789808640991
03109401231,house,9,8.1025,8.515290325273199
03201000191,house,9,8.9131,8.571280373005001
03203501066,house,9,8.8448,8.357001569789041
03203601788,house,9,8.1328,8.514687871015985
03204300463,house,9,8.7536,8.40450547718291
03206604192,house,9,9.028,8.64598389827259
03207300456,house,9,8.9737,8.35626674993606
03214000225,house,9,8.6125,8.506404536090953
03217500997,house,9,8.9661,8.673406157376318
03218300436,house,9,9.0706,8.50935535415682
03303700435,house,0,8.3466,8.992808621340604
03304701354,house,0,8.8567,8.586363839992678
03306800635,house,0,8.4118,8.450333209193055
03401000527,house,0,8.3147,8.492225919631613
03402500841,house,0,7.9819,8.268554334186609
03405000114,house,1,9.185,8.471451335561497
03405400368,house,1,8.4482,8.645041312824478
03406700225,house,1,8.7403,8.696679430223591
03407800045,house,1,8.6125,8.472475167920756
03408100071,house,1,8.5038,8.385272620753849
03408101205,house,1,8.6618,8.410523582892981
03408200661,house,1,8.5004,8.468837425997414
03408500789,house,0,8.408,8.443794005111634
03500900682,house,9,8.5942,8.555917243906006
03501000707,house,9,8.7048,8.276993259161129
03502406219,house,1,8.5046,8.34949272975261
03502600112,house,9,8.5878,8.5249818310875
03503700171,house,9,8.1167,8.274941552962986
03505301302,house,1,8.7959,8.333613968332179
03505501158,house,1,8.4378,8.350923234153754
03506000829,house,9,8.5587,8.273608295601194
03506400789,house,9,8.1192,8.31065308842557
03507200589,house,9,8.3349,8.637349861456274
03508100448,house,9,8.4659,8.444051697377791
03508100715,house,9,8.0991,8.47026262531974
03508500381,house,9,7.6009,8.383024320007753
03508700526,house,9,7.9194,8.346509934499604
03704200158,house,1,8.9532,8.838287270068065
03704300187,house,1,8.8139,8.78472044930078
03706705451,house,1,8.974,8.625496823366179
03707000281,house,1,9.058,8.905795965489569
03708200187,house,1,8.9124,8.840313852140138
03709100070,house,1,9.1458,8.59035074009483
03804500323,house,0,8.1564,8.5014539323093
03809300160,house,1,8.9193,8.685545154451885
03810200905,house,1,9.0401,8.59954027881124
03811200046,house,1,8.4831,8.7703827288948
03900400083,house,1,8.8553,8.572104845802368
03901900160,house,1,8.0973,8.529649346299475
03902000287,house,1,8.7179,8.508446873054782
03906700135,house,1,9.1659,8.401028147702377
03907102843,house,1,9.1224,8.446410854071775
03913900888,house,1,8.93,8.395827864344485
03914000120,house,1,8.4244,8.574956364386107
03914800607,house,1,8.6995,8.403701316107192
04005600271,house,1,8.0877,8.409414717449307
04006300204,house,1,8.4619,8.560293633889907
04007400113,house,1,8.9271,8.363364816623267
04009500115,house,1,8.6558,8.657423667851244
04012600850,house,1,8.8896,8.437184755337427
04012800183,house,1,8.1077,8.323556689129447
04013100339,house,1,8.531,8.47898915436356
04013400340,house,1,8.193,8.492343009153515
04013500469,house,1,8.9266,8.42261259419412
04015400097,house,1,8.7699,8.506308147072714
04015500131,house,1,8.1847,8.243693072924321
04017200346,house,1,8.4219,8.662757795793294
04017300456,house,1,9.1645,8.437526611986321
04102500146,house,6,9.3948,8.391186711181385
04124600054,house,6,9.2844,8.859261095060505
04203900514,house,1,9.1319,8.657953107242257
04215700991,house,1,8.4047,8.31961669302835
04216200273,house,1,9.014,8.736041638381558
04301700706,house,1,9.3661,8.647566652240496
04302900490,house,1,8.825,8.507474526644748
04302900512,house,1,8.8049,8.499082051772637
04305700522,house,1,8.1093,8.403398704375578
04307200381,house,1,8.5357,8.523642877170094
04307700090,house,1,8.4919,9.060267060710693
04307900251,house,1,8.421,8.672205425508736
04309400523,house,1,8.5994,8.587694991623106
04309800920,house,1,8.9256,8.609551953763892
04309900429,house,1,9.028,8.649135704781825
04313200541,house,1,8.6763,8.539803864418468
04314400293,house,1,8.4652,8.44673784005234
04314801425,house,1,8.0973,8.499013441317093
04315500615,house,1,8.2698,8.535235319888454
04315500631,house,1,8.1644,8.487403477883996
04318200183,house,1,8.2816,8.841842879468615
04319100034,house,1,8.3096,8.484380180854671
04319801350,house,1,8.7741,8.700220589646381
04409500635,house,9,8.2843,8.413369764499251
04410600338,house,9,7.9462,8.393372313540047
04410800647,house,9,8.4527,8.387726003576573
04411100347,house,9,8.0448,8.457665704513257
04412800199,house,9,7.8435,8.541230446276666
04412900401,house,9,7.61,8.448833469342407
04413200081,house,9,8.3064,8.40252653456103
04502000310,house,1,8.46,8.502052079916437
04503300490,house,1,8.0552,8.729395800887566
04503700812,house,1,8.7093,8.4887573595148
04503900412,house,1,9.0753,8.473166072483785
04503901011,house,1,8.7248,8.548716614765787
04513801166,house,1,8.4455,8.43023746470919
04516000253,house,1,8.3349,8.285007945503656
04519000254,house,1,8.4262,8.312253774260343
04519500206,house,1,8.4675,8.71171807130315
04523700664,house,6,8.6719,8.239937342286199
04529000494,house,1,8.6752,8.538213649933251
04530100294,house,6,9.028,8.491412663336805
04530700186,house,6,8.4919,8.485700865618295
04530800091,house,1,8.3071,8.40399567868247
04531300548,house,6,8.2923,8.362750163138154
04600900553,house,1,8.7275,8.601318755233255
04601300592,house,1,8.7469,8.632393401756662
04605800761,house,1,8.4431,8.466836003444088
04607900443,house,1,8.2682,8.416403039773765
04609600064,house,1,8.294,8.39189519177609
04610702381,house,1,8.2283,8.404831064754074
04610800209,house,1,8.1372,8.394409145869895
04611300862,house,1,8.9596,8.424501117730424
04611301060,house,1,9.0672,8.4375700506004
04615000200,house,1,8.449,8.708950879024268
04619102776,house,1,7.8028,8.385983879060134
04619900354,house,1,7.9388,8.531221129681468
04620100846,house,1,8.2766,8.360916767076919
04622100053,house,1,8.642,8.526721580929005
04622100355,house,1,8.5301,8.540998566522983
04624400771,house,1,8.5086,8.56843584840355
04700100249,house,1,8.5882,8.75175967093718
04700200421,house,1,7.9313,8.52271712207284
04702300229,house,1,8.363,8.380627841116324
04704700496,house,1,8.2295,8.543584938187685
04706303753,house,1,8.4678,8.403282092249945
04707100333,house,1,8.2315,8.440988484785445
04708801191,house,1,8.1754,8.57008222415387
04708802137,house,1,8.8418,8.65364908517984
04709400520,house,1,8.6995,8.49876153418393
04713800082,house,1,8.7087,8.562227858646288
04714500661,house,1,9.0926,8.623923988962137
04714600583,house,1,8.2695,8.465423621399616
04717000811,house,1,8.5942,8.510896053218875
04719801021,house,1,8.5994,8.438193701250276
04720400965,house,1,8.1096,8.430709531916694
04721100175,house,1,8.7487,8.574960478803398
04724800208,house,1,7.4418,8.459165225536466
04803000077,house,1,8.4267,8.355253391774207
04803700494,house,1,8.239,8.56352234837004
04803801002,house,1,8.6692,8.430112067498733
04804500316,house,1,8.622,8.406748421584737
04807000330,house,1,8.2808,8.378341983405939
04807000500,house,1,8.6851,8.343185083222089
04807400053,house,1,9.0332,8.275546938767238
04810000109,house,1,9.477,8.379326809738311
04814000324,house,1,8.3141,8.41268598112195
04815401446,house,1,8.137,8.354894094216563
04819000251,house,1,8.6226,8.77827998022252
04822400182,house,1,7.8494,8.39798539872851
04823401530,house,1,9.2243,8.368135829371253
04824500605,house,1,8.6713,8.477449090032755
04825200540,house,1,8.6995,8.412317250007545
04826900104,house,1,8.1877,8.347674420302367
04828500871,house,1,8.6226,8.429165173000355
04830700084,house,1,8.2161,8.276694575650078
04831001775,house,1,8.297,8.340527609331694
04832600486,house,1,8.479,8.513676621609465
04834500845,house,1,8.5374,8.410468595326053
04836600601,house,1,9.0886,8.577320351034713
04836700061,house,1,8.0327,8.500220267715788
04839400571,house,1,8.6975,8.349653720461047
04839600333,house,1,8.3187,8.410886500020585
04842100389,house,1,8.5685,8.470540691212557
04901200526,house,1,8.5849,8.370190580816763
04903300455,house,1,8.4652,8.379468560113486
04903600270,house,1,7.9931,8.425883006049808
04903600386,house,1,8.4946,8.511192473072697
04905600618,house,1,8.1689,8.350453091680457
04906100392,house,1,8.2212,8.410840092378523
04909900802,house,1,8.2677,8.42842364271867
04911101040,house,1,8.3894,8.269666587873159
04913600850,house,1,7.8666,8.36322698503592
04914300915,house,1,8.24,8.264820406078671
04920400691,house,1,8.1363,8.320110287936965
04920500297,house,1,8.3248,8.317533860851142
04923000953,house,1,8.5188,8.505431291535155
04924000353,house,1,8.1461,8.358536698129152
04924100315,house,1,8.0227,8.528337003721608
04925900226,house,1,8.6915,8.407380965187706
04927601293,house,1,8.1452,8.309793436338774
04927601811,house,1,8.0385,8.257337716174604
04945000451,house,1,7.874,8.219099953713034
04945100527,house,1,8.6928,8.43670387615985
04945100586,house,1,7.9092,8.306400779402315
04945500576,house,1,7.5533,8.231443182852686
05000500407,house,1,8.3837,8.681825418215322
05008501119,house,1,8.3749,8.54889966999064
05008800450,house,1,8.7248,8.537404556563034
05014300022,house,1,8.5829,8.511450180902333
05014600727,house,1,7.9811,8.405792549942399
05016100179,house,1,8.8945,8.53040713918666
05016700559,house,1,7.9391,8.496751502818507
05018400153,house,1,8.4482,8.334617452950795
05018800518,house,1,8.442,8.329318428605003
05019000671,house,1,7.7628,8.293008890749954
05021100211,house,1,8.4019,8.35135835198727
05022800462,house,1,8.055,8.39008709290222
05101001041,house,9,8.6662,8.397975406176537
05101711950,house,9,8.7675,8.678549949497913
05101711993,house,9,8.7359,8.678549949497913
05102800302,house,9,8.4482,8.389635737516597
05104900428,house,9,8.2541,8.404455971240044
05106400503,house,9,7.8251,8.300682819331932
05107701949,house,9,8.6173,8.408781701971503
05110000522,house,9,8.3662,8.343785555783452
05110100527,house,9,8.552,8.512602187981273
05110600422,house,9,8.8162,8.77501161320758
05111300287,house,9,8.568,8.503080912091368
05111600469,house,9,8.8001,8.694158184900038
05111600485,house,9,8.8144,8.688458303857475
05113000345,house,9,8.6373,8.57827965645593
05113100625,house,9,8.8708,8.690710768608366
05114800388,house,9,8.9002,8.778913972629216
05114900234,house,9,8.955,8.774761291044447
05115501783,house,9,8.3296,8.359696748857232
05116200401,house,9,8.7123,8.6433913893131
05116400301,house,9,8.5081,8.455652592945501
05117600568,house,9,7.9823,8.489139007386544
05117700732,house,9,8.4423,8.345379691999073
05122500355,house,9,7.7853,8.469569392142864
05122500398,house,9,7.8187,8.324668058030786
05122500908,house,9,8.7485,8.38407674813858
05122700826,house,9,8.5256,8.649745227695007
05122700842,house,9,8.5584,8.646325299069469
05123200282,house,9,9.0478,8.632630085776151
05124500506,house,9,8.4802,8.305641012707671
05129700708,house,9,8.4787,8.38984840604243
05130000358,house,9,7.9385,8.198390930329193
05131100712,house,9,8.2912,8.308405728764493
05132000126,house,9,8.8356,8.383443835933482
05132100619,house,9,8.5642,8.37709420665646
05132400442,house,9,8.3034,8.362063976324173
05133700921,house,9,8.2345,8.478460520133815
05133701055,house,9,8.9227,8.644084885767285
05133701195,house,9,8.4957,8.623812651487944
05133901828,house,9,8.9081,8.441218067262453
05201900526,house,9,8.4607,8.52446167382135
05202401043,house,9,8.6372,8.428490236766416
05202700075,house,9,7.9699,8.415069133645778
05204400958,house,9,8.3096,8.478513474757303
05204400974,house,9,8.8049,8.479653450965815
05205300418,house,9,8.3349,8.61689925307195
05205402644,house,9,8.5682,8.248879380329603
05205402776,house,9,8.5926,8.362038600319517
05206900869,house,9,8.7267,8.40407270772637
05207800957,house,9,8.3653,8.356917358157467
05209600564,house,9,8.9782,8.508436586791333
05224603439,house,9,8.8523,8.631940025414353
05225700543,house,9,8.905,8.477254530386412
05229200057,house,9,8.3472,8.414233276256823
05232901087,house,9,8.731,8.417988141937293
05236700485,house,9,8.163,8.285372800815125
05301000535,house,9,7.6009,8.292447433626425
05303300757,house,3,8.3096,8.472322767900401
05304900227,house,9,9.2103,8.332696050484433
05308900183,house,9,8.3481,8.52934598792773
05312400505,house,3,8.5384,8.409615409972398
05331700365,house,9,7.9215,8.637817549465762
05334200304,house,9,8.6036,8.346383548213394
05406201263,house,9,8.7403,8.574449735660261
05407200538,house,9,8.6723,8.512723865849688
05409801946,house,9,8.4784,8.397394767019431
05417300561,house,9,8.948,8.669184445159617
05418000081,house,9,8.6252,8.385777470648058
05419800489,house,9,8.6454,8.384488919562243
05428100125,house,9,8.1117,8.19409243051878
05428300191,house,9,9.0982,8.481886254783072
05500600133,house,3,8.3684,8.82528680724902
05507800510,house,3,8.4895,8.390885478719545
05508300491,house,3,8.779,8.447482460152157
05513000369,house,3,8.6305,8.499149414006299
05520100561,house,3,8.0604,8.276144002687746
05521401180,house,3,8.0014,8.330089855515034
05522004150,house,9,9.0205,8.440270688070937
05522202361,house,9,8.9922,8.482243082747926
05522900881,house,3,8.668,8.483483447093656
05523001090,house,3,8.6507,8.181174124472705
05523900052,house,3,8.6851,8.338584823880794
05524000977,house,3,8.8739,8.626738007557444
05525200945,house,3,8.4482,8.530417231616052
05526601293,house,3,8.3221,8.454624029535378
05527300297,house,3,9.1951,8.604851400631048
05528500801,house,3,8.2054,8.270317829591278
05529100309,house,3,8.7796,8.337456973829886
05530300391,house,9,8.7017,8.340160257863795
05530900380,house,3,8.8655,8.5811434033098
05535000671,house,3,8.4531,8.429724446829072
05535800260,house,3,8.8537,8.406226715362312
05608100131,house,3,7.8598,8.34838322440248
05608400178,house,3,8.1807,8.465138424129213
05610701600,house,3,8.5289,8.377719193365238
05612303157,house,9,8.4347,8.588577330674017
05612600615,house,9,8.1757,8.564348570455254
05612700245,house,9,8.2146,8.44629877426774
05613001219,house,3,8.2637,8.370869452330503
05619401553,house,3,9.1387,8.505931441148427
05620501991,house,9,8.2428,8.5651750865114
05620600149,house,3,8.2752,8.456634607917376
05623400973,house,3,8.5172,8.462825432106161
05623700136,house,3,8.5942,8.595467906018047
05700800489,house,3,8.2591,8.78758966346434
05701700690,house,3,8.1495,8.61700785997659
05701900118,house,3,8.2428,8.436162632003331
05703200350,house,3,8.6226,8.429273427889154
05704600107,house,3,8.0709,8.565250028102586
05704702058,house,3,8.2659,8.708898734474676
05705400667,house,3,7.9768,8.420756161944427
05706800545,house,3,8.2171,8.469071952298382
05708600901,house,3,8.2631,8.507068600178316
05708600918,house,3,8.1826,8.583475037534992
05709400734,house,3,8.6797,8.610394099532686
05711201409,house,3,8.5323,8.629662478342908
05713501213,house,3,8.4925,8.493021464190615
05716300537,house,3,8.5685,8.529722017435564
05716500331,house,3,7.8913,8.319847107827613
05718001189,house,3,8.1047,8.339432069961077
05720300368,house,3,8.689,8.624117303477492
05725400646,house,3,8.4876,8.68603040609237
05725800628,house,3,7.9782,8.446948835089794
05728000975,house,3,8.8919,8.552806982704686
05728000991,house,3,8.8049,8.552416751405163
05800201341,house,3,8.4284,8.606941206172626
05800701709,house,3,8.3332,8.584397617976123
05801000682,house,3,7.9804,8.540527553356625
05802901721,house,3,9.0106,8.752359348492346
05803201138,house,3,8.359,8.554074583617423
05803800831,house,3,8.9359,8.982103173336544
05805900890,house,3,8.6482,8.631787259577584
05806401103,house,3,8.478,8.57923819476847
05808200172,house,3,8.4032,8.444020883810875
05808500338,house,3,8.4764,8.24837215910942
05810201458,house,3,8.8595,8.712809914442625
05811200293,house,3,8.5425,8.671172752855295
05811300484,house,3,8.2863,8.814409271122177
05813401857,house,3,8.2674,8.655603021712277
05814000686,house,3,8.0845,8.454701308880454
05815201502,house,3,8.4895,8.606990791897514
05815600296,house,3,8.9002,8.448507618064523
05816501038,house,3,8.7991,8.659326593058054
05816901036,house,3,8.545,8.62528729872532
05817600900,house,3,8.4198,8.735619481330867
05817900785,house,3,8.0334,8.51457695944812
05818001016,house,3,8.9486,8.75686965545654
05818301443,house,3,8.8154,8.754331662278458
05819500725,house,3,8.7843,8.81599137194751
05824000220,house,3,8.42,8.505928867805455
05900901262,house,3,9.1036,8.589867120944746
05901000234,house,3,8.1787,8.394170005909054
05901301137,house,3,8.3012,8.405595960613766
05901605292,house,3,8.4449,8.502109010683034
05901605306,house,3,8.4449,8.510802954023944
05902800641,house,3,8.4895,8.551630645416619
05903000266,house,3,8.566,8.457178554178732
05903604242,house,3,8.6855,8.617670052103248
05904301960,house,3,8.1117,8.54191909336076
05905302057,house,3,8.9609,8.55805070536228
05906501592,house,3,8.2772,8.71414113046183
05907301351,house,3,8.6965,8.800377366060022
05907700564,house,3,8.6061,8.463234165664652
05908400386,house,3,8.7988,8.655030241118073
05908500283,house,3,7.8494,8.623967286553018
05908900761,house,3,8.7382,8.57870268197743
05909500775,house,3,8.7308,8.72492310721845
05909500783,house,3,8.7229,8.725576617608429
05909800841,house,3,8.7962,8.624576138273063
05909900838,house,3,8.168,8.633649904164887
05911101181,house,3,8.9446,8.743168270826377
05911401096,house,3,8.0064,8.665605693882759
05912900738,house,3,8.6042,8.460089712269378
05913000897,house,3,8.5791,8.498638626833209
05913101324,house,3,8.0121,8.698235696535964
05913700759,house,3,8.2097,8.484225663184848
05913701399,house,3,8.1178,8.602955024739362
05913800966,house,3,8.3894,8.613874331376046
05914100968,house,3,8.8503,8.646895541641976
05914201039,house,3,8.6713,8.603161493555271
05915101267,house,3,8.8919,8.739610073812973
05915101798,house,3,8.5172,8.700885528702315
05915200818,house,3,7.8481,8.433388244737408
05915300464,house,3,8.9792,8.622449630735618
05915600751,house,3,8.6609,8.584257647389878
05917901384,house,3,8.3914,8.544568671925695
05917902161,house,3,8.812,8.69743376669898
05918100202,house,3,7.9403,8.29015633805194
05918600124,house,3,8.3958,8.503460392060616
05921100382,house,3,8.5374,8.70202276961264
05922000667,house,3,8.4665,8.614967479016885
05922100866,house,3,8.8883,8.704270322227753
05922200453,house,3,8.3194,8.45402974559015
05922600117,house,3,8.4162,8.347516216893688
05923900084,house,3,8.0317,8.446358713488053
05924401480,house,3,8.601,8.48931121989482
05925100468,house,3,9.0006,8.681142286800497
05925400178,house,3,8.6416,8.448735289805782
05926102715,house,3,8.6603,8.649049513630846
05928800606,house,3,7.8753,8.29191804500735
05929601070,house,3,8.0778,8.36204895732802
05931100733,house,3,8.435,8.70931202579829
06000800444,house,3,7.694,8.366623660348326
06002700439,house,3,8.2993,8.319996231827158
06002900683,house,3,7.8054,8.435456142716813
06002900691,house,3,7.8054,8.435456142716813
06003405295,house,3,8.7294,8.684008233352932
06003501121,house,3,8.8772,8.490201887544377
06004101060,house,3,8.2224,8.592394990549556
06004101125,house,3,8.4449,8.679588544854823
06004900737,house,3,8.2065,8.458981433759943
06007201651,house,3,8.395,8.552025976885533
06007700259,house,3,7.6299,8.348634953651395
06008200845,house,3,8.5965,8.554409151744748
06008200896,house,3,8.7737,8.553350973375775
06008300645,house,3,8.239,8.394115321085568
06008400321,house,3,8.1887,8.569872248242547
06011001076,house,3,8.5881,8.669056176412575
06012903065,house,3,8.683,8.507963321679105
06013100901,house,3,8.372,8.440991589426474
06014800530,house,3,8.5952,8.353212007614907
06015601991,house,3,8.2844,8.598424750920001
06016600466,house,3,8.6959,8.746689186678154
06017601261,house,3,8.7921,8.635484613183035
06019800611,house,3,8.4659,8.308882520961026
06023800361,house,3,8.9804,8.702402792193434
06023900471,house,3,8.9515,8.669685184162295
06024600488,house,3,8.3786,8.364609565233874
06026200606,house,3,8.4616,8.34534562472536
06028400572,house,3,8.6936,8.393642687841162
06031500434,house,3,7.9638,8.465820963063356
06100600471,house,3,7.7867,8.450250149357183
06102800079,house,3,8.0053,8.307021084426065
06103601851,house,3,8.276,8.484862065797364
06103601894,house,3,8.4345,8.353698445729886
06103803543,house,3,8.6386,8.585198840477622
06103803594,house,3,8.4131,8.510350864862561
06104701371,house,3,8.7612,8.588203120315148
06104900321,house,3,8.4219,8.512523779167838
06106101698,house,3,8.2621,8.480594749957667
06106801126,house,3,8.5172,8.69692481119064
06106900965,house,3,8.8127,8.550405071672948
06108203412,house,3,8.8717,8.832339348894227
06108600195,house,3,8.0631,8.575848815805506
06109503207,house,3,8.1117,8.826139489759209
06109900419,house,3,8.7829,8.792970086814275
06112200392,house,3,8.7704,8.694026964438965
06114101758,house,3,9.0375,8.727993136223837
06114101898,house,3,9.0905,8.72106153008004
06114500024,house,3,7.8917,8.35976565975472
06114700589,house,3,8.6206,8.599833686967742
06115402700,house,3,9.0655,8.676371207690197
06115402832,house,3,8.3052,8.695389909619697
06115402999,house,3,8.294,8.608242102820164
06115607051,house,3,9.0527,8.837454480376447
06201200304,house,9,8.5172,8.594076909556597
06203400335,house,9,9.444,8.635966827396544
06203600156,house,9,8.8302,8.667144621597654
06203700071,house,9,8.5936,8.833888391156853
06204700502,house,9,8.5477,8.569400359067368
06210600530,house,9,8.5758,8.473543785060878
06211200943,house,9,8.7403,8.753050707577966
06211300141,house,9,8.6343,8.44932901864358
06211800363,house,9,7.7786,8.464724879533849
06213200231,house,9,8.6622,8.480790882745238
06214100591,house,9,8.1951,8.895553227530568
06216300377,house,9,8.4792,8.491431149069502
06218900894,house,9,8.59,8.587256721152109
06219800818,house,9,8.3428,8.535477269837255
06306600167,house,9,8.8714,8.510065947607039
06306900284,house,9,7.8324,8.428829397311285
06325100271,house,9,7.7863,8.350930164014155
06409900260,house,4,8.8255,8.483984672295945
06414900321,house,9,8.6226,8.477345377808572
06416700980,house,4,8.235,8.362020957480645
06500802004,house,4,8.654,8.401714217543088
06504701466,house,4,8.7443,8.256154817228639
06506300604,house,4,7.9633,8.33917163897105
06508101072,house,4,8.6701,8.484062095055346
06509000431,house,4,8.4542,8.30353394313469
06510400316,house,4,9.0943,8.274211394406862
06511000370,house,4,8.3745,8.207823756145011
06512600185,house,9,8.6163,8.342676052354657
06515800754,house,4,8.5425,8.372988498881126
06602400665,house,4,8.0472,8.32812726597506
06602600796,house,4,7.9447,8.2679951591243
06603901455,house,4,8.4381,8.24477531092174
06606400643,house,4,8.8049,8.489036711052233
06608301154,house,4,8.8388,8.572655503183269
06608801742,house,4,8.7113,8.38928999837075
06611000828,house,4,8.0923,8.18119497575884
06611700153,house,4,8.1117,8.228931831379779
06618801230,house,4,8.1022,8.390488512236796
06620600824,house,4,8.4372,8.50841110081733
06622400423,house,4,7.8426,8.272782170505845
06624500271,house,4,8.1402,8.319792468308341
06626601725,house,4,8.478,8.241253095453915
06628900411,house,4,8.2324,8.236253653879563
06629300149,house,4,8.5222,8.219758890144663
06631000734,house,4,8.5731,8.208610928842498
06631400368,house,4,8.363,8.209988963527895
06633000227,house,4,8.5172,8.375032867241869
06638900102,house,4,8.0709,8.272744974920466
06645101181,house,4,8.4854,8.22056487172758
06653100030,house,4,8.3136,8.321229484457502
06654400690,house,4,8.4015,8.30056014131465
06655900451,house,4,8.5014,8.29953983437535
06656700454,house,4,8.6754,8.426275905550039
06659500200,house,4,8.132,8.386206806595123
06661200138,house,4,8.382,8.087192227583854
06661400714,house,4,8.3349,8.409130012921167
06701100538,house,4,8.4921,8.335890155360188
06701201369,house,4,8.5477,8.524274402876797
06702102399,house,4,8.363,8.33328888275704
06703701547,house,4,8.6418,8.34351121393746
06703804087,house,4,7.9408,8.410200988471006
06704500707,house,4,8.0135,8.282392563813769
06704501551,house,4,8.0273,8.297792071292205
06705401079,house,4,8.6311,8.592783773552515
06705601272,house,4,8.4278,8.496243625117677
06707800965,house,4,8.1399,8.393009837273715
06708800535,house,4,8.75,8.491404302206153
06710401308,house,4,8.371,8.31017597162718
06710500632,house,4,8.6578,8.409920727541408
06713300332,house,4,8.7403,8.618117300183686
06714200781,house,4,9.0272,8.71822237521088
06716101012,house,4,8.2577,8.297595540311612
06716101381,house,4,8.2659,8.56633791915362
06716101403,house,4,7.5625,8.313127168357864
06717001283,house,4,8.2453,8.496405027839273
06720100297,house,4,8.9081,8.428602597856184
06720201972,house,4,8.3187,8.61287273175301
06720600893,house,4,9.0502,8.455211006032531
06721601257,house,4,7.8579,8.661851588562495
06722801111,house,4,8.041,8.510830093788995
06726201338,house,4,8.919,8.705423510610839
06727300887,house,4,7.9146,8.329986650900645
06727400474,house,4,8.3789,8.321759527892109
06728601899,house,4,8.6936,8.610952909969582
06728902163,house,4,8.4302,8.427640071584033
06730500182,house,4,9.0852,8.718546225040386
06730600322,house,4,8.1342,8.30119159211296
06731600229,house,4,8.2577,8.36435392780845
06733300095,house,4,8.1257,8.239641123453817
06734800229,house,4,8.566,8.429670647034813
06734901149,house,4,8.1242,8.294607577767724
06735100077,house,4,9.0067,8.51328295560524
06736700310,house,4,8.8239,8.442219549493053
06737500544,house,4,8.4641,8.503454110890049
06738200641,house,4,8.5713,8.468665514674852
06739100187,house,4,7.3789,8.20401400486612
06741200029,house,4,8.5511,8.370727450959421
06741900381,house,4,8.2035,8.422306566711116
06744300350,house,4,8.6284,8.347222944346216
06747800095,house,4,8.6851,8.407167504520034
06748100038,house,4,8.6595,8.451278610428185
06748300878,house,4,8.1865,8.467216010655994
06749300421,house,4,7.9164,8.19689393210725
06750200109,house,4,8.0709,8.338962652326874
06800200867,house,4,7.9225,8.455102644128727
06801503324,house,4,8.7808,8.746051797314255
06802601931,house,4,9.0768,8.504895209052336
06803902455,house,4,8.4219,8.554858716366022
06808000697,house,4,8.8939,8.714103084573253
06810100962,house,4,8.36,8.443308863041901
06810101179,house,4,8.1998,8.48312176138014
06810101942,house,4,8.5172,8.461309473732857
06812500283,house,4,8.5004,8.411913724334005
06812500364,house,4,8.7156,8.562615672543235
06814601745,house,4,8.3261,8.55720707975584
06814800985,house,4,7.9374,8.47239759922829
06815400670,house,4,8.6829,8.457549858192513
06816100751,house,4,8.1568,8.467010523433798
06816700724,house,4,8.7052,8.442716450653755
06818200508,house,4,7.937,8.100100655641945
06820200846,house,4,8.4931,8.34660059464508
06824001759,house,4,8.5862,8.525535681458065
06825800094,house,4,8.3875,8.434445187415646
06826200521,house,4,8.6978,8.429253250161521
06826200600,house,4,8.3021,8.24241572040724
06826500825,house,4,7.7576,8.304854591742172
06826600341,house,4,8.3889,8.413432499443578
06828400569,house,4,8.6226,8.471836089914003
06829200466,house,4,7.9782,8.426568598409586
06829200547,house,4,8.4684,8.291180850435033
06830700213,house,4,8.41,8.396376515326656
06832000383,house,4,7.6009,8.413253224140801
06836900524,house,4,9.0005,8.61165350754417
06837700162,house,4,8.3671,8.503072823120164
06837700308,house,4,8.087,8.488249324389939
06839500322,house,4,8.7036,8.590775762976799
06839800652,house,4,8.5489,8.43633625997835
06843100392,house,4,8.7598,8.519991282188036
06845300887,house,4,8.0488,8.43220165241794
06848000108,house,4,8.2428,8.310689430968466
06851401266,house,4,8.0626,8.443368787475906
06852000524,house,4,8.8284,8.48599477147683
06853200020,house,4,7.9939,8.593036869132902
06853200241,house,4,8.3324,8.386265466015404
06853401468,house,4,8.3253,8.58790299314156
06854101352,house,4,9.004,8.758729436720886
06854202167,house,4,8.7403,8.625527524011577
06900900631,house,4,8.3576,8.515181997980939
06902301662,house,4,8.7057,8.610470912292618
06907600218,house,4,8.8818,8.64487273726079
06908400123,house,4,9.2013,8.667113707764612
06909201566,house,4,8.9567,8.485073359874134
06911300479,house,4,8.7759,8.607294697359656
06913101058,house,4,8.1031,8.405343660922737
06915300600,house,4,8.3868,8.46736431718771
06915700201,house,4,8.637,8.759377236031352
06916100826,house,4,8.4412,8.465067586366885
06917300160,house,4,8.5817,8.795168777570838
06917701130,house,4,8.4482,8.479321405044384
06917900151,house,4,8.0552,8.535766643903203
07004601420,house,4,8.294,8.420498474510612
07004701751,house,4,8.7121,8.39869178348958
07006501709,house,4,8.2525,8.599161451162097
07006702569,house,4,8.8269,8.469404063609197
07006703212,house,4,8.1543,8.391242409726184
07007800610,house,4,7.9995,8.485791252625235
07008100612,house,4,8.6051,8.41498564484065
07008800533,house,4,8.2245,8.344065222456193
07009200572,house,4,8.2876,8.38477210172633
07010800456,house,4,8.1432,8.464684582935648
07012501219,house,4,7.4101,8.272703436487886
07012700351,house,4,8.0041,8.427068696077596
07013802761,house,4,8.5172,8.594806186354596
07015502100,house,4,7.7311,8.37003917444021
07016101010,house,4,8.6042,8.482207817908504
07016101894,house,4,8.6785,8.519879049645166
07017604342,house,4,8.0383,8.33308798723972
07017800486,house,4,8.37,8.476589695575369
07018100844,house,4,7.9774,8.283371149567369
07018401232,house,4,8.4547,8.333638565189764
07018401240,house,4,8.2396,8.332970378338564
07019301126,house,4,8.0064,8.487987151428493
07019302025,house,4,8.7739,8.561924742267388
07019302637,house,4,7.9492,8.279554331082588
07019304222,house,4,8.1605,8.325738351047022
07019304362,house,4,8.3044,8.576356320810989
07020700421,house,4,8.4828,8.332873805533499
07021100401,house,4,8.4759,8.360681796895559
07021300050,house,4,8.1938,8.353012412105842
07023007652,house,4,8.1689,8.450000900903587
07023011749,house,4,8.4641,8.555574127616678
07024701250,house,4,8.7916,8.525938830583721
07024801115,house,4,8.4032,8.411216041432562
07024902442,house,4,8.6057,8.40695726545778
07028500446,house,4,8.2742,8.521564476340938
07033300492,house,4,7.9837,8.334868099094566
07035000615,house,4,7.9481,8.367579747868295
07035800621,house,4,8.3489,8.279371026590814
07037400033,house,4,7.9111,8.147525970452918
07037700711,house,4,8.6226,8.331893764927734
07039402981,house,4,8.2385,8.410025812687921
07039403145,house,4,8.606,8.395789654525872
07041000125,house,4,8.3533,8.414413858201645
07041200221,house,4,8.4392,8.639784079861323
07105201436,house,4,8.2183,8.309476614331878
07107200356,house,4,7.7814,8.256026332080717
07109600335,house,4,8.4684,8.543927588971762
07111100964,house,4,8.2396,8.290993159121651
07112700681,house,4,8.5262,8.356493755721148
07113500692,house,4,8.3407,8.323151704378438
07125100090,house,4,8.7932,8.393315628750932
07125700489,house,4,8.0645,8.20137539982637
07127100330,house,4,8.3416,8.329669527685235
07132100483,house,4,8.2063,8.289669213777854
07136800722,house,4,8.4302,8.167283178176922
07137604838,house,4,8.8049,8.344530973685135
07137701132,house,4,8.1157,8.279851056132843
07141605770,house,4,8.363,8.395909866871252
07146402894,house,4,9.0489,8.189573316297801
07147000201,house,4,8.8257,8.416954317879219
07147301749,house,4,8.4684,8.2060100432846
07151500165,house,4,8.363,8.34545121447224
07151500361,house,4,9.14,8.442527536045654
07152200548,house,4,8.0754,8.357865553514362
07200500429,house,4,8.46,8.252540092529022
07202501953,house,4,8.2903,8.330501992110223
07202900025,house,4,8.1305,8.322095634606965
07203200991,house,4,8.1731,8.33690347653568
07204400240,house,4,8.9546,8.636726596662502
07205901103,house,4,8.5903,8.384268315816387
07206000924,house,4,8.391,8.48203161413888
07209800077,house,4,9.1413,8.467979180147648
07210100504,house,4,8.5459,8.487849888711128
07211900431,house,4,8.6226,8.717488508107525
07213601008,house,4,8.1495,8.893353111104716
07216802888,house,4,8.3796,8.368302685346015
07217600391,house,4,8.1707,8.414714592352908
07217801524,house,4,8.1117,8.413574748170255
07220101864,house,4,8.3931,8.555194447387453
07220800479,house,4,9.1598,8.57690291389361
07221000581,house,4,8.2439,8.331402441150873
07221100993,house,4,8.406,8.343993053224045
07221101205,house,4,8.948,8.434659157489135
07222100334,house,4,8.363,8.37823616732023
07305600679,house,4,8.9324,8.971395432664215
07306101714,house,4,8.3223,8.460342882089723
07326000115,house,4,8.5083,8.707238250102202
07329100188,house,4,8.6558,8.36353485952698
07504100102,house,4,7.9481,8.243037448940678
07506800421,house,7,8.3143,8.27850014439689
07507000281,house,7,8.2649,8.176293768574638
07513601011,house,4,8.406,8.562444356483454
07514200266,house,4,8.4821,8.413320555423024
07520300986,house,7,8.6805,8.609430916579822
07520500551,house,7,8.5685,8.443455374270904
07522600758,house,4,9.3355,8.456945436059247
07524002165,house,7,7.4684,8.284301514279939
07525406294,house,4,8.6941,8.526290061329853
07525406340,house,4,8.6177,8.55918076916787
07525801649,house,4,8.4131,8.259028645893443
07530400606,house,4,8.3946,8.322061866613277
07534401364,house,7,8.2548,8.335018842581409
07535300200,house,7,8.097,8.384836294931073
07536100299,house,4,7.4052,8.17890344692496
07600800454,house,7,8.902,8.37711526687114
07608500107,house,7,8.8092,8.325500141274953
07609100897,house,7,8.351,8.455639900747274
07609800414,house,7,8.3864,8.244621471861814
07609800538,house,7,9.013,8.594679342738427
07609800546,house,7,8.9719,8.59795629626435
07610000744,house,7,8.4668,8.291111739060701
07610300438,house,4,8.163,8.110240249462676
07610501840,house,4,8.3,8.179745382080648
07614400331,house,4,7.5796,8.237472907712894
07616500285,house,7,7.9676,8.132742783026352
07617400438,house,7,8.4735,8.432087986349622
07618302529,house,7,8.6063,8.360147545884017
07619200037,house,7,8.1388,8.333205379036878
07620700171,house,7,8.532,8.36725672248181
07624800349,house,7,8.4875,8.57321097503224
07624800578,house,7,8.6905,8.521674758791386
07624800616,house,7,8.8876,8.626454274376437
07628500331,house,7,8.4699,8.251521548850398
07642500408,house,7,8.8626,8.595300133401606
07643000281,house,7,8.6101,8.513549923228423
07643200270,house,7,8.4118,8.315539369910164
07645100206,house,7,8.5041,8.316746681066668
07645100461,house,7,8.3349,8.26954379685327
07646304018,house,7,8.9714,8.524580271148977
07648900041,house,7,7.9811,8.106119349535708
07650200231,house,7,7.6009,8.18384343762674
07651301201,house,7,8.055,8.373870088435446
07651303032,house,7,8.5318,8.39732184840513
07651303083,house,7,8.7598,8.480332084137649
07677600352,house,7,8.3506,8.295368393684823
07700400768,house,7,8.6226,8.547075927176401
07700500193,house,7,8.3758,8.629425203316003
07703000655,house,7,8.036,8.514559414742216
07705800438,house,7,8.4659,8.401618961651018
07714300736,house,7,7.824,8.390846181277208
07724800545,house,7,8.4291,8.728314815275809
07730800462,house,7,8.8383,8.544525159385055
07730800489,house,7,9.0649,8.682647760900897
07737205225,house,7,8.3027,8.504966389487711
07743601587,house,7,8.4094,8.394747305330576
07743602206,house,7,8.5484,8.562638115310481
07744801644,house,7,8.0133,8.470532515639324
07744801903,house,7,8.1687,8.661232453552422
07802601142,house,7,8.8855,8.588530432165236
07803000827,house,7,8.797,8.583777660467932
07805100551,house,7,8.9872,8.433364457655218
07805400504,house,7,8.5352,8.375278024282606
07805401081,house,7,9.0315,8.613856301874502
07806101462,house,7,8.46,8.343449960673357
07807100230,house,7,8.6995,8.533768136320107
07807100516,house,7,8.7852,8.33816199412483
07807200383,house,7,8.1117,8.386641352990187
07807300213,house,7,8.6326,8.453617871085568
07808900451,house,7,8.4381,8.38351347021091
07808901679,house,7,8.4034,8.523981263727128
07818000461,house,7,8.2272,8.686657114034372
07818100458,house,7,8.7403,8.49497339811347
07818601252,house,7,8.3862,8.456781196317849
07821300187,house,7,8.2589,8.364330927429139
07821500569,house,7,8.9483,8.566517917014854
07821600717,house,7,8.4289,8.338434867251866
07822400312,house,7,8.7702,8.401254724001895
07823700638,house,7,8.7584,8.515913219256896
07824100431,house,7,8.6792,8.340224688838783
07824500012,house,7,8.7511,8.406495150902737
07825300599,house,7,8.8167,8.46664736649427
07825300701,house,7,8.728,8.553754508786177
07825801512,house,7,8.503,8.39949555333896
07826200113,house,7,9.0142,8.331103798858356
07826400694,house,7,8.3041,8.268488175373324
07832400633,house,7,8.7308,8.350649000302148
07836900177,house,7,8.2254,8.40614113909487
07838100437,house,7,8.0864,8.33717135263248
07840202659,house,7,8.9036,8.666828162879169
07840900577,house,7,8.6903,8.422530350961203
07840900712,house,7,8.4064,8.365009181559
07841000723,house,7,8.4611,8.299790201019517
07842801851,house,7,8.1678,8.31439807971184
07843200649,house,7,8.747,8.482040713436124
07844700386,house,7,8.8385,8.575732819329751
07849100085,house,7,8.8451,8.4021447697187
07852809731,house,7,9.0576,8.613017332888148
07852810969,house,7,9.0711,8.62139344780156
07917800199,house,7,8.4945,8.328066818119055
07919900255,house,7,8.294,8.491823790482576
07966001482,house,7,8.4621,8.36963711624231
07966400468,house,7,7.9462,8.306292947909936
07966600041,house,7,8.6724,8.228322245173112
07966900851,house,8,8.5054,8.38172285175102
07973200037,house,7,8.7179,8.509225309045663
07975600164,house,7,8.4764,8.329017608048305
07977200198,house,7,8.6936,8.415032442558068
07977400073,house,7,8.585,8.411851867949505
08000501287,house,7,8.667,8.464982683341793
08002100336,house,7,8.5817,8.340543407634026
08003300169,house,7,8.0715,8.340446788975145
08004500900,house,7,8.1437,8.580785957649157
08006200580,house,7,8.2437,8.637406784570034
08008400171,house,7,8.3106,8.656177724880578
08009400890,house,7,8.5984,8.513754160009395
08010600814,house,7,8.3949,8.407637307186274
08011000608,house,7,9.3114,8.487660555956905
08011300555,house,7,8.1285,8.570195730617046
08013100871,house,7,8.7891,8.417111263101944
08013100928,house,7,8.975,8.410834981273293
08013400255,house,7,8.838,8.540249308030338
08013500055,house,7,9.105,8.201644938218584
08013700526,house,7,8.9105,8.459867424268147
08014804015,house,7,8.8763,8.42944492965373
08100501351,house,7,9.5444,8.390694789689462
08100501386,house,7,8.4557,8.247377165704098
08102402318,house,7,9.0749,8.454815809028206
08104200951,house,7,9.0632,8.508406793759578
08107000013,house,7,9.1592,8.417903628687023
08108700620,house,0,9.3943,8.508598169382932
08108800609,house,0,9.1281,8.26395445397269
08117600161,house,0,9.0776,8.268633499715268
08117700131,house,0,9.5165,8.46344125339468
08118200337,house,7,9.4523,8.541431091112694
08126100109,house,0,8.8273,8.346284887036193
08126200774,house,0,9.1203,8.546324301786564
08127100234,house,0,9.6566,8.4665891741304
08127400084,house,0,9.2724,8.410884248484084
08130100576,house,0,9.4335,8.27717714360954
08131500756,house,0,8.9429,8.489373545465636
08132002423,house,0,9.417,8.494261068384406
08133000122,house,7,8.7721,8.354611631770707
08134900445,house,0,9.4565,8.444782470506343
08218100563,house,7,8.6627,8.372533855052877
08221300039,house,7,8.3349,8.510259776520641
08235800470,house,8,8.3096,8.416275886378362
08236800172,house,8,8.9345,8.487218703522046
08244100176,house,6,9.2591,8.525368079238968
08245009768,house,7,8.3261,8.469180174402624
08245800937,house,8,8.1007,8.222832476594135
08250200268,house,6,8.8168,8.53511467089332
08256100265,house,8,8.5419,8.412229289677637
08260400375,house,8,8.4175,8.414735706101878
08260600544,house,8,8.8296,8.42193360243014
08260800233,house,8,8.5972,8.44003100489068
08261100261,house,8,8.8268,8.419996888901977
08262800230,house,8,8.3289,8.19916519529591
08263100461,house,8,8.1178,8.369913711321493
08309500149,house,0,9.4617,8.45616866727975
08320500699,house,0,9.2512,8.581026414864533
08321200699,house,0,9.1735,8.842344894498083
08321200801,house,0,8.9717,8.595533948318279
08421500333,house,6,9.2867,8.471627691520998
08500501278,house,6,8.3462,8.676835073395392
08507900267,house,6,9.1188,8.699811925589227
08512000848,house,6,9.3506,8.82191181877315
08515400413,house,6,8.7891,8.419450563872484
08518400384,house,6,9.4133,8.499799620464064
08519400345,house,6,8.8247,8.545998291223215
08519400388,house,6,8.9798,8.465784865101128
08519400507,house,6,8.5817,8.472778510087963
08532100503,house,6,8.9976,8.53905152197733
08558901376,house,6,8.7165,8.510282899262803
08564700492,house,6,8.6524,8.526453402664513
08564900191,house,6,8.5564,8.480660655263693
08603800529,house,6,8.9717,8.628178639857108
08604301186,house,6,9.4409,8.652543377944802
08608000180,house,6,8.8672,8.468068013984178
08608400138,house,6,8.9227,8.71590811005619
08608600137,house,6,8.5172,8.478004462583476
08613500730,house,6,8.3994,8.46322598781139
08615300501,house,6,8.5172,8.491478771302454
08616900128,house,6,8.2008,8.285977817423015
08617000538,house,6,8.2135,8.467440128588507
08617000554,house,6,8.2484,8.405954665423343
08627000123,house,6,8.9899,8.525456138825854
08627908877,house,6,8.2922,8.346223126784798
08628900462,house,6,8.297,8.505148482381419
08635700661,house,6,8.465,8.494427313104078
08638500017,house,6,8.6335,8.52046994255012
08641100156,house,6,8.9994,8.439557100122714
08641700498,house,6,8.422,8.355575930548026
08641800255,house,6,8.4856,8.244428651746487
08641800433,house,6,8.6287,8.345560609043405
08641900233,house,6,8.2585,8.323464717186864
08643300144,house,6,8.1229,8.432749253531997
08706100279,house,2,8.1678,8.561785188937856
08706100325,house,2,7.8145,8.466622558412917
08711500182,house,6,8.5972,8.574988185361905
08712900265,house,6,8.3656,8.54187627555781
08714000261,house,6,8.5972,8.509315877142132
08718100406,house,6,8.7734,8.530073057071613
08722700153,house,2,8.7403,8.494514245451505
08726200287,house,2,8.1057,8.431903660321295
08726200597,house,2,8.7035,8.340100407345691
08728201280,house,2,8.6319,8.5758145243637
08730100968,house,2,8.7601,8.749596726002773
08730300282,house,2,8.491,8.64133395910972
08732001592,house,2,8.8339,8.68322683420363
08736400335,house,2,8.7323,8.305544965991674
08737300725,house,6,9.5332,8.504415767942858
08737600281,house,2,8.4537,8.493866503576244
08737901273,house,2,8.8768,8.399622551585677
08737902271,house,2,9.6055,8.447729714470997
08737902581,house,2,9.0027,8.459139061644356
08740200396,house,2,8.5007,8.584107640244953
08740900551,house,2,8.5023,8.6074845625995
08745500983,house,2,9.0612,8.457918265931296
08747500018,house,2,8.4813,8.421416627072755
08800400426,house,2,8.5124,8.29635531109689
08800800254,house,2,8.2594,8.528109070933112
08805800384,house,6,8.4299,8.48588970216692
08808600114,house,2,8.7102,8.545573074684876
08808800644,house,2,8.8069,8.706232396391977
08809800311,house,2,8.9647,8.61890825993586
08810100174,house,2,8.1117,8.60593628244368
08812000101,house,2,8.7997,8.447709903357758
08814400921,house,2,9.0672,8.487646072101155
08815801936,house,2,8.2736,8.488161832343108
08815802746,house,2,8.6078,8.477742710820241
08815819711,house,2,8.4817,8.404388954364345
08815820132,house,2,9.0321,8.603736727664147
08817018961,house,2,9.0793,8.333364659755944
08819300656,house,2,8.9081,8.318843906959101
08819300672,house,2,8.974,8.3755236587478
08821400281,house,6,8.5723,8.304692610221107
08821400425,house,6,9.1133,8.303030315240248
08821600386,house,6,8.7279,8.303157759183883
08825000227,house,2,8.5332,8.535404156607543
08825900422,house,2,9.4214,8.465900757828939
08828900148,house,2,8.7337,8.476906989955891
08829800341,house,2,8.4229,8.345847946929254
08829802204,house,2,8.9446,8.436351298000675
08829802379,house,2,8.6386,8.53026953302839
08900200127,house,6,8.5072,8.39273250715056
08901500302,house,6,8.7248,8.283297102025099
08902300447,house,6,8.3182,8.363906521930705
08903600460,house,2,8.4011,8.346135023248943
08903900944,house,6,8.4206,8.339345678954492
08907000417,house,2,8.7213,8.599824153136947
08907301530,house,2,8.9635,8.539678767254156
08911000485,house,2,8.341,8.20218692320987
08911300251,house,2,8.5355,8.316264651173096
08912200836,house,2,8.2894,8.363556955188553
08912400061,house,1,8.1951,8.430108476945893
08917200125,house,2,8.0943,8.416356777150005
08917500481,house,2,7.6009,8.140337477102024
08918600305,house,2,7.8345,8.258689847155965
08918700806,house,2,7.9877,8.417030063457565
08920500177,house,1,8.363,8.49376547360204
08921500553,house,2,8.2195,8.338551039379809
08923800351,house,2,8.1672,8.278381681159884
08929300693,house,1,8.4764,8.648202084450183
08930500730,house,1,8.0583,8.62183644556381
08932500665,house,1,8.3837,8.470129978380582
08933500510,house,1,8.3536,8.55088399718313
08934200618,house,1,8.558,8.593245183541116
08935400361,house,2,7.8389,8.44597030867523
08937900254,house,6,8.2039,8.535745804534066
08938100294,house,6,8.1347,8.419107741672027
08938300315,house,6,8.6912,8.373611576432479
08939000250,house,6,8.5806,8.420820306436385
08939900251,house,2,8.5284,8.495679288536792
08941600359,house,6,8.3559,8.346840989047365
08941600741,house,6,8.5419,8.429899394119339
08942200461,house,6,8.1963,8.414631090783121
08942300431,house,6,8.2972,8.300589507380407
08942400191,house,2,7.9111,8.38515909667057
08942900461,house,6,8.2359,8.35275840076538
08942900569,house,6,8.3021,8.390576349927715
08943300352,house,6,8.7829,8.535950395535783
08943700091,house,1,7.5793,8.23551525217624
08944500924,house,1,7.8948,8.387913015282486
08947300233,house,6,8.2177,8.39842023031826
08947600644,house,6,7.4538,8.202278825931028
08948800485,house,6,8.2744,8.393246173694495
08951500047,house,6,8.3328,8.329493505687582
08951500136,house,6,8.5817,8.440424026320573
08951600831,house,6,8.183,8.267353093722976
08955700040,house,2,8.5769,8.414432244932152
08956300399,house,1,8.2314,8.500765958068456
08956300569,house,1,8.2928,8.447215554664472
08956300577,house,1,8.2742,8.45288735976183
08956901287,house,1,8.3666,8.583136191251254
08957001549,house,2,8.6748,8.453778669370877
09002700369,house,2,8.9327,8.473346865152294
09005000724,house,2,8.7354,8.550429665024598
09005200685,house,2,8.0411,8.27249506442756
09006500259,house,2,8.8049,8.200752675698663
09009600874,house,2,8.242,8.370508249705667
09009800490,house,2,7.9877,8.316207686798906
09009800571,house,2,8.5361,8.472067218821879
09010100545,house,2,8.5172,8.46754647029478
09013600530,house,2,7.8841,8.664838467891839
09015600449,house,2,8.8133,8.63933417140678
09015700389,house,2,8.9674,8.687371437781842
09016300406,house,2,8.1837,8.443290066174262
09016300465,house,2,8.2163,8.396322927606324
09017700777,house,2,8.8035,8.277451615620544
09019800043,house,2,8.7355,8.434221918458901
09021700271,house,2,8.5751,8.310018166564904
09021800731,house,2,8.297,8.293670451792366
09022600424,house,2,8.8155,8.3625688505608
09023400038,house,2,9.0635,8.399958107558982
09029900660,house,2,8.3961,8.596529303245733
09029900709,house,2,8.4668,8.594595155188863
09030900210,house,2,8.7791,8.346829168628064
09031300268,house,2,8.3117,8.3285558905889
09032800825,house,2,8.6797,8.355972338322351
09033400294,house,2,8.1924,8.447762953221991
09037400337,house,2,8.4241,8.24765149268338
09037901001,house,2,8.8495,8.656921034170201
09038100345,house,2,7.9576,8.453451440551776
09041800451,house,2,8.7765,8.447387911788407
09042301090,house,2,8.2751,8.290255868902129
09042600365,house,2,8.6226,8.3221557142616
09043300251,house,2,8.7796,8.447092001784332
09043500402,house,2,7.7832,8.213996346290585
09045000059,house,2,9.2103,8.511813517844253
09047000013,house,2,8.6836,8.379340480436749
09047400224,house,2,8.8136,8.437702972991826
09106301029,house,1,7.7379,8.285545486169122
09106801323,house,2,8.3349,8.561692076468425
09108800235,house,2,8.4118,8.45077938815467
09109600728,house,2,8.4159,8.38321966865043
09110000615,house,2,7.7142,8.45072023105012
09110200401,house,2,8.2623,8.437486171020046
09110500685,house,2,8.2439,8.447932791082854
09112901091,house,2,8.0348,8.57188339069496
09112901318,house,2,8.1007,8.43201714554801
09117500257,house,2,8.503,8.407762292068558
09120400381,house,2,8.0208,8.266303996637417
09120600348,house,2,8.6133,8.43460822913403
09121400229,house,2,8.596,8.458673314527504
09122600302,house,2,8.4925,8.445138493374117
09123100699,house,2,8.0317,8.366265256855462
09127100553,house,2,8.4302,8.4362807343065
09127500071,house,2,8.1801,8.698833335483704
09128000234,house,2,7.824,8.290129439794887
09129600057,house,2,8.312,8.507062355609206
09130000742,house,2,7.7091,8.338363810677757
09130100062,house,2,7.8579,8.17870611068605
09130300347,house,2,7.8869,8.266417234630502
09134100318,house,2,7.8977,8.21903736034482
09135700130,house,2,8.3018,8.369173715001281
09137000225,house,1,8.0064,8.317352927235856
09144700237,house,2,8.1281,8.415822766406153
09157000212,house,2,8.2261,8.405718643943
09158600140,house,2,8.1917,8.344971974632152
09301800284,house,2,8.5564,8.525263208157096
09304400511,house,2,9.0637,8.71285802329983
09308900837,house,2,8.7623,8.450204430906059
09309300132,house,2,8.3315,8.525462504091122
09312201034,house,2,8.5557,8.649015374925098
09413100810,house,2,8.657,8.274063160116599
09414402195,house,2,8.2428,8.274553199352678
09415200774,house,2,8.3248,8.387839331245235
09500500231,house,2,8.5208,8.309464967133186
09505100124,house,2,8.8655,8.454178938238973
09506300046,house,2,7.998,8.211596644283937
09507700609,house,2,8.2898,8.340783557668065
09509200141,house,2,8.1641,8.226292174796454
09509800041,house,2,7.7753,8.263809240397382
09514900413,house,2,7.9773,8.353840220976855
09516000088,house,2,7.3342,8.394105095758825
09516800017,house,2,8.3296,8.440052140231229
09521400315,house,2,8.433,8.390788458760746
09521600284,house,2,9.3759,8.477782453908397
09523600362,house,2,8.3674,8.340047806268057
09527503922,house,2,9.105,8.354517487578036
09528000770,house,2,8.3662,8.479825697903808
09528700160,house,2,8.1117,8.424040104994633
09530500378,house,2,7.897,8.489135316407797
09536000075,house,2,9.075,8.32959913499602
09539000211,house,2,8.4813,8.455956532589834
09539100437,house,2,8.3442,8.436216249364323
09541400299,house,2,9.0672,8.3881971185917
09541500171,house,2,8.6125,8.433091628564322
09544400214,house,2,8.8861,8.437583091224402
09544400486,house,2,8.7905,8.394328689289575
09544400494,house,2,8.5895,8.499510753394992
09600400369,house,7,9.3612,8.404923501744719
09600800359,house,7,9.4864,8.305817798559898
09706700404,house,7,8.7962,8.423275330819601
09707500425,house,7,8.9321,8.537419309868406
09708200451,house,7,8.4916,8.62651617778333
09804500043,house,7,8.6842,8.43409364269031
09904800375,house,7,8.2324,8.694248142159559
09904900027,house,7,8.645,8.671136532997712
10000300410,house,9,8.2829,8.455688378873676
10001100385,house,9,8.6006,8.522129566453273
10001400427,house,9,7.9434,8.48639220526908
10002300043,house,9,9.0257,8.515614357918707
10007100654,house,9,8.4844,8.419005327134132
10007600282,house,9,8.4219,8.594505070791861
10008100054,house,9,8.1483,8.446031402244108
10008100321,house,9,8.2436,8.71665912257198
10008700477,house,9,8.1274,8.415497767169837
10009300251,house,9,8.6713,8.58319234404684
10009700322,house,9,8.363,8.582395622247732
10009700500,house,9,8.3741,8.61780123611888
10010400671,house,9,8.5568,8.526219838370828
10010800475,house,9,8.2367,8.506700256839082
10010800866,house,9,8.366,8.615181237949882
10102400139,house,8,8.6507,8.25103276603904
10105200165,house,8,8.2217,8.270121667517174
10105300100,house,8,7.8933,8.197068413022501
10105400334,house,8,8.7883,8.448241586816257
10105800146,house,8,8.621,8.545131778599153
10107200278,house,8,8.5584,8.29410049420013
10107300140,house,8,8.7796,8.47220780467514
10107700270,house,8,8.3245,8.390826920363818
10109100777,house,8,9.1633,8.413321604015465
10109400533,house,8,8.3759,8.598008587988828
10111005001,house,8,8.6821,8.426680398237272
10111005141,house,8,8.9468,8.407788628885381
10112300447,house,8,8.5428,8.372693554693717
10112400514,house,8,8.3428,8.453245829887441
10112500047,house,8,8.058,8.293865423001549
10112700593,house,8,8.5934,8.474651561249585
10113800028,house,8,8.1013,8.252118762914542
10115000568,house,8,8.4966,8.49085270017531
10115100406,house,8,8.6806,8.500440248926228
10115100635,house,8,8.6125,8.38214862050053
10115700829,house,8,8.0754,8.419979557159792
10116100957,house,8,8.3383,8.416314713775108
10119300401,house,8,8.3219,8.402897422340047
10120500492,house,8,8.1015,8.574959444533842
10120500591,house,8,8.5735,8.44302494444228
10121200042,house,8,7.8519,8.424968320578841
10122100262,house,8,8.8247,8.627270269621075
10123301393,house,8,8.9149,8.5146477382484
10127000126,house,8,8.5172,8.444323589476719
10132200898,house,8,7.9768,8.409306449394196
10132500204,house,8,8.655,8.71040763128349
10133300578,house,8,8.9539,8.603369580319907
10139000150,house,8,9.0595,8.428444015594726
10146200291,house,6,8.9285,8.288206816666905
10147000377,house,6,8.8995,8.347818033597544
10149000412,house,8,8.2644,8.3175463401452
10151100641,house,8,8.1756,8.323263062536485
10154000123,house,8,8.182,8.30527923337527
10155600698,house,8,7.8564,8.39753506877152
10156400382,house,8,7.7768,8.318492528466322
10156800275,house,8,7.824,8.376104766349565
10156900301,house,8,8.3349,8.312851230062094
10157100609,house,8,8.4527,8.34207131367819
10157201332,house,6,9.2103,8.48412266223278
10157708127,house,8,8.1742,8.42105302010468
10157801046,house,8,8.0064,8.368785976645299
10158301284,house,8,8.2306,8.294679496510316
10160000504,house,8,8.6995,8.340444272880381
10160100703,house,8,8.5976,8.49171247485531
10160102481,house,8,8.5697,8.412482696428393
10160102730,house,8,8.2727,8.313270593585289
10160300729,house,8,7.9412,8.318689073520146
10160900777,house,8,8.3763,8.526749295575462
10161500713,house,8,8.1522,8.35363799444964
10162100956,house,8,8.0819,8.216358849656453
10163700485,house,8,8.752,8.58301764608231
10201700122,house,9,7.917,8.346108944795876
10203300652,house,9,8.6781,8.762660161948448
10205500373,house,9,8.3664,8.574858213150172
10206300351,house,9,8.4482,8.500181272855183
10206900847,house,9,7.9215,8.554856491504912
10207001145,house,9,8.7278,8.557465978539405
10207600065,house,9,8.6624,8.527128543854547
10208200192,house,9,7.7675,8.52374240002871
10210600720,house,9,8.3155,8.559621360485245
10210700911,house,9,8.4137,8.567167789815098
10210800525,house,9,8.356,8.492320659869046
10212600337,house,9,8.3956,8.383252800259498
10301200105,house,8,8.5627,8.45360895958952
10301800420,house,8,8.2815,8.443963630777134
10302527396,house,2,8.4764,8.52831635391129
10304200114,house,2,8.385,8.265986792256651
10304300410,house,2,8.4039,8.341246700489279
10304800200,house,2,8.0164,8.366468575342708
10304900973,house,2,8.4482,8.376584509262779
10401200794,house,7,7.3424,8.156593495798841
10401500690,house,7,8.2145,8.448098978808922
10401800813,house,7,8.5966,8.316506128847848
10401801631,house,7,8.0247,8.33847809897618
10402400657,house,7,8.375,8.169004043315738
10402401416,house,7,8.489,8.328826405677729
10402900021,house,7,8.2295,8.331088786069081
10402900341,house,7,8.775,8.409068516196642
10403900254,house,7,8.1956,8.337104968729705
10405400984,house,7,8.4595,8.486595526091595
10405500539,house,7,8.5817,8.447151275053178
10405900928,house,7,8.2659,8.32832254800478
10406501350,house,7,8.0542,8.410581112220179
10406502039,house,7,8.0563,8.416756273703847
10407802664,house,7,8.2406,8.429804912150304
10408000405,house,7,8.2233,8.452606618319038
10408700547,house,7,8.4543,8.521257598496913
10410301042,house,7,8.4253,8.460427920585433
10414200216,house,7,7.9202,8.44198306320962
10414700022,house,7,8.3303,8.336700493612781
10501400140,house,7,8.3511,8.4048857665234
10501400248,house,7,7.7863,8.185793675092315
10502200064,house,7,8.4995,8.436962014561113
10502200722,house,7,8.9227,8.631751500777169
10503400350,house,7,8.7179,8.589446306725604
10504000240,house,7,8.8374,8.62735500677994
10504500960,house,7,8.1484,8.37919928427921
10504800506,house,7,8.2113,8.225489632946472
10506900435,house,7,8.7742,8.426253488945463
10507900447,house,7,8.6765,8.55168800111916
10509900428,house,7,8.1223,8.580742293483972
10510100294,house,7,8.6458,8.504133434465562
10511300556,house,7,8.6627,8.747209483694505
10512300509,house,7,8.2808,8.677771526650613
10512400333,house,7,8.4118,8.482690121502657
10512800552,house,7,8.6112,8.68577524827757
10514501064,house,7,8.7075,8.459441199591682
10514700512,house,7,8.037,8.404133718033865
10601500406,house,7,8.4837,8.520671632630728
10602800306,house,7,8.9177,8.546589290573433
10604300157,house,7,7.906,8.271634711230467
10605300657,house,7,8.4219,8.345803485909643
10609000577,house,7,8.1263,8.365058398341988
10609000739,house,7,8.1605,8.505758560416409
10610500480,house,7,8.4512,8.429157210140989
10610800468,house,7,8.9092,8.458573608610939
10612600350,house,7,8.1639,8.2947817255732
10618400337,house,7,8.4557,8.593978487966158
10618800386,house,7,8.894,8.581623503972752
10625401157,house,7,7.4259,8.234729539764242
10627500101,house,7,7.7714,8.371593750774652
10700700365,house,7,8.4659,8.210402021073262
10704000260,house,7,7.9792,8.104969232789614
10707900300,house,7,7.897,8.193235509799198
10709500474,house,7,8.5598,8.534902803456145
10710300459,house,7,8.1372,8.215156577344974
10711600391,house,7,8.2396,8.52524133178422
10714000131,house,7,7.9626,8.281434369525197
10714200491,house,7,8.5575,8.469758570301822
10714300143,house,7,8.9982,8.311714775666392
10718700261,house,7,7.941,8.173731220967131
10721604608,house,7,8.1225,8.277365841235145
10722200225,house,7,8.1703,8.161514273324283
10722200373,house,7,8.0882,8.319916682542111
10722200381,house,7,8.0882,8.319438897335708
10722200391,house,7,8.2824,8.315616615684482
10722200446,house,7,8.0882,8.31704997130369
10722200454,house,7,8.0882,8.316572186097288
10722200578,house,7,8.2217,8.320394467748514
10722400674,house,7,8.2732,8.26841817771226
10724500341,house,7,8.4178,8.361937289791385
10726600481,house,7,8.3951,8.317725644249828
10731400241,house,7,8.6781,8.46251059606401
10733400115,house,7,8.1773,8.32093145241915
10734900375,house,7,8.2144,8.195266487646421
10739400036,house,7,7.9294,8.084369638223725
10739400044,house,7,7.4366,8.094704152044015
10739400117,house,7,8.2264,8.346824125427078
10739500464,house,7,8.5256,8.45115656413002
10740000331,house,7,8.0338,8.24706740537998
10741401133,house,7,7.6508,8.203440775741903
10743400169,house,7,7.935,8.199296355290324
10743800167,house,7,8.4269,8.399545234794944
10743800337,house,7,8.8107,8.272290533964323
10744700514,house,7,8.3501,8.257726688869132
10745700283,house,7,7.8932,8.086765026497233
10801600552,house,4,8.6535,8.532810539886974
10804700817,house,7,8.3415,8.269718994093703
10807800464,house,4,7.9817,8.126182614884376
10810100303,house,4,8.9029,8.255573542575195
10812500414,house,4,8.1689,8.11228137219142
10816600294,house,4,8.5852,8.379793419513614
10816700469,house,4,8.8754,8.094457084389585
10817600255,house,4,8.8075,8.318289240079617
10818500564,house,4,8.6945,8.293993954171803
10818500572,house,4,8.3181,8.222035301616557
10819300143,house,4,8.4631,8.236571914088863
10900400462,house,4,8.2648,8.22588499024267
10904600385,house,4,7.9686,8.297021401248086
10905703595,house,4,8.4859,8.207996063099992
10906400278,house,4,8.0105,8.200796728509472
10906400588,house,4,8.489,8.278550587027356
10906500795,house,4,7.9699,8.33032447561326
10906500930,house,4,8.1927,8.406953447694148
10906900386,house,4,8.7415,8.310060621986667
10908301560,house,4,9.0937,8.241847300314083
10911200125,house,4,8.2694,8.236687533046842
10916401099,house,4,8.409,8.245320066900442
10916401293,house,4,8.4864,8.230324304107244
10917200690,house,4,7.9311,8.138578840545627
10917202987,house,4,8.503,8.222820330387858
10917203363,house,4,8.8167,8.240255618519297
10917900412,house,4,9.1458,8.251027175619896
10919500918,house,4,8.0472,8.473985990499598
10919501401,house,4,7.8457,8.297158452988175
10919600920,house,4,8.1117,8.382820706251854
10921300378,house,4,8.8529,8.305400089772876
10921900391,house,4,8.7655,8.275075989243145
10921900553,house,4,8.9525,8.27297566489298
11004000791,house,3,7.6628,8.494811176229138
11005800218,house,3,8.3728,8.597641745550362
11011900806,house,3,8.4214,8.48657456517685
11012101222,house,3,8.3261,8.438305547692188
11012400467,house,3,8.7377,8.406908530150611
11013600524,house,3,8.677,8.521824734054086
11014200392,house,3,8.5817,8.461356059154028
11014500434,house,3,8.3109,8.40164643168674
11015800628,house,3,8.4882,8.340664487011962
11017800013,house,3,7.3593,8.230804520068668
11017800404,house,3,8.6251,8.464652365946373
11021300682,house,3,8.159,8.522361750373111
11026700476,house,3,8.7796,8.574767643436983
11027300048,house,3,7.6809,8.395355016337422
11028900197,house,3,8.797,8.477622575131686
11029200253,house,3,8.7948,8.368432331406149
11029500631,house,3,8.7318,8.660785257961978
11029900727,house,3,8.3654,8.695571108270652
11035200596,house,3,8.3105,8.484397535560559
11036200352,house,3,8.7725,8.549461946401191
11038905124,house,3,8.368,8.268386165162434
11041800222,house,3,8.3245,8.43708231547995
11042601231,house,3,8.3349,8.406146474896708
11043800165,house,3,8.1291,8.338398058464442
11044300239,house,3,8.1807,8.500243517799074
11045900329,house,3,8.3702,8.452056912350942
11046701214,house,3,7.6094,8.437982674265076
11047801301,house,3,8.5598,8.582467473249483
11048703214,house,3,8.5495,8.654516254110666
11050000128,house,3,8.2548,8.332193585603882
11050700723,house,3,7.7519,8.331831376443342
11050703269,house,3,8.5529,8.729646961255499
11053200421,house,3,8.1807,8.297906587142897
11102100871,house,3,8.7671,8.506088746128745
11102200599,house,3,8.3847,8.465791837326107
11102700257,house,3,8.5917,8.328318741699277
11112700853,house,5,8.7292,8.546540690782145
11113800525,house,5,8.0591,8.22161306828102
11116400706,house,5,8.6042,8.253180365657075
11116600251,house,5,8.0893,8.170111507242801
11120700794,house,5,8.6819,8.699260451447778
11123500052,house,5,8.4912,8.175359256144247
11124601030,house,5,8.3208,8.322930440244653
11124700713,house,5,8.8209,8.36322298521925
11126501203,house,5,8.5355,8.332768380807847
11127200304,house,3,8.6842,8.803142397728372
11131601598,house,5,8.4844,8.417120112008284
11132200597,house,5,8.2439,8.743402757868749
11132200619,house,5,8.2439,8.739326626457759
11134101340,house,5,8.4684,8.405060247949018
11134200624,house,5,8.5703,8.475707728747642
11134300661,house,5,8.3664,8.437436812708809
11134800461,house,5,7.9015,8.409259722634834
11135500621,house,5,8.392,8.731743886753708
11135901545,house,5,8.0096,8.295393960376924
11136100643,house,5,8.904,8.194702295060004
11136600034,house,5,9.2505,8.318744081160537
11136900585,house,5,8.2594,8.249210704302369
11139502386,house,5,7.9438,8.352868437490041
11140300694,house,5,9.184,8.395976811604779
11140301666,house,5,8.1568,8.334015344711004
11140801030,house,5,8.1507,8.694281532392507
11141100680,house,5,7.9712,8.410740688200331
11146700317,house,3,8.3529,8.279953473608472
11146900383,house,5,8.7508,8.438828492269115
11148805841,house,3,8.5717,8.673429602523743
11149800487,house,5,8.1749,8.343640066838665
11156300281,house,5,8.4219,8.389717298563296
11158500253,house,5,8.3121,8.3417435332608
11159900344,house,5,8.6651,8.449484856256051
11201900191,house,5,8.4302,8.449577196979753
11205300200,house,5,8.7423,8.365872525767374
11206600461,house,5,8.503,8.439329272947678
11214100537,house,5,7.9063,8.352906937162862
11215500733,house,5,8.621,8.635587340238233
11218400497,house,5,8.5172,8.49575995719263
11231200390,house,5,7.9294,8.426410778186474
11234800380,house,5,7.8982,8.513129723455455
11235000280,house,5,8.5766,8.571527185843829
11238800636,house,5,8.3407,8.420481548567668
11239801172,house,5,8.4177,8.370954164273106
11241000343,house,5,8.1605,8.467224416278984
11246500336,house,5,7.988,8.219701264826602
11246600381,house,5,8.4046,8.327651588901093
11247400513,house,5,8.2644,8.6561541995782
11248200364,house,5,8.4154,8.496320387425957
11248400665,house,5,9.0078,8.368668344550064
11253300193,house,5,8.7914,8.626148966713219
11254100872,house,5,8.0229,8.653800012566311
11254500226,house,5,7.8106,8.373057553500407
11257301666,house,5,8.635,8.532100651861924
11257301879,house,5,7.807,8.516699898202305
11257302026,house,5,8.4286,8.677755463237165
11257401156,house,5,8.5796,8.51637782904283
11257901256,house,5,8.4201,8.416032586612888
11263500322,house,5,7.8716,8.406792032135046
11264200421,house,5,8.8173,8.904465050389316
11266000630,house,5,8.0622,8.352676551290825
11267300646,house,5,7.4267,8.317415718020113
11268500770,house,5,8.0472,8.389351811257704
11269903399,house,5,7.6009,8.544962560551602
11269903410,house,5,7.8591,8.543377498346377
11276600444,house,5,8.2428,8.287522997535895
11276800729,house,5,7.216,8.358005768920766
11276801075,house,5,8.1624,8.652977341809375
11278400523,house,5,8.4527,8.389860054348603
11285703870,house,5,8.548,8.46658041660426
11286501491,house,5,8.323,8.654726566352535
11302200533,house,3,8.775,8.668939588155132
11303400374,house,3,8.4009,8.61532873287132
11303800747,house,3,8.6995,8.577230163483339
11304700835,house,3,8.3862,8.50554352884671
11305400134,house,3,8.2772,8.334073600234996
11306700514,house,3,8.7556,8.771418042340413
11307200388,house,3,8.6156,8.760951470030115
11308200616,house,3,8.4821,8.581647392383442
11312700350,house,3,8.3257,8.534576440751808
11313500940,house,3,8.7556,8.572882373409472
11313701431,house,3,8.3216,8.655802314757214
11314200509,house,3,8.7657,8.386660774889616
11315300353,house,3,8.4527,8.444606944771198
11315900423,house,3,8.3848,8.560694460836693
11316800503,house,3,8.6864,8.796575153471215
11320900126,house,3,8.2277,8.472502822434512
11324900457,house,3,8.4684,8.361995877796318
11327100060,house,3,7.9218,8.309627986375176
11327100648,house,3,8.5883,8.529753234732041
11327200677,house,3,8.7721,8.519275013056726
11329400339,house,3,8.635,8.51151003948796
11329702041,house,3,8.8883,8.618254996407812
11329800310,house,3,8.7279,8.48685768203205
11330800264,house,3,8.4566,8.526982408156437
11333501454,house,3,8.6896,8.589150456597483
11334100781,house,3,8.442,8.708762741031677
11336300565,house,3,8.5172,8.751742312976027
11336601271,house,3,8.6316,8.628679948092884
11339300442,house,5,8.2808,8.399992980463836
11343001713,house,3,8.9562,8.783133116046427
11343401606,house,3,8.9625,8.82404157978373
11349000123,house,5,9.2651,8.453500212159337
11356400557,house,3,8.4974,8.687806426120753
11360900623,house,3,8.5298,8.468882532359434
11360901549,house,3,8.8049,8.483744961687501
11400800330,house,5,8.0292,8.552533218109899
11400901137,house,5,8.7641,8.682416419156453
11400901277,house,5,8.297,8.656754892693119
11401100189,house,5,8.7044,8.498191659809228
11401300145,house,5,8.5872,8.560908546334675
11403200571,house,5,8.6244,8.816583817768219
11404400353,house,5,8.8482,8.530874997726187
11405700458,house,5,8.4752,8.548390464257972
11406800278,house,5,8.8163,8.904477090316814
11407801294,house,5,8.6343,8.786176239222094
11409100757,house,5,8.9227,8.587631713113895
11409202002,house,5,8.4821,8.814203427446296
11409202037,house,5,8.4233,8.811757748599701
11409300713,house,5,8.5019,8.507921751830898
11411001272,house,5,8.6311,8.5911008213756
11411204645,house,5,8.3519,8.572687910610195
11411400878,house,5,8.1268,8.394806837650593
11412103923,house,5,8.4302,8.59283880201755
11413701654,house,5,8.5723,8.55576658500246
11413701824,house,5,8.131,8.574527546524854
11414002105,house,5,8.1918,8.54321758070094
11414800559,house,5,8.5462,8.581863189859966
11416201989,house,5,8.9496,8.587780139985755
11417900988,house,5,8.1858,8.68909121123753
11419700390,house,5,8.0985,8.383916109404716
11420600698,house,5,8.3271,8.692204946126608
11421700114,house,5,7.9656,8.386072908504065
11424400367,house,5,8.294,8.365823388834425
11426400100,house,5,8.1951,8.385201587747122
11426602234,house,5,7.9276,8.495702728228785
11426602579,house,5,7.8167,8.534370592198835
11427702070,house,5,8.1586,8.617119280081297
11429001061,house,5,8.0175,8.595119840754498
11429301634,house,5,8.3436,8.463523648725657
11429401124,house,5,8.9349,8.732939179839958
11429801637,house,5,8.6651,8.479023814146805
11434900745,house,5,8.611,8.492055973921648
11439400031,house,5,8.3197,8.334087425186285
11439400708,house,5,8.5322,8.7470726273072
11439400740,house,5,8.4864,8.751963985000387
11502600292,house,5,7.6843,8.327040212435556
11508002036,house,5,7.9953,8.519745561295698
11508002771,house,5,8.2548,8.518115108731301
11510600336,house,5,8.4631,8.395805059565669
11511700423,house,5,7.589,8.43598765807125
11521101352,house,5,7.2156,8.323869845995647
11525501861,house,5,8.4482,8.369604074377941
11527300063,house,5,8.1509,8.456421646444749
11532900448,house,5,8.4764,8.318133884478131
11604200031,house,3,7.9294,8.220875280509045
11606100253,house,3,8.4256,8.335642629329293
11609200887,house,3,8.6603,8.507427172345311
11609700731,house,3,8.3909,8.253128697306293
11609900617,house,3,8.8017,8.434060522899578
11615700713,house,3,8.7657,8.384797159154857
11616400306,house,3,8.3285,8.32339243624154
11617401136,house,3,8.5575,8.510848479311223
11618000658,house,3,7.8633,8.305766826953645
11621600751,house,3,8.5519,8.390748780805449
11623000695,house,3,8.827,8.62151682764481
11623200678,house,3,8.5564,8.385934846368075
11625200411,house,3,8.235,8.335883867768306
11625600592,house,3,8.3579,8.310497666405313
11628700407,house,3,8.1543,8.339488306742481
11629000409,house,3,8.2017,8.356783750471477
11629100098,house,3,7.9504,8.257048069582773
11630500975,house,3,8.0511,8.341220039853333
11632900695,house,3,8.5547,8.314366523073947
11632901330,house,3,8.1193,8.275346983848351
11634100726,house,3,8.2431,8.316397872883375
11634200577,house,3,9.5703,8.358514660069925
11635000350,house,3,8.3547,8.348364280613776
11635600242,house,3,8.0943,8.274190217204122
11644500182,house,3,8.6161,8.602471230995278
11645500569,house,3,8.4206,8.415837914321676
11647100193,house,3,8.2659,8.396646559184095
11651300320,house,3,9.5636,8.395577183108308
11652100181,house,3,8.3147,8.360344601528098
11653200307,house,3,8.6173,8.603844677990299
11711900061,house,3,8.2327,8.607747358482712
11712500332,house,3,8.0064,8.494778240371625
11713700408,house,3,8.6086,8.766848379150236
11713800399,house,3,7.7945,8.233991110812706
11713800437,house,3,8.469,8.490299742396633
11717500594,house,3,8.4535,8.559523894838366
11719300185,house,3,8.2195,8.6181465583112
11719800900,house,3,8.6115,8.646501184356838
11719801011,house,3,8.6698,8.823014253431895
11719900621,house,3,8.4714,8.459665000925385
11720600235,house,3,7.9918,8.55849768133704
11720700108,house,3,8.8537,8.532044968157221
11722800312,house,3,8.6068,8.337356570563905
11723100152,house,3,7.901,8.362916247713436
11724000291,house,3,8.8319,8.41085767773866
11725600144,house,3,7.9754,8.426647390171428
11726900354,house,3,8.3894,8.494053196320012
11726904996,house,3,8.7498,8.63052545588611
11726905021,house,3,8.7869,8.631612198803724
11735800251,house,3,8.2226,8.536573761305526
11736700511,house,3,7.7815,8.379335017831961
11741200279,house,3,8.2113,8.580781921170129
11742300021,house,3,8.3428,8.594914992459367
11742300552,house,3,8.8377,8.76840627853508
11743500776,house,3,8.1366,8.503263146227177
11743500830,house,3,8.4659,8.771803989588856
11800400161,house,3,7.594,8.417021998793032
11801700231,house,3,8.5972,8.397078924058462
11803400209,house,3,8.0032,8.465937878458952
11805700412,house,3,8.1117,8.501414730178881
11806700270,house,3,8.2226,8.463238423263977
11808000551,house,3,7.6557,8.620485903633593
11808500465,house,3,8.1205,8.539923279468145
11809500582,house,3,8.561,8.619448298059291
11810400375,house,3,8.4449,8.456338300700413
11812200578,house,3,8.7744,8.648974340811355
11813402662,house,3,8.6152,8.629199366523563
11816400644,house,3,8.7011,8.842346910808459
11816900337,house,3,8.1992,8.518377981176862
11817000501,house,3,8.4966,8.667731157177311
11822801167,house,3,8.7033,8.692415220022106
11825000556,house,9,8.5329,8.750802777156357
11827600313,house,3,7.9766,8.5447688388424
11829300597,house,3,8.875,8.69883448071389
11831300671,house,9,8.0225,8.42345188264878
11831501286,house,9,8.1614,8.377458148101098
11832100544,house,9,8.4302,8.321932582027127
11833400290,house,9,7.9092,8.38180322126782
11833600771,house,9,8.7986,8.800691017178826
11834100101,house,9,8.7561,8.685687717829902
11835100553,house,9,8.5477,8.531157151354677
11835701794,house,9,8.2717,8.431135124402742
11836401311,house,9,8.5432,8.476795807252143
11837100178,house,9,8.9692,8.603046073906633
11839000103,house,3,8.246,8.638111933213322
11842600531,house,3,8.3147,8.808113585214972
11844600326,house,3,8.8991,8.906692838208315
11849500397,house,3,8.798,8.855354902327747
11852500688,house,9,9.4037,8.718869783787207
11852600631,house,9,8.4659,8.643701599581124
11852601131,house,9,9.0415,8.609032103829398
11852900163,house,9,8.0604,8.513160118533285
11903900262,house,1,8.076,8.236093838858931
11905700767,house,1,8.6758,8.357310717568751
11906000051,house,1,7.5072,8.359849533003105
11912000503,house,1,8.363,8.416683362430092
11913200212,house,1,8.4764,8.37175704300394
11916100138,house,1,8.0675,8.33882396412981
11920600506,house,1,8.3349,8.290974888999742
11922100365,house,1,8.5172,8.294841400259376
11924800641,house,1,8.4096,8.276850183061676
11924800811,house,1,8.0789,8.20707410681441
11924800852,house,1,8.4205,8.269646392626642
11926700162,house,1,8.3309,8.436661743780464
11927800519,house,1,8.3796,8.425449888838521
11930700449,house,1,8.6863,8.278663100619449
11931700469,house,1,8.3377,8.312996169352324
11932800092,house,1,8.2904,8.300410346722584
11933500521,house,1,8.3536,8.225437319958495
12000900517,house,2,7.8731,8.246265756641934
12002000637,house,2,8.1944,8.364573369274341
12002300290,house,2,7.8759,8.252740749762545
12004000324,house,2,8.3974,8.342179976896855
12004000375,house,2,8.5036,8.352575170719733
12007100087,house,2,8.4449,8.26850359566741
12007802316,house,2,8.3349,8.206676753042915
12007803290,house,2,8.1787,8.276198324714185
12008900192,house,2,8.1855,8.22224693156889
12009400045,house,2,8.7536,8.46858740605702
12010100211,house,2,8.2703,8.506257800595852
12010300466,house,2,8.2869,8.294806739249266
12011200953,house,2,8.1034,8.33129617391746
12011201062,house,2,8.4268,8.443539974215614
12014100488,house,2,8.1902,8.26042955235697
12014200393,house,2,8.1807,8.338677225421776
12014300363,house,2,8.0336,8.34613365669674
12016300387,house,2,8.0864,8.393985580888248
12017301433,house,2,8.3523,8.303532159122314
12017601127,house,2,8.5172,8.268888354526206
12020000317,house,2,8.526,8.406349105955707
12020101271,house,2,8.4379,8.36537238215253
12022100297,house,2,8.0604,8.196589950087667
12023200341,house,2,8.107,8.391331919571392
12028800312,house,2,7.8823,8.23796067379317
12030000042,house,2,8.4594,8.453758934590555
12030400776,house,2,8.4844,8.360971292794062
12030500126,house,2,8.323,8.379124560145655
12036401014,house,2,8.2548,8.342925045399886
12037900472,house,2,7.5949,8.245134318531742
12038301130,house,2,8.5685,8.458335738284148
12038701473,house,2,8.1117,8.273018516645784
12042300372,house,2,7.8728,8.271205971464434
12044300612,house,2,8.4338,8.209022728126977
12100300422,house,2,8.2311,8.273163028043609
12101200650,house,2,8.2525,8.396719792024756
12102300284,house,2,8.0297,8.40768156835779
12103801732,house,2,8.8049,8.655240666983529
12104000504,house,2,8.8142,8.652332619229384
12105500721,house,2,8.3542,8.529694181113321
12106802608,house,2,8.7139,8.563010775395236
12107500419,house,2,8.2528,8.389717412295292
12107600405,house,2,8.4755,8.312203462987707
12114900761,house,2,8.5172,8.373798879150597
12114900893,house,2,8.5172,8.422696145523082
12114901474,house,2,8.4527,8.439319481594536
12114901636,house,2,8.0138,8.526394186228185
12116000830,house,2,8.7584,8.568625280447504
12117001563,house,2,7.901,8.14068468115809
12119400309,house,2,8.6651,8.302026576988315
12123302782,house,2,8.2118,8.50761994639782
12123401357,house,2,9.0327,8.622789079008923
12125901772,house,2,8.8581,8.399503829417336
12126300561,house,2,8.5007,8.341513396333466
12202200461,house,8,8.3884,8.510099085985328
12204300380,house,8,8.7331,8.422971456648686
12207501761,house,8,8.5644,8.478522459379617
12209400340,house,8,8.1187,8.330183660984321
12217400141,house,8,8.2234,8.520605286694265
12300800801,house,8,8.4185,8.541794097146793
12301200328,house,8,8.786,8.456270235637971
12302100807,house,8,8.5172,8.657856136514193
12302300598,house,8,8.5492,8.497188113417836
12302400649,house,8,8.8226,8.571090283259172
12302400843,house,8,8.7153,8.724573889529333
12303600137,house,8,8.3376,8.458032024006199
12304700321,house,8,8.3837,8.446914010877913
12304900444,house,8,8.4676,8.427481798541093
12306100321,house,8,8.1638,8.471656359455773
12306300673,house,8,8.5588,8.378081177815572
12306500524,house,8,7.9877,8.356291542559243
12307600360,house,8,8.4575,8.496493648293027
12307900615,house,8,8.0281,8.53958856248226
12308600321,house,8,8.6759,8.479755042952096
12309600351,house,8,8.5417,8.484636173882299
12309900639,house,8,8.4966,8.466188414961461
12310300607,house,8,8.4331,8.418327487014254
12312300337,house,8,7.6679,8.357213399715555
12312300604,house,8,8.4975,8.387984537531572
12312301228,house,8,8.4584,8.335704583880553
12312400323,house,8,7.9769,8.362378904268104
12316200078,house,8,8.362,8.335494476095125
12316300961,house,8,9.0258,8.520120205312148
12317300084,house,8,8.0687,8.398409990102255
12405501243,house,7,8.2171,8.38035113069467
12409104028,house,7,8.5764,8.397279307055603
12409105504,house,7,8.6915,8.392876840770887
12409107132,house,7,7.9657,8.505173922522959
12409108619,house,7,8.5292,8.398608526314003
12409108661,house,7,8.7319,8.428985195151633
12409109518,house,7,8.1084,8.435015145516097
12409110060,house,7,8.7988,8.403847767250992
12409110907,house,7,8.0923,8.52439491092307
12416400893,house,7,8.4942,8.332880896982577
12416600371,house,7,8.3124,8.412026691692029
12508100251,house,7,8.165,8.390518175048058
12508800251,house,7,7.8898,8.283291663394936
12509300635,house,7,8.2861,8.387849798198003
12511900393,house,7,7.7123,8.338783860963913
12513700707,house,7,7.4747,8.22794931792277
12514000636,house,7,8.1748,8.58778377902478
12516200421,house,7,8.9835,8.469941963416204
12516500687,house,7,8.3547,8.334499482800425
12600400132,house,7,7.4075,8.197685313430867
12601100787,house,7,7.8835,8.330363165464673
12728700701,house,4,8.546,8.247719394871766
12728900220,house,4,8.2515,8.309410429355028
12733300848,house,7,7.8547,8.153045199237775
12800600429,house,4,8.2528,8.404650771862151
12816200395,house,4,9.0205,8.394600801383554
12821300319,house,4,8.8426,8.567181821668928
12821300351,house,4,8.8834,8.552165731352941
13013200889,house,3,8.6386,8.444068545177815
13018600621,house,3,8.2295,8.6990090840088
13020003848,house,3,8.9089,8.47722776844943
13020003937,house,3,8.7614,8.537696919166837
13022500059,house,3,8.0702,8.33087052864514
13022900741,house,3,7.7287,8.391794049312502
13029900265,house,5,8.2884,8.517490627681775
13039000127,house,3,8.1117,8.442531101790166
13040100261,house,3,8.6226,8.496948288076199
13101400820,house,5,8.918,8.740239151193293
13101600366,house,5,7.7853,8.2921783261673
13103700066,house,5,8.6226,8.268842808097261
13103700430,house,5,8.7849,8.583740116909624
13104900433,house,5,7.9999,8.315887456523578
13106700547,house,5,8.3069,8.364025062814074
13107201099,house,5,8.0612,8.361774965535671
13108000501,house,5,8.4544,8.480214519260713
13110700335,house,5,8.7285,8.387271260365605
13113500337,house,5,8.5022,8.768991055883593
13115100506,house,5,8.3209,8.341531469193354
13115801202,house,5,8.4181,8.53858956231612
13116600723,house,5,8.3941,8.27109258813149
13200600216,house,5,8.4013,8.731843581521277
13217600303,house,5,7.9084,8.465457538836327
13306000212,house,5,8.0354,8.465298513710257
13307900365,house,5,8.1807,8.56881698550561
13315100054,house,5,9.3355,8.519842869205442
13404500287,house,5,8.2674,8.215052200917995
13407100506,house,5,8.5817,8.627605268663844
13411600471,house,5,7.567,8.258694386041743
13414501367,house,5,8.5913,8.693955665843356
13415200301,house,5,7.8638,8.625680944740099
13416300059,house,5,8.5039,8.46351236591563
13417700085,house,5,8.2149,8.399714594196276
13419500520,house,5,7.7063,8.398560622132212
13421600421,house,5,8.4024,8.364110145402643
13422300278,house,5,8.1506,8.713552368139293
13427000051,house,5,7.9492,8.175857724643297
13429800101,house,5,7.9462,8.40900819762786
13429900361,house,5,7.5407,8.312197485552241
13432000341,house,5,8.9446,8.283119880529808
13436800413,house,5,7.8886,8.390495748211665
13444600584,house,5,7.9235,8.704946355404445
13445400511,house,5,8.3953,8.592163308567384
13446405177,house,5,8.4449,8.656197530614762
13449101160,house,5,8.4276,8.438116077387864
13450100512,house,5,8.4276,8.477592245139087
13510200720,house,5,7.9404,8.405721152610013
13530600181,house,5,8.4302,8.217133367636313
13600100407,house,5,8.5332,8.786805827462723
13633200176,house,5,7.2769,8.43215954120027
13703100061,house,5,8.8537,8.414060002690624
13804500470,house,5,8.2019,8.524402405628537
13806300932,house,5,8.4699,8.509110885069928
13806301394,house,5,8.4566,8.49972409065352
13806301483,house,5,8.3556,8.501552708898174
13806401585,house,5,8.3147,8.713943209647008
13806501301,house,5,8.7179,8.767919744318258
13806501393,house,5,8.6548,8.701488089536339
13813800481,house,5,7.8211,8.652275623331397
13834500355,house,5,8.0336,8.460107471167566
13901200451,house,5,8.614,8.221109901693545
13902800290,house,5,8.0368,8.524510487034823
13902902646,house,5,8.2677,8.173265297274016
13902903987,house,5,8.5058,8.38820299668148
13904700269,house,5,8.2815,8.279549509642663
13905900679,house,5,7.9743,8.27811807920066
13905900849,house,5,8.3501,8.616183139916425
13910100219,house,5,8.4584,8.589868265182087
13910300341,house,5,8.6226,8.205953337540505
13915300186,house,5,7.4982,8.254364975658376
13915500029,house,5,7.6086,8.344991618682915
13920300075,house,5,8.3147,8.068683032348343
13929500034,house,5,8.1445,8.387727736853696
13930500190,house,5,8.5172,8.237344734063418
14009200161,house,5,8.4631,8.393981260077203
14010400268,house,5,7.8953,8.2758193195251
14017000443,house,5,8.3667,8.514288429756952
14020000726,house,5,8.4527,8.465249036524169
14026002488,house,5,8.372,8.58014961110967
14040400304,house,5,7.5565,8.228276628162162
14101200271,house,5,7.9323,8.350469542044802
14101200377,house,5,7.9202,8.267906970468841
14102100910,house,5,8.1022,8.22916773388611
14102401236,house,5,8.1213,8.447076538348785
14102401376,house,5,7.8341,8.53418755603758
14102701043,house,5,8.5892,8.237451815281359
14102701841,house,5,8.0671,8.101914065019358
14104800871,house,5,8.1261,8.355082776906514
14104901198,house,5,8.5994,8.472689287599758
14105600116,house,5,7.92,8.3463263192727
14105700511,house,5,7.9947,8.317707549540675
14105801782,house,5,8.576,8.628385738598363
14201300578,house,5,8.3069,8.51100991270311
14204000842,house,5,8.7366,8.741249029477578
14205400135,house,5,8.5079,8.485768129427914
14205800291,house,5,8.5281,8.684556372685282
14207401201,house,5,8.6837,8.786508120356986
14211700471,house,5,8.6006,8.761013243852025
14211700481,house,5,8.5791,8.75365168229334
14212800666,house,5,7.9404,8.55179035949017
14213700401,house,5,7.4876,8.314790205236328
14214000896,house,5,8.0789,8.510673807663165
14214200186,house,5,8.0338,8.440855551809976
14215400669,house,5,8.635,8.440340453314443
14305500131,house,3,8.7263,8.367440814048788
14400600458,house,5,8.2278,8.481516865115482
14401100513,house,5,8.0164,8.561485662826804
14401100742,house,5,8.0917,8.55139460876107
14401100750,house,5,8.1216,8.55139460876107
14401500775,house,5,8.4134,8.545229908333486
14404202171,house,5,8.2234,8.455569523630889
14404202597,house,5,8.6781,8.452506479618444
14404202971,house,5,8.6316,8.474698903672826
14406200494,house,5,8.7238,8.516775827393424
14406300634,house,5,8.2767,8.34682469103373
14406500730,house,5,8.7334,8.531623881608155
14408301069,house,5,8.2872,8.485166072661064
14408400598,house,5,8.3493,8.333347652464164
14409200401,house,5,8.4738,8.491597974131283
14410501630,house,5,8.1648,8.442577124290578
14411200898,house,5,8.566,8.686742706171101
14411600802,house,5,8.489,8.384960202400759
14411800501,house,5,8.5886,8.58401122344942
14412600555,house,5,8.6159,8.625605128171461
14412700681,house,5,8.3741,8.601540106936696
14413100815,house,5,8.363,8.422662944501058
14413100858,house,5,8.3205,8.422662944501058
14414100568,house,5,7.8769,8.425446907921172
14417700051,house,5,7.9866,8.198267416293385
14417801575,house,5,8.4783,8.509867603558837
14501401061,house,5,8.3532,8.454081282878686
14502500630,house,5,8.1457,8.398436619354381
14503400605,house,5,8.7359,8.467031332551084
14503800689,house,5,8.6138,8.344231932905425
14506600621,house,5,8.7349,8.235300756595818
14507400715,house,5,8.8739,8.400958581868037
14508600361,house,5,8.5708,8.479462020908342
14509000161,house,5,7.8075,8.12914870394091
14509401107,house,5,8.7139,8.551683427910683
14509401239,house,5,8.2131,8.455222367996093
14510200160,house,5,8.8178,8.16033221715181
14510400658,house,5,8.3864,8.455836488839898
14511500451,house,5,8.5523,8.41811719635803
14511801591,house,5,8.3536,8.517414472135435
14511801631,house,5,8.5272,8.529606467638407
14511900441,house,5,7.8937,8.224202820650001
14513700520,house,5,8.1605,8.189201428420086
14514100195,house,5,8.276,8.45223600619107
14518400142,house,3,8.0663,8.167832526927995
14601200600,house,3,8.1526,8.48753000689311
14603800567,house,3,7.7867,8.366052092434249
14606400659,house,3,8.6333,8.65697721870371
14606500440,house,3,8.5012,8.595363706876142
14606900228,house,3,8.4684,8.526487274322427
14608400291,house,3,7.1309,8.21519319608419
14608400354,house,3,8.5238,8.50816745432118
14610200911,house,3,8.1304,8.288369521898552
14612700626,house,3,8.4812,8.482107987648249
14705200283,house,3,8.363,8.585491964751453
14707101258,house,3,8.6061,8.671035569581143
14707400301,house,3,8.6305,8.483155076393384
14707503011,house,3,9.4335,8.42926109480855
14707503410,house,3,9.2644,8.428174351890936
14711100031,house,3,7.489,8.29468523434643
14713200092,house,3,7.9234,8.163567666803544
14713200327,house,3,8.4619,8.091886534879016
14714300244,house,3,8.2496,8.363270794258314
14714700811,house,3,8.0604,8.343551235483476
14716900702,house,3,7.8781,8.262370928843408
14724001126,house,3,8.5478,8.25048756525007
14727200650,house,3,7.5741,8.31735130999915
14727800194,house,5,8.1229,8.300359635541087
14732500251,house,3,8.6381,8.468069784161644
14733000250,house,5,7.8763,8.429244381464034
14734301858,house,5,8.6507,8.524241027020127
14803400491,house,3,8.4177,8.41292594750412
14803500699,house,3,8.3547,8.076521767570828
14804000411,house,3,7.9956,8.19930083101342
14804200451,house,3,8.194,8.193316796643593
14804200771,house,3,7.7929,8.164107573116976
14805001241,house,3,9.0619,8.229952857225307
14805100582,house,3,8.7226,8.468496818800428
14813600068,house,3,7.9187,8.355021935909251
14815701589,house,3,8.1807,8.324892946820146
14815900263,house,3,8.4844,8.580556494595957
14816600247,house,3,7.7812,8.293070884736215
14817400780,house,3,8.0144,8.182888952060491
14819200649,house,3,7.9736,8.343254170166691
14820900322,house,3,7.9487,8.21458827861111
14825700331,house,3,8.5612,8.366743914932998
14825900010,house,3,7.394,8.202610202868119
14827500036,house,3,9.0672,8.368879357000282
14827800031,house,3,8.6626,8.218857947499878
14827800250,house,3,8.0864,8.286106422283272
14830300816,house,3,8.2232,8.396402114707143
14830301839,house,3,8.3717,8.279299991386214
14830500416,house,3,8.4699,8.323895617415882
14830500491,house,3,8.294,8.276363654366522
14900800235,house,3,7.9294,8.33489677593079
14904200097,house,3,8.5913,8.2651247729702
14905300680,house,3,8.536,8.596934327957316
14906800555,house,3,8.752,8.354980211676933
14912600384,house,3,8.2118,8.333336886657076
14916500112,house,3,8.0725,8.227348123857997
14918901270,house,3,7.9164,8.63949499258281
14919600797,house,3,8.2137,8.304205920151565
14920200403,house,3,7.7733,8.41197153006469
14924600511,house,3,8.0368,8.325289252396834
14926700130,house,3,8.7096,8.292044463314049
14929300311,house,3,8.2987,8.467862284467731
15002900797,house,3,8.6469,8.338660594783683
15007700141,house,3,7.6769,8.344214950907997
15009000521,house,3,8.3046,8.309913136227657
15011900435,house,3,8.4286,8.311835301494252
15013000458,house,3,8.4431,8.583144844501689
15015100670,house,3,8.1294,8.55216769733644
15019500861,house,3,8.4468,8.64800543406011
15020500533,house,3,8.706,8.2902870843013
15025600080,house,3,9.2955,8.327084418414474
15026500667,house,3,8.4102,8.576712902939803
15103100249,house,5,8.1188,8.26649565115947
15108300068,house,5,8.7179,8.250183437045854
15111700683,house,5,8.294,8.301268851398868
15111900267,house,5,8.7179,8.336440928015794
15117201247,house,5,7.6105,8.369627468611226
15120100146,house,5,8.7883,8.526028426241302
15206300410,house,3,7.9176,8.66996184074702
15208500352,house,3,8.2369,8.316618614070622
15210500100,house,3,8.6713,8.381212092818908
15213400611,house,3,8.3349,8.526265921868431
15214200187,house,3,8.1047,8.503802557471268
15215000513,house,3,8.7619,8.292573269038229
15217701111,house,3,8.5685,8.839801999561363
15219800514,house,5,8.3349,8.370772798388863
15221701080,house,3,7.8706,8.308527666858561
15224200856,house,5,7.8171,8.257630364282502
15224800349,house,5,8.8537,8.263247107900169
15225001172,house,5,8.0368,8.341133719927319
15225200418,house,5,8.1486,8.210460643146032
15225500926,house,5,8.3837,8.315655137294813
15226000978,house,5,8.4118,8.440639887295879
15226600282,house,5,9.105,8.456563567398977
15229001096,house,5,8.5791,8.536096651895075
15230300212,house,5,8.1017,8.143395456817492
15231200483,house,3,8.061,8.287354897429395
15231200602,house,3,8.4864,8.508878400795634
15231300801,house,3,7.8781,8.36174209963043
15233500425,house,3,8.4051,8.150861345988035
15234100811,house,3,8.4566,8.681096262734894
15235500414,house,3,7.6491,8.374463501561966
15235700571,house,5,8.5564,8.428965208426543
15300900434,house,3,8.4203,8.572141798707603
15302700068,house,3,8.1007,8.45660577518335
15303100056,house,3,8.294,8.448134259023757
15303500291,house,3,9.3033,8.502536636307568
15309400574,house,3,7.8903,8.321810408126664
15309800394,house,3,7.6654,8.478746889966146
15310304834,house,3,8.4947,8.453441252837859
15310401090,house,3,8.947,8.473410456473255
15318300269,house,3,7.4574,8.391246671027538
15400200353,house,3,8.2221,8.33511671606923
15402000319,house,3,9.0595,8.398754003786507
15405000298,house,3,8.3222,8.29483130095856
15406700773,house,3,7.6322,8.34434380269009
15406800824,house,3,7.7096,8.432185153147657
15409901109,house,3,8.0472,8.388961597680371
15418200398,house,3,8.1445,8.539209316351624
15501400706,house,3,7.8867,8.384583975912014
15508800394,house,3,7.7648,8.461028278535029
15509800241,house,3,8.9628,8.44611034544536
15511000549,house,3,8.4372,8.423238693533987
15512800387,house,3,8.7096,8.365462340479828
15512800549,house,3,8.4624,8.678486793848062
15512900551,house,3,8.5817,8.843237473516684
15517800172,house,3,8.363,8.529184812947426
15518001648,house,3,7.7611,8.473019663809307
15519001013,house,3,7.8575,8.507577033979475
15521500870,house,3,8.3962,8.496048026985939
15530500152,house,3,7.6052,8.503353946351766
15531101596,house,3,8.0035,8.44374919892189
15600501136,house,3,8.2434,8.441777448044013
15605001344,house,3,8.5352,8.465176885016955
15605001522,house,3,8.5004,8.467643074234699
15606200294,house,3,7.9478,8.411174911233378
15704300242,house,1,7.8803,8.33284507498247
15706100178,house,1,7.9811,8.331662261612417
15707100082,house,1,8.4804,8.26565944697512
15711600248,house,1,8.1045,8.259990268470144
15711800786,house,1,7.8192,8.185988787894791
15711900144,house,1,7.8119,8.225319613518007
15720702325,house,1,8.7685,8.36026011440476
15723300481,house,1,8.5172,8.248526254584888
15900200867,house,8,8.1022,8.370636376704985
15903200574,house,8,8.328,8.397247041644336
15903700348,house,8,8.3517,8.395067913826619
15906100074,house,8,8.4118,8.413768061484923
15908800235,house,8,7.6522,8.178467482488449
15912600377,house,8,7.7129,8.33029197338336
15917901057,house,8,8.3693,8.303928277407154
15919000278,house,8,8.5172,8.40746725148416
15920100337,house,8,8.0943,8.231249655947792
15921500266,house,8,8.6864,8.445478745388519
15921801071,house,8,8.6833,8.626880132809983
15922301666,house,8,8.6679,8.330674972110264
15922302050,house,8,8.196,8.316577513740771
15922700412,house,8,8.5974,8.40097034237238
15923500867,house,8,8.0919,8.375989100470965
15923800658,house,8,8.5564,8.364548622224866
15923800781,house,8,8.7916,8.36058179921453
15924200549,house,8,8.6713,8.303114886031807
15925600461,house,8,7.8656,8.281706310488541
15927400263,house,8,9.2873,8.211075984845001
15927601218,house,8,8.6656,8.375240165651313
15928100190,house,8,8.2978,8.345211240653295
15928300033,house,8,8.4815,8.368840934618076
16006400358,house,8,8.1336,8.357545975695878
16007600024,house,8,8.55,8.187102632720444
16011401359,house,8,8.1391,8.252823282731981
16011401782,house,8,7.7923,8.220636159346794
16013500370,house,8,8.5253,8.369342497756303
16015800169,house,8,8.1358,8.321713994472345
16016700524,house,8,8.5855,8.359018912780561
16016800340,house,8,8.3728,8.328691543681243
16016900760,house,8,8.1958,8.270873227489696
16016902518,house,8,8.2195,8.338602975170435
16017000046,house,8,8.323,8.34868743087672
16017400311,house,8,8.4358,8.290352675251222
16017900403,house,8,7.9663,8.179581217976219
16018301104,house,8,8.6484,8.329328740106668
16018700718,house,8,8.1509,8.381880359753767
16019500356,house,8,8.0709,8.194812608263165
16020200034,house,8,8.3953,8.295790274958565
16021101250,house,8,7.9081,8.331988305162119
16021300709,house,8,8.7796,8.48684562662385
16021900269,house,8,8.5434,8.412339768788167
16022500851,house,8,8.4102,8.39086405178678
16023500063,house,8,8.3191,8.178059535678546
16023600025,house,8,8.0613,8.267265591535066
16025000602,house,8,8.9826,8.34860198655218
16026600050,house,8,7.8484,8.310010731904681
16027000111,house,8,8.8537,8.524587856888404
16027300808,house,8,8.0661,8.264207514035405
16027700121,house,8,8.1187,8.289503768298013
16028100063,house,8,8.9368,8.482949857782115
16029900233,house,8,8.0325,8.311490554112561
16030500138,house,8,9.6623,8.441723451274592
16031100192,house,8,8.2906,8.21432192965444
16031800488,house,8,8.9661,8.31777204855085
16032200271,house,8,8.5796,8.245960182088247
16032900028,house,8,8.2999,8.366295342136885
16033100114,house,8,8.27,8.231366853109922
16034200104,house,8,9.0292,8.244578645768124
16035900223,house,8,9.0983,8.419657855123132
16036200731,house,8,8.6622,8.301675606046338
16036300637,house,8,8.0418,8.40149404212387
16036502396,house,8,8.0634,8.221868805751546
16036802772,house,8,8.0472,8.308458263997633
16111700080,house,2,8.5898,8.46056888118264
16200132401,house,2,9.5981,8.489571312878095
16201100511,house,2,8.2266,8.44161790017103
16203503079,house,2,8.7123,8.60825965748807
16204200533,house,2,8.4844,8.54355884248804
16204600620,house,2,8.4017,8.407476994595152
16205600276,house,2,8.3693,8.407311875289844
16206201049,house,2,8.4118,8.538624912545973
16206300993,house,2,8.061,8.409044029081281
16206800546,house,2,8.4118,8.61876656134874
16206900273,house,2,8.2295,8.597142865905251
16207200828,house,2,8.9465,8.55465758322636
16207701649,house,2,8.2245,8.55617902924867
16207701681,house,2,8.6995,8.638860099961343
16207800248,house,2,8.5,8.538477157404602
16208000156,house,2,7.8728,8.458782308939071
16213700438,house,2,8.898,8.548330551733509
16220101196,house,2,8.554,8.338325853288325
16221400820,house,2,8.4527,8.597298561344157
16301000551,house,2,8.716,8.393287258037939
16304000102,house,2,8.0472,8.347861861263903
16310000208,house,2,8.6863,8.527636638495963
16310302239,house,2,9.1711,8.571257469915745
16312500151,house,2,8.3042,8.37656019495984
16318000797,house,2,7.9447,8.39500014453046
16318600328,house,2,8.4039,8.514952926072612
16321000387,house,2,8.3735,8.507531859744194
16321200890,house,2,8.6535,8.565568193342978
16322100288,house,2,8.3404,8.429246016029156
16412200273,house,2,8.101,8.255510665081662
16504700523,house,2,7.9111,8.289725368820449
16506600488,house,2,8.9569,8.557036173612758
16509400595,house,2,7.8392,8.318896663919027
16509800143,house,2,7.6592,8.226742349284901
16512400266,house,8,8.9942,8.338102173928588
16512700472,house,8,8.5292,8.518792320432462
16519300399,house,2,8.2858,8.564040741341602
16520800103,house,8,8.3349,8.403973127271907
16521300449,house,8,7.805,8.333198854655684
16527300191,house,2,8.3746,8.302435317166998
16527400054,house,2,8.0725,8.353233929534353
16536800175,house,8,8.1047,8.300755162929054
16536800523,house,8,8.4417,8.419802494102695
16542701531,house,8,8.2054,8.314778774488799
16601400113,house,8,7.9368,8.586274961587725
16601500339,house,8,8.3194,8.392270929998718
16602300384,house,8,8.4917,8.751017678348255
16605400533,house,8,7.8982,8.489792066681476
16606501589,house,8,8.5846,8.567019096375455
16606700311,house,8,8.074,8.54518811657197
16606800942,house,8,8.0317,8.463432017224278
16612500645,house,8,7.4547,8.270781078848243
16612900082,house,8,7.9644,8.23711871467816
16614500227,house,8,8.2247,8.447875599395674
16615501601,house,8,8.0949,8.520719335222326
16616500534,house,8,8.5909,8.19358871933404
16616700241,house,8,8.6133,8.627967365699977
16617500163,house,8,9.3645,8.218911885696489
16621200764,house,8,8.6021,8.406188333661856
16622800285,house,8,9.1901,8.345086760245463
16628400602,house,8,8.9566,8.356820741825237
16701900916,house,8,8.596,8.148095537894394
16702400232,house,8,8.5172,8.316693791319894
16706500452,house,8,8.2021,8.620074578992865
16722800104,house,8,8.6507,8.416082538789645
16802000422,house,8,8.6961,8.421842237446581
16802200340,house,8,8.3588,8.409321622958656
16802601302,house,8,8.2548,8.419050732120674
16805600821,house,8,8.3508,8.349397023589633
16806400565,house,8,8.0064,8.400613606748802
16806701190,house,8,8.163,8.245381157230858
16806800229,house,8,8.0273,8.323506834974346
16807101545,house,8,7.7031,8.366739550892492
16808000981,house,8,8.1773,8.232540331725003
16808800986,house,8,8.9798,8.250291592735966
16810010296,house,8,8.895,8.589284347798516
16810801269,house,8,8.4333,8.656624757264545
16811100590,house,8,9.0991,8.33881160507912
16813500189,house,8,8.553,8.405302989613954
16814400099,house,8,8.2221,8.208199487504967
16818800822,house,8,8.0805,8.480509616567327
16818800946,house,8,8.1897,8.53718772905833
16821700061,house,8,8.6353,8.2662212129999
16822100201,house,8,8.6797,8.249103798784349
16825600167,house,8,8.9917,8.478832320326804
16825601120,house,8,8.4795,8.405598691791948
16827200964,house,8,8.6018,8.513861437422735
16827201065,house,8,8.1017,8.338796087276293
16827700932,house,8,8.294,8.486514157734875
16828000551,house,8,8.4192,8.474282874436893
16828100084,house,8,8.3462,8.214543585278095
16832004388,house,8,8.3086,8.400193611716858
16832004612,house,8,8.5554,8.520204614216683
16832005147,house,8,8.7699,8.507732094405487
16832101235,house,8,8.5979,8.409236948667115
16832200179,house,8,8.4596,8.395202804132031
16832305418,house,8,8.0415,8.294013736903718
16832305541,house,8,8.0182,8.294013736903718
16901900553,house,8,8.3152,8.241105742093582
16905400164,house,8,8.7641,8.320819408676451
16907000244,house,8,8.5598,8.37800060456063
16908100269,house,8,7.8155,8.26630584833325
16913200179,house,8,8.7366,8.436828694313581
16913301080,house,8,8.6507,8.654993382029453
16925300262,house,8,8.5172,8.466951512795198
17004101151,house,8,8.403,8.399401304166517
17004101168,house,8,8.5397,8.399401304166517
17009100410,house,8,8.8377,8.44001506469752
17101100367,house,8,8.3808,8.442198279834313
17106200475,house,8,8.8674,8.392177505278068
17108500166,house,8,8.1757,8.41436623491951
17109500240,house,8,7.8982,8.462503227314807
17111000543,house,8,8.9227,8.407441557361347
17111000561,house,8,8.0661,8.379181670575857
17114700082,house,8,8.1315,8.240551708038712
17121900601,house,8,8.2643,8.485993156375985
17121900989,house,8,8.3649,8.480113421042784
17121901187,house,8,8.1599,8.423023563684357
17122200875,house,8,8.3143,8.20124558614966
17124702096,house,8,8.5952,8.458942430204939
17125000291,house,8,8.3969,8.31015336548279
17125100391,house,8,8.1616,8.335630122448215
17125500225,house,8,8.3268,8.292832428783747
17125600548,house,8,8.9143,8.275112122244504
17126000188,house,8,8.2113,8.341843521190626
17126705742,house,8,9.5468,8.614474638309135
17126707125,house,8,9.5887,8.556182488901497
17126707311,house,8,9.5508,8.437485892259414
17126707729,house,8,8.438,8.484426869031413
17126710770,house,8,9.3628,8.447698308899055
17127300770,house,8,8.6046,8.342641563246953
17127400090,house,8,8.1995,8.307829092529659
17127600537,house,8,8.5913,8.36987641640614
17127700027,house,8,8.2637,8.32673766415787
17127900451,house,8,7.7118,8.332211879914283
17206300171,house,2,8.6009,8.35857895885857
17207900774,house,2,8.1536,8.217243742709414
17213400540,house,2,8.5462,8.32146637365979
17217900572,house,2,7.676,8.19349044252675
17219500784,house,2,7.8023,8.272292715545289
17219500814,house,2,7.8023,8.278067809085773
17220100581,house,2,7.7331,8.214939148000044
17220400097,house,2,8.2659,8.227753008874943
17224700443,house,2,8.2642,8.383028238536442
17231201260,house,2,7.7205,8.239088511983027
17231204529,house,2,7.7063,8.286717534512489
17300100091,house,2,8.305,8.33318143790474
17301500628,house,2,8.3894,8.234178924222844
17303800084,house,2,8.0338,8.184387343453045
17306502157,house,2,8.5817,8.298926242216401
17308400033,house,2,8.9056,8.198267218472466
17311300494,house,2,8.7184,8.09421836254458
17312800814,house,2,8.4482,8.217331484425369
17320801166,house,2,8.1658,8.18847064064289
17320900636,house,2,8.3664,8.335577980729903
17322400665,house,2,8.576,8.45492627420305
17327300995,house,2,8.3349,8.355658347034302
17330300781,house,2,8.5732,8.310777237579652
17330303142,house,2,7.8034,8.134646433093996
17332000295,house,2,8.2987,8.362121827583028
17332200103,house,2,8.5041,8.425582344327804
17332500085,house,2,8.6713,8.173002675136138
17335400405,house,2,8.576,8.405556786002132
17410900147,house,2,8.0064,8.096076448793477
17415600060,house,2,7.7564,8.241013327544257
17416200074,house,2,8.1718,8.071617511276695
17419400112,house,2,8.0348,8.163444324248786
17420300088,house,2,8.5399,8.244540581417779
17422700016,house,2,8.0266,8.269411134690479
17426000809,house,2,7.1351,8.20943613516935
17512900448,house,2,7.2796,8.364472124334133
17515701179,house,2,8.1521,8.559539662926536
17518100362,house,2,8.6938,8.58819378049502
17604200507,house,2,8.479,8.231740346599386
17800700045,house,2,8.4939,8.22091241116071
17801400517,house,2,8.482,8.57482970244588
17801400924,house,2,8.7865,8.568473412667755
17804900251,house,2,8.0549,8.349435251777491
17811500621,house,2,8.2173,8.424384571063701
18003900440,house,8,8.5713,8.116092433266997
18003901196,house,8,8.6305,8.319067328348414
18101800149,house,8,7.3614,8.195070579736404
18103901031,house,8,8.4551,8.439891893129543
18107503693,house,8,8.5834,8.433896286448162
18108800306,house,8,7.5314,8.309794601829843
18111600193,house,8,7.9184,8.330453609488607
18201000985,house,8,8.5172,8.455721926437326
18202701057,house,8,8.5172,8.51372282755657
18202701073,house,8,8.4808,8.507399747106643
18305500224,house,8,8.3109,8.504200737641215
18306700324,house,8,8.4793,8.308111043085935
18310100336,house,8,8.8457,8.365080452678683
18311001560,house,8,8.0934,8.557404117147966
18311001919,house,8,8.5377,8.407524429953572
18311200644,house,8,8.9616,8.458745507735037
18311200830,house,8,8.8431,8.466649358297445
18312000460,house,8,8.9488,8.582980502623348
18312000827,house,8,8.6103,8.524431846979315
18312000940,house,8,8.7152,8.402915017763227
18312001327,house,8,8.762,8.441824111968947
18312002579,house,8,9.1086,8.458974721678187
18312002633,house,8,8.8787,8.458974721678187
18312002773,house,8,8.8112,8.405838696460133
18312101321,house,8,8.8145,8.514368138196797
18312101356,house,8,8.6226,8.519110448534244
18312205658,house,8,8.2197,8.468615015864337
18314100098,house,8,8.9087,8.415490957743923
18402500391,house,8,8.4188,8.47309473237014
18405200702,house,8,8.5731,8.634417838357432
18408200932,house,8,8.4369,8.62102481722028
18411300764,house,8,8.6746,8.331093510335183
18419300186,house,8,7.5844,8.35875477502933
18420802254,house,8,8.7584,8.293552360205146
18420900825,house,8,8.6042,8.386049335204566
18421700447,house,8,7.3405,8.224662451838668
18500400535,house,8,8.1572,8.251972016145272
18501500398,house,8,8.6507,8.329066011915238
18503000627,house,8,8.5172,8.185520735884856
18509200441,house,8,8.1213,8.17226062253396
18509200474,house,8,8.1769,8.165937542084034
18511800289,house,8,8.1862,8.231768777550778
18513200777,house,8,8.0186,8.332724025891984
18701401830,house,7,8.4431,8.627325765882288
18701402020,house,7,8.2506,8.723834006898576
18702900131,house,7,8.8049,8.503033823232133
18705901994,house,7,7.4171,8.40371553733531
18705902699,house,7,7.9041,8.319434317495984
18713200134,house,7,8.0334,8.40029208183175
18720600649,house,7,8.2341,8.424311038361383
18800702588,house,7,8.8457,8.267650580808422
18800704874,house,7,8.2903,8.579721328005474
18801400135,house,7,8.6472,8.788448352969997
18801800028,house,7,9.1521,8.510736693347894
18803101437,house,7,8.9838,8.485779767713954
18803600670,house,7,8.1391,8.565782150855407
18805100101,house,7,9.2103,8.289606749970508
18813100549,house,7,8.0266,8.441519772045345
18816000286,house,7,7.9999,8.327859205789027
18900102558,house,7,8.4491,8.515434904816079
18900102590,house,7,8.3186,8.341431314530789
18906201019,house,7,8.7457,8.390797178186904
18909500289,house,7,8.576,8.484826791656442
19006001952,house,7,9.0089,8.353803044042218
19006002533,house,7,7.7381,8.2920545345053
19008100591,house,7,8.3976,8.42392699635256
19109900186,house,4,8.7052,8.082132412795996
19200201295,house,5,8.3489,8.423376575795713
19204400209,house,5,7.5924,8.233076713091707
19211200058,house,5,9.105,8.481341797469417
19212500306,house,5,7.2597,8.329926588727014
19305500391,house,5,7.824,8.263404580665588
19403900163,house,5,7.9647,8.193859130686237
19405000860,house,5,8.6068,8.489663753447635
19601300200,house,9,8.6226,8.526777335279988
19601701205,house,9,8.566,8.47834399101116
19700600891,house,7,8.9669,8.577175868509691
19800300227,house,4,8.7918,8.343289441774521
19800500064,house,4,7.7018,8.163779669149324
19804300078,house,4,8.6548,8.273229626341937
19804400218,house,4,8.27,8.307414821511468
19806200550,house,4,8.8581,8.38066449064268
19806300148,house,4,8.2987,8.311352024015166
19808300390,house,4,8.1763,8.32310852083325
19811700337,house,4,8.7403,8.342737045802783
19902500071,house,7,7.9664,8.287823363627064
19902601811,house,7,8.9227,8.690442978247507
19902601838,house,7,8.9227,8.70253264964511
19904300681,house,7,8.5465,8.29553876133553
19905500803,house,7,8.4482,8.274941434632158
19905900453,house,7,8.1456,8.558724995870637
19907400776,house,7,8.0171,8.355411120803813
19909000392,house,7,8.6995,8.39266667059765
20001700063,house,0,8.9815,8.494744500758898
20002500173,house,6,9.498,8.59933810807546
20101201141,house,8,7.8886,8.274147829493705
20101702858,house,8,8.6885,8.213562333685593
20102300966,house,8,8.0182,8.250792915505723
20102900289,house,8,8.4547,8.254460499437746
20103400212,house,8,8.0516,8.215404736407969
20103400522,house,8,8.4171,8.419453619623583
20104900804,house,8,8.5298,8.229846817987855
20105300886,house,8,8.1751,8.26796546331141
20105600685,house,8,8.1539,8.280962904360745
20107500580,house,8,8.096,8.191899401855895
20110500723,house,8,8.4909,8.189374791382834
20110501320,house,8,8.5301,8.198859412057725
20207300397,house,7,8.276,8.208658917831874
20300700499,house,7,7.1504,8.064265244972383
20306200382,house,7,7.688,8.263597122820595
20700200248,house,7,8.0317,8.52208195291782
21401000701,house,7,7.8291,8.449415308146007
21401301000,house,7,7.8682,8.299888952614516
21402000438,house,7,8.7265,8.504315930122965
21402001868,house,7,8.2524,8.254272958585178
21402002112,house,7,8.77,8.505205060052829
21402002295,house,7,8.7743,8.501382778401602
21402100221,house,7,8.7477,8.566174356104138
21402100297,house,7,8.6871,8.57095220816817
21402100394,house,7,8.5536,8.566174356104138
21402100904,house,7,8.8323,8.569041067342559
21402101153,house,7,7.9533,8.40788960654599
21402103016,house,7,7.8736,8.4117687857613
21402105779,house,7,8.8589,8.434349663998585
21402500600,house,7,8.8187,8.541650693490332
21402500831,house,7,8.7179,8.540695123077526
21402500902,house,7,8.7623,8.540217337871123
21402601172,house,7,8.6578,8.40818727434069
21402601490,house,7,8.7204,8.35039144301228
22208800050,house,4,8.6667,8.438521079296432
23000500144,house,5,9.3186,8.354725008607685
23001200195,house,5,9.3439,8.36828238303137
23001700147,house,5,7.8177,8.198604667190063
23002500281,house,5,9.3329,8.557619648841017
23006000119,house,5,9.0562,8.383278193000056
23006300201,house,5,8.1154,8.277363751670302
23010600151,house,5,7.7155,8.425079840134712
23201500141,house,5,8.6302,8.224236710746084
23201500486,house,5,7.8791,8.160099535882535
23201601665,house,5,7.8778,8.310860097269485
23201700558,house,5,8.2895,8.414488986708323
23203200501,house,5,8.6335,8.502407992539647
23203200579,house,5,8.1987,8.391474738517573
23203200625,house,5,8.1839,8.427989913626588
23204400301,house,5,8.7129,8.346894974670048
23204500509,house,5,8.2385,8.62646208061399
24500401243,house,5,8.4566,8.60215339741995
24506300554,house,5,9.1822,8.245844750465082
24608700152,house,5,9.2937,8.306506633493218
24611000301,house,5,9.4151,8.302995730709508
26101600074,house,2,8.8049,8.286405148913426
28300800105,house,2,8.6003,8.136549469828507
29902803375,house,6,9.206,8.487465273386393
29906000560,house,6,9.1678,8.563541024975876
29911001189,house,6,9.6671,8.407965069207414
29911201201,house,6,8.2212,8.264053269582298
30002200314,house,6,8.9989,8.375443431627081
30005300506,house,6,8.635,8.57817136837887
30006800863,house,6,8.5429,8.643178296890278
30201400461,house,1,7.9782,8.54142621929459
30300600086,house,3,8.3837,8.269542587602963
30301600179,house,3,7.9167,8.267453603009626
30302000541,house,3,7.64,8.461637759198371
30302000795,house,3,7.4666,8.317385255824593
30303600362,house,3,8.5613,8.557879916196862
30304200368,house,3,8.0652,8.286161013301866
30304500175,house,3,8.0276,8.301635409103769
30309500580,house,3,7.7063,8.344565397112161
30400401395,house,4,8.5564,8.499349863820363
30401900158,house,4,8.7068,8.611015359138545
30402000304,house,4,8.7403,8.575254995233262
30402400221,house,4,8.8931,8.357936185143014
30406800471,house,4,8.2217,8.26974011225527
30501402109,house,4,8.4512,8.259912442713087
30501402508,house,4,8.5942,8.30049142098552
30503000091,house,4,8.1605,8.330906845140657
30504604500,house,4,8.4313,8.342485468164918
30504604535,house,4,8.0413,8.31073681557362
30505500334,house,4,8.168,8.155830871353368
30510400474,house,4,8.7044,8.20817682237111
30511202463,house,4,8.5802,8.21468999193607
30514101455,house,4,8.6954,8.326842121144947
30601100953,house,4,8.7168,8.483241414739338
30602800290,house,4,8.7108,8.479698784772454
30603100233,house,4,8.5172,8.414493816306889
30606400408,house,0,8.0562,8.137990858963196
30608500337,house,0,8.7855,8.339509758565216
30608501422,house,0,8.5542,8.467163190313329
30702001306,house,7,8.3316,8.360275130948066
30704300221,house,7,8.3884,8.232295807086823
30705600553,house,7,7.843,8.291077374328175
30706600212,house,7,8.9059,8.232452277097789
30708100071,house,7,8.363,8.3905336689575
30708205361,house,7,8.5075,8.540823243332714
30708601641,house,7,8.6173,8.458155193337205
30709000674,house,7,8.7819,8.28259944056674
30710400044,house,7,8.408,8.373028595611762
30710600086,house,7,8.2183,8.374957634810444
30711001399,house,7,8.6725,8.622095236275577
30711300876,house,7,7.9609,8.358896718772701
30805800414,house,7,8.7248,8.225142810090109
30815100326,house,7,8.0283,8.286722791053554
30815201726,house,7,7.5449,8.346913125755103
30900500287,house,1,8.6937,8.668448352514343
30901000474,house,1,9.0624,8.82565658803876
30902700331,house,1,8.3183,8.672104061401797
31000900204,house,1,8.537,8.404968258255282
31004301119,house,1,8.0036,8.393435999894832
31005000724,house,1,8.1195,8.337222750326468
31005801166,house,1,8.214,8.445733237325118
31005903139,house,1,8.0511,8.347935830888032
31010100103,house,1,8.0993,8.368469900547762
31010200590,house,1,8.4917,8.406677373275928
31011200365,house,1,8.4544,8.505351616622246
31011500423,house,1,8.1766,8.41126253332964
31011600355,house,1,8.4276,8.584583397711427
