sql,tipo_imovel,bloco,y_ln,yhat_ln
00102004854,apartment,0,8.9719,8.87112808227539
00102101671,apartment,0,8.6618,8.771068572998047
00102102295,apartment,0,8.4412,8.5778169631958
00102310815,apartment,0,8.8957,8.900761604309082
00102600996,apartment,0,8.0155,8.27332878112793
00103705041,apartment,0,8.67,8.84200382232666
00103705201,apartment,0,8.7307,8.84200382232666
00103705538,apartment,0,8.7022,8.84200382232666
00103705740,apartment,0,8.8571,8.761743545532227
00103705953,apartment,0,8.8651,8.847830772399902
00103706208,apartment,0,8.7522,8.845367431640625
00103706216,apartment,0,8.6754,8.844733238220215
00103706569,apartment,0,8.8314,8.762009620666504
00103706674,apartment,0,8.7885,8.846134185791016
00103707158,apartment,0,8.7076,8.84136962890625
00104800593,apartment,0,8.0789,8.644911766052246
00204900964,apartment,0,8.525,8.540063858032227
00205301010,apartment,0,8.0985,8.611695289611816
00206600232,apartment,0,8.2388,8.422290802001953
00207100901,apartment,0,8.1956,8.433666229248047
00207401446,apartment,0,8.0819,8.359535217285156
00208003584,apartment,0,8.3187,8.630040168762207
00208004041,apartment,0,8.4338,8.645320892333984
00208005137,apartment,0,8.6183,8.703723907470703
00301107394,apartment,0,8.3904,8.852407455444336
00301109222,apartment,0,8.9179,8.880507469177246
00301109656,apartment,0,8.9562,8.857908248901367
00301110964,apartment,0,8.9118,8.86447525024414
00301200671,apartment,0,7.8648,8.344703674316406
00301302316,apartment,0,8.2064,8.486903190612793
00301504210,apartment,9,8.3323,8.456802368164062
00301602085,apartment,9,8.1506,8.564499855041504
00301604053,apartment,9,8.7803,8.611433029174805
00301605051,apartment,9,8.7802,8.652233123779297
00301610010,apartment,9,8.6254,8.593534469604492
00301612064,apartment,9,8.5817,8.576680183410645
00301614148,apartment,9,8.716,8.684142112731934
00301903247,apartment,0,8.4702,8.479475975036621
00301906238,apartment,0,8.6198,8.837655067443848
00302901337,apartment,9,8.3679,8.261425018310547
00302901442,apartment,9,8.3705,8.269463539123535
00302901965,apartment,9,8.3705,8.263925552368164
00303400560,apartment,0,8.0396,8.214251518249512
00304202428,apartment,9,8.4584,8.456968307495117
00304206342,apartment,9,8.6662,8.619685173034668
00304206458,apartment,9,8.9872,8.943373680114746
00306001608,apartment,9,8.1807,8.418889045715332
00306009821,apartment,9,8.6995,8.785911560058594
00306012464,apartment,9,8.578,8.624682426452637
00306013045,apartment,9,9.1536,8.779616355895996
00306019000,apartment,9,8.7905,8.815925598144531
00306019231,apartment,9,8.6754,8.807779312133789
00306800421,apartment,0,8.3901,8.504975318908691
00306800713,apartment,0,8.5009,8.51608943939209
00306800810,apartment,0,8.2359,8.51608943939209
00306900580,apartment,9,8.5332,8.301828384399414
00400501066,apartment,0,8.0558,8.332620620727539
00400502828,apartment,0,8.1918,8.382899284362793
00401501531,apartment,9,8.4007,8.356101036071777
00401601595,apartment,9,8.3688,8.381695747375488
00401604462,apartment,9,8.3489,8.350120544433594
00401900118,apartment,0,8.1456,8.516402244567871
00401900290,apartment,0,8.406,8.651936531066895
00401900487,apartment,0,8.1944,8.510004043579102
00401902862,apartment,0,8.366,8.654394149780273
00401903001,apartment,0,8.256,8.516402244567871
00403402883,apartment,0,8.3517,8.422223091125488
00403704863,apartment,0,7.7088,8.440723419189453
00403705517,apartment,0,8.1321,8.49966049194336
00404301541,apartment,0,7.8625,8.240490913391113
00404800696,apartment,9,8.2594,8.118905067443848
00404803271,apartment,9,8.196,8.129913330078125
00404805061,apartment,9,8.1918,8.184281349182129
00404808301,apartment,9,8.1658,8.284576416015625
00404903241,apartment,9,8.6928,8.412047386169434
00405100906,apartment,9,8.5448,8.646210670471191
00405202156,apartment,0,8.6667,8.599781036376953
00405209551,apartment,0,8.5454,8.570173263549805
00405210191,apartment,0,8.3434,8.704906463623047
00405217791,apartment,0,8.5678,8.521848678588867
00405700415,apartment,9,8.0317,8.041913032531738
00406106762,apartment,0,8.4864,8.555686950683594
00406301581,apartment,9,8.3974,8.561644554138184
00501701788,apartment,0,8.262,8.252790451049805
00501709053,apartment,0,8.6713,8.431012153625488
00502306262,apartment,0,8.9548,8.696540832519531
00503406295,apartment,0,9.1659,8.86431884765625
00503509442,apartment,0,8.5002,8.454150199890137
00504400398,apartment,0,8.419,8.4601411819458
00504400665,apartment,0,8.1456,8.365224838256836
00504604783,apartment,0,8.9401,8.874634742736816
00506300900,apartment,0,8.5172,8.549290657043457
00506401839,apartment,0,8.0652,8.297432899475098
00506805018,apartment,0,8.7002,8.873578071594238
00507104218,apartment,0,8.3349,8.350340843200684
00507626788,apartment,0,8.1526,8.40759563446045
00507633598,apartment,0,8.6226,8.867284774780273
00507810783,apartment,0,8.3165,8.532636642456055
00507811690,apartment,0,8.5829,8.6051664352417
00508602009,apartment,0,8.2679,8.521890640258789
00601102428,apartment,0,9.1114,8.429337501525879
00601305469,apartment,0,8.8834,8.436594009399414
00601321545,apartment,0,9.1548,8.91652774810791
00602008239,apartment,0,8.6744,8.5709810256958
00602013909,apartment,0,8.9561,8.77403736114502
00602201187,apartment,0,8.6765,8.668811798095703
00602406153,apartment,0,8.6226,8.609196662902832
00603003311,apartment,0,8.3131,8.499117851257324
00603003400,apartment,0,8.2788,8.454943656921387
00603006329,apartment,0,8.3066,8.302510261535645
00603007864,apartment,0,8.9978,8.75394344329834
00603803024,apartment,0,8.6338,8.561087608337402
00604004419,apartment,0,8.4711,8.446590423583984
00604006306,apartment,0,8.2577,8.42261791229248
00604014325,apartment,0,8.294,8.183669090270996
00604202679,apartment,0,8.1417,8.359403610229492
00604207638,apartment,0,8.1199,8.476264953613281
00604401507,apartment,0,8.5598,8.556222915649414
00605107025,apartment,0,8.5277,8.346684455871582
00605111227,apartment,0,8.3572,8.28303337097168
00605113882,apartment,0,8.6291,8.47419548034668
00605302162,apartment,0,8.5549,8.395122528076172
00605306311,apartment,0,8.2785,8.223108291625977
00605314675,apartment,0,8.326,8.419730186462402
00606002839,apartment,0,8.3786,8.427996635437012
00606202870,apartment,0,8.6145,8.267504692077637
00606301798,apartment,0,8.8049,8.355674743652344
00606404562,apartment,0,8.7813,8.379398345947266
00606503188,apartment,0,8.2683,8.55139446258545
00606800867,apartment,0,8.5172,8.511808395385742
00606803106,apartment,0,8.2489,8.465039253234863
00607008172,apartment,0,8.9195,8.571059226989746
00700102361,apartment,0,8.7064,8.455338478088379
00700203257,apartment,0,8.7424,8.472293853759766
00700501770,apartment,0,9.0106,8.254121780395508
00700501843,apartment,0,8.9826,8.427903175354004
00700800654,apartment,0,8.3894,8.377535820007324
00700900616,apartment,0,8.2861,8.50426197052002
00700900829,apartment,0,8.6995,8.774638175964355
00701104139,apartment,0,8.4544,8.408099174499512
00701107294,apartment,0,8.5346,8.271984100341797
00701203196,apartment,0,8.4057,8.475460052490234
00701204990,apartment,0,8.6036,8.548523902893066
00701302631,apartment,0,8.4844,8.662915229797363
00701502703,apartment,0,8.2334,8.290696144104004
00701600853,apartment,0,8.3016,8.619229316711426
00701701625,apartment,0,8.8888,8.447646141052246
00701801654,apartment,0,8.9632,8.298230171203613
00702002682,apartment,0,8.5557,8.561762809753418
00702003859,apartment,0,8.8309,8.70695686340332
00702005088,apartment,0,8.8049,8.648829460144043
00702300950,apartment,0,8.5929,8.337594032287598
00702301558,apartment,0,8.8799,8.598835945129395
00702302392,apartment,0,8.8739,8.523192405700684
00702303429,apartment,0,8.8739,8.43171215057373
00702603521,apartment,0,8.6359,8.30933666229248
00703001191,apartment,0,7.9576,8.443511009216309
00703304704,apartment,0,8.993,8.421348571777344
00703407351,apartment,0,9.1281,8.83106517791748
00703500392,apartment,0,8.4876,8.432852745056152
00703604953,apartment,0,8.3413,8.302078247070312
00704102481,apartment,0,8.4788,8.309703826904297
00704106531,apartment,0,8.4878,8.63105583190918
00704108097,apartment,0,9.1822,8.911198616027832
00704109549,apartment,0,8.6476,8.602846145629883
00704109621,apartment,0,8.8888,8.916903495788574
00704304511,apartment,0,8.62,8.334965705871582
00704702916,apartment,0,8.4514,8.352889060974121
00704704978,apartment,0,8.641,8.218743324279785
00704801272,apartment,0,8.5962,8.35292911529541
00704802422,apartment,0,8.597,8.529108047485352
00704802791,apartment,0,8.7891,8.642468452453613
00704906511,apartment,0,8.862,8.889225006103516
00705102467,apartment,0,8.6272,8.63860034942627
00705106810,apartment,0,8.5716,8.227091789245605
00705108589,apartment,0,8.3862,8.627791404724121
00705201767,apartment,0,8.5172,8.650606155395508
00705603245,apartment,0,8.8739,8.382745742797852
00705702030,apartment,0,8.6835,8.411579132080078
00705704181,apartment,0,8.9714,8.778478622436523
00706007220,apartment,0,8.1432,8.483245849609375
00706105079,apartment,0,8.2097,8.521024703979492
00706105478,apartment,0,8.392,8.519410133361816
00706203429,apartment,0,7.8841,8.41059684753418
00706300629,apartment,0,8.9227,8.65800666809082
00706311205,apartment,0,8.8467,8.811788558959961
00706311582,apartment,0,8.7881,8.724884033203125
00706312023,apartment,0,8.8953,8.843086242675781
00706312082,apartment,0,8.5172,8.594347953796387
00706400429,apartment,0,8.7045,8.279215812683105
00706700589,apartment,0,8.6449,8.568805694580078
00706801105,apartment,0,8.3453,8.580585479736328
00706801288,apartment,0,8.5755,8.62367057800293
00706803833,apartment,0,8.7685,8.745141983032227
00707013461,apartment,0,8.8093,8.708860397338867
00707101530,apartment,0,8.8169,8.600831031799316
00707102693,apartment,0,8.7285,8.617639541625977
00707102911,apartment,0,8.9161,8.785467147827148
00707105439,apartment,0,9.1515,8.921613693237305
00707200261,apartment,0,8.3517,8.63949203491211
00707604206,apartment,0,8.9577,8.519468307495117
00707701627,apartment,0,8.4727,8.363187789916992
00707714184,apartment,0,9.5925,8.87491512298584
00707718971,apartment,0,9.0608,8.895613670349121
00708101437,apartment,0,8.4219,8.248465538024902
00708101461,apartment,0,8.4402,8.265247344970703
00708103480,apartment,0,8.6006,8.569019317626953
00708104347,apartment,0,8.6164,8.32264518737793
00708107036,apartment,0,8.7573,8.587610244750977
00708108407,apartment,0,8.7571,8.511322021484375
00708110738,apartment,0,9.187,8.83128547668457
00708112366,apartment,0,9.0433,8.817668914794922
00708702104,apartment,0,8.6507,8.626555442810059
00709101651,apartment,0,8.4631,8.730903625488281
00709601492,apartment,0,8.6243,8.336773872375488
00709700865,apartment,0,8.6226,8.750597953796387
00800403193,apartment,0,8.5578,8.718523025512695
00800403266,apartment,0,8.5564,8.723051071166992
00800502345,apartment,0,8.0843,8.668111801147461
00800502531,apartment,0,7.9749,8.311969757080078
00800801040,apartment,0,8.5172,8.35643482208252
00800802438,apartment,0,8.4192,8.2669038772583
00801200601,apartment,0,8.4379,8.520102500915527
00801303419,apartment,0,8.3894,8.618584632873535
00801304768,apartment,0,8.276,8.709653854370117
00801306124,apartment,0,8.414,8.557910919189453
00801306264,apartment,0,8.4287,8.54177474975586
00801400546,apartment,0,8.2371,8.25223445892334
00801500702,apartment,0,8.7413,8.612680435180664
00803102976,apartment,0,7.893,8.274672508239746
00803303106,apartment,0,7.9576,8.296783447265625
00804402663,apartment,0,8.4466,8.32681941986084
00804911071,apartment,0,8.0247,8.5569486618042
00805000615,apartment,0,7.9909,8.34424114227295
00805300368,apartment,0,9.028,8.589177131652832
00805400941,apartment,0,8.3862,8.63487720489502
00805401040,apartment,0,8.3862,8.643973350524902
00806101369,apartment,0,8.1605,8.320948600769043
00806103434,apartment,0,8.061,8.397233963012695
00806300681,apartment,0,8.0523,8.32705020904541
00807300659,apartment,0,8.8049,8.616729736328125
00807802999,apartment,0,8.33,8.611701965332031
00807804444,apartment,0,7.8122,8.440342903137207
00807903760,apartment,0,8.2703,8.353062629699707
00807904864,apartment,0,8.2396,8.371769905090332
00807905089,apartment,0,8.4317,8.416863441467285
00808705016,apartment,0,8.3517,8.408935546875
00808901494,apartment,0,8.4844,8.626835823059082
00809202549,apartment,0,8.5446,8.60372257232666
00809203820,apartment,0,8.3181,8.601723670959473
00900501065,apartment,0,8.4318,8.522804260253906
00900901772,apartment,0,8.3075,8.600730895996094
00901301671,apartment,0,9.0619,8.556473731994629
00901306010,apartment,0,8.5558,8.54839038848877
00901404152,apartment,0,8.6931,8.660242080688477
00901417688,apartment,0,8.5557,8.453338623046875
00901601055,apartment,0,8.8503,8.71645450592041
00901601081,apartment,0,8.8356,8.457992553710938
00901604641,apartment,0,8.668,8.420065879821777
00901702250,apartment,0,8.8049,8.437032699584961
00901807192,apartment,0,9.036,8.698454856872559
00901809446,apartment,0,8.5893,8.255695343017578
00901903930,apartment,0,8.6217,8.526097297668457
00901907812,apartment,0,8.9645,8.467276573181152
00901909548,apartment,0,8.9214,8.426061630249023
00902602810,apartment,0,8.716,8.626957893371582
00902603655,apartment,0,8.5942,8.641915321350098
00903203685,apartment,0,8.1851,8.361988067626953
00903503476,apartment,0,9.2103,9.05717658996582
00903503621,apartment,0,9.2442,9.070651054382324
00904500446,apartment,0,8.571,8.538567543029785
00904600572,apartment,0,9.0644,8.565488815307617
00904609987,apartment,0,9.2699,8.695601463317871
00904906205,apartment,0,9.2569,8.479469299316406
00905109961,apartment,0,8.792,8.499956130981445
00905112301,apartment,0,9.0123,8.657994270324707
00905201361,apartment,0,8.2224,8.484929084777832
00905202287,apartment,0,8.618,8.558394432067871
00905205057,apartment,0,8.8618,8.62956428527832
00905300629,apartment,0,8.8899,8.41759967803955
00905500334,apartment,0,8.7179,8.668084144592285
00905602234,apartment,0,8.8273,8.40652084350586
00905810384,apartment,0,9.5096,9.110454559326172
00906401496,apartment,0,8.7327,8.567267417907715
00906500206,apartment,0,8.0682,8.379718780517578
00906500303,apartment,0,8.1732,8.285183906555176
00907004954,apartment,0,8.7633,8.529288291931152
00907009395,apartment,0,9.4223,8.987293243408203
00907305474,apartment,0,9.6593,9.171277046203613
00907503403,apartment,0,8.5284,8.555899620056152
00907600964,apartment,0,8.8971,8.498859405517578
00908305028,apartment,0,8.7311,8.617142677307129
00908508212,apartment,0,8.6868,8.667984962463379
00908700741,apartment,0,8.6603,8.663656234741211
00908700830,apartment,0,9.1092,8.677800178527832
00908700881,apartment,0,9.0926,8.700250625610352
00908801051,apartment,0,8.7269,8.782159805297852
00908804555,apartment,0,8.955,8.642362594604492
00908902476,apartment,0,9.059,8.749847412109375
00908902913,apartment,0,8.9502,8.758918762207031
00909102481,apartment,0,8.9088,8.587861061096191
00909400989,apartment,0,8.4553,8.611602783203125
00909501327,apartment,0,8.1787,8.291121482849121
00909702527,apartment,0,8.1934,8.332295417785645
01000100251,apartment,0,8.9015,8.406011581420898
01000400700,apartment,0,9.0363,8.463505744934082
01001001141,apartment,0,8.8668,8.297869682312012
01001105699,apartment,0,8.4229,8.465629577636719
01001202910,apartment,0,8.6692,8.529685020446777
01001209419,apartment,0,8.8457,8.669676780700684
01001301633,apartment,0,8.5172,8.441137313842773
01001501101,apartment,0,8.6995,8.327701568603516
01001700562,apartment,0,8.8821,8.40890884399414
01001801601,apartment,0,8.8049,8.622296333312988
01002311756,apartment,0,8.637,8.511707305908203
01002410118,apartment,0,8.8711,8.501312255859375
01002410381,apartment,0,8.7955,8.497276306152344
01002414415,apartment,0,8.9561,8.645817756652832
01002421543,apartment,0,9.2238,8.971016883850098
01002421683,apartment,0,9.3794,8.950286865234375
01002421691,apartment,0,9.4061,8.950286865234375
01002510181,apartment,0,8.9851,8.747112274169922
01002514770,apartment,0,8.7129,8.63172435760498
01002701491,apartment,0,8.6272,8.360376358032227
01002902037,apartment,0,8.8114,8.733219146728516
01002903459,apartment,0,7.8829,8.323390007019043
01003212980,apartment,0,8.7179,8.729344367980957
01003303404,apartment,0,8.5352,8.558952331542969
01003405096,apartment,0,8.187,8.476775169372559
01003405126,apartment,0,8.363,8.376259803771973
01003523080,apartment,0,8.5172,8.248744010925293
01003529267,apartment,0,8.9227,8.582600593566895
01003537741,apartment,0,9.2298,8.702154159545898
01003541623,apartment,0,8.7242,8.612276077270508
01003701191,apartment,0,8.9582,8.646531105041504
01003702538,apartment,0,8.4368,8.682337760925293
01003702880,apartment,0,8.8322,8.682337760925293
01004803907,apartment,0,8.5267,8.531079292297363
01004804644,apartment,0,8.2369,8.437788009643555
01004807384,apartment,0,8.6365,8.50778865814209
01004815433,apartment,0,8.3951,8.373796463012695
01005003904,apartment,0,9.1448,8.65715217590332
01005800251,apartment,0,9.0211,8.743334770202637
01005800758,apartment,0,8.8155,8.668207168579102
01006002685,apartment,0,8.7526,8.784995079040527
01006202587,apartment,0,8.7275,8.694229125976562
01006700455,apartment,0,8.8018,8.745732307434082
01007501499,apartment,0,8.7349,8.713424682617188
01007900547,apartment,0,9.1834,8.747397422790527
01008900753,apartment,0,8.8238,8.709732055664062
01009400657,apartment,0,9.1839,8.649090766906738
01009600753,apartment,0,9.0372,8.9025239944458
01102302376,apartment,0,8.3723,8.462416648864746
01106906373,apartment,0,9.1324,9.01873779296875
01106908511,apartment,0,9.1209,8.98676586151123
01107401070,apartment,0,9.0191,8.712763786315918
01112306481,apartment,0,8.7445,8.389765739440918
01201602963,apartment,7,8.3564,8.50778865814209
01201603986,apartment,7,8.1727,8.471360206604004
01201605954,apartment,7,9.0213,8.6978759765625
01202003321,apartment,7,8.6619,8.760116577148438
01202100961,apartment,0,8.645,8.492344856262207
01202101038,apartment,0,8.635,8.509282112121582
01202302671,apartment,7,8.7064,8.536093711853027
01202302726,apartment,7,8.6144,8.543560981750488
01202701371,apartment,0,8.2908,8.47022819519043
01203301601,apartment,0,8.5719,8.797978401184082
01203301642,apartment,0,8.7992,8.806886672973633
01203401701,apartment,0,8.7403,8.425365447998047
01203503997,apartment,0,8.6901,8.555778503417969
01204500762,apartment,0,8.2515,8.774675369262695
01205104631,apartment,0,9.08,8.968666076660156
01205701321,apartment,0,8.5775,8.540212631225586
01205903313,apartment,0,8.4818,8.273539543151855
01205905758,apartment,0,8.92,8.730552673339844
01206801387,apartment,0,8.7354,8.649312973022461
01206803411,apartment,0,8.6882,8.617486000061035
01207001376,apartment,0,8.2331,8.595521926879883
01207405566,apartment,0,8.5392,8.56198501586914
01207503290,apartment,0,8.8482,8.856998443603516
01207503762,apartment,0,8.9353,8.87536907196045
01207805580,apartment,0,9.3034,9.071553230285645
01207805688,apartment,0,9.5905,9.070322036743164
01207806099,apartment,0,9.3739,9.0579252243042
01208302523,apartment,0,8.7034,8.794669151306152
01208500333,apartment,0,8.729,8.72826862335205
01209000849,apartment,0,8.7998,8.677667617797852
01209201720,apartment,0,8.6125,8.503290176391602
01209303248,apartment,0,9.0852,8.48430347442627
01209303272,apartment,0,8.6096,8.585058212280273
01209603136,apartment,0,8.657,8.478188514709473
01210000709,apartment,0,8.576,8.501383781433105
01210203847,apartment,0,8.5652,8.443358421325684
01210503905,apartment,0,9.0045,8.751007080078125
01210605732,apartment,0,8.6926,8.42893123626709
01210607875,apartment,0,8.5251,8.369845390319824
01210609959,apartment,0,8.81,8.658219337463379
01210903131,apartment,0,8.6634,8.7848539352417
01211300821,apartment,0,9.1616,8.773484230041504
01211703101,apartment,0,9.0123,8.903410911560059
01211706583,apartment,0,9.3382,9.06434440612793
01214201776,apartment,7,8.7238,8.564257621765137
01214202012,apartment,7,8.4858,8.529947280883789
01216100756,apartment,0,8.6144,8.600391387939453
01216802912,apartment,0,8.3741,8.398591995239258
01217304266,apartment,0,8.3402,8.721577644348145
01300602597,apartment,0,8.9421,8.645589828491211
01300603054,apartment,0,8.8714,8.786104202270508
01300610301,apartment,0,9.1947,9.043758392333984
01300905239,apartment,0,8.8137,8.747109413146973
01301102075,apartment,0,8.8997,8.906600952148438
01301206512,apartment,0,9.1856,8.961175918579102
01301305261,apartment,0,8.6548,8.59931468963623
01301306436,apartment,0,8.4503,8.524370193481445
01301401943,apartment,0,8.7163,8.79216480255127
01301505218,apartment,0,9.1631,8.776453971862793
01301700568,apartment,0,9.2035,8.70185375213623
01301703176,apartment,0,9.5819,9.257722854614258
01301804231,apartment,0,9.2758,8.853636741638184
01302004832,apartment,0,9.0801,8.95683765411377
01302005261,apartment,0,9.2027,8.96444320678711
01302302809,apartment,0,8.8739,8.91623306274414
01302302868,apartment,0,8.8793,8.922067642211914
01302906887,apartment,0,9.0576,8.904966354370117
01303003511,apartment,0,8.8323,8.89801025390625
01303101858,apartment,0,8.9029,8.768885612487793
01303102528,apartment,0,8.7035,8.794293403625488
01303104601,apartment,0,8.9952,8.756053924560547
01303110253,apartment,0,9.3439,9.289994239807129
01303301768,apartment,0,8.4974,8.735005378723145
01303504911,apartment,0,8.8169,8.922076225280762
01303602571,apartment,0,8.775,8.698172569274902
01303608006,apartment,0,8.974,8.985026359558105
01303807009,apartment,0,9.028,8.805295944213867
01304002241,apartment,0,8.8875,8.836760520935059
01304109356,apartment,0,9.3666,9.235641479492188
01304200388,apartment,0,8.9519,8.844698905944824
01304804623,apartment,0,9.2333,8.816487312316895
01304804674,apartment,0,9.0255,8.835339546203613
01305502523,apartment,0,8.6308,8.833096504211426
01305900987,apartment,0,8.73,8.680513381958008
01306001511,apartment,0,8.5536,8.828701972961426
01306003180,apartment,0,8.6695,8.709206581115723
01306102448,apartment,0,8.5517,8.793108940124512
01306105722,apartment,0,8.9544,8.673765182495117
01306200431,apartment,0,8.9067,8.784842491149902
01306401951,apartment,0,8.6325,8.864341735839844
01306502446,apartment,0,8.7863,8.670525550842285
01402801947,apartment,0,9.3768,8.814373970031738
01403002177,apartment,0,9.4731,8.760748863220215
01403911568,apartment,0,9.6846,9.266845703125
01403911622,apartment,0,9.6789,9.25992202758789
01404802088,apartment,0,9.2904,8.766149520874023
01404902309,apartment,0,9.1561,8.788543701171875
01405010495,apartment,0,9.2416,9.184120178222656
01406801240,apartment,0,9.2736,8.811491966247559
01407802623,apartment,0,9.1926,8.797784805297852
01408601273,apartment,0,8.7875,8.692378997802734
01408610086,apartment,0,9.3157,8.986459732055664
01408801043,apartment,0,9.2305,8.62825870513916
01408805510,apartment,0,8.7129,8.786656379699707
01410203174,apartment,0,8.731,8.919107437133789
01410203867,apartment,0,9.0885,8.932485580444336
01500302503,apartment,0,9.0027,8.792912483215332
01500502405,apartment,0,8.9785,9.039566993713379
01500602795,apartment,0,8.5878,8.651946067810059
01500604003,apartment,0,8.9429,8.661005020141602
01500709174,apartment,0,8.978,8.744735717773438
01500801410,apartment,0,8.6656,8.850930213928223
01501601377,apartment,0,8.7525,8.859175682067871
01504401751,apartment,0,8.9905,8.829996109008789
01504501926,apartment,0,8.7403,8.740360260009766
01505803896,apartment,0,8.7156,8.730142593383789
01507600811,apartment,0,8.7051,8.531981468200684
01509100776,apartment,6,8.9785,8.842584609985352
01604601671,apartment,6,9.0718,8.832327842712402
01604800739,apartment,6,9.6014,8.892166137695312
01604801247,apartment,6,8.7374,8.787005424499512
01606504037,apartment,6,8.7216,8.748612403869629
01606506668,apartment,6,9.0877,8.756500244140625
01606507036,apartment,6,9.2374,8.757454872131348
01608004090,apartment,6,9.4442,8.761616706848145
01608008037,apartment,6,8.76,8.854413032531738
01608011951,apartment,6,9.1303,8.824260711669922
01608018261,apartment,6,9.7046,9.026920318603516
01611903191,apartment,6,9.2922,8.745182037353516
01612002579,apartment,6,8.9823,8.677173614501953
01613602359,apartment,6,9.3724,8.877280235290527
01613602499,apartment,6,9.0391,8.871697425842285
01614702829,apartment,6,8.8204,8.740218162536621
01614703442,apartment,6,9.2339,8.86812686920166
01615303049,apartment,6,9.1065,8.82938289642334
01615901264,apartment,0,9.1341,8.946690559387207
01616305673,apartment,6,9.0745,8.725353240966797
01616502584,apartment,6,9.2442,8.84840202331543
01616701854,apartment,6,8.9709,8.726302146911621
01616702605,apartment,6,9.4409,8.751493453979492
01701705273,apartment,9,8.6074,8.537101745605469
01800602383,apartment,0,8.6061,8.569337844848633
01803202416,apartment,0,8.0878,8.275712966918945
01803301430,apartment,0,8.5304,8.583840370178223
01804501042,apartment,0,8.2382,8.297948837280273
01804501123,apartment,0,8.4021,8.316020965576172
01804801437,apartment,0,7.7212,8.362504005432129
01804805246,apartment,0,7.8028,8.215332984924316
01805000373,apartment,0,7.887,8.202195167541504
01901001520,apartment,0,8.2795,8.323297500610352
01903300673,apartment,0,8.0985,8.297554969787598
01904503950,apartment,0,8.5019,8.453409194946289
01905305648,apartment,0,8.6538,8.453886032104492
01905308000,apartment,0,8.6108,8.457398414611816
01906100438,apartment,0,8.3033,8.502365112304688
01906101027,apartment,0,8.4662,8.498404502868652
01906106525,apartment,0,8.6978,8.725485801696777
01906111944,apartment,0,8.7403,8.70504093170166
01906112916,apartment,0,8.5627,8.483890533447266
01906116016,apartment,0,8.5325,8.677019119262695
01906116660,apartment,0,8.7091,8.679457664489746
01906116660,apartment,0,8.7091,8.68617057800293
01906118361,apartment,0,8.7706,8.684646606445312
01907801601,apartment,0,8.5152,8.242055892944336
01908100982,apartment,0,7.9047,8.234119415283203
01909800368,apartment,0,7.6756,8.193828582763672
01910501409,apartment,0,8.844,8.648563385009766
01910503088,apartment,0,8.7285,8.651185035705566
01910505609,apartment,0,8.8468,8.672435760498047
01910514292,apartment,0,8.5621,8.780691146850586
02000202675,apartment,0,8.0376,8.585131645202637
02000202871,apartment,0,8.0376,8.585131645202637
02000203371,apartment,0,8.0376,8.582839012145996
02000305581,apartment,0,8.6667,8.637394905090332
02000306322,apartment,0,8.6173,8.618350982666016
02000307531,apartment,0,8.7026,8.588800430297852
02000308376,apartment,0,8.8334,8.683035850524902
02000309496,apartment,0,8.7437,8.663052558898926
02000310885,apartment,0,8.5614,8.612703323364258
02000310966,apartment,0,8.54,8.608176231384277
02000312187,apartment,0,8.6329,8.606271743774414
02000312977,apartment,0,8.7324,8.67025089263916
02000313922,apartment,0,8.6708,8.638568878173828
02000314325,apartment,0,8.4802,8.66700553894043
02000401392,apartment,0,8.7369,8.58059024810791
02000800750,apartment,0,7.8522,8.234358787536621
02001101414,apartment,0,8.7803,8.648493766784668
02001101759,apartment,0,8.7729,8.685145378112793
02001400128,apartment,0,8.4118,8.60610294342041
02001400829,apartment,0,8.4727,8.62901496887207
02001401711,apartment,0,8.3972,8.61020278930664
02001402236,apartment,0,8.5925,8.616433143615723
02001403526,apartment,0,8.1924,8.623662948608398
02001405898,apartment,0,9.0394,8.877227783203125
02001505132,apartment,0,8.6376,8.598953247070312
02001602774,apartment,0,8.164,8.438042640686035
02001702507,apartment,0,8.1399,8.267158508300781
02001704593,apartment,0,8.0754,8.147701263427734
02002401871,apartment,0,8.9761,8.787653923034668
02003100921,apartment,0,8.6085,8.648098945617676
02004604174,apartment,0,8.626,8.633139610290527
02004701285,apartment,0,8.5366,8.534263610839844
02004701315,apartment,0,8.645,8.589862823486328
02004701846,apartment,0,8.2854,8.458000183105469
02004702494,apartment,0,8.6254,8.400504112243652
02004706775,apartment,0,8.7373,8.731538772583008
02004901063,apartment,0,8.5768,8.622615814208984
02004902604,apartment,0,8.5999,8.610088348388672
02004902779,apartment,0,8.5437,8.629172325134277
02006003739,apartment,0,8.3602,8.3018217086792
02006004522,apartment,0,8.7308,8.302565574645996
02006102631,apartment,0,8.6531,8.261009216308594
02006201638,apartment,0,8.4462,8.278698921203613
02006203037,apartment,0,8.4043,8.374131202697754
02006206222,apartment,0,8.6048,8.280190467834473
02006305786,apartment,0,8.5637,8.493210792541504
02006305883,apartment,0,7.9429,8.297822952270508
02006404377,apartment,0,8.0937,8.313910484313965
02006501526,apartment,0,8.2811,8.274179458618164
02006502573,apartment,0,8.4276,8.295400619506836
02006503855,apartment,0,8.4461,8.441494941711426
02006504703,apartment,0,8.7285,8.271184921264648
02006506951,apartment,0,8.4712,8.344454765319824
02006510800,apartment,0,8.7796,8.515352249145508
02006604147,apartment,0,8.7536,8.650456428527832
02006904541,apartment,0,8.7883,8.42994499206543
02007303949,apartment,0,8.406,8.322098731994629
02007303973,apartment,0,8.4631,8.308837890625
02007704390,apartment,0,8.9395,8.503767013549805
02007704633,apartment,0,8.5958,8.295661926269531
02007805006,apartment,0,8.673,8.424080848693848
02007904381,apartment,0,8.9393,8.31401252746582
02008004155,apartment,0,8.4381,8.42782211303711
02008004181,apartment,0,8.6631,8.443371772766113
02008004570,apartment,0,8.9652,8.42782211303711
02008901491,apartment,0,8.7692,8.482264518737793
02008903478,apartment,0,8.3331,8.403300285339355
02008905217,apartment,0,8.8953,8.451423645019531
02009102800,apartment,0,8.3143,8.305928230285645
02009401301,apartment,0,8.8183,8.537761688232422
02100603515,apartment,0,8.6875,8.4352388381958
02100605925,apartment,0,8.3837,8.520682334899902
02100702068,apartment,0,8.7139,8.498650550842285
02100705751,apartment,0,8.7096,8.734085083007812
02100717561,apartment,0,8.9336,8.624785423278809
02100719785,apartment,0,8.7998,8.711469650268555
02100901184,apartment,0,8.7008,8.7423095703125
02100902229,apartment,0,8.6107,8.75693130493164
02101601567,apartment,0,8.5172,8.377084732055664
02102104826,apartment,0,8.9787,8.541482925415039
02102105301,apartment,0,8.9445,8.397735595703125
02102202984,apartment,0,8.488,8.247519493103027
02102301532,apartment,0,8.6424,8.62213134765625
02102503860,apartment,0,9.281,8.870837211608887
02102503925,apartment,0,9.477,8.932819366455078
02102503951,apartment,0,9.3981,8.917991638183594
02102601145,apartment,0,9.0227,8.666118621826172
02102604136,apartment,0,9.1828,8.81901741027832
02103502817,apartment,0,8.6146,8.46246337890625
02104001552,apartment,0,8.4143,8.428342819213867
02104202965,apartment,0,9.4545,8.908905982971191
02104802784,apartment,0,8.9711,8.792299270629883
02105001750,apartment,0,9.2793,8.952591896057129
02105400418,apartment,0,9.298,8.839560508728027
02105507743,apartment,0,8.5788,8.588565826416016
02105602339,apartment,0,8.9815,8.697403907775879
02105702147,apartment,0,8.6848,8.375754356384277
02105801552,apartment,0,9.4175,8.859752655029297
02105802982,apartment,0,9.2753,8.920074462890625
02105803024,apartment,0,9.246,8.929256439208984
02106502273,apartment,0,8.4404,8.532500267028809
02106504179,apartment,0,8.7038,8.486274719238281
02106602634,apartment,0,9.0698,8.535073280334473
02106705719,apartment,0,8.6924,8.778048515319824
02106705794,apartment,0,8.8206,8.771150588989258
02106801637,apartment,0,8.5462,8.641908645629883
02106808135,apartment,0,9.5114,8.941316604614258
02107201579,apartment,0,8.9496,8.693984031677246
02107401659,apartment,0,8.7865,8.608898162841797
02107406421,apartment,0,8.5584,8.460291862487793
02108503889,apartment,0,8.8008,8.379721641540527
02109104351,apartment,0,9.0742,8.515426635742188
02109104600,apartment,0,8.7765,8.515426635742188
02109104880,apartment,0,8.61,8.345908164978027
02110201401,apartment,0,8.7675,8.459214210510254
02110404906,apartment,0,8.8099,8.78918170928955
02110406402,apartment,0,9.454,8.98406982421875
02110407050,apartment,0,9.5227,8.98406982421875
02110407077,apartment,0,9.6241,8.981109619140625
02110407727,apartment,0,9.4823,8.983006477355957
02111404578,apartment,0,8.872,8.814227104187012
02200503644,apartment,7,8.9687,8.97488021850586
02200504896,apartment,7,9.1209,8.985957145690918
02200600771,apartment,0,9.0049,8.462409973144531
02200604319,apartment,0,8.9029,8.743555068969727
02200613768,apartment,0,8.947,8.83383846282959
02201400717,apartment,7,8.5454,8.743124961853027
02203102004,apartment,0,8.5713,8.484702110290527
02203202939,apartment,0,9.3945,8.847332000732422
02203300736,apartment,0,8.7971,8.612957954406738
02203400714,apartment,0,8.9435,8.681632041931152
02203700866,apartment,0,8.3894,8.519043922424316
02203700912,apartment,0,8.4929,8.531319618225098
02203702771,apartment,0,8.8845,8.810846328735352
02204101974,apartment,0,8.6261,8.445128440856934
02204402958,apartment,0,8.9792,8.673277854919434
02204500690,apartment,0,8.9145,8.460508346557617
02204601578,apartment,0,8.7838,8.521099090576172
02204801781,apartment,0,8.7208,8.556940078735352
02204804703,apartment,0,9.0086,8.743668556213379
02204904112,apartment,0,9.2982,8.825220108032227
02205102192,apartment,7,8.5222,8.815791130065918
02205200828,apartment,0,8.7855,8.371078491210938
02205204191,apartment,0,9.0141,8.826373100280762
02205205145,apartment,0,8.8036,8.722834587097168
02205301519,apartment,0,8.7248,8.476205825805664
02205603299,apartment,0,8.6244,8.363726615905762
02205700782,apartment,0,8.6185,8.547903060913086
02205702688,apartment,0,8.4985,8.42779541015625
02205804626,apartment,0,8.4437,8.379773139953613
02205901052,apartment,0,8.447,8.572421073913574
02205901249,apartment,0,8.5929,8.6265869140625
02205902717,apartment,0,8.6959,8.506155014038086
02206601168,apartment,0,8.5707,8.466980934143066
02206602741,apartment,0,8.8164,8.478967666625977
02206605341,apartment,0,8.7541,8.669395446777344
02206700999,apartment,0,8.5903,8.596528053283691
02206801043,apartment,0,8.7902,8.539811134338379
02206803259,apartment,0,8.7119,8.489645004272461
02206903334,apartment,0,8.5472,8.395018577575684
02206903717,apartment,0,8.5505,8.373485565185547
02207001504,apartment,0,8.5458,8.631300926208496
02207003191,apartment,0,8.3623,8.322054862976074
02207401121,apartment,0,8.4045,8.46653938293457
02207403459,apartment,0,8.4341,8.501017570495605
02207701522,apartment,0,8.5681,8.49651050567627
02207702057,apartment,0,8.7441,8.531051635742188
02208101162,apartment,0,8.6146,8.465846061706543
02208107322,apartment,0,9.2328,8.806426048278809
02208600932,apartment,0,8.2861,8.394014358520508
02301902587,apartment,7,8.9541,8.788517951965332
02302403551,apartment,7,8.8379,9.116186141967773
02302501527,apartment,7,8.7096,8.759406089782715
02302504925,apartment,7,9.1021,9.126791000366211
02303200415,apartment,7,7.9699,8.519793510437012
02303203007,apartment,7,8.9332,8.834099769592285
02304600794,apartment,7,8.6975,8.552713394165039
02304701851,apartment,7,8.8854,8.749720573425293
02305800673,apartment,7,8.2804,8.4588041305542
02305801254,apartment,7,8.6819,8.700918197631836
02306401217,apartment,7,8.9952,8.75397777557373
02307907491,apartment,7,8.8799,8.771327018737793
02309000949,apartment,7,8.7705,8.74318790435791
02309401587,apartment,7,9.0134,8.993179321289062
02309401625,apartment,7,8.9502,9.000163078308105
02400103569,apartment,7,8.5692,8.624005317687988
02400501068,apartment,7,8.3561,8.466231346130371
02400603251,apartment,7,8.5346,8.423605918884277
02401501673,apartment,7,9.0263,8.620981216430664
02401900500,apartment,7,8.534,8.713167190551758
02402504129,apartment,7,8.645,8.433695793151855
02402508256,apartment,7,8.7957,8.70039176940918
02402602627,apartment,7,8.7511,8.380674362182617
02403803499,apartment,7,9.0335,8.92176628112793
02404004611,apartment,7,8.6968,8.658400535583496
02404005707,apartment,7,8.323,8.752997398376465
02404005715,apartment,7,8.6797,8.741676330566406
02404005790,apartment,7,8.7248,8.745654106140137
02404900544,apartment,7,8.4631,8.960052490234375
02406102386,apartment,7,8.4122,8.668512344360352
02406102963,apartment,7,8.6076,8.798994064331055
02406200671,apartment,7,9.2221,8.896621704101562
02407106113,apartment,7,8.1851,8.78799057006836
02407203569,apartment,7,8.4074,8.781155586242676
02407900928,apartment,7,8.8417,8.753129959106445
02407900952,apartment,7,8.6882,8.752813339233398
02408300541,apartment,7,8.5786,8.492302894592285
02601601353,apartment,9,8.2245,8.345193862915039
02700205431,apartment,9,8.497,8.522927284240723
02700205820,apartment,9,8.4403,8.53272533416748
02700207866,apartment,9,8.2095,8.548566818237305
02701201586,apartment,9,8.3941,8.316784858703613
02701201950,apartment,9,8.4751,8.41468620300293
02702303749,apartment,9,8.7343,8.473234176635742
02702400884,apartment,9,8.5848,8.481306076049805
02702401694,apartment,9,8.4258,8.475686073303223
02702500625,apartment,9,8.8144,8.701576232910156
02702501516,apartment,9,8.8339,8.695695877075195
02702501788,apartment,9,8.8144,8.679180145263672
02702502237,apartment,9,8.6104,8.495710372924805
02702502555,apartment,9,8.8144,8.701576232910156
02702502598,apartment,9,8.8001,8.696054458618164
02703202873,apartment,9,8.5392,8.618707656860352
02703206380,apartment,9,8.4266,8.684319496154785
02703300751,apartment,9,8.5926,8.571605682373047
02703302061,apartment,9,8.5994,8.563985824584961
02705300511,apartment,9,8.294,8.258575439453125
02705700587,apartment,9,8.371,8.15229606628418
02706502207,apartment,9,8.7553,8.509784698486328
02706505893,apartment,9,8.4974,8.485427856445312
02707100749,apartment,9,8.2721,8.094744682312012
02707101613,apartment,9,8.1417,8.099074363708496
02707805750,apartment,9,8.6846,8.671667098999023
02707901407,apartment,9,8.5505,8.403120994567871
02707905542,apartment,9,8.7727,8.574117660522461
02707906018,apartment,9,8.7391,8.607492446899414
02707906891,apartment,9,8.7285,8.56015682220459
02707917419,apartment,9,8.9158,8.686246871948242
02708702823,apartment,9,8.5797,8.376254081726074
02708704291,apartment,9,8.5797,8.373361587524414
02708705253,apartment,9,8.3814,8.382203102111816
02708800353,apartment,9,8.5885,8.398397445678711
02708802674,apartment,9,8.5637,8.375536918640137
02801001430,apartment,9,8.1789,7.961148738861084
02801101885,apartment,9,8.0869,7.872701644897461
02802404581,apartment,9,8.2821,8.328654289245605
02802901761,apartment,9,7.9418,7.954559326171875
02803707314,apartment,9,8.8302,8.5883150100708
02803803798,apartment,9,8.6638,8.186017036437988
02805100956,apartment,9,8.3737,7.939483642578125
02805502159,apartment,9,8.6243,8.405272483825684
02805801814,apartment,9,8.6418,8.71122932434082
02806100828,apartment,9,8.3303,8.669859886169434
02806901111,apartment,9,8.7041,8.831690788269043
02806903343,apartment,9,8.6248,8.694123268127441
02806914851,apartment,9,8.4479,8.513331413269043
02806915341,apartment,9,8.55,8.50468921661377
02806915554,apartment,9,8.5598,8.611449241638184
02900205891,apartment,9,8.6934,8.462615966796875
02900207355,apartment,9,8.4722,8.562969207763672
02900401410,apartment,9,8.285,8.20775318145752
02900908299,apartment,9,8.5825,8.741683959960938
02901001300,apartment,9,8.2295,8.250032424926758
02902200821,apartment,9,8.4108,8.157856941223145
02904006060,apartment,9,8.7123,8.45591926574707
02904403108,apartment,9,8.5889,8.574414253234863
02904902937,apartment,9,8.7654,8.456048965454102
02904904301,apartment,9,8.9174,8.503368377685547
02904908919,apartment,9,8.9196,8.667476654052734
02904909001,apartment,9,8.8336,8.688007354736328
02905201649,apartment,9,8.3862,8.629981994628906
03000303731,apartment,9,8.3176,8.188177108764648
03000304411,apartment,9,8.4276,8.25382137298584
03000308172,apartment,9,8.4133,8.581290245056152
03000308571,apartment,9,8.5948,8.599503517150879
03000308865,apartment,9,8.5558,8.602328300476074
03002401447,apartment,9,8.7614,8.708112716674805
03003001361,apartment,9,8.2274,8.252067565917969
03003001833,apartment,9,8.191,8.253037452697754
03005203239,apartment,9,8.0934,8.671708106994629
03005401693,apartment,9,8.4879,8.264556884765625
03006503759,apartment,9,8.7036,8.442906379699707
03006802063,apartment,9,8.9697,8.699919700622559
03008601091,apartment,9,8.7556,8.112645149230957
03010500696,apartment,9,8.4499,8.128974914550781
03010702711,apartment,9,8.6797,8.649229049682617
03011701199,apartment,9,7.8277,8.15615177154541
03011900744,apartment,9,7.8789,8.066024780273438
03012500774,apartment,9,8.3053,8.214757919311523
03012906835,apartment,9,8.4457,8.380383491516113
03100301676,apartment,9,8.8855,8.63670825958252
03101402891,apartment,9,8.9035,8.624070167541504
03102301010,apartment,9,8.9002,8.15207290649414
03107400866,apartment,9,8.0652,8.133539199829102
03108501208,apartment,9,8.5387,8.370405197143555
03109000784,apartment,9,8.3994,7.999197959899902
03109001659,apartment,9,8.5957,8.45331859588623
03110202093,apartment,9,8.2808,8.180984497070312
03110800810,apartment,9,8.6785,8.439001083374023
03110803178,apartment,9,9.0634,8.512910842895508
03110804867,apartment,9,8.3829,8.512910842895508
03111005488,apartment,9,8.6507,8.342645645141602
03200201169,apartment,9,8.4746,7.972354888916016
03200801182,apartment,9,8.5033,8.501626968383789
03202001401,apartment,9,8.3432,8.075607299804688
03203301164,apartment,9,8.1571,8.021489143371582
03204301206,apartment,9,8.3453,7.908413887023926
03204400948,apartment,9,8.0228,8.049588203430176
03204601072,apartment,9,8.6533,8.011795043945312
03205001508,apartment,9,8.4306,8.017581939697266
03205201868,apartment,9,8.6934,8.314085006713867
03205501047,apartment,9,8.3751,8.37823486328125
03206200301,apartment,9,8.2751,8.126985549926758
03212701307,apartment,9,8.1683,8.0448579788208
03213502121,apartment,9,8.3377,7.992645740509033
03213505153,apartment,9,8.5598,8.27933406829834
03213602035,apartment,9,7.824,7.913039207458496
03213602493,apartment,9,8.5664,8.341231346130371
03217402839,apartment,9,8.3183,8.014581680297852
03300504430,apartment,0,8.2409,8.395585060119629
03300504635,apartment,0,8.1028,8.404199600219727
03300605911,apartment,0,9.1258,8.942622184753418
03301102298,apartment,0,8.6973,8.425655364990234
03301102891,apartment,0,8.6661,8.444957733154297
03301403761,apartment,0,8.5913,8.699630737304688
03301900429,apartment,0,8.447,8.494583129882812
03303104034,apartment,0,8.6398,8.625895500183105
03303106444,apartment,0,8.2694,8.576301574707031
03303602298,apartment,0,8.1956,8.120946884155273
03303605890,apartment,0,7.667,8.059170722961426
03303702217,apartment,0,8.096,8.389420509338379
03303702810,apartment,0,7.7351,8.308123588562012
03303705240,apartment,0,8.2627,8.251663208007812
03303708436,apartment,0,8.3102,8.26207447052002
03303903107,apartment,0,8.0995,8.274587631225586
03303905711,apartment,0,8.7614,8.719927787780762
03303906122,apartment,0,8.6924,8.720924377441406
03303907145,apartment,0,8.8567,8.720924377441406
03304003886,apartment,0,8.896,8.539801597595215
03304604375,apartment,0,8.1435,8.42092227935791
03304605118,apartment,0,8.1773,8.36140251159668
03304609113,apartment,0,8.3529,8.28014850616455
03304616284,apartment,0,9.1429,8.841386795043945
03304702131,apartment,0,8.0387,8.522558212280273
03304709991,apartment,0,8.9433,8.782159805297852
03305601493,apartment,0,8.2808,8.651351928710938
03305703733,apartment,0,8.5041,8.482983589172363
03305708311,apartment,0,8.5619,8.458991050720215
03305709235,apartment,0,8.5231,8.483382225036621
03305709383,apartment,0,8.6018,8.498771667480469
03306201111,apartment,0,8.8717,8.444771766662598
03306202290,apartment,0,8.7376,8.502906799316406
03400102407,apartment,0,8.8899,8.788454055786133
03400200522,apartment,0,8.1727,8.153765678405762
03400700231,apartment,9,8.6858,8.645586013793945
03400702498,apartment,9,8.8982,8.638764381408691
03402301342,apartment,9,8.7171,8.528306007385254
03403201414,apartment,0,8.2171,8.463306427001953
03403203239,apartment,0,8.3787,8.42162036895752
03403501809,apartment,9,8.5172,8.446431159973145
03403507904,apartment,9,8.4331,8.349451065063477
03403904369,apartment,1,8.4621,8.212738037109375
03404801717,apartment,1,8.1952,8.096574783325195
03405100690,apartment,1,8.4102,8.25677490234375
03405700566,apartment,1,8.7279,8.38132381439209
03405900603,apartment,1,8.4988,8.357754707336426
03405900621,apartment,1,8.6178,8.407072067260742
03406001432,apartment,1,8.5411,8.673826217651367
03406501419,apartment,1,8.3915,8.425532341003418
03407701306,apartment,1,8.6457,8.582169532775879
03407701535,apartment,1,8.6873,8.579687118530273
03408200874,apartment,1,8.1089,8.307438850402832
03408302421,apartment,1,8.7643,8.543972969055176
03500105858,apartment,9,8.4566,8.384119033813477
03500106757,apartment,9,8.4533,8.372721672058105
03500109251,apartment,9,8.7125,8.694364547729492
03500501494,apartment,9,8.6032,8.479458808898926
03500502873,apartment,9,8.6412,8.468356132507324
03500901921,apartment,9,8.7403,8.774916648864746
03504401419,apartment,9,8.1213,8.178326606750488
03504801646,apartment,9,8.2295,8.437097549438477
03507302276,apartment,9,8.8236,8.37261962890625
03508202623,apartment,9,8.8018,8.463445663452148
03508304612,apartment,9,8.3682,8.144368171691895
03508802698,apartment,9,8.5839,8.39732551574707
03508805069,apartment,9,8.5862,8.566204071044922
03509805143,apartment,9,8.5874,8.545235633850098
03509805259,apartment,9,8.489,8.49244213104248
03509805275,apartment,9,8.6042,8.551756858825684
03510303539,apartment,9,8.6316,8.650253295898438
03600504101,apartment,0,9.1362,8.469076156616211
03601100479,apartment,0,9.0401,8.508733749389648
03601300699,apartment,0,8.5811,8.526750564575195
03601300923,apartment,0,8.6553,8.514640808105469
03601301172,apartment,0,8.8273,8.542606353759766
03601301229,apartment,0,8.6192,8.47893238067627
03601901692,apartment,0,8.6949,8.406444549560547
03602202771,apartment,0,8.9678,8.532720565795898
03602203042,apartment,0,8.5653,8.388721466064453
03602203433,apartment,0,8.5172,8.35938549041748
03602701441,apartment,0,8.6863,8.529545783996582
03602703371,apartment,0,8.5942,8.582752227783203
03603001540,apartment,0,8.9319,8.32242488861084
03603102614,apartment,0,9.0768,8.568098068237305
03603105931,apartment,0,9.4531,9.040764808654785
03603106059,apartment,0,9.2213,9.016392707824707
03603700546,apartment,0,9.0525,8.571264266967773
03604001201,apartment,0,8.9172,8.599265098571777
03604503353,apartment,0,8.7769,8.722013473510742
03604504007,apartment,0,8.6975,8.799210548400879
03605800823,apartment,0,9.7098,8.976362228393555
03609401133,apartment,6,9.1672,8.81678295135498
03611706957,apartment,6,9.3225,9.059822082519531
03611707015,apartment,6,9.2753,9.060202598571777
03612801635,apartment,6,8.8187,8.792716979980469
03613802708,apartment,0,9.0975,8.621065139770508
03700500874,apartment,0,8.4391,8.528517723083496
03700501323,apartment,0,8.833,8.508576393127441
03700602170,apartment,0,9.3534,9.12299633026123
03700801645,apartment,0,9.262,8.48984432220459
03700804466,apartment,0,8.4219,8.526083946228027
03700804751,apartment,0,9.1067,8.468982696533203
03701209464,apartment,0,8.1342,8.566381454467773
03701300933,apartment,0,8.5803,8.650360107421875
03701418411,apartment,0,9.1659,8.983748435974121
03701900884,apartment,0,8.1173,8.514531135559082
03701901139,apartment,0,8.7875,8.56727123260498
03702102371,apartment,1,8.3912,8.694528579711914
03702202587,apartment,1,9.0325,8.539531707763672
03702301046,apartment,1,8.0155,8.630439758300781
03702301062,apartment,1,8.5213,8.640214920043945
03702401555,apartment,1,8.63,8.620858192443848
03702401733,apartment,1,8.7841,8.626620292663574
03702405186,apartment,1,8.9353,8.523628234863281
03702602798,apartment,1,8.971,8.944494247436523
03703301600,apartment,1,8.8858,8.553278923034668
03703302690,apartment,1,8.7734,8.4796142578125
03703500591,apartment,1,8.5012,8.56958293914795
03703605057,apartment,1,8.8247,8.746023178100586
03703605960,apartment,1,8.9661,8.784979820251465
03703606398,apartment,1,8.5642,8.668218612670898
03704014516,apartment,1,8.8984,8.87661075592041
03704308900,apartment,1,8.763,8.59819221496582
03704311065,apartment,1,8.9192,8.536246299743652
03704402877,apartment,1,9.0849,8.930020332336426
03704408883,apartment,1,9.1658,9.002182960510254
03704409812,apartment,1,9.3738,8.944682121276855
03705001752,apartment,1,8.7101,8.777103424072266
03705609602,apartment,1,9.6841,9.152170181274414
03706402610,apartment,1,8.7712,8.739357948303223
03707103366,apartment,1,8.6819,8.646074295043945
03707107493,apartment,1,8.8147,8.773435592651367
03707107663,apartment,1,9.064,8.778457641601562
03708100840,apartment,1,8.3442,8.605192184448242
03709100615,apartment,1,9.1291,9.092252731323242
03709302005,apartment,0,8.6881,8.829961776733398
03709800986,apartment,0,8.7623,8.685386657714844
03710302382,apartment,1,8.9872,8.659076690673828
03710304210,apartment,1,8.8318,8.560781478881836
03800104261,apartment,0,9.405,8.746349334716797
03800901528,apartment,0,8.7527,8.611879348754883
03800902672,apartment,0,8.7113,8.686083793640137
03800904020,apartment,0,8.7668,8.551966667175293
03800913690,apartment,0,9.2263,8.98080825805664
03802105291,apartment,0,8.6637,8.499914169311523
03802300531,apartment,0,8.4467,8.248488426208496
03802301617,apartment,0,8.7403,8.6119966506958
03802400178,apartment,0,7.8813,8.196372985839844
03802904389,apartment,0,8.9685,8.763696670532227
03802904461,apartment,0,9.1957,8.762285232543945
03803204542,apartment,0,8.7945,8.80014705657959
03803401054,apartment,0,8.2967,8.283348083496094
03803800722,apartment,0,8.9111,8.644059181213379
03804404871,apartment,0,8.6687,8.61435317993164
03804405851,apartment,0,8.6618,8.411593437194824
03804406637,apartment,0,8.7403,8.653905868530273
03804407242,apartment,0,8.633,8.711238861083984
03804407501,apartment,0,8.8164,8.597027778625488
03804407560,apartment,0,8.4995,8.666698455810547
03804407749,apartment,0,8.7072,8.597027778625488
03804418678,apartment,0,8.6651,8.549912452697754
03804425291,apartment,0,8.6442,8.439994812011719
03804437192,apartment,0,9.1397,9.039957046508789
03805303246,apartment,0,8.8919,8.812721252441406
03805501161,apartment,0,8.8079,8.508774757385254
03805904967,apartment,1,8.3155,8.51233959197998
03807206205,apartment,1,9.4371,9.128683090209961
03807303529,apartment,1,9.1751,8.850319862365723
03807304541,apartment,1,9.1119,8.868707656860352
03808200741,apartment,1,8.0761,8.574932098388672
03808401826,apartment,1,9.4452,9.112380027770996
03808503157,apartment,1,9.1483,8.912994384765625
03810300306,apartment,1,8.3774,8.764925956726074
03810701361,apartment,1,8.641,8.633082389831543
03902501332,apartment,1,8.6722,8.606678009033203
03902601027,apartment,1,9.024,8.572240829467773
03902801697,apartment,1,8.1665,8.686688423156738
03904100981,apartment,1,8.7808,8.397489547729492
03907104234,apartment,1,9.1776,8.82614517211914
03907608399,apartment,1,8.9114,8.843216896057129
03907702123,apartment,1,8.2727,8.511309623718262
03907703669,apartment,1,8.5918,8.649340629577637
03907707222,apartment,1,8.8149,8.939963340759277
03907707397,apartment,1,8.85,8.939963340759277
03908003032,apartment,1,8.7959,8.699955940246582
03913700765,apartment,1,8.6995,8.600863456726074
03914501383,apartment,1,8.6758,8.605420112609863
03915803057,apartment,1,8.7898,8.654669761657715
03915809349,apartment,1,8.8823,8.800516128540039
03916300751,apartment,1,8.3294,8.406233787536621
03916301403,apartment,1,8.2009,8.633565902709961
03916402031,apartment,1,8.9959,8.840954780578613
03917100436,apartment,1,8.3305,8.522890090942383
03917102757,apartment,1,8.5313,8.538212776184082
03917700824,apartment,1,8.5952,8.61017894744873
03917801043,apartment,1,8.5546,8.579150199890137
03917801329,apartment,1,8.5172,8.577311515808105
03917802511,apartment,1,8.6624,8.746878623962402
03917902028,apartment,1,8.3653,8.398720741271973
03918101282,apartment,1,8.5564,8.579449653625488
03918602257,apartment,1,8.6433,8.707756042480469
03918700852,apartment,1,8.4635,8.662205696105957
03919100468,apartment,1,8.5093,8.632160186767578
04000200720,apartment,1,8.0846,8.072321891784668
04000202138,apartment,1,8.6248,8.8100004196167
04001101483,apartment,9,8.872,8.564515113830566
04002601153,apartment,9,8.3183,8.04248046875
04005100341,apartment,1,8.4399,8.28298282623291
04006800991,apartment,1,8.7435,8.527408599853516
04007400857,apartment,1,8.5542,8.310924530029297
04007600521,apartment,1,8.641,8.329259872436523
04008201319,apartment,1,8.294,8.384635925292969
04008201327,apartment,1,8.3586,8.379301071166992
04008203516,apartment,1,8.7322,8.675506591796875
04008600515,apartment,1,8.5954,8.3169584274292
04009201398,apartment,1,8.2782,8.375075340270996
04010700688,apartment,1,8.3946,8.325748443603516
04012001787,apartment,1,8.0135,8.361478805541992
04012201034,apartment,1,8.8199,8.678383827209473
04013000873,apartment,1,8.4086,8.422529220581055
04016101565,apartment,1,8.6319,8.476425170898438
04020002908,apartment,1,8.4654,8.2450590133667
04102902333,apartment,6,8.8597,8.637351036071777
04103402563,apartment,6,9.4222,8.75324821472168
04105802161,apartment,6,8.9906,8.766641616821289
04108002385,apartment,6,9.2506,8.722249031066895
04108600843,apartment,6,8.9672,8.539379119873047
04109100690,apartment,6,8.8162,8.935121536254883
04109500702,apartment,6,8.7081,8.266192436218262
04109500982,apartment,6,8.6022,8.343076705932617
04109704901,apartment,6,9.0504,8.434855461120605
04109707511,apartment,6,9.2698,8.601826667785645
04109803411,apartment,6,8.8499,8.373018264770508
04110201055,apartment,6,8.1679,8.498394012451172
04110303291,apartment,6,9.5009,9.217036247253418
04110304490,apartment,6,9.6327,9.213780403137207
04110403863,apartment,6,9.3029,8.967933654785156
04111202144,apartment,6,9.1486,8.505695343017578
04111505333,apartment,6,9.1036,8.541915893554688
04111600751,apartment,6,8.7189,8.620526313781738
04111601839,apartment,6,9.0859,8.62987232208252
04111704247,apartment,6,9.2503,8.74386978149414
04111801692,apartment,6,9.121,8.819770812988281
04112301960,apartment,6,8.9872,8.57650089263916
04112302320,apartment,6,8.5731,8.471170425415039
04112603770,apartment,6,8.9412,8.955615043640137
04112604777,apartment,6,9.1607,9.007344245910645
04113501300,apartment,6,8.6207,8.375452995300293
04113809771,apartment,6,8.7275,8.437155723571777
04114200940,apartment,6,8.9724,8.561270713806152
04114201769,apartment,6,9.028,8.447708129882812
04115205733,apartment,6,8.745,8.345800399780273
04115206111,apartment,6,8.8164,8.328685760498047
04115901160,apartment,6,8.5435,8.259397506713867
04116201881,apartment,6,8.8077,8.472577095031738
04116203750,apartment,6,9.2994,8.247708320617676
04116203955,apartment,6,9.294,8.408743858337402
04116800503,apartment,6,8.7267,8.388481140136719
04118202778,apartment,6,9.1481,9.026349067687988
04118801353,apartment,6,8.8928,8.388958930969238
04118803305,apartment,6,9.2197,8.752745628356934
04120301095,apartment,6,9.5665,9.097068786621094
04120301826,apartment,6,9.4967,9.097761154174805
04120303561,apartment,6,9.2725,8.801612854003906
04120303616,apartment,6,9.4488,8.801612854003906
04120800733,apartment,6,8.5646,8.32325553894043
04120800792,apartment,6,8.7345,8.307900428771973
04120900924,apartment,6,8.8,8.290986061096191
04120902307,apartment,6,9.2512,8.740549087524414
04122405734,apartment,6,9.3848,9.099766731262207
04122405785,apartment,6,9.4274,9.12326717376709
04122405904,apartment,6,9.3774,9.108720779418945
04123001033,apartment,6,8.4727,8.244314193725586
04123700942,apartment,6,8.9252,8.413694381713867
04123902960,apartment,6,9.3843,8.980443000793457
04123903029,apartment,6,9.4335,8.980996131896973
04123903746,apartment,6,9.4418,8.975869178771973
04125601070,apartment,6,8.9362,8.60581111907959
04127300531,apartment,6,8.8503,8.481435775756836
04128600474,apartment,6,9.2563,8.615614891052246
04129103938,apartment,6,8.2859,8.52596664428711
04200100959,apartment,1,8.6323,8.908890724182129
04201102424,apartment,1,8.898,8.653643608093262
04201307751,apartment,1,9.4582,9.187362670898438
04201701581,apartment,1,8.2918,8.863826751708984
04201900657,apartment,1,8.5733,8.814977645874023
04202301031,apartment,1,8.7375,8.703371047973633
04203400546,apartment,1,8.4727,8.756421089172363
04204000983,apartment,1,8.6553,8.709675788879395
04204501168,apartment,1,8.668,8.896281242370605
04204600921,apartment,1,8.631,8.929476737976074
04205103891,apartment,1,9.027,9.377518653869629
04207300457,apartment,1,8.9453,9.066713333129883
04207701826,apartment,1,8.6873,8.765520095825195
04208401427,apartment,1,8.6169,8.793024063110352
04210703605,apartment,1,8.9665,8.948836326599121
04210801887,apartment,1,8.3816,8.66770076751709
04211201131,apartment,1,9.0225,8.87105941772461
04211503571,apartment,1,8.507,8.661465644836426
04211801511,apartment,1,8.8014,9.085527420043945
04211801643,apartment,1,8.9408,8.963844299316406
04212506254,apartment,1,8.3155,8.772554397583008
04213201325,apartment,1,8.6485,8.774834632873535
04213900975,apartment,1,8.36,8.814851760864258
04214202775,apartment,1,8.7633,8.791376113891602
04214309251,apartment,1,8.9095,9.01779842376709
04214401557,apartment,1,8.5317,8.906878471374512
04216405592,apartment,1,8.5744,8.707246780395508
04218100578,apartment,1,9.0078,8.837406158447266
04218101213,apartment,1,9.0893,9.056108474731445
04218102651,apartment,1,9.1344,9.032073020935059
04218103836,apartment,1,8.8459,9.037568092346191
04218104506,apartment,1,8.7109,8.961272239685059
04218500649,apartment,1,8.4291,8.731009483337402
04219102477,apartment,1,9.0775,8.974183082580566
04219803238,apartment,1,9.1298,9.34245491027832
04300500878,apartment,1,8.8722,8.77510929107666
04300501297,apartment,1,8.8506,8.777657508850098
04300501327,apartment,1,8.8405,8.784640312194824
04300501610,apartment,1,8.8363,8.778707504272461
04300501750,apartment,1,8.8677,8.755986213684082
04300501777,apartment,1,8.8521,8.77156925201416
04300501785,apartment,1,8.8597,8.744969367980957
04300501841,apartment,1,8.7494,8.744839668273926
04300501858,apartment,1,8.7935,8.777018547058105
04300502846,apartment,1,8.8837,8.77510929107666
04301400461,apartment,1,9.1375,8.959305763244629
04301401458,apartment,1,8.8739,8.8936128616333
04303402605,apartment,1,8.5378,8.412610054016113
04303403075,apartment,1,8.3955,8.412610054016113
04305101092,apartment,1,8.9406,8.752604484558105
04305901862,apartment,1,8.5862,8.274288177490234
04306600971,apartment,1,8.294,8.291899681091309
04306601013,apartment,1,8.32,8.294963836669922
04306701761,apartment,1,8.4885,8.692556381225586
04306704963,apartment,1,8.9648,8.883010864257812
04307101006,apartment,1,8.7156,8.684342384338379
04308001463,apartment,1,8.8615,8.667871475219727
04308001730,apartment,1,8.7948,8.73376750946045
04308200822,apartment,1,7.9866,8.332601547241211
04308300614,apartment,1,8.5006,8.372709274291992
04308400953,apartment,1,8.6712,8.431364059448242
04309200583,apartment,1,8.3576,8.364768981933594
04309501133,apartment,1,9.2377,9.034995079040527
04309503039,apartment,1,9.3157,9.024369239807129
04309700659,apartment,1,8.2798,8.254531860351562
04310204252,apartment,1,9.0484,8.866551399230957
04310204899,apartment,1,9.0257,8.945674896240234
04310205240,apartment,1,8.8357,8.881780624389648
04310601731,apartment,1,8.8207,8.876534461975098
04310701175,apartment,1,8.6528,8.497220039367676
04310702821,apartment,1,8.7118,8.632390975952148
04310703380,apartment,1,8.6839,8.619330406188965
04310704255,apartment,1,8.7197,8.613187789916992
04311301707,apartment,1,8.7298,8.878395080566406
04311901100,apartment,1,8.3774,8.376681327819824
04315400572,apartment,1,8.2489,8.300124168395996
04315401390,apartment,1,8.6456,8.513568878173828
04315800686,apartment,1,8.5259,8.509836196899414
04317901651,apartment,1,8.2538,8.21465015411377
04320002822,apartment,1,8.7934,8.895855903625488
04320300718,apartment,1,8.7361,8.51417350769043
04320302125,apartment,1,8.6464,8.536690711975098
04320400593,apartment,1,8.5172,8.629982948303223
04320401670,apartment,1,8.5172,8.633973121643066
04320402197,apartment,1,8.5607,8.632426261901855
04320402480,apartment,1,8.5459,8.66480541229248
04402200611,apartment,9,8.6507,8.502727508544922
04402202477,apartment,9,8.7033,8.518722534179688
04404001282,apartment,9,8.7226,8.543771743774414
04404005652,apartment,9,8.7859,8.586020469665527
04404400527,apartment,9,8.5297,8.424468994140625
04404401851,apartment,9,8.8135,8.507889747619629
04407800488,apartment,9,8.561,8.506739616394043
04408700754,apartment,9,8.605,8.50206184387207
04408801305,apartment,9,8.4637,8.595447540283203
04409302183,apartment,9,8.722,8.433690071105957
04409302795,apartment,9,8.4888,8.392824172973633
04413001321,apartment,9,8.6458,8.491905212402344
04501801158,apartment,1,8.7881,8.91845989227295
04503902091,apartment,1,8.2997,8.798727035522461
04504001731,apartment,1,8.8012,8.914137840270996
04506302486,apartment,1,8.8304,9.021982192993164
04506702603,apartment,6,8.4829,8.362886428833008
04507901111,apartment,1,8.538,8.856508255004883
04508403166,apartment,1,8.7248,8.662182807922363
04508801579,apartment,6,8.9102,8.399560928344727
04510402449,apartment,6,8.6954,8.449650764465332
04510601034,apartment,6,9.1127,8.612582206726074
04512001204,apartment,1,8.3223,8.670805931091309
04514001023,apartment,1,8.4952,8.667597770690918
04514101524,apartment,1,8.4833,8.68049144744873
04514106161,apartment,1,8.8088,9.123506546020508
04515900609,apartment,1,8.3915,8.717698097229004
04516602865,apartment,6,8.4386,8.206829071044922
04518202953,apartment,6,8.7915,8.314212799072266
04518401573,apartment,6,8.5317,8.314441680908203
04519804302,apartment,6,8.6462,8.281091690063477
04520100402,apartment,6,8.9105,8.427261352539062
04520100712,apartment,6,8.7351,8.219822883605957
04521400914,apartment,6,8.4085,8.263875007629395
04524001808,apartment,6,8.78,8.26279354095459
04524002200,apartment,6,8.5992,8.33145809173584
04524002596,apartment,6,8.6539,8.326935768127441
04528600390,apartment,1,9.197,9.279312133789062
04529803236,apartment,1,7.9729,8.479792594909668
04600600762,apartment,1,8.1817,8.408692359924316
04601102057,apartment,1,8.5359,8.67980670928955
04602011365,apartment,1,8.5429,8.694961547851562
04602011578,apartment,1,8.4734,8.690735816955566
04602014283,apartment,1,8.7734,8.823365211486816
04602014291,apartment,1,8.7661,8.829607009887695
04602303773,apartment,1,8.7806,9.044780731201172
04602902944,apartment,1,7.9436,8.446812629699707
04602906885,apartment,1,8.284,8.492547988891602
04602907164,apartment,1,7.9503,8.464567184448242
04602912044,apartment,1,8.7518,8.820435523986816
04602912109,apartment,1,8.6372,8.765327453613281
04603001381,apartment,1,8.2596,8.705140113830566
04603002149,apartment,1,8.6473,8.822783470153809
04603002157,apartment,1,8.7347,8.820524215698242
04603303165,apartment,1,8.6759,8.885407447814941
04603400969,apartment,1,8.6066,8.614962577819824
04603501978,apartment,1,8.1807,8.469975471496582
04605801391,apartment,1,8.1391,8.606464385986328
04606000971,apartment,1,8.294,8.662242889404297
04606012341,apartment,1,8.8388,8.993674278259277
04606012846,apartment,1,8.7245,8.987186431884766
04606013184,apartment,1,8.8571,8.989335060119629
04606102195,apartment,1,8.8128,8.937604904174805
04610804468,apartment,1,8.2808,8.600231170654297
04611301931,apartment,1,8.905,8.923354148864746
04611600602,apartment,1,7.8775,8.42495346069336
04615000571,apartment,1,8.4118,8.797175407409668
04615101600,apartment,1,8.406,8.627690315246582
04615200781,apartment,1,8.4118,8.55817699432373
04615901321,apartment,1,8.2192,8.399660110473633
04615902107,apartment,1,8.3536,8.559587478637695
04616500282,apartment,1,8.5664,8.980419158935547
04618500875,apartment,1,8.3484,8.805951118469238
04619102997,apartment,1,7.8168,8.5104398727417
04619104523,apartment,1,8.2109,8.654277801513672
04619701254,apartment,1,8.3813,8.806400299072266
04620204048,apartment,1,8.7494,8.723970413208008
04620701351,apartment,1,8.2643,8.44591999053955
04620702285,apartment,1,8.4925,8.598427772521973
04621800639,apartment,1,8.4326,8.419632911682129
04621803621,apartment,1,8.8504,8.80323600769043
04621804022,apartment,1,8.7508,8.800519943237305
04621903004,apartment,1,8.4805,8.733011245727539
04621904000,apartment,1,8.7723,8.769179344177246
04621904167,apartment,1,9.0944,8.769179344177246
04621905295,apartment,1,8.7372,8.76862907409668
04621905554,apartment,1,8.8398,8.768424987792969
04621905813,apartment,1,8.7725,8.767330169677734
04621905831,apartment,1,9.1537,8.767459869384766
04621905988,apartment,1,8.783,8.76862907409668
04621906305,apartment,1,9.0942,8.774152755737305
04621906321,apartment,1,8.7219,8.76862907409668
04621906569,apartment,1,9.0387,8.774152755737305
04621906631,apartment,1,9.1252,8.769268035888672
04621907115,apartment,1,8.7679,8.769268035888672
04621907239,apartment,1,9.1329,8.76862907409668
04621907506,apartment,1,8.7588,8.769268035888672
04621907549,apartment,1,8.7588,8.769268035888672
04621907727,apartment,1,8.4412,8.825237274169922
04622502313,apartment,1,8.4288,8.771403312683105
04624101219,apartment,1,8.8138,8.856755256652832
04624202554,apartment,1,8.6813,9.001239776611328
04624203348,apartment,1,8.8575,8.994477272033691
04624301171,apartment,1,8.269,8.406594276428223
04700401176,apartment,1,8.6682,8.663647651672363
04701701122,apartment,1,8.1951,8.608485221862793
04701702943,apartment,1,8.6849,8.693437576293945
04701802239,apartment,1,8.2351,8.658951759338379
04701805998,apartment,1,8.6277,9.02538013458252
04703102331,apartment,1,8.6885,8.722681045532227
04703502194,apartment,1,8.5972,8.761734962463379
04703601265,apartment,1,8.3766,8.60414981842041
04703603039,apartment,1,8.4882,8.596433639526367
04703603683,apartment,1,8.2013,8.562209129333496
04703803747,apartment,1,8.5265,8.792757034301758
04704002535,apartment,1,7.8604,8.618325233459473
04705001885,apartment,1,8.24,8.683979034423828
04705005821,apartment,1,8.8231,8.978282928466797
04705006194,apartment,1,8.7891,8.952892303466797
04705501969,apartment,1,8.903,8.970412254333496
04705801873,apartment,1,8.3827,8.536380767822266
04705902920,apartment,1,8.8866,8.814340591430664
04706100836,apartment,1,8.7571,8.872383117675781
04706101050,apartment,1,8.8006,8.875595092773438
04706601908,apartment,1,8.5523,8.903070449829102
04707702279,apartment,1,8.4844,8.647629737854004
04707702880,apartment,1,8.2901,8.59377384185791
04708006128,apartment,1,8.8841,8.86677074432373
04708601328,apartment,1,8.6467,8.858181953430176
04708601492,apartment,1,8.3432,8.878388404846191
04709707588,apartment,1,8.71,8.678762435913086
04710301123,apartment,1,8.4607,8.558838844299316
04710301522,apartment,1,8.3822,8.507635116577148
04710407134,apartment,1,8.7612,8.839278221130371
04710508240,apartment,1,8.46,8.563121795654297
04710508615,apartment,1,8.5887,8.571470260620117
04710701172,apartment,1,8.4556,8.802311897277832
04715901439,apartment,1,8.3103,8.488118171691895
04716000974,apartment,1,8.1654,8.373733520507812
04716003248,apartment,1,8.8467,8.752909660339355
04716101381,apartment,1,8.4239,8.528544425964355
04716201511,apartment,1,8.9685,8.723608016967773
04716601706,apartment,1,8.3837,8.32385540008545
04716800334,apartment,1,8.6125,8.657995223999023
04716800687,apartment,1,8.3994,8.655848503112793
04717003179,apartment,1,8.2275,8.65439224243164
04717302710,apartment,1,8.5797,8.443198204040527
04717407733,apartment,1,8.8109,8.769210815429688
04719301614,apartment,1,8.3054,8.227285385131836
04719402951,apartment,1,8.4431,8.424785614013672
04719500900,apartment,1,8.1763,8.274224281311035
04719600972,apartment,1,8.0758,8.235514640808105
04719604056,apartment,1,8.6689,8.59233283996582
04719604692,apartment,1,8.607,8.592205047607422
04720201814,apartment,1,7.977,8.153428077697754
04720203833,apartment,1,9.0269,8.910428047180176
04720204287,apartment,1,8.8585,8.603878021240234
04720204635,apartment,1,8.8544,8.910778999328613
04720301630,apartment,1,8.3853,8.230669975280762
04720301851,apartment,1,8.5172,8.603758811950684
04720306527,apartment,1,8.5756,8.222411155700684
04720401201,apartment,1,8.408,8.323455810546875
04720502121,apartment,1,8.2423,8.236871719360352
04720803229,apartment,1,8.4335,8.431429862976074
04720803369,apartment,1,8.6248,8.4486083984375
04721302169,apartment,1,8.3741,8.614262580871582
04721901178,apartment,1,8.4239,8.618926048278809
04721901208,apartment,1,8.4664,8.618796348571777
04722002411,apartment,1,8.2962,8.415684700012207
04722002479,apartment,1,8.2777,8.441715240478516
04722002711,apartment,1,8.2668,8.472278594970703
04724000937,apartment,1,8.3536,8.49947738647461
04726400517,apartment,1,8.4402,8.625879287719727
04726401416,apartment,1,8.7786,8.953173637390137
04727805448,apartment,1,8.2079,8.47264289855957
04727901056,apartment,1,8.2548,8.598235130310059
04728507361,apartment,1,8.0525,8.583834648132324
04728509729,apartment,1,8.9072,8.96364688873291
04803701903,apartment,1,8.3669,8.638018608093262
04805903457,apartment,1,8.6096,8.536515235900879
04810009726,apartment,1,8.0505,8.41552734375
04812300525,apartment,1,8.1926,8.484952926635742
04812402506,apartment,1,8.2769,8.574071884155273
04824803667,apartment,1,8.3385,8.320035934448242
04827801320,apartment,1,7.8512,8.542779922485352
04841200479,apartment,1,8.1987,8.365580558776855
04843100641,apartment,1,8.4931,8.353282928466797
04900601292,apartment,1,8.1569,8.24991512298584
04900603821,apartment,1,8.6578,8.498220443725586
04901000578,apartment,1,8.2792,8.211885452270508
04901000632,apartment,1,8.4144,8.182740211486816
04904800923,apartment,1,7.9442,8.249520301818848
04905202892,apartment,1,8.4737,8.543457984924316
04905203228,apartment,1,8.4047,8.539613723754883
04905203783,apartment,1,8.569,8.543457984924316
04906003540,apartment,1,8.1481,8.583440780639648
04906005543,apartment,1,8.3425,8.611327171325684
04906600816,apartment,1,8.9872,8.543792724609375
04906601375,apartment,1,8.7403,8.539429664611816
04906701124,apartment,1,8.055,8.194650650024414
04906801927,apartment,1,8.5103,8.547920227050781
04907900589,apartment,1,8.3868,8.524269104003906
04909406026,apartment,1,7.835,8.536134719848633
04910201629,apartment,1,8.0268,8.187477111816406
04910700811,apartment,1,8.1238,8.619178771972656
04911503270,apartment,1,8.3007,8.531771659851074
04911503416,apartment,1,8.1356,8.564841270446777
04911503912,apartment,1,8.4157,8.566648483276367
04911901985,apartment,1,8.6148,8.5299711227417
04912105619,apartment,1,8.5451,8.536741256713867
04912107549,apartment,1,8.4981,8.534640312194824
04912200425,apartment,1,8.1117,8.238810539245605
04914310317,apartment,1,8.2468,8.269514083862305
04914311631,apartment,1,8.0208,8.265549659729004
04914313881,apartment,1,8.1225,8.265077590942383
04914328372,apartment,1,7.9866,8.25615119934082
04914331063,apartment,1,8.2253,8.295134544372559
04914337614,apartment,1,8.3986,8.552083015441895
04914501945,apartment,1,8.6965,8.526991844177246
04914502739,apartment,1,8.7096,8.539538383483887
04915200841,apartment,1,7.7475,8.276481628417969
04919703041,apartment,1,8.1964,8.397958755493164
04919705107,apartment,1,8.2199,8.575820922851562
04919705972,apartment,1,8.1751,8.568857192993164
04919803958,apartment,1,8.7469,8.529579162597656
04920401124,apartment,1,8.0217,8.346869468688965
04922201882,apartment,1,8.565,8.568260192871094
04922900871,apartment,1,8.476,8.527767181396484
04926501406,apartment,1,8.2714,8.512765884399414
04926502240,apartment,1,8.238,8.514885902404785
04928606124,apartment,1,8.3715,8.7488431930542
04928612736,apartment,1,8.6638,8.87938117980957
04942100569,apartment,1,8.2808,8.224516868591309
04945401144,apartment,1,8.2137,8.586238861083984
04946600851,apartment,1,8.1385,8.041033744812012
04946603212,apartment,1,7.9619,8.126785278320312
04948100668,apartment,1,7.5844,7.853229522705078
04948100897,apartment,1,7.6193,7.8875298500061035
05000801512,apartment,1,8.7343,8.552204132080078
05001302153,apartment,1,8.4877,8.6815824508667
05001303982,apartment,1,8.4417,8.678488731384277
05001304636,apartment,1,8.5575,8.627165794372559
05002402283,apartment,1,8.6583,8.400350570678711
05007201375,apartment,1,8.3119,8.218804359436035
05007202118,apartment,1,8.7113,8.459039688110352
05007202185,apartment,1,8.7308,8.458196640014648
05007203361,apartment,1,8.3165,8.427688598632812
05009200945,apartment,1,8.3124,8.29881477355957
05012100182,apartment,1,8.4154,8.489480018615723
05012101308,apartment,1,8.3413,8.488036155700684
05013601479,apartment,1,8.392,8.189532279968262
05013900591,apartment,1,8.0856,8.421533584594727
05013901936,apartment,1,8.4631,8.683850288391113
05015402368,apartment,1,8.2771,8.561247825622559
05015403356,apartment,1,8.2334,8.559399604797363
05016403295,apartment,1,8.5862,8.710600852966309
05016404305,apartment,1,8.6971,8.710241317749023
05016602476,apartment,1,8.3615,8.581014633178711
05021902301,apartment,1,7.9749,8.301122665405273
05022205416,apartment,1,8.6498,8.429988861083984
05023802140,apartment,1,8.387,8.29906177520752
05023807568,apartment,1,8.3473,8.51123332977295
05023808769,apartment,1,8.3324,8.520694732666016
05023809358,apartment,1,8.183,8.309558868408203
05023812103,apartment,1,7.9911,8.318321228027344
05023814386,apartment,1,8.2659,8.53604507446289
05023815137,apartment,1,8.3059,8.541536331176758
05023816729,apartment,1,7.9184,8.534829139709473
05100906881,apartment,9,8.6246,8.336316108703613
05101100404,apartment,9,8.6495,8.199695587158203
05101705322,apartment,9,8.5603,8.277352333068848
05101708356,apartment,9,7.769,8.370651245117188
05102302698,apartment,9,8.8226,8.618391990661621
05103702940,apartment,9,8.209,8.380727767944336
05103703424,apartment,9,8.1128,8.386343955993652
05104603369,apartment,9,8.1729,8.19140911102295
05106101255,apartment,9,8.534,8.372125625610352
05106102464,apartment,9,8.37,8.208456993103027
05106300479,apartment,9,7.9866,7.891176700592041
05106501245,apartment,9,8.1668,7.938482761383057
05108900783,apartment,9,8.0878,8.382295608520508
05115503700,apartment,9,8.746,8.637717247009277
05117300701,apartment,9,8.5885,8.468391418457031
05117300718,apartment,9,8.6006,8.4669771194458
05125701602,apartment,9,7.9212,7.997447967529297
05125901202,apartment,9,7.9434,8.222748756408691
05126000462,apartment,9,8.2978,8.247873306274414
05126100912,apartment,9,8.1358,8.084639549255371
05126205129,apartment,9,8.3994,7.9759392738342285
05126205331,apartment,9,8.6763,8.36384105682373
05126205803,apartment,9,8.9692,8.571795463562012
05126206214,apartment,9,8.8998,8.562582015991211
05126800248,apartment,9,8.5774,8.009264945983887
05130602196,apartment,9,8.2659,8.369882583618164
05130605993,apartment,9,8.3712,8.35655403137207
05130610385,apartment,9,8.2816,8.371299743652344
05130617134,apartment,9,8.2329,8.39707088470459
05130620135,apartment,9,8.4978,8.399258613586426
05130620380,apartment,9,8.478,8.399258613586426
05130622367,apartment,9,8.5869,8.398845672607422
05130622545,apartment,9,8.4219,8.418389320373535
05131500990,apartment,9,8.7628,8.503975868225098
05131701473,apartment,9,8.381,8.405007362365723
05131701971,apartment,9,8.3383,8.2953462600708
05133805950,apartment,9,8.2749,8.18105411529541
05134102384,apartment,9,8.6785,8.196878433227539
05134102661,apartment,9,8.5684,8.227116584777832
05200204313,apartment,9,8.7615,8.4070463180542
05201200941,apartment,9,8.4034,8.189905166625977
05202401590,apartment,9,8.087,7.921471118927002
05202901542,apartment,9,8.3328,8.047136306762695
05203200841,apartment,9,8.5952,8.296195983886719
05203302431,apartment,9,8.1951,8.249323844909668
05203602441,apartment,9,8.566,8.436615943908691
05204801227,apartment,9,8.8571,8.333503723144531
05205401427,apartment,9,8.2124,8.106812477111816
05205601213,apartment,9,8.3728,8.385106086730957
05205802456,apartment,9,8.643,8.526623725891113
05206100862,apartment,9,8.3205,8.310735702514648
05206600903,apartment,9,8.0997,8.11563491821289
05208114461,apartment,9,8.8049,8.535785675048828
05208201062,apartment,9,7.9849,8.084007263183594
05209002632,apartment,9,8.4267,8.400219917297363
05209002667,apartment,9,8.3563,8.397214889526367
05209201813,apartment,9,8.646,8.648619651794434
05209205452,apartment,9,8.7424,8.368633270263672
05210601781,apartment,9,7.9875,8.032999992370605
05211900413,apartment,9,7.9303,8.000417709350586
05211901282,apartment,9,8.7243,8.35656452178955
05215800731,apartment,9,8.635,8.639972686767578
05223004000,apartment,9,8.566,8.527056694030762
05223005481,apartment,9,8.5511,8.616544723510742
05224604060,apartment,9,8.7275,8.475123405456543
05224604133,apartment,9,8.7323,8.460661888122559
05302202506,apartment,9,8.372,8.670845031738281
05303303101,apartment,3,8.5086,8.570728302001953
05303305491,apartment,3,8.4219,8.547990798950195
05328900839,apartment,3,8.7465,8.6013822555542
05333904456,apartment,9,8.5698,8.484265327453613
05400500765,apartment,9,8.2714,8.168167114257812
05401601591,apartment,9,8.3139,8.219578742980957
05401803605,apartment,9,8.612,8.455977439880371
05402906378,apartment,9,8.7029,8.550016403198242
05404201568,apartment,9,8.6972,8.26091480255127
05404907207,apartment,9,8.5778,8.51568603515625
05405101907,apartment,9,8.294,8.328124046325684
05405203270,apartment,9,8.7916,8.501465797424316
05407301385,apartment,9,8.6166,8.336579322814941
05407301644,apartment,9,8.0546,8.40853500366211
05407301717,apartment,9,8.6432,8.325149536132812
05410602498,apartment,9,8.8474,8.393576622009277
05410602668,apartment,9,8.7139,8.400067329406738
05411312892,apartment,9,8.8796,8.233610153198242
05411401674,apartment,9,8.5839,8.425994873046875
05411503760,apartment,9,8.6961,8.455424308776855
05412201431,apartment,9,8.4295,8.09268856048584
05412503411,apartment,9,8.98,8.699342727661133
05412601121,apartment,9,8.0247,8.06300163269043
05412601510,apartment,9,8.3404,8.028851509094238
05414001677,apartment,9,8.4374,8.203633308410645
05414400921,apartment,9,7.7266,8.063395500183105
05415804188,apartment,9,8.8004,8.138242721557617
05416400501,apartment,3,8.5952,8.756818771362305
05417702722,apartment,9,8.6192,8.62788200378418
05419901218,apartment,9,7.5213,8.035070419311523
05420001705,apartment,9,8.9453,8.553044319152832
05420806304,apartment,9,8.6858,8.579791069030762
05423601487,apartment,9,8.8075,8.458406448364258
05501400839,apartment,3,8.7072,8.690938949584961
05501900629,apartment,3,8.6398,8.621044158935547
05504401305,apartment,3,7.9782,7.987880229949951
05505100880,apartment,3,7.9335,8.028621673583984
05509201630,apartment,3,8.9128,8.536395072937012
05509201975,apartment,3,8.9362,8.49315357208252
05512500430,apartment,3,8.2463,8.151113510131836
05512501828,apartment,3,8.3349,8.209419250488281
05512503839,apartment,3,8.3897,8.19408130645752
05518201486,apartment,3,8.1706,8.602076530456543
05519701245,apartment,3,8.5172,8.530058860778809
05519901015,apartment,3,8.3716,8.571891784667969
05520103445,apartment,3,8.3205,8.514701843261719
05520601003,apartment,9,8.8043,8.354565620422363
05525801371,apartment,3,8.2126,8.016782760620117
05527102398,apartment,3,8.3497,8.601252555847168
05537300885,apartment,3,8.0341,8.257628440856934
05538001105,apartment,3,8.3774,8.399563789367676
05604003751,apartment,3,8.3243,8.429399490356445
05605101080,apartment,3,8.2212,8.395524978637695
05605103474,apartment,3,8.2889,8.377257347106934
05606800713,apartment,9,8.4584,8.438648223876953
05606802937,apartment,9,8.5913,8.555364608764648
05607905195,apartment,3,8.7881,8.65245532989502
05609001676,apartment,3,8.6288,8.415766716003418
05609001781,apartment,3,8.6552,8.474225997924805
05609002451,apartment,3,8.5778,8.415766716003418
05609002532,apartment,3,8.6627,8.417757034301758
05609004330,apartment,3,8.6467,8.455208778381348
05609004438,apartment,3,8.5356,8.451072692871094
05609804019,apartment,9,8.3578,8.580395698547363
05609804299,apartment,9,8.3862,8.580395698547363
05609805724,apartment,9,8.3961,8.57771110534668
05609813379,apartment,9,8.7536,8.649703025817871
05611403174,apartment,3,8.2903,8.129203796386719
05612305532,apartment,9,8.8961,8.659357070922852
05614800352,apartment,9,8.2346,8.392436981201172
05615201436,apartment,9,8.4188,8.243663787841797
05616402222,apartment,9,8.0962,7.988350868225098
05617300660,apartment,3,8.5374,8.4688081741333
05617501003,apartment,9,8.1578,8.029114723205566
05617703943,apartment,3,8.3075,8.41661548614502
05617704540,apartment,3,8.3326,8.405954360961914
05619901531,apartment,3,8.9497,8.731738090515137
05620603806,apartment,3,8.3933,8.208072662353516
05620606104,apartment,3,8.311,8.208003044128418
05621600721,apartment,9,8.3423,8.496603965759277
05623802761,apartment,3,8.4431,8.4170503616333
05700201208,apartment,3,8.3413,8.507514953613281
05700701294,apartment,3,8.7068,8.340003967285156
05700701529,apartment,3,8.6115,8.340003967285156
05700703971,apartment,3,8.5172,8.351102828979492
05700704196,apartment,3,8.4764,8.399081230163574
05700704226,apartment,3,8.5817,8.403841018676758
05700704641,apartment,3,8.5172,8.407027244567871
05700705427,apartment,3,8.2752,8.34778881072998
05700706032,apartment,3,8.8049,8.446041107177734
05700706733,apartment,3,8.9394,8.435839653015137
05700707111,apartment,3,9.028,8.499251365661621
05701702170,apartment,3,8.7675,8.429315567016602
05702002776,apartment,3,8.686,8.69118881225586
05702201698,apartment,3,8.7201,8.695564270019531
05702203003,apartment,3,8.8888,8.696836471557617
05702301056,apartment,3,8.6638,8.488151550292969
05704801137,apartment,3,7.9817,8.060649871826172
05704902308,apartment,3,8.3265,8.104238510131836
05708501278,apartment,3,8.2481,8.411052703857422
05724301210,apartment,3,8.316,8.241459846496582
05724900629,apartment,3,8.1577,8.171192169189453
05726601254,apartment,3,8.2199,8.504114151000977
05728900372,apartment,3,8.1377,8.46822738647461
05800601194,apartment,3,7.6669,8.03475570678711
05800601283,apartment,3,8.0508,8.026338577270508
05800800936,apartment,3,8.2338,8.140121459960938
05801601392,apartment,3,8.1837,8.487549781799316
05801901035,apartment,3,8.5913,8.387264251708984
05802601396,apartment,3,8.4285,8.665782928466797
05802602791,apartment,3,8.4678,8.431081771850586
05804401734,apartment,3,8.2563,8.1146879196167
05804402481,apartment,3,8.2673,8.398923873901367
05805101130,apartment,3,8.6148,8.72653579711914
05805600625,apartment,3,8.4839,8.5917387008667
05805600651,apartment,3,8.4494,8.596013069152832
05806101495,apartment,3,8.4293,8.281935691833496
05807500482,apartment,3,8.6424,8.563368797302246
05808301521,apartment,3,8.5352,8.565473556518555
05809501648,apartment,3,8.0709,8.10750961303711
05809900941,apartment,3,8.1325,8.068273544311523
05810301010,apartment,3,8.129,8.14019775390625
05810302874,apartment,3,8.2653,8.38559341430664
05815802141,apartment,3,8.6082,8.359528541564941
05815804770,apartment,3,8.665,8.525490760803223
05815805696,apartment,3,8.5499,8.552919387817383
05815808741,apartment,3,8.8239,8.695932388305664
05816101544,apartment,3,7.9706,8.581758499145508
05816401025,apartment,3,8.4317,8.465415954589844
05818901696,apartment,3,8.4882,8.536130905151367
05819601017,apartment,3,8.4616,8.495189666748047
05821900557,apartment,3,8.342,8.552677154541016
05821900654,apartment,3,8.3385,8.548348426818848
05822700772,apartment,3,8.0472,8.494490623474121
05902904412,apartment,3,8.6507,8.395059585571289
05903601073,apartment,3,7.8937,8.083295822143555
05904100973,apartment,3,8.0221,8.13280963897705
05904902727,apartment,3,8.4519,8.254362106323242
05905204713,apartment,3,8.2465,8.167952537536621
05905205434,apartment,3,8.3133,8.16672134399414
05906302565,apartment,3,8.4254,8.426224708557129
05907704411,apartment,3,8.0766,8.392829895019531
05911001314,apartment,3,8.5791,8.546553611755371
05912001271,apartment,3,8.2149,8.388768196105957
05916501171,apartment,3,8.7355,8.581450462341309
05916501579,apartment,3,8.7362,8.59953784942627
05922401319,apartment,3,8.3439,8.260043144226074
05923101904,apartment,3,8.3252,8.235257148742676
05923104652,apartment,3,8.2836,8.235109329223633
05927703143,apartment,3,8.397,8.451149940490723
06003405066,apartment,3,8.1007,8.222832679748535
06004500585,apartment,3,7.9503,7.883030414581299
06006001462,apartment,3,8.1124,8.201835632324219
06006001608,apartment,3,8.0766,8.201835632324219
06006001640,apartment,3,8.0178,8.1983642578125
06006001659,apartment,3,8.1117,8.208466529846191
06008801741,apartment,3,8.294,8.277101516723633
06008801903,apartment,3,8.388,8.286053657531738
06020003302,apartment,3,7.4757,8.016959190368652
06024206305,apartment,3,8.3413,8.248444557189941
06026001506,apartment,3,8.0472,8.030314445495605
06029905341,apartment,3,8.3516,7.9793701171875
06029909703,apartment,3,8.2795,8.152453422546387
06032800547,apartment,3,7.8545,8.009014129638672
06100101254,apartment,3,8.101,8.055408477783203
06103201756,apartment,3,8.1117,8.258577346801758
06103602890,apartment,3,8.0934,8.47019100189209
06103803098,apartment,3,8.0555,8.103497505187988
06107801057,apartment,3,8.0882,8.224939346313477
06109502332,apartment,3,8.503,8.37364673614502
06110301205,apartment,3,8.435,8.250916481018066
06111702319,apartment,3,8.5322,8.404735565185547
06114803973,apartment,3,8.3007,8.345446586608887
06115606357,apartment,3,8.6732,8.26234245300293
06116000479,apartment,3,8.2667,8.016552925109863
06202501881,apartment,9,8.6847,8.327598571777344
06202502312,apartment,9,8.5836,8.367938995361328
06203200417,apartment,9,8.2019,8.190191268920898
06204302310,apartment,9,8.5076,8.587705612182617
06206107681,apartment,9,7.9804,8.195219039916992
06206110168,apartment,9,8.2267,8.169648170471191
06206111288,apartment,9,7.9795,8.276419639587402
06206111733,apartment,9,7.9825,8.225789070129395
06206113833,apartment,9,8.3441,8.584460258483887
06206121631,apartment,9,8.534,8.633051872253418
06206126994,apartment,9,8.2553,8.620726585388184
06208007364,apartment,9,8.8524,8.668391227722168
06208007712,apartment,9,8.6876,8.667652130126953
06208014115,apartment,9,8.7371,8.685468673706055
06208014123,apartment,9,8.7606,8.669489860534668
06210517196,apartment,9,9.1334,8.651840209960938
06211400985,apartment,9,8.1413,8.051641464233398
06211602413,apartment,9,8.3822,8.289950370788574
06211603827,apartment,9,8.6446,8.505227088928223
06211801742,apartment,9,8.6378,8.576204299926758
06211803176,apartment,9,8.535,8.58273983001709
06212001014,apartment,9,8.0796,8.13109016418457
06212102031,apartment,9,8.507,8.181937217712402
06212204225,apartment,9,8.8251,8.728096961975098
06212300501,apartment,9,8.9833,8.6199369430542
06212605361,apartment,9,8.534,8.62775993347168
06212605890,apartment,9,8.3019,8.695600509643555
06212606455,apartment,9,8.6443,8.617046356201172
06217204691,apartment,9,8.5495,8.446127891540527
06219002202,apartment,9,8.1759,8.26399040222168
06219201671,apartment,9,8.3198,8.510823249816895
06221001889,apartment,9,8.7614,8.601468086242676
06221203821,apartment,9,8.1435,8.161785125732422
06224202613,apartment,9,8.7685,8.649707794189453
06224204349,apartment,9,8.8061,8.834549903869629
06224404747,apartment,3,8.6284,8.354263305664062
06224405621,apartment,3,8.6148,8.248865127563477
06224405727,apartment,3,8.392,8.333900451660156
06224405751,apartment,3,8.6671,8.338953971862793
06224409129,apartment,3,8.0218,8.182969093322754
06224415315,apartment,3,8.1213,8.191292762756348
06224415358,apartment,3,8.2431,8.132755279541016
06224417350,apartment,3,7.9844,8.165319442749023
06224421587,apartment,3,8.2727,8.219934463500977
06224422516,apartment,3,8.1006,8.203266143798828
06302500370,apartment,9,8.1987,7.983065605163574
06307001666,apartment,9,8.2548,8.471521377563477
06307001674,apartment,9,8.3618,8.469649314880371
06307703857,apartment,9,8.3576,8.326676368713379
06307704292,apartment,9,8.3183,8.32416820526123
06307707828,apartment,9,8.2199,8.237238883972168
06307708158,apartment,9,8.294,8.26469612121582
06307708336,apartment,9,8.2683,8.34768009185791
06307709170,apartment,9,8.2365,8.22269058227539
06308702021,apartment,9,8.1468,8.375344276428223
06308702765,apartment,9,8.2295,8.423206329345703
06310202448,apartment,9,8.3261,8.446782112121582
06310901966,apartment,9,8.1043,8.508482933044434
06410903316,apartment,4,8.294,8.586559295654297
06417402681,apartment,9,8.2567,8.508438110351562
06422301618,apartment,4,8.7529,8.47503662109375
06422401957,apartment,4,8.2217,8.399188995361328
06503200757,apartment,4,7.9514,8.158625602722168
06510000792,apartment,4,8.7403,8.53361701965332
06510502488,apartment,4,8.4912,8.473031997680664
06510502704,apartment,4,8.5172,8.473031997680664
06510504456,apartment,4,8.7725,8.41451644897461
06512200721,apartment,4,8.2182,8.290511131286621
06512200756,apartment,4,8.6237,8.293007850646973
06609402851,apartment,4,8.323,8.398591041564941
06609403600,apartment,4,8.2059,8.2910795211792
06612703628,apartment,4,8.5288,8.172518730163574
06615301679,apartment,4,8.3888,8.182971954345703
06629400631,apartment,4,8.5027,8.287805557250977
06629400641,apartment,4,8.6507,8.339287757873535
06663103008,apartment,4,8.3517,8.17143726348877
06663200305,apartment,4,8.3688,8.163653373718262
06706102040,apartment,4,8.4991,8.175312995910645
06713400841,apartment,4,8.6059,8.244017601013184
06715303096,apartment,4,8.4024,8.364277839660645
06716901701,apartment,4,8.3547,8.333050727844238
06716902392,apartment,4,8.3115,8.415559768676758
06718206466,apartment,4,8.0879,8.18222713470459
06718206997,apartment,4,8.0997,8.164073944091797
06718401821,apartment,4,8.5001,8.421626091003418
06718601845,apartment,4,8.2035,8.148571968078613
06718604852,apartment,4,8.8049,8.3765230178833
06718607835,apartment,4,8.3913,8.312064170837402
06719101048,apartment,4,8.0905,8.116475105285645
06719101323,apartment,4,8.0905,8.117086410522461
06721401071,apartment,4,8.3593,8.138439178466797
06722408779,apartment,4,8.7767,8.38546085357666
06722601935,apartment,4,7.6557,8.017533302307129
06722702839,apartment,4,8.7536,8.557587623596191
06724701171,apartment,4,8.6392,8.671480178833008
06725400485,apartment,4,8.0943,8.138230323791504
06726201206,apartment,4,8.0098,8.078385353088379
06726803591,apartment,4,8.609,8.538344383239746
06727800332,apartment,4,8.6744,8.588987350463867
06728001409,apartment,4,8.4717,8.25454330444336
06728004629,apartment,4,8.4244,8.314743995666504
06734700909,apartment,4,8.4171,8.460018157958984
06735200500,apartment,4,8.0038,8.176506996154785
06738301537,apartment,4,8.4547,8.435145378112793
06738502672,apartment,4,8.0331,8.114775657653809
06747500512,apartment,4,8.0375,7.988038539886475
06800802891,apartment,4,8.8634,8.642868995666504
06801100866,apartment,4,8.1622,8.19864273071289
06801101331,apartment,4,8.342,8.482946395874023
06801504037,apartment,4,8.6924,8.533220291137695
06802301105,apartment,4,8.5042,8.702216148376465
06802701154,apartment,4,8.5172,8.589618682861328
06802701162,apartment,4,8.478,8.583171844482422
06802701197,apartment,4,8.5172,8.589618682861328
06802701219,apartment,4,8.478,8.583171844482422
06803501035,apartment,4,8.5905,8.431218147277832
06803800970,apartment,4,7.8584,8.07357406616211
06803905357,apartment,4,8.5949,8.569350242614746
06804002237,apartment,4,8.6995,8.648811340332031
06804100549,apartment,4,8.5043,8.377616882324219
06804100948,apartment,4,8.5045,8.4026517868042
06804104366,apartment,4,8.9227,8.600251197814941
06809501061,apartment,4,8.5024,8.156065940856934
06809601260,apartment,4,8.5473,8.46867847442627
06816201401,apartment,4,8.6006,8.632050514221191
06816600894,apartment,4,8.6484,8.404985427856445
06816800796,apartment,4,8.5805,8.605385780334473
06819400861,apartment,4,7.502,8.13372802734375
06823000538,apartment,4,8.0577,8.31492805480957
06837100971,apartment,4,8.3664,8.25895881652832
06837101056,apartment,4,8.3907,8.255355834960938
06843200664,apartment,4,8.6197,8.593255043029785
06843200699,apartment,4,8.7796,8.593255043029785
06843401058,apartment,4,8.5994,8.728134155273438
06844201052,apartment,4,8.4151,8.265141487121582
06845001121,apartment,4,8.3459,8.309255599975586
06850701126,apartment,4,8.1918,8.410515785217285
06900601170,apartment,4,8.7968,8.7044038772583
06901702124,apartment,4,8.107,8.175544738769531
06903300945,apartment,4,8.4547,8.228075981140137
06904901101,apartment,4,8.3647,8.18165397644043
06905900508,apartment,4,8.3853,8.188796043395996
06905902012,apartment,4,8.2594,8.208086967468262
06906501089,apartment,4,7.9771,8.179241180419922
06907101671,apartment,4,8.2295,8.148612976074219
06907804263,apartment,4,8.6713,8.399393081665039
06907804549,apartment,4,8.6835,8.418438911437988
06908201181,apartment,4,9.2883,8.610052108764648
06909501233,apartment,4,8.1448,8.127860069274902
06909502175,apartment,4,8.0965,7.929538249969482
06909800788,apartment,4,8.1586,8.241952896118164
06912300839,apartment,4,8.4188,8.319543838500977
06915802223,apartment,4,8.1361,8.017054557800293
06916302781,apartment,4,8.1971,8.052010536193848
06916306246,apartment,4,8.0381,8.12356948852539
06916306513,apartment,4,7.972,8.177268981933594
06916309431,apartment,4,8.442,8.181068420410156
06916402741,apartment,4,8.5442,8.261222839355469
06916502703,apartment,4,8.5092,8.48379898071289
06916603135,apartment,4,8.3453,8.14967155456543
06916801336,apartment,4,8.1532,8.163416862487793
06917500887,apartment,4,8.213,8.326970100402832
06917701955,apartment,4,8.7429,8.37177848815918
06919001764,apartment,4,8.4089,8.302967071533203
06920400901,apartment,4,8.3862,8.424016952514648
06920504790,apartment,4,7.7231,8.266027450561523
06920506432,apartment,4,8.5869,8.246357917785645
06920514427,apartment,4,8.3774,8.519453048706055
06920800764,apartment,4,8.0413,8.225824356079102
07004304272,apartment,4,8.4616,8.41096019744873
07004602117,apartment,4,8.4727,8.433084487915039
07004602176,apartment,4,8.4575,8.404716491699219
07004602230,apartment,4,8.4584,8.477945327758789
07004602265,apartment,4,8.4878,8.413058280944824
07009101469,apartment,4,8.1084,8.064130783081055
07011600736,apartment,4,8.7767,8.51176643371582
07013100552,apartment,4,8.5359,8.525425910949707
07014800566,apartment,4,8.2973,8.186226844787598
07015000873,apartment,4,8.5826,8.091222763061523
07015006650,apartment,4,7.9353,8.142812728881836
07016102742,apartment,4,8.1315,8.180770874023438
07016104087,apartment,4,8.1467,8.201301574707031
07016110966,apartment,4,8.089,8.25328540802002
07016111563,apartment,4,8.2314,8.12044906616211
07016500993,apartment,4,8.1435,8.190258026123047
07021901763,apartment,4,8.0554,7.9225640296936035
07022304211,apartment,4,8.4289,8.282651901245117
07022304300,apartment,4,8.3349,8.268997192382812
07022304531,apartment,4,8.3245,8.353909492492676
07023009167,apartment,4,8.0743,8.064719200134277
07023010785,apartment,4,8.1117,8.269296646118164
07023013067,apartment,4,8.6624,8.526688575744629
07023013202,apartment,4,8.7443,8.595319747924805
07030000439,apartment,4,8.0426,8.103269577026367
07030000811,apartment,4,8.0775,8.096976280212402
07030001461,apartment,4,8.045,8.121268272399902
07030100344,apartment,4,8.0317,8.03420352935791
07030100611,apartment,4,8.1213,8.031014442443848
07030501063,apartment,4,7.9753,8.084306716918945
07030904370,apartment,4,8.1178,8.047123908996582
07030905105,apartment,4,8.0725,8.043960571289062
07030905385,apartment,4,8.2456,8.045860290527344
07032500366,apartment,4,8.4619,8.124573707580566
07032609821,apartment,4,8.2453,8.277689933776855
07032611508,apartment,4,8.2409,8.26918888092041
07032613128,apartment,4,8.6618,8.28609848022461
07032615392,apartment,4,8.6144,8.26501750946045
07036800186,apartment,4,7.8753,8.196282386779785
07041302008,apartment,4,8.5405,8.522490501403809
07041700712,apartment,4,7.8911,8.068513870239258
07103701679,apartment,4,7.8025,7.929759502410889
07105203781,apartment,4,7.9749,7.95807409286499
07105204532,apartment,4,7.8823,8.236207962036133
07106001511,apartment,4,7.8539,7.903227806091309
07106301574,apartment,4,7.6323,8.013786315917969
07106405711,apartment,4,8.3994,8.313484191894531
07106405868,apartment,4,8.4821,8.380188941955566
07108301393,apartment,4,8.253,8.299814224243164
07108305641,apartment,4,7.9406,8.010828971862793
07108306441,apartment,4,8.0529,8.018321990966797
07110700879,apartment,4,7.9014,7.982028007507324
07114301081,apartment,4,8.3665,8.247859001159668
07114403860,apartment,4,7.6857,7.931465148925781
07118803601,apartment,4,8.0923,7.9611101150512695
07118807362,apartment,4,8.4545,7.927905082702637
07118807524,apartment,4,8.2954,7.913919925689697
07121101564,apartment,4,8.2515,8.15675163269043
07122002888,apartment,4,8.4514,8.297975540161133
07131004472,apartment,4,7.9971,7.939777851104736
07133902117,apartment,4,8.7218,8.320191383361816
07133902710,apartment,4,8.6837,8.37064266204834
07133904101,apartment,4,8.6546,8.324379920959473
07136002370,apartment,4,8.1775,8.12178897857666
07136003075,apartment,4,8.3253,8.120382308959961
07136807867,apartment,4,8.0225,8.010629653930664
07136812461,apartment,4,8.6713,8.280479431152344
07136826578,apartment,4,8.3391,8.417387962341309
07136900921,apartment,4,8.0141,8.107034683227539
07137401244,apartment,4,8.1328,8.01762866973877
07137604005,apartment,4,7.7877,7.973504543304443
07141601457,apartment,4,8.1588,8.094561576843262
07141605592,apartment,4,8.7082,8.500819206237793
07142000880,apartment,4,7.8649,8.040542602539062
07142300426,apartment,4,8.4427,8.144981384277344
07142500638,apartment,4,7.9194,8.048786163330078
07143106674,apartment,4,8.0932,8.175863265991211
07143111368,apartment,4,8.2861,8.265393257141113
07143114197,apartment,4,8.5329,8.280059814453125
07143116157,apartment,4,8.2861,8.280059814453125
07143122191,apartment,4,8.3444,8.266000747680664
07143500585,apartment,4,8.0598,8.173202514648438
07143802565,apartment,4,8.4454,8.10147476196289
07143802964,apartment,4,7.9796,8.081140518188477
07143802972,apartment,4,8.0765,8.099722862243652
07143802980,apartment,4,8.0765,8.090389251708984
07143803138,apartment,4,8.0195,8.104018211364746
07144001681,apartment,4,7.9552,8.057851791381836
07144008617,apartment,4,7.9552,8.27108383178711
07144202707,apartment,4,8.5172,8.23707389831543
07144300415,apartment,4,7.9168,7.943211555480957
07145002183,apartment,4,8.2777,8.183849334716797
07145002396,apartment,4,8.2509,8.180691719055176
07146403262,apartment,4,7.902,7.988602638244629
07146406921,apartment,4,8.2035,8.00416374206543
07146415627,apartment,4,8.7531,8.537918090820312
07146601366,apartment,4,7.7733,8.01647663116455
07150200397,apartment,4,8.2118,8.035590171813965
07150300413,apartment,4,7.9225,7.960505485534668
07150700901,apartment,4,8.2548,8.32927131652832
07150702661,apartment,4,8.5017,8.343006134033203
07151804768,apartment,4,8.4192,8.36716365814209
07151805918,apartment,4,8.4518,8.376924514770508
07151807252,apartment,4,8.4077,8.38052749633789
07151807295,apartment,4,8.4219,8.383371353149414
07202201186,apartment,4,8.4475,8.374432563781738
07202305534,apartment,4,8.357,8.410873413085938
07202504774,apartment,4,8.9227,8.584697723388672
07203800652,apartment,4,8.8521,8.764440536499023
07204705343,apartment,4,8.7502,8.43091869354248
07205201462,apartment,4,8.1213,8.263404846191406
07205302102,apartment,4,8.8503,8.555859565734863
07205400848,apartment,4,8.3439,8.1478271484375
07206404723,apartment,4,7.966,8.267007827758789
07206405381,apartment,4,8.0232,8.267019271850586
07206405398,apartment,4,8.4151,8.26580810546875
07206416527,apartment,4,8.4462,8.575704574584961
07206416616,apartment,4,8.4314,8.571182250976562
07207001363,apartment,4,8.4356,8.471640586853027
07207201826,apartment,4,8.1689,8.173605918884277
07210403841,apartment,4,7.8692,7.967300891876221
07210802029,apartment,4,8.2677,8.377106666564941
07210902287,apartment,4,8.3389,8.249879837036133
07211903491,apartment,4,8.6226,8.570857048034668
07212201235,apartment,4,8.2708,8.17717170715332
07212702323,apartment,4,8.8739,8.587763786315918
07212802344,apartment,4,8.4578,7.9937052726745605
07212803189,apartment,4,8.1944,8.262225151062012
07212904716,apartment,4,8.3214,8.271407127380371
07213001973,apartment,4,7.9999,8.300623893737793
07213202669,apartment,4,7.9594,8.219664573669434
07213603698,apartment,4,8.0186,8.179359436035156
07214702576,apartment,4,8.1319,8.199681282043457
07216804252,apartment,4,8.7197,8.68816089630127
07216806670,apartment,4,8.7657,8.719695091247559
07218502954,apartment,4,8.2267,8.190146446228027
07218803237,apartment,4,8.4161,8.257816314697266
07301004176,apartment,4,8.8739,8.646018028259277
07301006071,apartment,4,8.8105,8.667913436889648
07301802897,apartment,4,8.8967,8.35143756866455
07302204446,apartment,4,8.3672,8.179264068603516
07304602309,apartment,4,8.0109,8.201403617858887
07305100692,apartment,4,7.9964,8.162419319152832
07305801119,apartment,4,8.3462,8.3025484085083
07315600612,apartment,4,8.7855,8.680871963500977
07316101164,apartment,4,8.333,8.329570770263672
07326613354,apartment,4,8.2523,8.219375610351562
07326613400,apartment,4,8.3023,8.22895622253418
07326709890,apartment,4,8.4776,8.188700675964355
07329700568,apartment,0,8.7659,8.440122604370117
07404304512,apartment,7,8.4157,8.478668212890625
07407603766,apartment,7,8.5172,8.243995666503906
07408903615,apartment,7,8.6938,8.467520713806152
07420500274,apartment,7,8.207,8.716952323913574
07421300481,apartment,7,8.6144,8.757670402526855
07421400990,apartment,7,8.8379,8.505284309387207
07422001275,apartment,7,8.4589,8.610361099243164
07422102160,apartment,7,8.3837,8.32861042022705
07437801248,apartment,7,8.4118,8.720050811767578
07503900989,apartment,4,8.558,8.526424407958984
07504500879,apartment,4,8.7156,8.6532564163208
07504500992,apartment,4,8.668,8.657608985900879
07509000841,apartment,4,8.6024,8.633111000061035
07509000866,apartment,4,8.633,8.638360977172852
07509000955,apartment,4,8.633,8.638360977172852
07510101948,apartment,4,8.0789,8.243644714355469
07510700779,apartment,4,8.7136,8.456416130065918
07510701503,apartment,4,8.6813,8.45451545715332
07510801273,apartment,4,8.7721,8.459860801696777
07510903084,apartment,4,9.28,8.610662460327148
07510903475,apartment,4,9.0708,8.58722972869873
07521702352,apartment,4,8.4785,8.541497230529785
07521702611,apartment,4,8.9029,8.706947326660156
07525405395,apartment,4,8.5801,8.34697437286377
07534101816,apartment,7,8.2623,8.360843658447266
07534203201,apartment,7,8.1665,8.298645973205566
07534203945,apartment,7,8.3816,8.297103881835938
07534404207,apartment,7,8.1117,8.04373550415039
07535000452,apartment,4,8.0943,8.144898414611816
07600905345,apartment,7,8.4102,8.518457412719727
07601201651,apartment,7,8.3837,8.509981155395508
07602403991,apartment,7,8.5817,8.164608001708984
07602405471,apartment,7,8.5567,8.139984130859375
07606001855,apartment,4,7.8139,7.981236457824707
07606700885,apartment,4,7.9964,7.992092132568359
07607800646,apartment,7,7.9,8.298041343688965
07607800867,apartment,7,8.0725,8.306171417236328
07611002181,apartment,4,7.9442,8.03585147857666
07611002260,apartment,4,8.1636,8.039237022399902
07615503388,apartment,4,7.9394,8.18789291381836
07618301336,apartment,7,8.5907,8.283801078796387
07618602549,apartment,7,8.254,8.491534233093262
07618700591,apartment,7,8.294,8.493025779724121
07618700656,apartment,7,8.294,8.49106216430664
07629003625,apartment,7,8.193,8.208364486694336
07630200595,apartment,7,8.1281,8.340968132019043
07630200773,apartment,7,8.2323,8.351763725280762
07632802177,apartment,7,8.0691,8.283437728881836
07634500283,apartment,7,8.0882,8.13570785522461
07646302074,apartment,7,8.5034,8.251662254333496
07651302478,apartment,7,8.1526,8.30207633972168
07677404847,apartment,4,8.0766,8.00337028503418
07677405207,apartment,4,8.2102,8.071453094482422
07677406076,apartment,4,8.1622,8.029523849487305
07677800904,apartment,7,7.9844,8.217985153198242
07701400664,apartment,7,8.2459,8.402898788452148
07703801666,apartment,7,8.0721,8.315926551818848
07707302540,apartment,7,8.2118,8.275145530700684
07711601395,apartment,7,7.8141,8.432249069213867
07713900756,apartment,7,8.3179,9.006074905395508
07737202668,apartment,7,7.6355,8.45673942565918
07747100639,apartment,7,8.3374,8.506537437438965
07749301917,apartment,7,8.5523,8.675312995910645
07801200780,apartment,7,8.0403,8.445440292358398
07803701736,apartment,7,8.1017,8.329057693481445
07809201867,apartment,7,8.5267,8.518068313598633
07822800698,apartment,7,8.7387,8.664838790893555
07822804383,apartment,7,8.6305,8.664838790893555
07824900819,apartment,7,8.1893,8.629694938659668
07826803179,apartment,7,8.9002,8.397868156433105
07835105063,apartment,7,8.2263,8.57313060760498
07835105497,apartment,7,8.1591,8.574645042419434
07835106541,apartment,7,8.1591,8.525443077087402
07835106914,apartment,7,8.4258,8.565726280212402
07835107023,apartment,7,7.9768,8.546100616455078
07835107449,apartment,7,8.1196,8.589198112487793
07835107821,apartment,7,8.1557,8.56869125366211
07835118191,apartment,7,8.0864,8.556166648864746
07835118335,apartment,7,8.2295,8.560066223144531
07835121875,apartment,7,8.1605,8.543325424194336
07835122332,apartment,7,8.3561,8.611539840698242
07835123924,apartment,7,8.294,8.60254955291748
07835123959,apartment,7,8.294,8.566305160522461
07835125171,apartment,7,8.3768,8.814642906188965
07835128896,apartment,7,8.4425,8.867878913879395
07837104791,apartment,7,8.4611,8.659083366394043
07837107888,apartment,7,8.5913,8.714614868164062
07837112611,apartment,7,8.2659,8.697230339050293
07837112725,apartment,7,8.4241,8.729483604431152
07837113731,apartment,7,8.3724,8.716276168823242
07837114000,apartment,7,8.398,8.730326652526855
07840102352,apartment,7,8.0362,8.107951164245605
07841201907,apartment,7,8.4752,8.232792854309082
07841602014,apartment,7,7.8494,8.138988494873047
07844200901,apartment,7,8.7364,8.876495361328125
07844200987,apartment,7,8.6962,8.91897201538086
07844200995,apartment,7,8.5473,8.89458179473877
07844202645,apartment,7,8.6595,8.858061790466309
07851901960,apartment,7,8.6359,8.9152193069458
07851902886,apartment,7,8.7369,8.828710556030273
07851903361,apartment,7,8.6867,8.74313735961914
07851904870,apartment,7,8.76,8.769139289855957
07851905737,apartment,7,8.6747,8.739520072937012
07852001580,apartment,7,8.4489,8.41278076171875
07852902774,apartment,7,8.2884,8.874290466308594
07852904300,apartment,7,8.2998,8.916325569152832
07852907962,apartment,7,8.3052,8.89880084991455
07852910041,apartment,7,8.4737,8.884233474731445
07852913156,apartment,7,8.1342,8.91757583618164
07852913271,apartment,7,8.2884,8.902490615844727
07853002386,apartment,7,7.6628,8.892996788024902
07853010982,apartment,7,8.153,8.954072952270508
07853109644,apartment,7,8.1117,8.959628105163574
07853112793,apartment,7,8.3612,9.008072853088379
07853119380,apartment,7,8.0682,8.899747848510742
07853201109,apartment,7,8.2824,8.926606178283691
07853203391,apartment,7,8.2334,8.9118070602417
07853206038,apartment,7,8.1445,8.89262580871582
07853207891,apartment,7,8.2332,8.939251899719238
07853208065,apartment,7,8.2182,8.872903823852539
07853208863,apartment,7,8.3752,8.937104225158691
07853211538,apartment,7,8.408,8.860241889953613
07853213018,apartment,7,8.323,8.910367012023926
07853216726,apartment,7,8.1225,8.931873321533203
07913300639,apartment,7,8.6258,8.515342712402344
07917103617,apartment,7,8.0529,8.459319114685059
07917400638,apartment,7,7.9194,8.28383731842041
07917401669,apartment,7,8.0304,8.278373718261719
07920200792,apartment,7,8.4141,8.719836235046387
07966901602,apartment,8,8.4571,8.07260799407959
07966906507,apartment,8,8.5072,8.37744426727295
07974502223,apartment,7,8.0672,8.39232063293457
07974503841,apartment,7,8.1117,8.394795417785645
07974505524,apartment,7,8.1117,8.372408866882324
08001903028,apartment,7,8.6755,8.738637924194336
08001903451,apartment,7,8.6398,8.751086235046387
08004501265,apartment,7,9.0662,8.72476863861084
08004704001,apartment,7,8.9227,8.68970775604248
08004904701,apartment,7,8.4988,8.389659881591797
08006500940,apartment,7,8.2118,8.375100135803223
08009105465,apartment,7,8.6405,8.412878036499023
08009309710,apartment,7,8.6485,8.496780395507812
08009401781,apartment,7,8.7093,8.719504356384277
08009401803,apartment,7,8.5648,8.740299224853516
08011403214,apartment,7,8.9227,8.873120307922363
08012201216,apartment,7,8.4746,8.843684196472168
08012301636,apartment,7,8.6252,8.690824508666992
08012901341,apartment,7,8.9776,8.848631858825684
08015101891,apartment,7,8.8961,8.76561450958252
08015218276,apartment,7,8.8615,8.46959400177002
08015220823,apartment,7,8.7632,8.464447975158691
08015225205,apartment,7,8.829,8.662811279296875
08015226570,apartment,7,8.71,8.646208763122559
08015502225,apartment,7,8.9341,8.638289451599121
08015508622,apartment,7,8.8644,8.599353790283203
08015509106,apartment,7,8.8644,8.608935356140137
08015510422,apartment,7,8.8972,8.61099910736084
08015517907,apartment,7,9.1171,8.908790588378906
08100504199,apartment,7,8.6507,8.819377899169922
08100506965,apartment,7,8.4501,8.849640846252441
08100506981,apartment,7,8.7786,8.849640846252441
08100507031,apartment,7,8.5801,8.819377899169922
08102702273,apartment,7,8.3645,8.762833595275879
08108000319,apartment,0,8.9394,8.697343826293945
08109801099,apartment,0,8.5313,8.597002983093262
08109901794,apartment,0,9.2192,9.043378829956055
08113502701,apartment,0,8.7754,8.5836763381958
08113604421,apartment,0,8.5439,8.725854873657227
08113606602,apartment,0,8.6634,8.6942138671875
08113901272,apartment,0,8.9032,8.722635269165039
08115700721,apartment,0,8.9102,8.712162017822266
08116600745,apartment,0,8.9085,8.957317352294922
08116701525,apartment,0,8.4785,8.74199104309082
08116803875,apartment,0,8.998,8.745101928710938
08116804782,apartment,0,8.7179,8.780559539794922
08116804863,apartment,0,8.8694,8.805553436279297
08116807196,apartment,0,8.9186,8.77354621887207
08121802121,apartment,0,9.0656,9.112176895141602
08121802245,apartment,0,9.0251,9.126143455505371
08121802271,apartment,0,9.3135,9.126143455505371
08122700993,apartment,0,8.6084,8.809843063354492
08122701752,apartment,0,9.0349,8.8981351852417
08122706258,apartment,0,8.7928,8.996855735778809
08122801481,apartment,0,8.5007,8.801017761230469
08122901182,apartment,0,8.8612,8.98715877532959
08122905889,apartment,0,9.2904,9.245944023132324
08124201961,apartment,0,8.9443,8.742191314697266
08132400267,apartment,0,9.1112,8.641904830932617
08136001715,apartment,0,9.0097,8.820815086364746
08136006199,apartment,0,8.7875,8.831518173217773
08136200459,apartment,0,8.5998,8.687302589416504
08136700796,apartment,0,8.9488,8.743552207946777
08220600780,apartment,7,8.1673,8.194011688232422
08220600993,apartment,7,7.9294,8.16870403289795
08221102555,apartment,7,8.386,8.53254508972168
08221201561,apartment,7,8.096,8.227654457092285
08221801194,apartment,7,8.3679,8.546605110168457
08221801429,apartment,7,8.4492,8.55975341796875
08222101528,apartment,7,8.4379,8.441006660461426
08222103237,apartment,7,8.2097,8.535956382751465
08223001683,apartment,7,8.3912,8.43205738067627
08223007584,apartment,7,8.5076,8.438941955566406
08223202883,apartment,7,8.5511,8.501242637634277
08223205467,apartment,7,8.8683,8.501242637634277
08223207710,apartment,7,8.5454,8.466643333435059
08223209519,apartment,7,8.6026,8.312007904052734
08223210721,apartment,7,8.7682,8.29821491241455
08223211572,apartment,7,8.6783,8.325278282165527
08225202661,apartment,7,8.1724,8.136717796325684
08225601327,apartment,8,8.1834,8.194706916809082
08235700646,apartment,8,8.1146,8.24068546295166
08235702436,apartment,8,8.5764,8.52375602722168
08236303918,apartment,8,8.2537,8.3079195022583
08236800997,apartment,8,8.0652,8.324380874633789
08237000366,apartment,8,8.4881,8.358075141906738
08241204140,apartment,6,8.9732,9.043856620788574
08242001261,apartment,6,9.1317,9.13621997833252
08243700511,apartment,6,8.8049,8.675243377685547
08245003700,apartment,7,8.1335,8.268436431884766
08245003964,apartment,7,7.995,8.272443771362305
08245006564,apartment,7,8.3202,8.58708667755127
08245006971,apartment,7,8.1849,8.539453506469727
08245007269,apartment,7,8.3026,8.550189971923828
08245804541,apartment,8,8.2295,8.38330078125
08245809101,apartment,8,8.3654,8.377455711364746
08245814369,apartment,8,8.0141,8.127036094665527
08245818844,apartment,8,8.362,8.301743507385254
08245820407,apartment,8,8.3451,8.286466598510742
08252806120,apartment,6,9.1497,9.028897285461426
08252810462,apartment,6,8.9635,8.944000244140625
08254801045,apartment,8,8.8437,8.472506523132324
08260700891,apartment,8,8.3856,8.664324760437012
08263000580,apartment,8,8.4423,8.542763710021973
08263501962,apartment,8,8.4423,8.62041187286377
08264101232,apartment,8,8.5042,8.4042387008667
08264103715,apartment,8,8.5217,8.280808448791504
08303210343,apartment,0,8.8948,8.932979583740234
08304201038,apartment,0,8.9271,8.904396057128906
08304904942,apartment,6,9.1981,9.21523666381836
08309700520,apartment,0,9.1145,9.138648986816406
08309701381,apartment,0,9.2442,9.089789390563965
08310202938,apartment,6,9.0083,8.967202186584473
08317702111,apartment,0,9.0747,9.045973777770996
08319002060,apartment,6,8.8416,8.898578643798828
08321101542,apartment,0,9.2749,8.930520057678223
08322012322,apartment,6,9.4775,8.912781715393066
08322013701,apartment,6,9.1521,9.014575004577637
08322202385,apartment,6,9.2653,9.351086616516113
08322202474,apartment,6,9.1835,9.334230422973633
08322202482,apartment,6,9.2177,9.346148490905762
08322202741,apartment,6,9.1557,9.346148490905762
08322202751,apartment,6,9.2365,9.344880104064941
08322202962,apartment,6,9.2903,9.351086616516113
08322203063,apartment,6,9.2255,9.171392440795898
08322203217,apartment,6,9.1954,9.346148490905762
08322204159,apartment,6,9.1638,9.349746704101562
08322204302,apartment,6,9.1458,9.344880104064941
08500103531,apartment,6,8.8655,8.810921669006348
08501304522,apartment,6,8.969,8.917445182800293
08501304905,apartment,6,8.9778,9.08760929107666
08501305030,apartment,6,9.1324,8.917950630187988
08501305049,apartment,6,9.0839,8.917950630187988
08501305162,apartment,6,8.9988,8.916755676269531
08501305227,apartment,6,8.9415,8.920516014099121
08501305766,apartment,6,9.1553,8.911640167236328
08501306002,apartment,6,8.9419,8.919905662536621
08501306193,apartment,6,8.993,8.917357444763184
08501306207,apartment,6,9.1717,8.899778366088867
08501306541,apartment,6,8.9988,8.917452812194824
08501401005,apartment,6,8.8373,8.72695255279541
08501402060,apartment,6,8.8339,8.69161319732666
08501402443,apartment,6,8.8779,8.683947563171387
08501501281,apartment,6,8.3882,8.26320743560791
08501702277,apartment,6,8.7428,8.497023582458496
08501710180,apartment,6,9.6042,9.111668586730957
08501711608,apartment,6,8.6928,8.88784122467041
08501712884,apartment,6,8.7419,8.88349723815918
08502301624,apartment,6,9.2254,9.142738342285156
08502401051,apartment,6,9.0798,8.78884506225586
08502506005,apartment,6,9.0579,8.81961441040039
08502601891,apartment,6,9.2488,8.94771671295166
08502800371,apartment,6,8.7561,8.567227363586426
08503201429,apartment,6,8.2548,8.347601890563965
08503801231,apartment,6,9.0442,8.61949634552002
08503902036,apartment,6,9.1702,8.843887329101562
08506200911,apartment,6,9.1522,9.095185279846191
08506201055,apartment,6,9.1649,8.975096702575684
08506201527,apartment,6,9.0465,8.901854515075684
08506201551,apartment,6,9.0928,8.90312671661377
08506201675,apartment,6,9.0217,9.077717781066895
08506202183,apartment,6,9.1871,9.077717781066895
08506202396,apartment,6,9.0428,9.07823371887207
08506202434,apartment,6,9.1117,9.097810745239258
08506203201,apartment,6,9.1067,9.093412399291992
08506203384,apartment,6,9.0982,9.097810745239258
08509302073,apartment,6,9.3953,8.8510160446167
08509511624,apartment,6,8.6412,8.497574806213379
08509801916,apartment,6,8.7695,8.687199592590332
08509802548,apartment,6,8.7637,8.65424633026123
08509802637,apartment,6,8.9883,8.693284034729004
08510000761,apartment,6,8.2609,8.387895584106445
08510001340,apartment,6,8.6052,8.547550201416016
08510003602,apartment,6,8.9961,8.698965072631836
08510401888,apartment,6,9.2072,8.71820068359375
08510502668,apartment,6,8.81,8.493151664733887
08510604304,apartment,6,8.7403,8.196267127990723
08511702008,apartment,6,8.739,8.199322700500488
08511704604,apartment,6,8.4854,8.148966789245605
08511901442,apartment,6,8.6226,8.186897277832031
08511901647,apartment,6,8.4555,8.209518432617188
08512409134,apartment,6,9.5806,8.889288902282715
08512601957,apartment,6,8.8226,8.27972412109375
08512602937,apartment,6,8.8587,8.276021003723145
08512603054,apartment,6,8.4719,8.276021003723145
08512603631,apartment,6,8.4132,8.300695419311523
08512605391,apartment,6,8.9177,8.51416301727295
08512605677,apartment,6,8.959,8.691862106323242
08512701021,apartment,6,9.004,8.329405784606934
08512704462,apartment,6,8.6052,8.42559814453125
08512805471,apartment,6,8.5997,8.251346588134766
08513002410,apartment,6,8.6588,8.311722755432129
08513003311,apartment,6,8.9227,8.539721488952637
08513003387,apartment,6,8.8099,8.539298057556152
08514501755,apartment,6,9.0052,8.73915958404541
08514802321,apartment,6,9.2103,8.70080852508545
08516802094,apartment,6,8.7387,8.33084487915039
08528000321,apartment,6,9.0078,8.718006134033203
08528701565,apartment,6,8.9904,8.487994194030762
08532500651,apartment,6,8.7189,8.26711368560791
08534701067,apartment,6,8.775,8.701156616210938
08534701156,apartment,6,8.7456,8.693537712097168
08542601602,apartment,6,8.8127,8.596428871154785
08543002745,apartment,6,9.2322,8.857120513916016
08543800390,apartment,6,8.6886,8.531245231628418
08543900761,apartment,6,8.9203,8.757102012634277
08543901030,apartment,6,9.0368,8.792153358459473
08543901065,apartment,6,8.9028,8.78979206085205
08544301312,apartment,6,9.0106,8.57701301574707
08544401694,apartment,6,8.719,8.322453498840332
08545202768,apartment,6,9.0852,8.439996719360352
08545700776,apartment,6,8.786,8.424578666687012
08545801319,apartment,6,9.0632,8.638994216918945
08554400801,apartment,6,8.6163,8.34597396850586
08554400887,apartment,6,7.7778,8.245377540588379
08555401992,apartment,6,9.1576,8.987027168273926
08555402379,apartment,6,8.8906,8.854813575744629
08558702004,apartment,6,9.0448,8.921429634094238
08561402334,apartment,6,8.8377,8.682394027709961
08561403691,apartment,6,8.9808,8.750543594360352
08561404310,apartment,6,9.0706,8.747177124023438
08562402893,apartment,6,9.0456,8.652762413024902
08564301660,apartment,6,8.7979,8.719486236572266
08564303663,apartment,6,9.0006,8.6997709274292
08565703010,apartment,6,9.1945,8.840848922729492
08600503310,apartment,6,8.7723,8.779234886169434
08601001629,apartment,6,8.4226,8.440836906433105
08601004369,apartment,6,9.2841,8.922788619995117
08601202470,apartment,6,8.4434,8.307563781738281
08601601162,apartment,6,8.163,8.437804222106934
08601601200,apartment,6,8.0295,8.426008224487305
08601700705,apartment,6,8.5957,8.437904357910156
08602101864,apartment,6,8.6457,8.272100448608398
08602400969,apartment,6,8.7295,8.43205451965332
08602500701,apartment,6,8.5066,8.346686363220215
08602803893,apartment,6,8.541,8.457634925842285
08603401462,apartment,6,9.1384,8.83346939086914
08603401586,apartment,6,9.2512,8.825098037719727
08603402361,apartment,6,9.2937,9.044971466064453
08604605134,apartment,6,9.145,8.572032928466797
08604607781,apartment,6,8.8739,8.623167037963867
08604608494,apartment,6,9.2442,8.570319175720215
08605800666,apartment,6,9.1769,8.958032608032227
08605802367,apartment,6,9.3742,8.963035583496094
08605804548,apartment,6,9.1168,8.730204582214355
08605804807,apartment,6,9.1225,8.728389739990234
08607200771,apartment,6,8.558,8.098639488220215
08609700291,apartment,6,9.0919,8.851677894592285
08610501523,apartment,6,8.3858,8.246332168579102
08610604322,apartment,6,8.9845,8.390226364135742
08610701026,apartment,6,9.0336,8.37697982788086
08612001676,apartment,6,9.0562,8.64895248413086
08612301769,apartment,6,8.566,8.268144607543945
08613700993,apartment,6,8.6014,8.181684494018555
08613901026,apartment,6,8.6381,8.224689483642578
08615800758,apartment,6,8.6066,8.477426528930664
08616201432,apartment,6,8.6936,8.498188018798828
08617800917,apartment,6,8.7409,8.37380599975586
08621700506,apartment,6,8.743,8.229907035827637
08624100615,apartment,6,8.46,8.182839393615723
08624502845,apartment,6,8.6507,8.465608596801758
08624504880,apartment,6,8.8482,8.510549545288086
08624505631,apartment,6,8.6548,8.571337699890137
08625101364,apartment,6,8.1595,8.107172966003418
08625903010,apartment,6,8.8266,8.478372573852539
08626102534,apartment,6,8.8344,8.52611255645752
08626103352,apartment,6,8.8512,8.481841087341309
08627000662,apartment,6,7.8621,8.187360763549805
08629700238,apartment,6,8.6963,8.737548828125
08629700408,apartment,6,8.7733,8.737548828125
08629701201,apartment,6,8.8786,8.721071243286133
08632401051,apartment,6,8.0441,8.079771995544434
08632900889,apartment,6,8.4341,8.211363792419434
08635101936,apartment,6,9.1369,8.715291023254395
08635102614,apartment,6,8.9448,8.762786865234375
08637402046,apartment,6,9.2821,9.109390258789062
08639009058,apartment,6,8.446,8.320573806762695
08639009694,apartment,6,8.657,8.320648193359375
08639009945,apartment,6,8.7038,8.321096420288086
08639009971,apartment,6,8.7796,8.317892074584961
08639010382,apartment,6,8.7144,8.321096420288086
08639011931,apartment,6,8.7823,8.434462547302246
08639013901,apartment,6,8.816,8.45978832244873
08639014531,apartment,6,8.692,8.465929985046387
08639014965,apartment,6,8.5946,8.537970542907715
08639015066,apartment,6,8.8273,8.54531478881836
08643002151,apartment,6,8.2709,8.190140724182129
08643400777,apartment,6,8.5323,8.70779800415039
08643504262,apartment,6,8.9612,8.683500289916992
08700604038,apartment,8,8.6563,8.64794635772705
08700901229,apartment,8,9.0619,8.735445976257324
08700901296,apartment,8,8.8024,8.746767044067383
08700902111,apartment,8,8.897,8.73759651184082
08701103199,apartment,8,9.0517,8.875596046447754
08701103334,apartment,8,8.8589,8.885668754577637
08701104500,apartment,8,8.8891,8.885668754577637
08701105302,apartment,8,9.0213,8.888288497924805
08701105825,apartment,8,8.9825,8.875596046447754
08701106341,apartment,8,8.9435,8.885668754577637
08701107143,apartment,8,9.0569,8.882488250732422
08701107402,apartment,8,8.8255,8.880049705505371
08701204467,apartment,8,8.8356,8.815394401550293
08701801910,apartment,2,8.7855,8.821305274963379
08703600701,apartment,2,8.4021,8.420877456665039
08704300531,apartment,2,7.7987,8.338501930236816
08705501377,apartment,2,8.3078,8.68230152130127
08705503094,apartment,2,8.5801,8.637333869934082
08705505526,apartment,2,8.7035,8.728635787963867
08705509629,apartment,2,8.7948,8.739217758178711
08706800866,apartment,2,8.0082,8.3521728515625
08707202751,apartment,2,8.7855,8.835884094238281
08707203063,apartment,2,8.712,8.856328964233398
08707302371,apartment,2,8.3914,8.790131568908691
08707303173,apartment,2,9.0301,8.790084838867188
08707308345,apartment,2,8.6103,8.750067710876465
08707502141,apartment,2,8.833,8.802549362182617
08707503938,apartment,2,8.8763,8.772332191467285
08707601611,apartment,2,8.7508,8.744847297668457
08707602863,apartment,2,8.6871,8.73584270477295
08707604394,apartment,2,9.0078,8.929496765136719
08707605196,apartment,2,8.9418,8.92044448852539
08707605420,apartment,2,9.0208,8.905573844909668
08708801649,apartment,2,8.5828,8.629610061645508
08709201742,apartment,2,8.2421,8.634693145751953
08711600764,apartment,6,8.7788,8.67287826538086
08712202622,apartment,6,8.9246,8.866654396057129
08714301865,apartment,6,8.8273,8.632158279418945
08714901056,apartment,6,8.5393,8.248501777648926
08714901129,apartment,6,7.9234,8.247838020324707
08716001117,apartment,6,8.673,8.494895935058594
08716400712,apartment,6,8.6406,8.381958961486816
08717401402,apartment,6,8.8501,8.575346946716309
08717800889,apartment,6,8.5905,8.376609802246094
08719601026,apartment,6,8.7082,8.654337882995605
08720600607,apartment,2,8.7197,8.634773254394531
08721501297,apartment,2,8.5732,8.41859245300293
08725501984,apartment,8,8.8988,8.668071746826172
08725502263,apartment,8,8.8199,8.675537109375
08731403778,apartment,2,8.6748,8.595192909240723
08731403832,apartment,2,8.6467,8.580975532531738
08731406173,apartment,2,8.8647,8.773459434509277
08731500358,apartment,2,8.7614,8.554489135742188
08731502581,apartment,2,8.7392,8.589018821716309
08731502989,apartment,2,8.9012,8.597146034240723
08731504329,apartment,2,8.7415,8.587482452392578
08731510566,apartment,2,8.8199,8.579819679260254
08736602221,apartment,8,8.3702,8.528413772583008
08737401939,apartment,6,8.3952,8.367045402526855
08739605620,apartment,2,8.9215,8.790061950683594
08739608093,apartment,2,8.8666,8.760368347167969
08741000153,apartment,2,8.1461,8.326531410217285
08742402050,apartment,8,8.7292,8.79227066040039
08743401074,apartment,8,8.8173,8.732504844665527
08743401708,apartment,8,8.8457,8.744450569152832
08743403026,apartment,8,8.6472,8.723531723022461
08743404030,apartment,8,8.8597,8.745620727539062
08743404340,apartment,8,8.7978,8.740081787109375
08743405428,apartment,8,8.904,8.752196311950684
08743503667,apartment,8,8.4777,8.482784271240234
08744402031,apartment,6,8.4045,8.412768363952637
08745502791,apartment,2,8.6498,8.746204376220703
08745502846,apartment,2,9.1265,8.743712425231934
08745503702,apartment,2,8.8411,8.763147354125977
08747500808,apartment,2,8.3131,8.488693237304688
08747501634,apartment,2,8.0732,8.449057579040527
08801301472,apartment,2,8.767,8.746740341186523
08801302411,apartment,2,8.7641,8.729695320129395
08801304293,apartment,2,8.621,8.742576599121094
08801307561,apartment,2,8.6305,8.724132537841797
08801308035,apartment,2,8.8069,8.722865104675293
08801309147,apartment,2,8.8049,8.743949890136719
08802600392,apartment,2,7.6726,8.31929874420166
08803404831,apartment,2,8.9598,8.909616470336914
08803503714,apartment,2,8.294,8.445945739746094
08803505938,apartment,2,8.7993,8.729165077209473
08803507450,apartment,2,8.7711,8.69504451751709
08803601651,apartment,2,8.5969,8.453817367553711
08803602011,apartment,2,8.2752,8.370609283447266
08803605932,apartment,2,8.8078,8.790640830993652
08803900950,apartment,2,8.702,8.588153839111328
08804100435,apartment,2,8.7638,8.84414005279541
08804607033,apartment,6,8.7787,8.890134811401367
08809301692,apartment,2,8.2076,8.342140197753906
08813004346,apartment,2,8.3409,8.676956176757812
08814600831,apartment,2,8.7718,8.732251167297363
08815808574,apartment,2,8.9252,8.518108367919922
08815808701,apartment,2,8.7072,8.519050598144531
08815810641,apartment,2,8.8943,8.694036483764648
08815813993,apartment,2,8.851,8.67291259765625
08815816951,apartment,2,8.1637,8.717728614807129
08815817689,apartment,2,8.5861,8.71772575378418
08816201371,apartment,2,8.2315,8.321602821350098
08816901101,apartment,2,8.9858,8.645415306091309
08817006076,apartment,2,8.2819,8.33185863494873
08817008168,apartment,2,8.4914,8.210021018981934
08817015695,apartment,2,8.645,8.60608196258545
08817016675,apartment,2,8.6871,8.627962112426758
08817017183,apartment,2,8.5922,8.675772666931152
08817201006,apartment,6,8.4106,8.44339370727539
08824100724,apartment,2,8.262,8.23684310913086
08827201033,apartment,2,8.0635,8.410439491271973
08829803731,apartment,2,8.1125,8.390355110168457
08829806706,apartment,2,8.5764,8.74540901184082
08900201107,apartment,6,8.285,8.179795265197754
08900201247,apartment,6,8.2021,8.180976867675781
08901000563,apartment,2,8.3523,8.592840194702148
08901001187,apartment,2,8.5717,8.582263946533203
08901501503,apartment,6,8.6565,8.467387199401855
08901501899,apartment,6,8.4764,8.531956672668457
08902501280,apartment,6,8.145,8.123927116394043
08902601498,apartment,6,7.6866,8.064613342285156
08903902467,apartment,6,8.7618,8.503715515136719
08904300398,apartment,6,8.7126,8.489587783813477
08905203523,apartment,6,8.7458,8.714357376098633
08905203779,apartment,6,8.6226,8.692628860473633
08905204201,apartment,6,8.8869,8.651527404785156
08906001800,apartment,6,8.948,8.4696626663208
08907307326,apartment,2,8.8728,8.663971900939941
08907308039,apartment,2,8.3288,8.482686996459961
08907602522,apartment,2,8.2209,8.132019996643066
08907603294,apartment,2,7.94,8.130865097045898
08907603367,apartment,2,8.2114,8.164496421813965
08907802459,apartment,2,8.8418,8.724278450012207
08908200908,apartment,2,8.7116,8.597414016723633
08908300856,apartment,2,8.3326,8.312544822692871
08908609377,apartment,2,8.7068,8.614644050598145
08909502150,apartment,2,8.0591,8.269693374633789
08910301996,apartment,2,8.8739,8.671977043151855
08910405341,apartment,2,8.3317,8.13939380645752
08910503866,apartment,2,8.4511,8.32279109954834
08910900628,apartment,2,8.008,7.9507222175598145
08911101214,apartment,2,8.2236,8.075409889221191
08911101427,apartment,2,8.1117,8.107856750488281
08911103721,apartment,2,8.85,8.600340843200684
08911300594,apartment,2,8.0443,8.027405738830566
08911400221,apartment,2,8.2788,8.066336631774902
08911700983,apartment,2,8.0091,8.079341888427734
08911801852,apartment,2,7.9605,8.104374885559082
08913306085,apartment,2,8.1117,8.15196418762207
08913306549,apartment,2,7.3995,8.052635192871094
08913502887,apartment,2,8.4487,8.335762977600098
08913807191,apartment,2,8.2063,8.437311172485352
08915101855,apartment,2,8.4338,8.408995628356934
08915101979,apartment,2,8.3927,8.413311004638672
08915103051,apartment,2,8.4407,8.408262252807617
08919300501,apartment,2,7.9245,8.03443717956543
08921005692,apartment,2,7.7207,8.01766300201416
08921400575,apartment,2,7.9933,8.110504150390625
08923300446,apartment,2,8.08,8.100470542907715
08927200764,apartment,2,8.1176,8.166274070739746
08931200757,apartment,1,8.2599,8.272838592529297
08931501341,apartment,1,8.5312,8.440057754516602
08946600667,apartment,1,7.8837,8.247360229492188
08950001624,apartment,1,8.5308,8.423970222473145
08950602776,apartment,1,8.2453,8.565234184265137
08950602997,apartment,1,8.1117,8.55327320098877
08950603713,apartment,1,8.2851,8.556867599487305
08950604231,apartment,1,8.1468,8.556867599487305
08956201633,apartment,1,8.4454,8.330889701843262
08956400792,apartment,1,8.6507,8.556939125061035
08956801363,apartment,1,7.6487,8.162729263305664
08958502584,apartment,2,8.1075,7.98907995223999
08958503068,apartment,2,8.1328,7.978437423706055
08958700866,apartment,2,8.6616,8.328161239624023
08959404276,apartment,2,8.2005,8.004094123840332
08959404853,apartment,2,8.5489,8.126792907714844
09005902256,apartment,2,8.7403,8.535907745361328
09006001521,apartment,2,8.8388,8.611262321472168
09006103330,apartment,2,8.0014,8.530767440795898
09006106259,apartment,2,9.2438,8.77895736694336
09006109681,apartment,2,8.9959,8.722298622131348
09006302422,apartment,2,8.1524,8.300848007202148
09006702935,apartment,2,8.4746,8.560373306274414
09009410463,apartment,2,8.0491,8.141744613647461
09009411478,apartment,2,8.1565,8.178838729858398
09010601072,apartment,2,8.184,8.603986740112305
09015000360,apartment,2,8.8235,8.53030014038086
09015000743,apartment,2,8.6775,8.553269386291504
09015001359,apartment,2,8.749,8.556678771972656
09015002630,apartment,2,8.6588,8.56062126159668
09015003912,apartment,2,8.6588,8.561315536499023
09015004072,apartment,2,8.6494,8.564274787902832
09015004196,apartment,2,8.7139,8.564274787902832
09015004382,apartment,2,8.6204,8.56062126159668
09019400347,apartment,2,8.3174,8.346952438354492
09019400721,apartment,2,8.3402,8.357133865356445
09028100334,apartment,2,8.6842,8.741066932678223
09033101033,apartment,2,8.1658,8.24197006225586
09034604632,apartment,2,8.9399,8.646842002868652
09035530152,apartment,2,8.1676,8.321223258972168
09036700991,apartment,2,7.9258,8.104022979736328
09040201803,apartment,2,8.0064,8.332518577575684
09042303670,apartment,2,8.0334,8.254122734069824
09042304898,apartment,2,8.0875,8.289676666259766
09042305320,apartment,2,8.0418,8.263030052185059
09042308087,apartment,2,7.9269,8.24740219116211
09042309679,apartment,2,8.036,8.245260238647461
09042310049,apartment,2,8.1287,8.247350692749023
09042310375,apartment,2,8.0247,8.24990177154541
09042310774,apartment,2,8.0626,8.24990177154541
09042401443,apartment,2,8.5014,8.505279541015625
09042403292,apartment,2,8.3648,8.501128196716309
09042403543,apartment,2,8.5532,8.488092422485352
09043100862,apartment,2,8.2889,8.521600723266602
09043100919,apartment,2,8.3866,8.504639625549316
09043102921,apartment,2,8.2788,8.530824661254883
09043103853,apartment,2,8.2396,8.528481483459473
09043105643,apartment,2,8.5042,8.522357940673828
09043107581,apartment,2,8.3894,8.47882080078125
09043107859,apartment,2,8.3729,8.556777954101562
09043108456,apartment,2,8.5172,8.55833911895752
09043110175,apartment,2,8.7471,8.565136909484863
09044401866,apartment,2,8.2011,8.339110374450684
09044402171,apartment,2,8.2011,8.3372163772583
09044405802,apartment,2,8.6226,8.619695663452148
09045701529,apartment,2,8.0472,8.392492294311523
09046100251,apartment,2,8.395,8.29847526550293
09046200205,apartment,2,8.784,8.370060920715332
09046202747,apartment,2,8.5647,8.246113777160645
09046207323,apartment,2,8.6068,8.676043510437012
09046806235,apartment,2,8.1846,8.2269868850708
09046809722,apartment,2,8.4001,8.318840980529785
09046814823,apartment,2,8.096,8.193547248840332
09046831566,apartment,2,8.3958,8.24588394165039
09100302031,apartment,1,8.4727,8.35338306427002
09101202332,apartment,1,8.655,8.40107250213623
09101700898,apartment,1,7.9731,8.194538116455078
09101703048,apartment,1,7.7926,8.111473083496094
09102504596,apartment,1,8.1572,8.177080154418945
09102506785,apartment,1,8.1117,8.13437271118164
09104302710,apartment,2,8.0002,8.205570220947266
09104305681,apartment,2,8.0677,8.389562606811523
09104305922,apartment,2,8.118,8.373046875
09106107168,apartment,1,8.5778,8.483065605163574
09107603568,apartment,1,8.1543,8.190255165100098
09109503595,apartment,2,7.988,7.945914268493652
09116900839,apartment,2,8.0029,8.057629585266113
09117000572,apartment,2,7.6868,7.983680248260498
09117200261,apartment,2,8.24,8.082365989685059
09117201901,apartment,2,8.096,8.057095527648926
09117203457,apartment,2,8.1117,8.064817428588867
09121200701,apartment,2,8.3329,8.104448318481445
09121300641,apartment,2,7.9487,8.055612564086914
09122600507,apartment,2,7.9374,8.078994750976562
09122602356,apartment,2,8.7584,8.758241653442383
09125600737,apartment,2,8.0251,7.885848522186279
09136501077,apartment,2,7.7915,8.077286720275879
09159402571,apartment,1,8.3234,8.188421249389648
09159404248,apartment,1,8.0362,8.120360374450684
09302502341,apartment,2,8.0539,8.286087989807129
09302506681,apartment,2,8.5598,8.758988380432129
09302705250,apartment,2,8.5397,8.605709075927734
09302710221,apartment,2,8.729,8.62059211730957
09303401255,apartment,2,8.2182,8.267088890075684
09303402863,apartment,2,8.2912,8.373926162719727
09303404173,apartment,2,8.409,8.459778785705566
09303502736,apartment,2,8.4942,8.344826698303223
09303504097,apartment,2,8.6269,8.303323745727539
09303504771,apartment,2,8.5913,8.310587882995605
09303505220,apartment,2,8.5999,8.306962013244629
09304001900,apartment,2,8.7829,8.468098640441895
09304003393,apartment,2,8.5854,8.502558708190918
09304507774,apartment,2,8.6735,8.526745796203613
09305601707,apartment,2,8.3755,8.575867652893066
09422301203,apartment,2,8.3453,7.971235752105713
09422309832,apartment,2,8.253,7.965505123138428
09422316911,apartment,2,8.4039,8.409162521362305
09422318580,apartment,2,8.7226,8.413545608520508
09531200882,apartment,2,8.5717,8.734565734863281
09532300201,apartment,2,8.1566,8.326281547546387
09532302727,apartment,2,8.2311,8.326281547546387
09532307656,apartment,2,7.9823,8.243850708007812
09532307761,apartment,2,8.1787,8.245267868041992
09532308229,apartment,2,8.1188,8.243499755859375
09532309535,apartment,2,7.8796,8.27202033996582
09532310746,apartment,2,8.0754,8.243499755859375
09544401423,apartment,2,8.2821,8.092497825622559
09544401784,apartment,2,8.0776,8.081951141357422
09602310766,apartment,7,8.6042,8.827577590942383
09602600381,apartment,7,9.1281,8.745743751525879
09612701636,apartment,7,9.1384,8.772087097167969
09700205533,apartment,7,9.0052,8.723306655883789
09700208214,apartment,7,8.6995,8.527565002441406
09700300773,apartment,7,8.8397,8.51655387878418
09700306984,apartment,7,8.723,8.598560333251953
09700307360,apartment,7,8.657,8.661263465881348
09700307549,apartment,7,8.635,8.669147491455078
09700307662,apartment,7,8.6515,8.675700187683105
09700307816,apartment,7,8.6068,8.682639122009277
09700307913,apartment,7,8.6835,8.603981971740723
09700308065,apartment,7,8.5994,8.603659629821777
09700308278,apartment,7,8.6995,8.596596717834473
09700701964,apartment,7,8.7135,8.868581771850586
09700704483,apartment,7,8.796,8.88621997833252
09700900169,apartment,7,8.7471,8.523290634155273
09700902242,apartment,7,8.8521,8.49835205078125
09701400313,apartment,7,8.9505,8.925908088684082
09701705378,apartment,7,8.7248,8.699252128601074
09703300243,apartment,7,8.6439,8.574687004089355
09706400737,apartment,7,8.6728,8.545852661132812
09712609626,apartment,7,8.7866,8.921747207641602
09800600981,apartment,7,8.8408,8.736074447631836
09801105593,apartment,7,8.6771,8.745025634765625
09801106913,apartment,7,8.6622,8.699111938476562
09801111356,apartment,7,8.6836,8.651708602905273
09801114649,apartment,7,8.4684,8.713363647460938
09801801018,apartment,7,8.8551,8.796539306640625
09801801832,apartment,7,8.6886,8.815449714660645
09801803002,apartment,7,8.7422,8.807875633239746
09801803673,apartment,7,8.7776,8.798184394836426
09803000454,apartment,7,8.5496,8.678411483764648
09803005103,apartment,7,8.9492,8.855256080627441
09803007807,apartment,7,8.906,8.705754280090332
09803008544,apartment,7,8.9621,8.705721855163574
09803009516,apartment,7,9.1097,8.704416275024414
09803009613,apartment,7,8.9519,8.7061185836792
09803011650,apartment,7,9.0717,8.835168838500977
09803015230,apartment,7,8.844,8.802653312683105
09803015680,apartment,7,8.8699,8.798274993896484
09803016148,apartment,7,8.8749,8.798274993896484
09803016229,apartment,7,8.9177,8.809560775756836
09803016441,apartment,7,8.9025,8.793173789978027
09803019023,apartment,7,8.9018,8.79231071472168
09803103180,apartment,7,9.109,8.74795913696289
09803202537,apartment,7,8.9154,8.831489562988281
09803404954,apartment,7,8.615,8.894819259643555
09803405500,apartment,7,8.6514,8.89700984954834
09803405721,apartment,7,8.6691,8.89700984954834
09803406426,apartment,7,8.7175,8.87710952758789
09806302771,apartment,7,8.4543,8.915066719055176
09806500695,apartment,7,8.298,8.421727180480957
09900300386,apartment,7,8.2157,8.616827011108398
09900301455,apartment,7,8.4014,8.642959594726562
09900701062,apartment,7,8.8739,9.016063690185547
09901302706,apartment,7,8.7767,8.98766040802002
09901901375,apartment,7,8.6482,9.042022705078125
09904200564,apartment,7,8.6336,8.695252418518066
09904313253,apartment,7,8.5685,8.597189903259277
09904700516,apartment,7,8.2889,8.605274200439453
09905404155,apartment,7,8.7845,8.88687801361084
10002403918,apartment,9,8.3229,7.964893817901611
10003003824,apartment,9,8.4919,8.137243270874023
10003006203,apartment,9,7.9949,8.011099815368652
10003202177,apartment,9,8.2109,7.98570442199707
10005500795,apartment,9,8.2687,8.063737869262695
10005501406,apartment,9,7.8438,7.9600629806518555
10005701499,apartment,9,8.2586,8.012735366821289
10005701960,apartment,9,8.3211,8.088391304016113
10009301584,apartment,9,8.6196,8.346858978271484
10009301703,apartment,9,8.6544,8.354113578796387
10009301851,apartment,9,8.7224,8.356633186340332
10009501842,apartment,9,8.5613,8.357443809509277
10100705651,apartment,8,8.0652,8.348994255065918
10105300501,apartment,8,7.9237,8.066981315612793
10107103991,apartment,8,8.2846,8.541451454162598
10107104831,apartment,8,8.6435,8.71113109588623
10107105399,apartment,8,8.7556,8.693498611450195
10111003546,apartment,8,8.165,8.394795417785645
10111400359,apartment,8,7.893,8.468832015991211
10111500744,apartment,8,8.1051,8.390260696411133
10111503204,apartment,8,8.2506,8.427607536315918
10111602946,apartment,8,8.4363,8.60489559173584
10113500652,apartment,8,7.8994,8.386285781860352
10115701116,apartment,8,8.2754,8.467559814453125
10120900490,apartment,8,8.4106,8.443760871887207
10120901403,apartment,8,8.2987,8.40336799621582
10131202048,apartment,8,8.6849,8.692398071289062
10131207392,apartment,8,8.6541,8.747517585754395
10131207414,apartment,8,8.9029,8.782878875732422
10131207910,apartment,8,8.6173,8.734598159790039
10131211594,apartment,8,8.8114,8.726997375488281
10132403640,apartment,8,8.3447,8.64657211303711
10134501798,apartment,8,8.4142,8.447126388549805
10138501040,apartment,8,9.0211,8.762333869934082
10138600421,apartment,8,8.8363,8.410536766052246
10138600537,apartment,8,8.788,8.42250919342041
10139100406,apartment,8,8.3792,8.33889102935791
10139905463,apartment,8,8.3432,8.52780532836914
10139906001,apartment,8,8.323,8.517383575439453
10139906011,apartment,8,8.363,8.512155532836914
10139907008,apartment,8,8.4704,8.53787899017334
10139907733,apartment,8,8.362,8.53787899017334
10139908616,apartment,8,8.321,8.512155532836914
10139909371,apartment,8,8.3392,8.515700340270996
10139910319,apartment,8,8.3332,8.517043113708496
10139910351,apartment,8,8.3432,8.512155532836914
10140000622,apartment,8,8.2344,8.380526542663574
10141401094,apartment,8,8.5629,8.40499496459961
10141503288,apartment,8,9.0606,8.709345817565918
10148607445,apartment,8,8.3284,8.383563995361328
10148607501,apartment,8,8.331,8.375734329223633
10149701054,apartment,8,9.2793,8.947903633117676
10152800319,apartment,8,8.4768,8.363601684570312
10152801501,apartment,8,8.5655,8.363601684570312
10152904416,apartment,8,8.7898,8.561248779296875
10154604339,apartment,6,8.1328,8.909672737121582
10154900825,apartment,8,8.2154,8.440484046936035
10155401921,apartment,6,7.8753,8.44314193725586
10155500758,apartment,8,7.6585,8.022459983825684
10155702660,apartment,8,8.4355,8.360711097717285
10155703020,apartment,8,8.3691,8.353679656982422
10155704515,apartment,8,8.5263,8.357123374938965
10155704906,apartment,8,8.3584,8.359430313110352
10155705491,apartment,8,7.8414,8.35887336730957
10155706186,apartment,8,8.0914,8.37332534790039
10157707368,apartment,8,8.3093,8.487517356872559
10158303791,apartment,8,8.4039,8.61523723602295
10158304747,apartment,8,8.6036,8.612251281738281
10161602702,apartment,8,8.476,8.536701202392578
10161603407,apartment,8,8.4167,8.458806991577148
10163000531,apartment,8,8.353,8.408548355102539
10203000731,apartment,9,8.4764,8.430350303649902
10203000942,apartment,9,8.4764,8.404029846191406
10203201328,apartment,9,8.5172,8.14927864074707
10206600762,apartment,9,8.2453,8.365674018859863
10206601076,apartment,9,8.581,8.339092254638672
10206601467,apartment,9,8.6411,8.319951057434082
10206603079,apartment,9,8.5239,8.38326358795166
10206604581,apartment,9,8.4674,8.275266647338867
10206605217,apartment,9,8.5074,8.292903900146484
10208802826,apartment,9,8.8049,8.214469909667969
10209700571,apartment,9,8.0696,8.0482759475708
10209900805,apartment,9,8.6201,8.41384220123291
10210403046,apartment,9,8.4905,8.360515594482422
10211104530,apartment,9,8.6226,8.732331275939941
10211803307,apartment,9,8.7487,8.340806007385254
10211803358,apartment,9,8.6928,8.290284156799316
10211902720,apartment,9,8.5778,8.235496520996094
10302533582,apartment,2,8.1784,8.126501083374023
10302557600,apartment,2,7.9434,8.48892593383789
10302558879,apartment,2,7.8685,8.41322135925293
10304700834,apartment,2,8.4289,8.080821990966797
10304701581,apartment,2,8.5172,8.077825546264648
10305004505,apartment,8,8.8493,8.853243827819824
10401000965,apartment,7,7.8924,8.07778549194336
10401101591,apartment,7,7.6927,8.022943496704102
10402401939,apartment,7,8.1557,8.138265609741211
10402701037,apartment,7,8.3211,8.35477066040039
10404904113,apartment,7,7.8604,7.964221000671387
10405501136,apartment,7,7.8147,8.27313232421875
10405504178,apartment,7,8.1699,8.676724433898926
10407402356,apartment,7,8.1252,8.24937915802002
10407406440,apartment,7,8.1222,8.281295776367188
10409501343,apartment,7,8.3052,8.366633415222168
10410304181,apartment,7,8.5929,8.853095054626465
10410304688,apartment,7,8.4555,8.836506843566895
10410305171,apartment,7,8.4555,8.842168807983398
10410902216,apartment,7,8.1229,8.573827743530273
10411401687,apartment,7,8.1807,8.4509916305542
10411500741,apartment,7,8.1281,8.454352378845215
10414005138,apartment,7,8.3786,8.456428527832031
10414007343,apartment,7,8.0064,8.450161933898926
10417801172,apartment,7,8.6715,8.984701156616211
10417801830,apartment,7,8.5629,8.990642547607422
10417802276,apartment,7,8.5035,8.963330268859863
10417802357,apartment,7,8.5172,8.984701156616211
10417802594,apartment,7,8.511,8.984701156616211
10417802721,apartment,7,8.5759,8.97853946685791
10417803485,apartment,7,8.5295,8.962044715881348
10417803817,apartment,7,8.6055,8.969666481018066
10417803868,apartment,7,8.5591,8.963330268859863
10417804252,apartment,7,8.7018,8.982288360595703
10502300999,apartment,7,8.2659,8.529520034790039
10516003525,apartment,7,8.7248,8.782713890075684
10628102304,apartment,7,8.5172,8.612144470214844
10707517256,apartment,7,8.3406,8.467008590698242
10709300629,apartment,7,8.5887,8.442278861999512
10711202647,apartment,7,8.1147,8.365911483764648
10718500996,apartment,7,8.1242,8.328078269958496
10718504428,apartment,7,8.0362,8.286616325378418
10721603342,apartment,7,7.8445,7.916226387023926
10722401077,apartment,7,8.057,8.201993942260742
10729500771,apartment,4,7.9798,7.912252426147461
10729501646,apartment,4,7.9406,7.916388511657715
10743504223,apartment,7,8.2896,8.234888076782227
10743508547,apartment,7,8.6608,8.291668891906738
10743512838,apartment,7,8.6026,8.390457153320312
10743514377,apartment,7,8.5879,8.453214645385742
10743602306,apartment,7,8.5325,8.422776222229004
10744702150,apartment,7,8.0543,8.232431411743164
10744703025,apartment,7,8.096,8.241250038146973
10904302015,apartment,4,8.6975,8.23095989227295
10905202952,apartment,4,8.4584,8.272319793701172
10905208004,apartment,4,8.2352,8.272926330566406
11020401280,apartment,3,8.1229,8.153450965881348
11021301271,apartment,3,8.4431,8.479320526123047
11021901953,apartment,3,8.2428,8.188108444213867
11024302570,apartment,3,8.0064,8.145591735839844
11028801040,apartment,3,8.8049,8.627944946289062
11029000726,apartment,3,8.3349,8.472479820251465
11042602645,apartment,3,7.7047,8.05817699432373
11048102131,apartment,3,7.8835,8.095728874206543
11048702323,apartment,3,7.9633,8.09618091583252
11050712780,apartment,3,8.5983,8.590176582336426
11050713663,apartment,3,8.7403,8.6046781539917
11052002233,apartment,3,8.4142,8.223796844482422
11106601849,apartment,3,8.1022,8.465174674987793
11133301036,apartment,5,8.5119,8.534876823425293
11140700684,apartment,5,8.0839,7.9224395751953125
11148805027,apartment,3,8.2224,8.172273635864258
11155307185,apartment,3,8.2998,8.203476905822754
11155307649,apartment,3,8.2428,8.18896198272705
11159200695,apartment,5,7.9549,8.184374809265137
11159203317,apartment,5,8.1106,8.190938949584961
11242200664,apartment,5,8.1713,8.136940002441406
11244401071,apartment,5,8.1605,8.210273742675781
11244401349,apartment,5,8.2586,8.10551643371582
11245601635,apartment,5,8.1728,7.982559680938721
11263103277,apartment,5,8.2623,8.014968872070312
11266402194,apartment,5,7.9137,7.945568084716797
11266406122,apartment,5,8.1237,7.974767684936523
11266406157,apartment,5,8.0893,8.063904762268066
11266406289,apartment,5,8.0195,8.07349967956543
11266406300,apartment,5,8.074,8.07349967956543
11267100541,apartment,5,8.3837,8.144685745239258
11285702149,apartment,5,8.0725,8.033737182617188
11285702238,apartment,5,8.2548,8.051305770874023
11301001855,apartment,3,8.8763,8.704906463623047
11302301445,apartment,3,8.4482,8.514537811279297
11304102601,apartment,3,8.0826,8.43326187133789
11308301161,apartment,3,8.5674,8.61530876159668
11308301242,apartment,3,8.5913,8.620260238647461
11316501034,apartment,3,8.2572,8.449702262878418
11316501069,apartment,3,8.4248,8.48626708984375
11316501107,apartment,3,8.5638,8.485608100891113
11317900714,apartment,3,8.7139,8.64616870880127
11325200981,apartment,3,8.645,8.602425575256348
11342201451,apartment,3,8.0668,8.260150909423828
11360701248,apartment,3,8.3549,8.520617485046387
11361500416,apartment,3,8.6088,8.474393844604492
11361501481,apartment,3,8.5705,8.478129386901855
11361502664,apartment,3,8.4752,8.517158508300781
11361503423,apartment,3,8.5442,8.500612258911133
11361505043,apartment,3,8.3311,8.525595664978027
11361506155,apartment,3,8.5172,8.54150104522705
11400101068,apartment,5,8.2601,8.265584945678711
11405800193,apartment,5,7.9427,8.140127182006836
11406405204,apartment,5,8.5025,8.565388679504395
11407505504,apartment,5,8.4233,8.012548446655273
11408601590,apartment,5,8.3228,8.21186351776123
11408901195,apartment,5,7.9896,7.995777130126953
11409903183,apartment,5,8.1532,8.028706550598145
11410800813,apartment,5,7.9896,8.086730003356934
11410800945,apartment,5,8.2428,8.106378555297852
11411003089,apartment,5,8.3371,8.128647804260254
11411003501,apartment,5,8.2372,8.131121635437012
11411003585,apartment,5,8.294,8.165502548217773
11411003658,apartment,5,8.1676,8.152481079101562
11411003755,apartment,5,8.3096,8.152481079101562
11411201476,apartment,5,7.7164,8.025429725646973
11411203924,apartment,5,7.7609,8.021590232849121
11411204009,apartment,5,7.8835,8.025429725646973
11411601806,apartment,5,8.0258,8.144980430603027
11412601346,apartment,5,8.3761,8.187859535217285
11412601370,apartment,5,8.3147,8.253785133361816
11412701881,apartment,5,8.2089,8.344137191772461
11419901205,apartment,5,8.2562,8.20563793182373
11419902066,apartment,5,8.163,8.263444900512695
11425501140,apartment,5,7.9274,7.93845272064209
11425801357,apartment,5,8.274,8.023695945739746
11426200756,apartment,5,7.6393,7.952807903289795
11430100868,apartment,5,8.2295,8.025591850280762
11437604861,apartment,5,8.0709,7.983701229095459
11437605671,apartment,5,8.2245,8.204099655151367
11437607585,apartment,5,8.5034,8.163619995117188
11437608336,apartment,5,8.3837,7.990359306335449
11437611035,apartment,5,8.4839,7.993819236755371
11439100593,apartment,5,8.2187,8.106103897094727
11501805338,apartment,5,7.7571,8.365007400512695
11510500870,apartment,5,8.4145,8.457978248596191
11523504111,apartment,5,7.7245,7.8234171867370605
11523504764,apartment,5,7.8793,7.829588413238525
11524900711,apartment,5,7.683,8.134078025817871
11524900949,apartment,5,7.9922,8.145124435424805
11534402348,apartment,5,8.197,8.161097526550293
11534403298,apartment,5,8.1932,8.155111312866211
11534403336,apartment,5,7.7232,8.161097526550293
11604903529,apartment,3,8.4347,8.332551002502441
11604904861,apartment,3,7.9547,8.346633911132812
11605503990,apartment,3,8.4592,8.355977058410645
11605506450,apartment,3,8.4068,8.387590408325195
11605507988,apartment,3,8.2637,8.388650894165039
11607503262,apartment,3,8.2421,8.380702018737793
11609500775,apartment,3,8.4505,8.412332534790039
11609500805,apartment,3,8.4505,8.43164348602295
11625001532,apartment,3,8.3261,8.520075798034668
11626402786,apartment,3,7.9576,8.168256759643555
11626402999,apartment,3,8.0247,8.165826797485352
11626403121,apartment,3,8.0998,8.149277687072754
11626701937,apartment,3,8.3904,8.369059562683105
11626702399,apartment,3,8.1468,8.366896629333496
11631704418,apartment,3,8.2538,8.237602233886719
11631704884,apartment,3,8.1759,8.260065078735352
11631903331,apartment,3,8.3106,8.267216682434082
11632001501,apartment,3,8.294,8.236151695251465
11632004754,apartment,3,8.5939,8.327198028564453
11632802731,apartment,3,8.1483,8.185083389282227
11633001813,apartment,3,8.3538,8.299493789672852
11633004251,apartment,3,8.2793,8.257394790649414
11633004987,apartment,3,8.0995,8.27273941040039
11636201341,apartment,3,8.4882,8.366915702819824
11640200796,apartment,3,8.3931,8.428659439086914
11640204279,apartment,3,8.279,8.370436668395996
11640204465,apartment,3,8.0317,8.352822303771973
11640204570,apartment,3,8.1858,8.342560768127441
11640204953,apartment,3,8.2245,8.373247146606445
11640703259,apartment,3,7.9576,8.31704330444336
11643901019,apartment,3,8.5172,8.746509552001953
11652604889,apartment,3,8.2703,8.44013786315918
11652606822,apartment,3,8.4652,8.47187614440918
11653701543,apartment,3,8.0677,8.151206970214844
11653802412,apartment,3,8.1892,8.456652641296387
11715200887,apartment,3,8.0376,8.336623191833496
11719500664,apartment,3,8.462,8.527928352355957
11726500801,apartment,3,8.5402,8.689399719238281
11728601346,apartment,3,8.0403,8.07374095916748
11730900673,apartment,3,8.1407,8.127585411071777
11730902544,apartment,3,8.1689,8.122641563415527
11730905829,apartment,3,8.1987,8.223339080810547
11730907112,apartment,3,8.689,8.369937896728516
11738704873,apartment,3,8.2376,8.207799911499023
11738707473,apartment,3,8.0995,8.209365844726562
11738708208,apartment,3,8.0225,8.207799911499023
11738708380,apartment,3,8.1535,8.212352752685547
11738708801,apartment,3,8.1358,8.209365844726562
11738709824,apartment,3,8.034,8.12127685546875
11739904353,apartment,3,8.2998,8.479090690612793
11741108331,apartment,3,8.5919,8.606698989868164
11744205913,apartment,3,8.1266,8.193472862243652
11744214017,apartment,3,8.6551,8.69667911529541
11808300571,apartment,3,8.1987,8.444314956665039
11812900731,apartment,3,8.3862,8.507534980773926
11819601969,apartment,3,8.2118,8.380130767822266
11819705810,apartment,3,8.4802,8.349884033203125
11830603123,apartment,9,8.3428,8.297801971435547
11830605533,apartment,9,8.6673,8.428497314453125
11834701251,apartment,9,8.6173,8.749821662902832
11835601676,apartment,9,8.1237,8.032526016235352
11836802942,apartment,9,8.3703,8.4107666015625
11838406661,apartment,3,8.3725,8.555325508117676
11847301532,apartment,9,8.4903,8.26568603515625
11852700271,apartment,9,8.2043,8.294169425964355
11852800223,apartment,9,7.8847,8.045027732849121
11852801742,apartment,9,8.0912,8.0526762008667
11853001103,apartment,9,8.3768,8.279773712158203
11853001200,apartment,9,8.1689,8.205080032348633
11854100733,apartment,9,8.6436,8.76737117767334
11854102086,apartment,9,8.5219,8.47359848022461
11913600725,apartment,1,7.9194,8.199358940124512
11913600989,apartment,1,8.0221,8.19495677947998
11915300575,apartment,1,7.8657,8.29069709777832
11917102258,apartment,1,8.0915,8.280292510986328
11919502350,apartment,1,8.4302,8.566725730895996
11928000771,apartment,1,8.4734,8.445846557617188
11928001490,apartment,1,8.392,8.465744972229004
11928001598,apartment,1,7.9659,8.505258560180664
11928002306,apartment,1,8.4566,8.467442512512207
11928002608,apartment,1,8.4154,8.505522727966309
11929808517,apartment,1,8.7701,8.794010162353516
11934101507,apartment,1,8.3428,8.162123680114746
11934200981,apartment,1,8.0064,8.159117698669434
11934201722,apartment,1,7.849,8.180835723876953
11934202001,apartment,1,7.7537,8.18651008605957
11934202011,apartment,1,7.8714,8.187358856201172
11934300488,apartment,1,8.4752,8.352168083190918
11934303134,apartment,1,8.1586,8.35436725616455
11934303568,apartment,1,8.2157,8.35210132598877
11934308225,apartment,1,8.1731,8.287674903869629
11934308837,apartment,1,7.824,8.227726936340332
11934311404,apartment,1,7.9329,8.339198112487793
11934900914,apartment,1,8.2346,8.329598426818848
11934904030,apartment,1,8.535,8.506403923034668
11934904162,apartment,1,8.5172,8.505621910095215
11934904219,apartment,1,8.409,8.505621910095215
11934904316,apartment,1,8.6687,8.545241355895996
11934905223,apartment,1,8.3811,8.540399551391602
11934905665,apartment,1,8.4808,8.550107955932617
12002100712,apartment,2,8.1117,8.172980308532715
12002402867,apartment,2,8.4767,8.499893188476562
12002403121,apartment,2,8.3994,8.50406551361084
12002801729,apartment,2,8.7541,8.562321662902832
12003403131,apartment,2,8.3387,8.3992338180542
12003403921,apartment,2,8.4254,8.369921684265137
12003404111,apartment,2,8.4995,8.389612197875977
12003404715,apartment,2,8.4995,8.397758483886719
12003406777,apartment,2,8.537,8.627180099487305
12003406912,apartment,2,8.6995,8.79103946685791
12003410510,apartment,2,8.8679,8.596640586853027
12003411134,apartment,2,8.6163,8.591790199279785
12004208324,apartment,2,8.6648,8.70915412902832
12007708001,apartment,2,8.5172,8.548245429992676
12007803495,apartment,2,8.2589,8.165635108947754
12007804181,apartment,2,8.5172,8.167725563049316
12007809086,apartment,2,8.1605,8.397050857543945
12007816139,apartment,2,8.5725,8.508698463439941
12007817550,apartment,2,8.3349,8.516752243041992
12007817933,apartment,2,8.4286,8.490452766418457
12007819502,apartment,2,8.4324,8.514373779296875
12007823674,apartment,2,8.4839,8.4998140335083
12007823811,apartment,2,8.4482,8.516752243041992
12012703401,apartment,2,7.6487,7.971841335296631
12031101187,apartment,2,8.8144,8.699965476989746
12040203922,apartment,2,7.81,7.99995756149292
12040204023,apartment,2,8.2645,7.9971442222595215
12040800947,apartment,2,8.1751,8.332406997680664
12040801048,apartment,2,8.0032,8.306055068969727
12040801153,apartment,2,8.1751,8.350651741027832
12040802907,apartment,2,8.1075,8.301542282104492
12040803644,apartment,2,8.2379,8.26653003692627
12040809960,apartment,2,8.2987,8.313078880310059
12040810144,apartment,2,7.7848,8.145759582519531
12040811809,apartment,2,8.4611,8.52957534790039
12040812082,apartment,2,8.4345,8.511677742004395
12041100671,apartment,2,8.3576,8.50682544708252
12041105118,apartment,2,8.3706,8.399749755859375
12042502110,apartment,2,8.2901,8.382762908935547
12044200804,apartment,2,8.3002,8.212209701538086
12103903446,apartment,2,8.3782,8.583909034729004
12109500831,apartment,2,8.2685,8.061114311218262
12111407460,apartment,2,8.2171,8.169106483459473
12111602441,apartment,2,8.0546,8.135802268981934
12117000826,apartment,2,7.8604,8.045968055725098
12125001429,apartment,2,8.1887,8.37839412689209
12125907401,apartment,2,8.4189,8.572754859924316
12200403266,apartment,8,8.4457,8.54654598236084
12200702328,apartment,8,8.8841,8.72333812713623
12200704411,apartment,8,8.635,8.74689769744873
12203500548,apartment,8,7.6009,7.961832523345947
12203900260,apartment,8,8.2295,8.091948509216309
12208001140,apartment,8,7.693,7.990762710571289
12208801147,apartment,8,8.1918,8.279146194458008
12209102341,apartment,8,7.8153,8.090524673461914
12210101416,apartment,8,8.096,8.078566551208496
12210101718,apartment,8,8.1557,8.115402221679688
12210102242,apartment,8,8.2331,8.120494842529297
12213303419,apartment,8,7.7985,7.912598133087158
12214502962,apartment,8,7.9258,8.009224891662598
12214505856,apartment,8,7.9576,8.13290023803711
12214507468,apartment,8,8.1619,8.101661682128906
12214507905,apartment,8,8.3257,8.084663391113281
12214509320,apartment,8,8.2802,8.095745086669922
12214509533,apartment,8,8.1619,8.109452247619629
12214509894,apartment,8,8.3253,8.097999572753906
12214510191,apartment,8,8.2138,8.092952728271484
12214600298,apartment,8,8.0413,8.096220016479492
12214600859,apartment,8,8.0126,8.099302291870117
12214601685,apartment,8,8.0721,8.10021686553955
12214601812,apartment,8,7.9768,8.100059509277344
12217401946,apartment,8,7.8859,8.035407066345215
12300201584,apartment,8,8.1117,8.45511245727539
12300501251,apartment,8,8.4333,8.599878311157227
12300503661,apartment,8,8.6662,8.547806739807129
12300900881,apartment,8,8.6323,8.668378829956055
12301500798,apartment,8,8.0098,8.202427864074707
12301502065,apartment,8,8.223,8.216032028198242
12307101356,apartment,8,8.0985,8.21962833404541
12307101372,apartment,8,8.1377,8.211075782775879
12310103119,apartment,8,8.2548,8.364328384399414
12310107068,apartment,8,8.453,8.402486801147461
12310302286,apartment,8,8.1543,8.52929973602295
12310302723,apartment,8,8.079,8.52929973602295
12315103028,apartment,8,8.8123,8.499939918518066
12322700753,apartment,8,8.1624,8.219070434570312
12322701954,apartment,8,8.1577,8.23004150390625
12408400588,apartment,7,8.382,8.345198631286621
12410402215,apartment,7,8.4995,8.518253326416016
12411600789,apartment,7,8.2898,8.564374923706055
12412001749,apartment,7,8.2048,8.385608673095703
12412002222,apartment,7,8.4925,8.389602661132812
12416501495,apartment,7,7.9521,8.194341659545898
12417405767,apartment,7,7.9207,8.463811874389648
12417407603,apartment,7,8.4995,8.62791633605957
12417408928,apartment,7,8.6945,8.599781036376953
12417501863,apartment,7,8.3257,8.6018705368042
12502100398,apartment,7,7.9984,8.217329025268555
12512403474,apartment,7,8.1172,8.192153930664062
12512403891,apartment,7,8.2185,8.202957153320312
12513105035,apartment,7,8.3666,8.69329833984375
12516600541,apartment,7,8.0317,8.189216613769531
12516900502,apartment,7,8.4237,8.512956619262695
12728902819,apartment,4,8.3066,8.056124687194824
12731000200,apartment,4,8.3318,8.21816635131836
12731000936,apartment,4,8.4537,8.215034484863281
12731006081,apartment,4,8.5017,8.23498249053955
12731007108,apartment,4,8.2785,8.234508514404297
12821200918,apartment,4,8.3473,8.172089576721191
12821300718,apartment,4,8.4362,8.287534713745117
12902301153,apartment,3,7.926,8.163385391235352
12902301927,apartment,3,7.3545,8.164115905761719
12902302011,apartment,3,7.9146,8.170607566833496
12902302559,apartment,3,7.7611,8.18386459350586
12902303679,apartment,3,7.8034,8.19754409790039
13010901428,apartment,3,8.2501,8.292882919311523
13010901959,apartment,3,8.3473,8.298184394836426
13012901158,apartment,3,7.9128,8.070934295654297
13014002371,apartment,3,8.3399,8.213645935058594
13014003191,apartment,3,7.9911,8.176183700561523
13014003319,apartment,3,7.9844,8.178667068481445
13014200688,apartment,3,8.4407,8.276015281677246
13014203385,apartment,3,8.2118,8.211193084716797
13014204284,apartment,3,8.2583,8.23322582244873
13031002546,apartment,3,8.0189,8.107782363891602
13031004050,apartment,3,7.9121,8.177223205566406
13032704943,apartment,5,7.8162,8.227170944213867
13037000200,apartment,3,7.803,8.007818222045898
13037001789,apartment,3,7.7595,8.02318286895752
13100303074,apartment,5,7.8109,8.045500755310059
13109702060,apartment,5,7.9817,7.936054229736328
13109702338,apartment,5,8.0617,7.936054229736328
13109702486,apartment,5,8.077,7.918485641479492
13110901322,apartment,5,8.1277,7.894660472869873
13111203106,apartment,5,8.2836,8.332792282104492
13327808197,apartment,5,8.0164,8.150676727294922
13328005977,apartment,5,7.9089,8.066030502319336
13409000241,apartment,5,8.1196,7.953148365020752
13446404456,apartment,5,7.7138,7.936020851135254
13446404650,apartment,5,7.7331,7.936020851135254
13522801554,apartment,5,8.3349,8.20499038696289
13538902649,apartment,5,8.0133,8.078376770019531
13625901632,apartment,5,7.7339,7.9410223960876465
13632301041,apartment,5,8.1328,8.172715187072754
13704101876,apartment,5,8.5172,8.207430839538574
13706200235,apartment,5,7.6795,8.00926685333252
13706200472,apartment,5,7.7926,7.992482662200928
13706301376,apartment,5,7.9959,8.274635314941406
13714201695,apartment,5,7.8982,8.025304794311523
13805202694,apartment,5,7.9736,7.9894633293151855
13811101349,apartment,5,8.0893,8.094051361083984
13834901465,apartment,5,8.6011,8.403457641601562
13834901473,apartment,5,8.6011,8.403457641601562
13834901503,apartment,5,8.625,8.404361724853516
13834901661,apartment,5,8.6121,8.411978721618652
13834905320,apartment,5,8.8198,8.589080810546875
13834905691,apartment,5,8.8222,8.58584213256836
13834908680,apartment,5,8.6011,8.399514198303223
13834908893,apartment,5,8.6312,8.407063484191895
13903003548,apartment,5,8.1388,8.226710319519043
13906600644,apartment,5,8.0025,8.135913848876953
13907402218,apartment,5,8.0451,8.123244285583496
13918700398,apartment,5,7.7517,8.133060455322266
14000400419,apartment,5,7.7863,7.952324867248535
14026606944,apartment,5,7.9391,8.040486335754395
14027103407,apartment,5,8.0783,8.103255271911621
14028100371,apartment,5,7.9329,7.858696937561035
14102001580,apartment,5,8.0383,7.995192050933838
14102600964,apartment,5,8.1639,8.065023422241211
14105701184,apartment,5,8.0652,8.07870864868164
14105701941,apartment,5,7.916,8.084694862365723
14105705661,apartment,5,7.7544,8.110128402709961
14202000853,apartment,5,8.3147,8.25624942779541
14202800787,apartment,5,8.4039,8.433486938476562
14208001711,apartment,5,8.6373,8.525214195251465
14208301197,apartment,5,8.7179,8.374490737915039
14208301227,apartment,5,8.781,8.37149429321289
14208301480,apartment,5,8.6603,8.457934379577637
14208600542,apartment,5,8.6108,8.28437614440918
14209400520,apartment,5,8.1873,8.145597457885742
14209601275,apartment,5,8.0898,8.210528373718262
14210200483,apartment,5,8.3021,8.319790840148926
14210200531,apartment,5,8.3021,8.325777053833008
14211900721,apartment,5,8.3321,8.407843589782715
14213500763,apartment,5,8.5172,8.467875480651855
14216202208,apartment,5,8.2453,8.242380142211914
14301902243,apartment,3,8.3143,8.47419261932373
14302400314,apartment,3,7.8403,8.499876022338867
14302502524,apartment,3,8.0652,8.339448928833008
14303001561,apartment,3,8.3862,8.386985778808594
14304600167,apartment,3,8.3205,8.34464168548584
14304801057,apartment,3,8.2118,8.32337474822998
14307203002,apartment,5,8.1117,8.14120101928711
14307206461,apartment,5,8.3837,8.340319633483887
14307302205,apartment,5,8.1773,8.175436973571777
14307303090,apartment,5,8.4966,8.259787559509277
14401801457,apartment,5,8.3773,8.143502235412598
14406501931,apartment,5,8.1117,8.390416145324707
14410501282,apartment,5,8.0539,8.066831588745117
14410503171,apartment,5,7.838,8.20643424987793
14416102185,apartment,5,7.768,8.078243255615234
14416107411,apartment,5,8.6915,8.470890045166016
14420801122,apartment,5,7.7933,8.196044921875
14602300854,apartment,3,8.3622,8.39288330078125
14603100735,apartment,3,8.4505,8.360844612121582
14612900765,apartment,3,7.8067,8.162202835083008
14707502414,apartment,3,8.7167,8.220312118530273
14719700445,apartment,3,7.8355,8.077031135559082
14719703126,apartment,3,7.824,8.05724048614502
14719800687,apartment,3,7.8886,8.078832626342773
14719801896,apartment,3,7.8625,8.048616409301758
14719803831,apartment,3,7.7945,8.013422966003418
14720502661,apartment,3,7.8623,8.086812019348145
14720503275,apartment,3,8.1091,8.170196533203125
14720504425,apartment,3,7.9619,8.114631652832031
14720504468,apartment,3,7.8435,8.113956451416016
14728200603,apartment,3,8.0446,8.216772079467773
14728201081,apartment,3,8.0947,8.289619445800781
14728205362,apartment,3,8.0962,8.204349517822266
14728208302,apartment,3,7.9891,8.191543579101562
14728208469,apartment,3,8.0396,8.193960189819336
14728211141,apartment,3,8.002,8.22411060333252
14728212350,apartment,3,8.4372,8.36857795715332
14728215031,apartment,3,8.6055,8.367506980895996
14728217281,apartment,3,8.355,8.289958953857422
14729302361,apartment,3,8.5457,8.286775588989258
14729302574,apartment,3,8.2855,8.324932098388672
14729304321,apartment,3,8.3117,8.286775588989258
14729304585,apartment,3,8.4684,8.286775588989258
14729304951,apartment,3,8.6558,8.331472396850586
14731100894,apartment,3,8.3811,8.399515151977539
14733600479,apartment,5,8.3931,8.21777629852295
14733803477,apartment,5,7.9715,8.013715744018555
14733808665,apartment,5,8.2385,8.194811820983887
14734002001,apartment,5,8.1183,8.17294692993164
14735001203,apartment,5,8.0472,8.060098648071289
14735001637,apartment,5,7.9853,8.056144714355469
14735200788,apartment,3,7.9317,8.241801261901855
14735200958,apartment,3,7.9111,8.257425308227539
14805001691,apartment,3,7.5279,7.851510524749756
14815400465,apartment,3,8.1689,8.261932373046875
14818901309,apartment,3,8.0359,8.21840763092041
14908700426,apartment,3,7.901,8.286460876464844
14932601221,apartment,3,7.9403,8.289194107055664
14932601335,apartment,3,7.7742,8.299592971801758
14935200102,apartment,3,7.9988,8.222638130187988
15002902005,apartment,3,8.1951,8.379127502441406
15028504211,apartment,5,8.1388,8.212008476257324
15028507421,apartment,5,8.1807,8.230283737182617
15028508282,apartment,5,7.7637,8.187909126281738
15028600332,apartment,3,8.1987,8.279366493225098
15106400480,apartment,3,8.0598,8.1519136428833
15110202299,apartment,5,8.1032,8.200285911560059
15112302827,apartment,5,8.0529,8.025132179260254
15112304234,apartment,5,7.9728,8.066418647766113
15112304651,apartment,5,7.9103,8.067534446716309
15112305605,apartment,5,8.0854,8.128122329711914
15119903281,apartment,5,8.0164,8.188705444335938
15119905871,apartment,5,8.2509,8.122288703918457
15119906396,apartment,5,8.0487,8.129948616027832
15119906965,apartment,5,8.0864,8.104877471923828
15119907759,apartment,5,7.7063,8.163830757141113
15120003728,apartment,5,8.3489,8.28809642791748
15120005895,apartment,5,8.3816,8.269674301147461
15120008509,apartment,5,8.2385,8.277530670166016
15120009221,apartment,5,8.3573,8.21377944946289
15212402696,apartment,3,8.415,8.319804191589355
15310404588,apartment,3,8.1742,8.28652286529541
15408001112,apartment,3,8.5668,8.430843353271484
15408001661,apartment,3,8.3109,8.447954177856445
15408001708,apartment,3,8.5172,8.430896759033203
15413106441,apartment,3,7.6454,8.058402061462402
15423101831,apartment,3,8.3143,8.382033348083496
15423904950,apartment,3,7.6059,8.52444076538086
15423905302,apartment,3,8.1117,8.535274505615234
15425301269,apartment,3,8.0897,8.639183044433594
15509801149,apartment,3,8.1591,8.163349151611328
15523011230,apartment,3,7.9911,8.325014114379883
15523017281,apartment,3,8.3286,8.498788833618164
15523017451,apartment,3,8.3837,8.519099235534668
15523019096,apartment,3,8.5172,8.511506080627441
15523019959,apartment,3,8.6068,8.49556827545166
15523021678,apartment,3,8.4457,8.507216453552246
15523021732,apartment,3,8.558,8.502246856689453
15523025517,apartment,3,8.1763,8.4689302444458
15523028370,apartment,3,8.1445,8.459728240966797
15528302101,apartment,3,8.3021,8.489418983459473
15536906541,apartment,3,8.0679,8.42867660522461
15603604890,apartment,3,7.9596,8.174332618713379
15603608136,apartment,3,7.453,8.191636085510254
15603612214,apartment,3,7.6397,8.224321365356445
15603612966,apartment,3,7.8724,8.245965957641602
15603612982,apartment,3,7.9625,8.260980606079102
15603615647,apartment,3,8.0292,8.256152153015137
15603619847,apartment,3,7.824,8.19424819946289
15603800762,apartment,3,8.5172,8.473404884338379
15603806906,apartment,3,8.6458,8.520474433898926
15705904516,apartment,1,8.0652,8.149645805358887
15705905210,apartment,1,8.1706,8.169621467590332
15705905520,apartment,1,8.1117,8.173705101013184
15707901468,apartment,1,8.5374,8.546459197998047
15707910378,apartment,1,8.3862,8.50275993347168
15709608512,apartment,1,7.9984,8.165746688842773
15709609756,apartment,1,7.7063,8.111183166503906
15709610924,apartment,1,7.8341,8.140048027038574
15709614512,apartment,1,8.6095,8.530282974243164
15709620849,apartment,1,8.2376,8.199867248535156
15710400547,apartment,1,7.8835,8.105463027954102
15710401241,apartment,1,8.0266,8.106199264526367
15710500576,apartment,1,8.2489,8.22426986694336
15711100237,apartment,1,7.8337,8.109015464782715
15713006701,apartment,1,8.0403,8.123908042907715
15713008079,apartment,1,8.0329,8.107658386230469
15713010235,apartment,1,8.3888,8.333709716796875
15713010502,apartment,1,8.1807,8.486969947814941
15713018988,apartment,1,8.3413,8.55717945098877
15718601991,apartment,1,7.9898,8.344008445739746
15720801722,apartment,1,8.1807,8.230120658874512
15721000642,apartment,1,7.9939,8.285834312438965
15721001584,apartment,1,7.9294,8.298121452331543
15721003201,apartment,1,8.4495,8.252507209777832
15721003552,apartment,1,8.3927,8.238804817199707
15721006322,apartment,1,8.0214,8.234352111816406
15721300859,apartment,1,7.824,7.996471405029297
15721301413,apartment,1,7.8312,7.996192455291748
15721402767,apartment,1,8.0943,8.1876802444458
15721403844,apartment,1,8.2536,8.247979164123535
15722000824,apartment,1,8.0523,8.160244941711426
15722403686,apartment,1,8.0415,8.022746086120605
15722900752,apartment,1,8.239,8.052054405212402
15722901392,apartment,1,8.192,8.238609313964844
15722901937,apartment,1,8.0014,8.20916748046875
15722902259,apartment,1,8.2043,8.220844268798828
15722905908,apartment,1,7.7018,7.955859184265137
15722907595,apartment,1,7.805,8.007026672363281
15722909660,apartment,1,8.1213,8.006916999816895
15722912181,apartment,1,7.744,8.019987106323242
15722919348,apartment,1,8.1117,8.266666412353516
15722923231,apartment,1,8.351,8.185997009277344
15722923507,apartment,1,8.273,8.190431594848633
15722924007,apartment,1,8.3001,8.204659461975098
15722926565,apartment,1,7.9032,8.245817184448242
15722927669,apartment,1,7.7634,8.249549865722656
15722928721,apartment,1,8.0247,8.412576675415039
15903800601,apartment,8,8.6713,8.60770320892334
15903802019,apartment,8,8.5374,8.63884449005127
15908800480,apartment,8,8.2127,8.250439643859863
15908800901,apartment,8,8.1055,8.249484062194824
15908803390,apartment,8,8.1634,8.526329040527344
15909800492,apartment,8,7.77,8.060227394104004
15913500694,apartment,8,7.9857,8.307214736938477
15914001195,apartment,8,8.0523,8.139403343200684
15914002019,apartment,8,8.1025,8.136574745178223
15915900649,apartment,8,7.4456,8.383140563964844
15915901734,apartment,8,7.8103,8.384026527404785
15916509285,apartment,8,8.479,8.598509788513184
15916517601,apartment,8,8.2462,8.620954513549805
15916517660,apartment,8,8.2649,8.62421703338623
15916517709,apartment,8,8.2271,8.622814178466797
15916519752,apartment,8,8.2035,8.600372314453125
15916601874,apartment,8,8.1605,8.433116912841797
15916603362,apartment,8,8.137,8.398689270019531
15916603435,apartment,8,8.0858,8.410406112670898
15916604271,apartment,8,8.2025,8.444720268249512
15916606523,apartment,8,8.0734,8.47235107421875
15916606744,apartment,8,8.1977,8.400721549987793
15916607422,apartment,8,8.0317,8.400721549987793
15916608305,apartment,8,8.34,8.449871063232422
15916608585,apartment,8,8.0672,8.400721549987793
15916801377,apartment,8,8.411,8.144493103027344
15917705304,apartment,8,7.8575,8.212809562683105
15917708532,apartment,8,7.832,8.19360065460205
15917711584,apartment,8,8.1288,8.275215148925781
15917712815,apartment,8,8.2102,8.28562068939209
15917713668,apartment,8,8.1483,8.272705078125
15921002738,apartment,8,8.1543,8.491273880004883
15921004579,apartment,8,8.8408,8.720921516418457
15921006547,apartment,8,8.8444,8.69876480102539
15929105900,apartment,8,8.3741,8.529165267944336
15929109418,apartment,8,8.363,8.601967811584473
15929109655,apartment,8,8.3741,8.60262680053711
15929109965,apartment,8,8.4682,8.60403823852539
15929114391,apartment,8,8.3261,8.595293998718262
15929115681,apartment,8,8.3741,8.583080291748047
15929117453,apartment,8,8.3349,8.58690071105957
15929117496,apartment,8,8.4674,8.603073120117188
15930801915,apartment,8,7.5147,8.126005172729492
16004901813,apartment,8,8.0376,8.13681411743164
16004904987,apartment,8,8.3962,8.13560962677002
16010901811,apartment,8,7.4392,8.31356143951416
16017301194,apartment,8,8.059,8.089261054992676
16017701869,apartment,8,8.0064,8.046797752380371
16017705678,apartment,8,8.2083,7.984442710876465
16017705996,apartment,8,8.3434,8.15433406829834
16017901213,apartment,8,8.0973,8.091156005859375
16019501506,apartment,8,8.2521,8.321892738342285
16019502723,apartment,8,8.2521,8.306944847106934
16021303521,apartment,8,8.1335,8.19991683959961
16021701215,apartment,8,7.7287,8.120923042297363
16023801128,apartment,8,8.2978,8.232744216918945
16023801251,apartment,8,8.5965,8.227782249450684
16023901653,apartment,8,8.0256,8.02910041809082
16024901126,apartment,8,8.3059,8.295686721801758
16026900461,apartment,8,8.2623,8.386676788330078
16026902154,apartment,8,8.2642,8.328044891357422
16026902456,apartment,8,8.3554,8.3768949508667
16026903045,apartment,8,8.2623,8.3821382522583
16027702353,apartment,8,8.5952,8.550189971923828
16027702612,apartment,8,8.6439,8.553156852722168
16027704161,apartment,8,8.7096,8.52116870880127
16027704720,apartment,8,8.6781,8.560229301452637
16028302995,apartment,8,8.4188,8.377347946166992
16028701008,apartment,8,8.2295,8.388212203979492
16028701441,apartment,8,8.1315,8.436408996582031
16036804491,apartment,8,8.1233,8.053105354309082
16036805585,apartment,8,8.1682,8.04063606262207
16036812271,apartment,8,8.6305,8.36496639251709
16036812573,apartment,8,8.7403,8.371517181396484
16037001951,apartment,8,8.3468,8.213156700134277
16037002117,apartment,8,8.265,8.209237098693848
16037002478,apartment,8,9.1938,8.521796226501465
16037006147,apartment,8,8.9872,8.43480110168457
16200100984,apartment,2,8.0679,8.445574760437012
16200105110,apartment,2,8.1233,8.54230785369873
16200106575,apartment,2,8.6748,8.576902389526367
16200109019,apartment,2,8.2628,8.5698881149292
16200111056,apartment,2,8.394,8.560830116271973
16200112869,apartment,2,8.7208,8.598884582519531
16200115302,apartment,2,8.8858,8.657546043395996
16200116481,apartment,2,8.9513,8.585281372070312
16200117828,apartment,2,8.8698,8.573914527893066
16200122104,apartment,2,8.5925,8.631160736083984
16200136180,apartment,2,8.4154,8.629851341247559
16200136512,apartment,2,8.3886,8.585966110229492
16200145929,apartment,2,8.2533,8.722505569458008
16200501792,apartment,2,8.5839,8.407886505126953
16200503736,apartment,2,8.3688,8.413895606994629
16200503981,apartment,2,8.4998,8.412163734436035
16203501327,apartment,2,8.465,8.566057205200195
16203606714,apartment,2,8.4839,8.430850982666016
16203609705,apartment,2,8.267,8.413146018981934
16203610797,apartment,2,8.1304,8.47219467163086
16205102926,apartment,2,8.1605,8.399323463439941
16208400502,apartment,2,8.7072,8.80252456665039
16221300761,apartment,2,8.0848,8.305163383483887
16221602520,apartment,2,7.9207,8.21707534790039
16325601148,apartment,2,7.9176,8.136215209960938
16325602276,apartment,2,8.1205,8.110281944274902
16325700626,apartment,2,7.7187,8.081414222717285
16511710989,apartment,8,8.4118,8.348240852355957
16511711594,apartment,8,8.4978,8.403464317321777
16513500981,apartment,8,8.1353,8.393160820007324
16513500991,apartment,8,8.2659,8.375731468200684
16536502778,apartment,2,7.7194,7.788408279418945
16536503499,apartment,2,7.5314,7.7623186111450195
16537104253,apartment,2,8.5703,8.253755569458008
16537111071,apartment,2,8.4611,8.245813369750977
16540402146,apartment,2,7.9176,7.797372817993164
16540700295,apartment,2,7.9194,7.945145130157471
16540700392,apartment,2,8.0472,7.949126243591309
16541406676,apartment,2,8.2179,8.250706672668457
16600403763,apartment,8,8.2158,8.096735954284668
16603305134,apartment,8,8.6226,8.481816291809082
16606502674,apartment,8,7.9431,8.068047523498535
16624902735,apartment,8,8.2295,8.360444068908691
16624906153,apartment,8,8.235,8.344339370727539
16624906277,apartment,8,8.3953,8.330554962158203
16624908751,apartment,8,8.127,8.370636940002441
16624909871,apartment,8,8.1117,8.362081527709961
16624911203,apartment,8,7.7264,8.28470516204834
16626708111,apartment,8,8.3493,8.416887283325195
16626708146,apartment,8,8.6583,8.411982536315918
16626709053,apartment,8,8.3894,8.435481071472168
16701402241,apartment,8,8.0529,8.330058097839355
16715904633,apartment,8,7.4335,7.845540523529053
16721801581,apartment,8,8.263,8.394892692565918
16805900688,apartment,8,7.8996,7.956975936889648
16809301622,apartment,8,8.0405,8.071184158325195
16809301681,apartment,8,8.096,8.089400291442871
16810001815,apartment,8,7.7933,7.990720272064209
16810003931,apartment,8,8.4161,8.420607566833496
16813000925,apartment,8,7.8427,7.960804462432861
16813001107,apartment,8,7.6962,7.963559627532959
16825608613,apartment,8,8.8426,8.10091781616211
16825608885,apartment,8,8.581,8.082451820373535
16829701014,apartment,8,7.9798,8.151864051818848
16829707391,apartment,8,8.0175,8.195637702941895
16832001834,apartment,8,7.9139,7.989806652069092
16832002326,apartment,8,7.9215,8.003737449645996
16832407180,apartment,8,8.1487,8.08060073852539
16900901653,apartment,8,8.0186,8.399611473083496
16900902609,apartment,8,8.0348,8.399611473083496
16900908720,apartment,8,8.0348,8.43256664276123
16900915719,apartment,8,8.1481,8.43696117401123
16900923681,apartment,8,8.1763,8.498682022094727
16900929541,apartment,8,8.074,8.500471115112305
16901800370,apartment,8,8.1367,8.504380226135254
16901901614,apartment,8,8.2424,8.588326454162598
16902001285,apartment,8,8.5019,8.536873817443848
16902001846,apartment,8,8.5817,8.545938491821289
16902002001,apartment,8,8.4833,8.550378799438477
16902100879,apartment,8,8.0012,8.594181060791016
16902103398,apartment,8,8.1828,8.577841758728027
16902106559,apartment,8,8.36,8.626879692077637
16902301602,apartment,8,8.409,8.540425300598145
16902302056,apartment,8,8.3501,8.55763053894043
16902304131,apartment,8,8.2143,8.552038192749023
16902601241,apartment,8,7.9795,8.535490989685059
16902601835,apartment,8,8.0819,8.57971477508545
16902800714,apartment,8,8.5397,8.545137405395508
16902800927,apartment,8,8.3966,8.549846649169922
16902801303,apartment,8,8.4358,8.602840423583984
16902803780,apartment,8,8.099,8.562141418457031
16902803837,apartment,8,8.2803,8.59340763092041
16903101739,apartment,8,8.1263,8.495835304260254
16903600883,apartment,8,8.2078,8.502997398376465
16903601571,apartment,8,8.4392,8.466416358947754
16903602071,apartment,8,8.3157,8.477580070495605
16903602576,apartment,8,8.3374,8.492361068725586
16903602940,apartment,8,8.294,8.485312461853027
16903603602,apartment,8,8.3819,8.471056938171387
16903702880,apartment,8,8.1784,8.356576919555664
16903901875,apartment,8,8.5672,8.527481079101562
16904003420,apartment,8,8.1328,8.53128433227539
16904004362,apartment,8,8.3559,8.541319847106934
16904006721,apartment,8,8.6103,8.569482803344727
16904006861,apartment,8,8.5317,8.571362495422363
16904007485,apartment,8,8.3717,8.608577728271484
16904007681,apartment,8,8.428,8.597654342651367
16904007841,apartment,8,8.6081,8.597654342651367
16904007981,apartment,8,8.6516,8.574987411499023
16906202781,apartment,8,8.1942,8.426642417907715
16906203060,apartment,8,8.2228,8.433478355407715
16907600438,apartment,8,7.9519,8.217642784118652
16908401110,apartment,8,7.8989,8.331554412841797
16908903485,apartment,8,7.9365,8.128790855407715
16911901196,apartment,8,8.3075,8.2829008102417
16911902631,apartment,8,8.372,8.291308403015137
16911903237,apartment,8,8.3075,8.28541088104248
16911903555,apartment,8,8.0189,8.42222785949707
16911903970,apartment,8,7.8764,8.382192611694336
16911904578,apartment,8,8.0368,8.402152061462402
16911905167,apartment,8,7.5558,8.401399612426758
16919700947,apartment,8,7.8909,8.459750175476074
16919701978,apartment,8,8.4589,8.650249481201172
16919703377,apartment,8,8.3866,8.517515182495117
16919703415,apartment,8,8.3042,8.521611213684082
16919903201,apartment,8,8.3872,8.583235740661621
16919904593,apartment,8,8.4344,8.614941596984863
16919904992,apartment,8,8.5344,8.61954116821289
16919907444,apartment,8,8.6149,8.674590110778809
16920201861,apartment,8,8.4719,8.620617866516113
16920303034,apartment,8,8.3712,8.629586219787598
16920501995,apartment,8,8.4755,8.616326332092285
16920502071,apartment,8,8.4231,8.619894981384277
16920504579,apartment,8,8.5689,8.611595153808594
16920601302,apartment,8,7.9993,8.529062271118164
16921205087,apartment,8,8.4452,8.584163665771484
16921206131,apartment,8,8.4482,8.583085060119629
16921400823,apartment,8,8.294,8.32762336730957
16921402435,apartment,8,8.0739,8.478333473205566
16921402451,apartment,8,8.1348,8.506399154663086
16921900966,apartment,8,8.187,8.27055549621582
16922302124,apartment,8,7.9191,8.29894733428955
16922500988,apartment,8,8.2479,8.618644714355469
16922603655,apartment,8,8.4584,8.685694694519043
16922605658,apartment,8,8.4338,8.673505783081055
16922606131,apartment,8,8.7171,8.6863431930542
16926907179,apartment,8,8.4952,8.290735244750977
16926912857,apartment,8,8.1526,8.474374771118164
16929000271,apartment,8,7.824,8.150667190551758
16929001510,apartment,8,7.8427,8.145074844360352
16930101019,apartment,8,7.8611,8.279351234436035
16930101035,apartment,8,8.3487,8.409457206726074
16930102856,apartment,8,8.0133,8.295796394348145
16930403112,apartment,8,8.2334,8.349237442016602
16930403473,apartment,8,8.0635,8.35605525970459
16930403937,apartment,8,8.0819,8.356156349182129
16930414815,apartment,8,8.5268,8.445457458496094
16930416028,apartment,8,8.8144,8.444124221801758
16930416435,apartment,8,8.6229,8.443988800048828
17000403445,apartment,8,8.595,8.47940731048584
17001002428,apartment,8,8.6836,8.731672286987305
17001003149,apartment,8,8.6836,8.704778671264648
17001100977,apartment,8,8.2311,8.40039348602295
17001202214,apartment,8,8.81,8.60143756866455
17001204373,apartment,8,8.774,8.60143756866455
17001502412,apartment,8,8.0214,8.392294883728027
17001900248,apartment,8,8.2798,8.407052993774414
17002101241,apartment,8,8.1568,8.43900203704834
17002201823,apartment,8,8.1807,8.563080787658691
17002201912,apartment,8,8.1066,8.567317962646484
17002301275,apartment,8,7.7334,8.33435344696045
17002301755,apartment,8,7.7439,8.382102966308594
17003701196,apartment,8,7.9606,8.60680103302002
17003902280,apartment,8,7.9294,8.49145221710205
17004300322,apartment,8,7.8177,8.462323188781738
17004901024,apartment,8,7.5433,8.164952278137207
17004901733,apartment,8,7.4388,8.119061470031738
17005901192,apartment,8,8.3301,8.379415512084961
17005905295,apartment,8,8.1461,8.565811157226562
17006202433,apartment,8,8.3489,8.647147178649902
17006202786,apartment,8,8.2976,8.642818450927734
17006203200,apartment,8,8.1673,8.643967628479004
17007302466,apartment,8,8.2144,8.523592948913574
17007302806,apartment,8,8.3584,8.550427436828613
17007305287,apartment,8,8.2985,8.525670051574707
17007307573,apartment,8,8.0115,8.57908821105957
17007309967,apartment,8,8.1554,8.532709121704102
17007310868,apartment,8,8.363,8.55661678314209
17013201676,apartment,8,8.392,8.761626243591309
17015900539,apartment,8,7.4876,8.259271621704102
17015901217,apartment,8,8.1951,8.463481903076172
17017105418,apartment,8,7.6843,8.38292121887207
17017403400,apartment,8,8.101,8.36245059967041
17017403877,apartment,8,7.4931,8.451733589172363
17018408155,apartment,8,7.6247,8.77525520324707
17018902982,apartment,8,8.1543,8.554686546325684
17018903792,apartment,8,8.5022,8.653764724731445
17019202798,apartment,8,8.5446,8.553168296813965
17019203441,apartment,8,8.3849,8.538013458251953
17019204197,apartment,8,8.4472,8.545660018920898
17019400621,apartment,8,7.5785,8.255017280578613
17019606295,apartment,8,8.0018,8.394153594970703
17019606570,apartment,8,8.1456,8.421424865722656
17019606651,apartment,8,7.7746,8.394153594970703
17102101790,apartment,8,7.7295,8.263166427612305
17102102789,apartment,8,8.2255,8.385967254638672
17102102800,apartment,8,8.3501,8.369893074035645
17103705290,apartment,8,7.3905,8.08464527130127
17104300324,apartment,8,7.599,8.350567817687988
17104301487,apartment,8,8.1421,8.63490104675293
17106601232,apartment,8,7.8034,8.064098358154297
17110102059,apartment,8,8.1658,8.099230766296387
17111900919,apartment,8,7.8059,8.038846015930176
17116202500,apartment,8,8.713,8.546615600585938
17116202683,apartment,8,8.3143,8.541605949401855
17116400728,apartment,8,7.6426,8.263930320739746
17116401961,apartment,8,8.0169,8.537363052368164
17116404243,apartment,8,8.8309,8.591180801391602
17116600328,apartment,8,7.657,8.280344009399414
17116702031,apartment,8,8.0219,8.102198600769043
17116702368,apartment,8,8.1195,8.101480484008789
17117503350,apartment,8,8.5074,8.425457000732422
17117706561,apartment,8,8.434,8.396956443786621
17117712758,apartment,8,8.5848,8.342338562011719
17118301069,apartment,8,7.57,8.010287284851074
17118900701,apartment,8,7.8608,8.318811416625977
17118903409,apartment,8,7.7746,8.315865516662598
17119101209,apartment,8,7.8623,8.548388481140137
17119101314,apartment,8,7.7753,8.579816818237305
17119202315,apartment,8,8.75,8.617453575134277
17119204156,apartment,8,8.4737,8.6199312210083
17119204725,apartment,8,8.554,8.585626602172852
17119204970,apartment,8,8.5896,8.643593788146973
17119205675,apartment,8,8.5172,8.643857955932617
17119205799,apartment,8,8.5457,8.639357566833496
17119503587,apartment,8,8.0133,8.247730255126953
17119801197,apartment,8,7.627,8.159919738769531
17119807209,apartment,8,8.6412,8.558095932006836
17119903038,apartment,8,7.7683,8.238849639892578
17119903569,apartment,8,7.8685,8.238759994506836
17119905456,apartment,8,7.574,8.253605842590332
17119906010,apartment,8,8.0317,8.254134178161621
17119908064,apartment,8,7.7533,8.240575790405273
17120001670,apartment,8,8.4727,8.671911239624023
17120002065,apartment,8,8.544,8.679055213928223
17120002243,apartment,8,8.4555,8.667173385620117
17120003509,apartment,8,8.5265,8.677399635314941
17120201300,apartment,8,7.9557,8.564560890197754
17120202048,apartment,8,8.3033,8.635193824768066
17120202625,apartment,8,8.4389,8.569945335388184
17120301828,apartment,8,8.4284,8.329333305358887
17120302581,apartment,8,7.953,8.28071403503418
17120310290,apartment,8,8.7569,8.732670783996582
17120402081,apartment,8,8.9967,8.717016220092773
17120606793,apartment,8,7.9918,8.308093070983887
17120800379,apartment,8,7.8633,8.298460960388184
17121001569,apartment,8,8.3608,8.500215530395508
17121003472,apartment,8,7.9126,8.559730529785156
17121100745,apartment,8,8.32,8.398283004760742
17121302712,apartment,8,8.4467,8.626490592956543
17121304804,apartment,8,8.6396,8.581822395324707
17121601299,apartment,8,8.3931,8.656230926513672
17121700440,apartment,8,8.1063,8.567001342773438
17121801727,apartment,8,8.5127,8.58762264251709
17121802243,apartment,8,8.5997,8.592424392700195
17121802881,apartment,8,8.4621,8.517359733581543
17121808934,apartment,8,8.9239,8.607545852661133
17122000231,apartment,8,8.5389,8.580672264099121
17122000231,apartment,8,8.3421,8.580211639404297
17122213217,apartment,8,8.3291,8.590117454528809
17123100653,apartment,8,8.0891,8.301994323730469
17124301091,apartment,8,8.1724,8.359824180603027
17124703807,apartment,8,8.294,8.338945388793945
17125805999,apartment,8,7.7777,8.221553802490234
17125808041,apartment,8,8.1689,8.131017684936523
17125810704,apartment,8,8.1617,8.274564743041992
17125813274,apartment,8,8.4986,8.56789493560791
17126700554,apartment,8,8.6934,8.713664054870605
17126703634,apartment,8,8.5795,8.79604434967041
17126703898,apartment,8,8.96,8.786663055419922
17127002966,apartment,8,8.2642,8.440552711486816
17127004871,apartment,8,8.2125,8.480021476745605
17127102979,apartment,8,8.4078,8.529138565063477
17127106532,apartment,8,8.371,8.506148338317871
17127700590,apartment,8,8.4139,8.421431541442871
17127701589,apartment,8,8.4341,8.430829048156738
17127701813,apartment,8,8.5474,8.429426193237305
17128002390,apartment,8,8.3871,8.599102020263672
17128003575,apartment,8,8.4118,8.598003387451172
17129803613,apartment,8,8.1103,8.485136985778809
17129803729,apartment,8,8.1114,8.479188919067383
17129803842,apartment,8,8.1114,8.479188919067383
17129803974,apartment,8,8.1157,8.477441787719727
17129804040,apartment,8,8.1095,8.470244407653809
17129804059,apartment,8,8.1133,8.477441787719727
17129804512,apartment,8,8.0994,8.479188919067383
17129804636,apartment,8,8.0994,8.488067626953125
17129804733,apartment,8,8.1099,8.485136985778809
17129806183,apartment,8,8.3557,8.518804550170898
17130014430,apartment,8,8.6836,8.566930770874023
17130022476,apartment,8,8.6052,8.66208553314209
17130024770,apartment,8,8.5065,8.551752090454102
17130024959,apartment,8,8.4737,8.549481391906738
17130028296,apartment,8,8.5848,8.549530982971191
17130201230,apartment,8,8.3972,8.510324478149414
17130206836,apartment,8,8.2489,8.526714324951172
17130209223,apartment,8,8.4122,8.686297416687012
17206500977,apartment,2,8.4553,8.44315242767334
17234700799,apartment,2,7.7564,7.921591281890869
17234702627,apartment,2,8.0472,7.918456077575684
17235303599,apartment,2,8.2058,8.279584884643555
17235303742,apartment,2,8.2618,8.291913986206055
17300805158,apartment,2,7.789,8.183091163635254
17300806367,apartment,2,7.9501,8.171252250671387
17300808823,apartment,2,7.8678,8.189087867736816
17300809137,apartment,2,7.9533,8.176299095153809
17300809633,apartment,2,7.9553,8.262882232666016
17300810216,apartment,2,7.8662,8.248151779174805
17330201501,apartment,2,7.934,8.066244125366211
17331001654,apartment,2,7.7512,7.958293437957764
17331003150,apartment,2,7.9418,8.332304954528809
17331003169,apartment,2,7.9782,8.321931838989258
17331003355,apartment,2,7.9041,8.317447662353516
17332001941,apartment,2,8.197,8.277727127075195
17332002263,apartment,2,8.0882,8.131938934326172
17332004002,apartment,2,8.0772,8.414834022521973
17427403990,apartment,2,8.1605,8.501297950744629
17431209109,apartment,2,7.9438,8.452784538269043
17616409392,apartment,2,8.6553,8.401327133178711
17616416682,apartment,2,8.5536,8.413698196411133
17616417328,apartment,2,8.5536,8.415475845336914
17616418502,apartment,2,8.5536,8.396145820617676
17709800229,apartment,2,7.8823,8.057548522949219
17709800253,apartment,2,7.9725,8.056703567504883
17714300451,apartment,2,8.3931,8.383362770080566
17714304285,apartment,2,8.46,8.372374534606934
17714306563,apartment,2,8.4302,8.389369010925293
17805802067,apartment,2,8.4065,8.316890716552734
17806500439,apartment,2,9.0086,8.46091079711914
18300200664,apartment,8,8.294,8.285284996032715
18302901163,apartment,8,8.207,8.398350715637207
18303201602,apartment,8,8.0288,8.07936954498291
18303400575,apartment,8,7.9706,8.165468215942383
18309108906,apartment,8,8.3994,8.321931838989258
18309109279,apartment,8,8.489,8.319016456604004
18309113306,apartment,8,8.3349,8.31344223022461
18309113969,apartment,8,8.1117,7.967430114746094
18309114191,apartment,8,8.1442,7.977769374847412
18310802861,apartment,8,7.9639,8.065569877624512
18310803469,apartment,8,8.1456,8.054058074951172
18311100461,apartment,8,8.1032,7.996912956237793
18311801192,apartment,8,8.4589,8.477396965026855
18311802997,apartment,8,8.5448,8.482625961303711
18311903610,apartment,8,7.9988,8.139971733093262
18312204831,apartment,8,8.0434,8.151346206665039
18312301142,apartment,8,7.6852,8.007277488708496
18312302661,apartment,8,7.701,8.039408683776855
18312500250,apartment,8,7.6468,8.102248191833496
18312701914,apartment,8,8.0631,8.014045715332031
18312702090,apartment,8,7.7304,8.038087844848633
18312704484,apartment,8,7.7205,8.1531982421875
18406100760,apartment,8,8.0109,8.231788635253906
18406501145,apartment,8,8.1622,8.167744636535645
18425205531,apartment,8,8.0635,8.19054126739502
18425206544,apartment,8,8.1407,8.230013847351074
18501601259,apartment,8,7.8915,8.111246109008789
18501803021,apartment,8,7.8841,8.085688591003418
18505403168,apartment,8,8.566,8.508939743041992
18505403613,apartment,8,8.4919,8.503018379211426
18505404865,apartment,8,8.4362,8.55723762512207
18505404921,apartment,8,8.5161,8.558165550231934
18505406000,apartment,8,8.5419,8.494904518127441
18505407521,apartment,8,8.0415,8.543821334838867
18505408054,apartment,8,8.4409,8.543821334838867
18505409255,apartment,8,8.6442,8.564579010009766
18505409352,apartment,8,8.6049,8.564579010009766
18505409840,apartment,8,8.7355,8.562851905822754
18505412302,apartment,8,8.7514,8.549829483032227
18505412833,apartment,8,8.631,8.542692184448242
18512001061,apartment,8,7.8623,7.969924449920654
18513202011,apartment,8,8.406,8.266410827636719
18600213370,apartment,8,8.2123,8.341920852661133
18600608863,apartment,8,7.5022,8.235318183898926
18600623781,apartment,8,8.3428,8.469766616821289
18600630184,apartment,8,7.9728,8.465744972229004
18600904829,apartment,8,8.4966,8.432516098022461
18606801835,apartment,8,7.5386,8.139606475830078
18608101911,apartment,8,8.0588,8.345316886901855
18608202661,apartment,8,8.1094,8.300777435302734
18608202785,apartment,8,8.0294,8.283710479736328
18700100705,apartment,7,7.7104,8.612964630126953
18724402795,apartment,7,7.8442,8.47757625579834
18724404380,apartment,7,7.7164,8.478824615478516
18724406642,apartment,7,8.5325,8.533479690551758
18800303179,apartment,7,7.8753,8.41871166229248
18800303470,apartment,7,8.0238,8.424482345581055
18803703933,apartment,7,7.889,8.461283683776855
18803704980,apartment,7,8.0064,8.42459774017334
18803706835,apartment,7,7.9519,8.441814422607422
18901900881,apartment,7,8.1807,8.450787544250488
19005501749,apartment,7,8.2721,8.388278007507324
19005505426,apartment,7,8.4727,8.400628089904785
19005507399,apartment,7,8.1543,8.386628150939941
19005509472,apartment,7,8.1543,8.446817398071289
19108900395,apartment,4,8.1807,8.036455154418945
19108900468,apartment,4,8.1807,8.062149047851562
19108900654,apartment,4,8.1188,8.05274486541748
19108901308,apartment,4,8.294,8.05842113494873
19201418271,apartment,5,8.3423,8.161104202270508
19300202331,apartment,5,8.3696,8.298503875732422
19601704425,apartment,9,8.8537,8.676877975463867
19601704654,apartment,9,8.6855,8.655258178710938
19601822843,apartment,9,8.3717,8.488258361816406
19603702535,apartment,9,8.5007,8.580034255981445
19603702675,apartment,9,8.3741,8.613727569580078
19603706328,apartment,9,8.1996,8.612174987792969
19603708495,apartment,9,8.5507,8.476566314697266
19603710244,apartment,9,8.4219,8.471400260925293
19603713979,apartment,9,8.5038,8.482136726379395
19603714721,apartment,9,8.4684,8.585129737854004
19700103810,apartment,7,8.4055,8.818595886230469
19700602795,apartment,7,8.5359,8.769622802734375
19700605964,apartment,7,8.7058,8.767102241516113
19700608491,apartment,7,8.6412,8.754223823547363
19700610501,apartment,7,8.8457,8.746743202209473
19700615889,apartment,7,8.948,8.721938133239746
19700617962,apartment,7,8.5092,8.84538459777832
19700621791,apartment,7,8.4566,8.879948616027832
19700623725,apartment,7,8.5572,8.938095092773438
19700629898,apartment,7,8.6792,8.901658058166504
19701600648,apartment,0,8.6392,8.611846923828125
19701601423,apartment,0,8.8897,8.584158897399902
19701601822,apartment,0,8.8524,8.583039283752441
19701603426,apartment,0,8.7596,8.583590507507324
19701902067,apartment,0,8.5946,8.810286521911621
19701902814,apartment,0,8.7719,8.793231010437012
19701916610,apartment,0,8.5099,8.75802230834961
19701918907,apartment,0,8.7333,8.822370529174805
19703912167,apartment,0,8.7517,8.818770408630371
19704401433,apartment,0,8.5172,8.782500267028809
19704403762,apartment,0,8.6618,8.815340995788574
19704416686,apartment,0,8.5172,8.757981300354004
19706301290,apartment,0,9.2814,8.857964515686035
19706305032,apartment,0,9.0049,8.810444831848145
19706305121,apartment,0,9.199,8.853686332702637
19812200400,apartment,4,7.9696,8.013562202453613
19812200842,apartment,4,8.0302,8.030855178833008
19901600838,apartment,7,8.4684,8.541335105895996
19905405320,apartment,7,8.1582,8.419632911682129
19905405835,apartment,7,7.9782,8.410728454589844
19905408818,apartment,7,8.0064,8.406476974487305
20101100361,apartment,8,7.8982,8.322294235229492
20101400258,apartment,8,7.9202,8.018418312072754
20101501331,apartment,8,7.9733,8.124106407165527
20105000858,apartment,8,8.0156,8.191848754882812
20111200294,apartment,8,7.3734,8.206792831420898
20111400358,apartment,8,8.1796,8.443744659423828
20111400706,apartment,8,8.4616,8.410796165466309
20204704081,apartment,7,8.2623,8.415103912353516
20204704381,apartment,7,7.9725,8.584529876708984
20204704500,apartment,7,8.3165,8.451509475708008
20800203362,apartment,7,8.3539,8.391973495483398
20800205446,apartment,7,8.4815,8.481364250183105
21002601876,apartment,7,7.6454,8.268267631530762
21401400424,apartment,7,8.5253,8.632669448852539
21401402354,apartment,7,8.537,8.662260055541992
21402008900,apartment,7,8.2479,8.372172355651855
21402009370,apartment,7,7.9749,8.292762756347656
21402300326,apartment,7,7.9979,8.322956085205078
21402301391,apartment,7,8.2171,8.440581321716309
21402301993,apartment,7,8.0427,8.430988311767578
21402302507,apartment,7,8.2171,8.460463523864746
21402401378,apartment,7,7.9953,8.464369773864746
21402402757,apartment,7,8.2013,8.450654983520508
21402407181,apartment,7,8.4181,8.567852020263672
21403300303,apartment,7,7.8649,8.391737937927246
21500304709,apartment,7,7.893,8.388737678527832
21601000403,apartment,7,8.3187,8.461142539978027
22702300829,apartment,4,8.2435,8.188722610473633
22702302309,apartment,4,8.2331,8.17644214630127
22702302317,apartment,4,8.1501,8.172566413879395
23006701354,apartment,5,8.1724,8.252042770385742
23007604621,apartment,5,7.8817,8.189071655273438
23008900222,apartment,5,8.3453,8.20777416229248
23009700601,apartment,5,8.3517,8.158895492553711
23009702378,apartment,5,8.1532,8.152119636535645
23009702920,apartment,5,8.0506,8.152273178100586
23009802704,apartment,5,7.966,8.138335227966309
23010002635,apartment,5,7.9492,8.15128231048584
23010200720,apartment,5,8.1807,8.148551940917969
23010503911,apartment,5,8.1117,8.153457641601562
23010505432,apartment,5,8.3453,8.168283462524414
23011800489,apartment,5,8.2295,8.224061012268066
23013312457,apartment,5,7.9111,8.174469947814941
23205501150,apartment,5,7.8565,7.975536823272705
23300901357,apartment,5,8.1132,8.223036766052246
23300901616,apartment,5,8.2017,8.221366882324219
23304501760,apartment,5,7.9698,8.469810485839844
23400801788,apartment,5,7.8545,8.149795532226562
23400804159,apartment,5,7.7407,8.124373435974121
23400804442,apartment,5,7.6337,8.126824378967285
23400804469,apartment,5,7.5492,8.130203247070312
23400807093,apartment,5,7.6277,8.122228622436523
23400809150,apartment,5,7.6352,8.125924110412598
23403802009,apartment,5,7.6867,8.138306617736816
23404902236,apartment,5,8.1215,8.319317817687988
23603401725,apartment,5,7.359,8.04582691192627
23903009219,apartment,5,7.9218,8.38758659362793
24100601008,apartment,5,8.4407,8.261994361877441
24100602365,apartment,5,8.3028,8.261994361877441
24100805371,apartment,5,8.4449,8.129547119140625
24100805800,apartment,5,7.9519,8.124676704406738
24504701721,apartment,5,7.5909,8.381033897399902
24512301397,apartment,5,7.6204,8.345900535583496
24600801529,apartment,5,7.6076,8.302254676818848
24601003510,apartment,5,7.6081,8.35253620147705
24601104252,apartment,5,7.8034,8.370959281921387
24601204427,apartment,5,7.9294,8.314011573791504
24609902301,apartment,5,7.9251,8.214452743530273
24825916838,apartment,5,7.6535,8.114584922790527
29903506900,apartment,6,8.7421,8.530147552490234
29903507842,apartment,6,8.7403,8.52171516418457
29903919172,apartment,6,9.5402,8.797545433044434
29904103540,apartment,6,8.6832,8.765793800354004
29904605643,apartment,6,8.7981,8.560863494873047
29904704511,apartment,6,9.2305,8.895943641662598
29906701011,apartment,6,8.8319,8.545990943908691
29906705211,apartment,6,9.1482,8.446718215942383
29907406153,apartment,6,8.9772,8.816610336303711
29907505631,apartment,6,8.6664,8.550887107849121
29907705193,apartment,6,9.2347,8.717040061950684
29908205917,apartment,6,8.8366,8.510315895080566
29908206115,apartment,6,8.7216,8.455754280090332
29908206808,apartment,6,9.3263,8.431200981140137
29908206808,apartment,6,8.7305,8.434107780456543
29908208223,apartment,6,8.975,8.478708267211914
29908208479,apartment,6,8.8674,8.471599578857422
29908302491,apartment,6,9.5288,9.173882484436035
29908302769,apartment,6,9.0246,9.165003776550293
29908303791,apartment,6,9.0169,9.166217803955078
29908304176,apartment,6,9.2525,9.173882484436035
29908304461,apartment,6,8.9484,9.152337074279785
29908308155,apartment,6,9.2184,9.151215553283691
29908707351,apartment,6,8.8429,9.163911819458008
29909407262,apartment,6,9.0741,8.737058639526367
29909801841,apartment,6,8.8319,8.455995559692383
29909801882,apartment,6,8.5889,8.44002914428711
29909901331,apartment,6,8.9433,8.499439239501953
29910105428,apartment,6,8.8807,8.708263397216797
29910600186,apartment,6,8.5514,8.4196138381958
29911001634,apartment,6,9.1179,8.570046424865723
29911002150,apartment,6,8.7536,8.458416938781738
29911101329,apartment,6,8.8391,8.399690628051758
29911101991,apartment,6,8.6748,8.453857421875
29911102562,apartment,6,8.509,8.457723617553711
29911103054,apartment,6,9.0489,8.457778930664062
29911403538,apartment,6,9.3746,8.456769943237305
29911403554,apartment,6,8.8856,8.45106029510498
29911406405,apartment,6,8.6894,8.340509414672852
29911501203,apartment,6,8.6045,8.490768432617188
29911602158,apartment,6,8.4112,8.272231101989746
29911708231,apartment,6,9.515,8.839492797851562
29911708398,apartment,6,9.5056,8.860994338989258
30001501019,apartment,6,8.9284,8.994638442993164
30001501183,apartment,6,8.9227,9.087857246398926
30004601731,apartment,6,8.4802,8.151647567749023
30004602630,apartment,6,7.8707,8.256604194641113
30005402228,apartment,6,8.192,8.179601669311523
30005403054,apartment,6,7.882,7.969708442687988
30005903456,apartment,6,8.3288,8.216913223266602
30006301141,apartment,6,8.0713,7.956179141998291
30006702731,apartment,6,8.2443,7.956916332244873
30007301135,apartment,6,8.178,8.01086139678955
30008900342,apartment,6,8.3379,8.103443145751953
30008900423,apartment,6,8.8558,8.098587989807129
30011400495,apartment,6,8.3562,8.577171325683594
30103001351,apartment,8,7.9273,8.448342323303223
30103001589,apartment,8,7.6612,8.45401382446289
30104200526,apartment,8,8.6615,8.713568687438965
30104600761,apartment,8,7.8783,8.322869300842285
30104701096,apartment,8,8.157,8.49499797821045
30105100339,apartment,8,7.9094,8.39136028289795
30105100533,apartment,8,8.0014,8.414337158203125
30105201275,apartment,8,8.1586,8.545029640197754
30105403617,apartment,8,8.0652,8.341329574584961
30105406489,apartment,8,7.9261,8.347593307495117
30105406683,apartment,8,8.024,8.391491889953613
30105409690,apartment,8,8.024,8.404706001281738
30105410567,apartment,8,7.9399,8.366742134094238
30105411792,apartment,8,8.1193,8.397359848022461
30105414090,apartment,8,7.943,8.387031555175781
30105425483,apartment,8,8.6226,8.754992485046387
30105429659,apartment,8,8.4677,8.831377983093262
30105429691,apartment,8,8.462,8.829676628112793
30105432341,apartment,8,8.7611,8.651632308959961
30105433486,apartment,8,8.5087,8.773998260498047
30105434008,apartment,8,8.7022,8.670446395874023
30105434911,apartment,8,8.5648,8.777644157409668
30105436019,apartment,8,8.7156,8.787576675415039
30105436043,apartment,8,8.7549,8.794344902038574
30105800871,apartment,8,8.2142,8.66995906829834
30107201728,apartment,8,8.798,8.673407554626465
30200501752,apartment,1,8.4268,8.61397647857666
30201503341,apartment,9,8.6071,8.56567668914795
30202800943,apartment,1,8.3712,8.630578994750977
30300402071,apartment,3,8.6102,8.688787460327148
30300402098,apartment,3,8.7139,8.622893333435059
30300705971,apartment,3,7.7589,8.139375686645508
30300709924,apartment,3,8.2542,8.323758125305176
30300711082,apartment,3,8.169,8.325297355651855
30300720278,apartment,3,8.2771,8.466841697692871
30301401338,apartment,3,8.548,8.491954803466797
30303402129,apartment,3,8.0288,8.206836700439453
30306601270,apartment,3,8.0064,8.199189186096191
30401800821,apartment,4,8.4851,8.266742706298828
30405301194,apartment,4,8.7677,8.411828994750977
30405900357,apartment,4,8.1521,8.238971710205078
30406402581,apartment,4,8.3442,8.44961166381836
30408404555,apartment,4,8.3143,8.17763900756836
30408404881,apartment,4,8.278,8.175821304321289
30409301849,apartment,4,8.6183,8.495651245117188
30409303256,apartment,4,8.4957,8.487415313720703
30409304996,apartment,4,8.5791,8.474183082580566
30409305135,apartment,4,8.691,8.500972747802734
30412300785,apartment,4,8.2887,8.438196182250977
30412301617,apartment,4,8.3284,8.440218925476074
30412305371,apartment,4,8.4064,8.454017639160156
30412400682,apartment,4,8.3369,8.450648307800293
30412401522,apartment,4,8.191,8.446174621582031
30501000604,apartment,4,8.0383,8.007608413696289
30501002178,apartment,4,8.1481,8.114810943603516
30501002720,apartment,4,8.2816,8.112717628479004
30501004774,apartment,4,8.0893,8.112717628479004
30501005495,apartment,4,8.1481,8.112717628479004
30505201418,apartment,4,8.3521,7.9525957107543945
30505203887,apartment,4,8.3288,7.952962875366211
30505206762,apartment,4,8.2149,8.091824531555176
30506602017,apartment,4,7.9837,7.982763767242432
30507704395,apartment,4,8.162,8.073455810546875
30507705057,apartment,4,8.2366,8.080801963806152
30508201443,apartment,4,7.9839,8.077042579650879
30508903553,apartment,4,7.7796,7.933689594268799
30509001715,apartment,4,7.9638,8.116589546203613
30509001804,apartment,4,8.0864,8.13177490234375
30509002797,apartment,4,8.0064,8.115301132202148
30513101354,apartment,4,8.076,8.136837005615234
30513700282,apartment,4,7.9977,8.10071086883545
30514303589,apartment,4,7.7116,8.076444625854492
30610900355,apartment,0,8.2118,8.325305938720703
30610909441,apartment,0,8.0064,8.319334983825684
30610909689,apartment,0,8.074,8.338147163391113
30611204697,apartment,0,8.8183,8.761002540588379
30611204913,apartment,0,8.5703,8.61421012878418
30611501081,apartment,0,8.674,8.44972038269043
30611704924,apartment,0,8.905,8.841567993164062
30611705246,apartment,0,8.7608,8.837906837463379
30612602777,apartment,0,8.4199,8.141074180603027
30612603218,apartment,0,8.1718,8.09382438659668
30613401181,apartment,0,8.1117,8.19551944732666
30701704370,apartment,7,8.0101,8.172496795654297
30702501384,apartment,7,8.3349,8.130640029907227
30702601664,apartment,7,8.5714,8.525981903076172
30702603322,apartment,7,8.221,8.441004753112793
30708200920,apartment,7,8.1117,8.078038215637207
30708203385,apartment,7,7.8681,8.102469444274902
30708203466,apartment,7,7.7966,8.074851989746094
30708204845,apartment,7,8.1152,8.297269821166992
30708401489,apartment,7,7.8456,8.156352996826172
30708601178,apartment,7,7.9219,8.135759353637695
30708601291,apartment,7,7.9715,8.140870094299316
30708601429,apartment,7,7.9048,8.140870094299316
30708602948,apartment,7,8.3089,8.300697326660156
30818100645,apartment,7,7.8456,8.238007545471191
30818100793,apartment,7,7.824,8.233165740966797
30818201980,apartment,7,7.9092,8.249434471130371
30901601257,apartment,1,8.2742,8.6416015625
30902503976,apartment,1,8.5088,8.723156929016113
30902504158,apartment,1,7.8953,8.74238109588623
30902505091,apartment,1,8.5425,8.82999324798584
30902505472,apartment,1,8.6239,8.828067779541016
30902506738,apartment,1,8.2319,8.80388355255127
30902507084,apartment,1,8.4605,8.765835762023926
30902600955,apartment,1,8.5731,9.014869689941406
30902600998,apartment,1,8.771,9.12208080291748
30902601099,apartment,1,8.8474,9.122016906738281
30902704823,apartment,1,8.5644,8.889020919799805
30902803368,apartment,1,8.5734,8.724212646484375
30903103051,apartment,1,8.7337,9.018219947814941
30903103122,apartment,1,8.7425,9.040900230407715
30903104331,apartment,1,8.8669,8.956278800964355
30903104412,apartment,1,8.7168,8.9498291015625
30903201434,apartment,1,8.363,8.770215034484863
30903201752,apartment,1,8.2685,8.725563049316406
30903401281,apartment,1,8.6788,8.769908905029297
30903401360,apartment,1,8.5685,8.769908905029297
30903503007,apartment,1,8.7591,8.978487014770508
30903603834,apartment,1,8.1366,8.622406959533691
30903605527,apartment,1,8.0229,8.617308616638184
30903605705,apartment,1,8.294,8.617029190063477
30903610849,apartment,1,8.4021,8.662055969238281
30904002656,apartment,1,8.3881,8.774446487426758
30904300894,apartment,1,8.5637,8.845784187316895
30904401224,apartment,1,8.8849,8.79000186920166
30904500729,apartment,1,8.2879,8.643186569213867
30904501571,apartment,1,8.4219,8.67127799987793
30904707821,apartment,1,8.9129,8.999207496643066
30904708567,apartment,1,8.6173,8.916023254394531
30904802172,apartment,1,8.294,8.64522647857666
30904802474,apartment,1,8.2228,8.654352188110352
30905002706,apartment,1,8.3326,8.569114685058594
30905101178,apartment,1,8.5862,8.732699394226074
30905506496,apartment,1,8.616,8.842476844787598
30905508944,apartment,1,8.6454,8.865184783935547
30905509258,apartment,1,8.8017,9.141834259033203
30905604897,apartment,1,8.6299,8.710732460021973
31001204260,apartment,1,8.5416,8.506909370422363
31002702851,apartment,1,8.5269,8.335137367248535
31002904649,apartment,1,8.2418,8.238940238952637
31002909616,apartment,1,8.619,8.478318214416504
31003003262,apartment,1,8.6548,8.494328498840332
31003004137,apartment,1,8.6697,8.480339050292969
31004302034,apartment,1,7.928,8.160862922668457
31004302093,apartment,1,8.0222,8.17506217956543
31004302468,apartment,1,8.5172,8.396843910217285
31004503511,apartment,1,8.3102,8.360886573791504
31004600450,apartment,1,8.7492,8.488524436950684
31004601457,apartment,1,8.8244,8.488822937011719
31004601694,apartment,1,8.7577,8.49247932434082
31004607013,apartment,1,8.768,8.487173080444336
31005904569,apartment,1,8.6327,8.301980018615723
31006201545,apartment,1,8.4128,8.286314010620117
31006602752,apartment,1,8.3728,8.059240341186523
31007001671,apartment,1,8.4386,8.027594566345215
00101901127,commercial,0,8.2097,8.36468505859375
00104403063,commercial,0,8.163,8.302720069885254
00104403071,commercial,0,8.1689,8.337392807006836
00104600160,commercial,0,9.0768,8.513945579528809
00104704217,commercial,0,8.0546,8.398172378540039
00104704251,commercial,0,8.3124,8.398172378540039
00104706163,commercial,0,8.3784,8.435018539428711
00104707984,commercial,0,8.7329,8.398172378540039
00104708492,commercial,0,8.4909,8.399656295776367
00104709261,commercial,0,8.6225,8.401891708374023
00104709553,commercial,0,8.5172,8.399656295776367
00300704003,commercial,0,7.5239,8.654972076416016
00501701850,commercial,0,8.4752,8.386545181274414
00506804127,commercial,0,8.1683,8.35313892364502
00506804135,commercial,0,8.1313,8.454185485839844
00600600416,commercial,0,8.6915,8.167745590209961
00600707611,commercial,0,9.0982,8.695879936218262
00601500768,commercial,0,8.0973,8.232746124267578
00602306744,commercial,0,7.292,8.211437225341797
00700203461,commercial,0,7.7128,8.367101669311523
00700504621,commercial,0,8.3311,8.35082721710205
00700900780,commercial,0,8.2671,8.334986686706543
00701209909,commercial,0,8.3015,8.31279182434082
00704505517,commercial,0,7.9647,8.370284080505371
00801200229,commercial,0,8.4118,8.415675163269043
00804302766,commercial,0,8.7316,8.478278160095215
00809302586,commercial,0,7.8623,8.162175178527832
00809302594,commercial,0,7.7231,8.172393798828125
00809302608,commercial,0,7.8055,8.167449951171875
00809302861,commercial,0,7.734,8.129024505615234
00901610240,commercial,0,8.3526,8.188814163208008
00901900028,commercial,0,9.3157,8.560165405273438
00904512614,commercial,0,9.0699,8.470792770385742
00905103939,commercial,0,8.5817,8.422622680664062
00905107837,commercial,0,8.7113,8.51340103149414
00906200725,commercial,0,8.7775,8.37800121307373
00906209201,commercial,0,8.5439,8.331319808959961
00907106226,commercial,0,8.5744,8.253996849060059
00907603130,commercial,0,8.7096,8.473401069641113
00908401701,commercial,0,8.4506,8.573991775512695
00910103100,commercial,0,7.9696,8.180137634277344
01001907949,commercial,0,8.3573,8.359426498413086
01001909453,commercial,0,8.5397,8.22653579711914
01002506573,commercial,0,8.9872,8.617627143859863
01002709822,commercial,0,8.5607,8.012513160705566
01002709865,commercial,0,7.6852,7.9986114501953125
01003005632,commercial,0,8.5302,8.491044044494629
01005602484,commercial,0,8.6902,8.510041236877441
01005801770,commercial,0,7.4485,8.464354515075684
01006900411,commercial,0,9.9523,8.829676628112793
01006900624,commercial,0,9.8294,8.836539268493652
01006903704,commercial,0,8.7498,8.781046867370605
01007301279,commercial,0,8.5982,8.554642677307129
01007301333,commercial,0,9.1652,8.541421890258789
01009400037,commercial,0,9.028,8.72570514678955
01009400991,commercial,0,9.0768,8.82636833190918
01009901524,commercial,0,8.9185,8.710193634033203
01107001455,commercial,0,8.7371,8.466816902160645
01111400032,commercial,0,9.6803,8.550387382507324
01206807393,commercial,0,8.4575,8.312100410461426
01214202225,commercial,7,8.5172,8.556084632873535
01300105038,commercial,0,8.5849,8.567333221435547
01300105186,commercial,0,8.7504,8.568978309631348
01300913819,commercial,0,8.6995,8.533934593200684
01300913827,commercial,0,8.6146,8.538549423217773
01302204904,commercial,0,8.3393,8.364063262939453
01404803866,commercial,0,8.5952,8.484993934631348
01406703834,commercial,0,8.7736,8.47637939453125
01406703850,commercial,0,8.8371,8.478825569152832
01507302541,commercial,0,8.4288,8.5895414352417
01507302584,commercial,0,8.3724,8.550233840942383
01507302592,commercial,0,8.4067,8.54825496673584
01509403272,commercial,6,8.4912,8.528858184814453
01509403280,commercial,6,8.6358,8.560280799865723
01607404311,commercial,6,7.9671,8.339747428894043
01609902068,commercial,6,8.2548,8.540019989013672
01610104900,commercial,6,8.3736,8.549220085144043
01610105346,commercial,6,8.6662,8.65519905090332
01610611810,commercial,6,8.6603,8.78586483001709
01614801398,commercial,6,9.7212,8.76579475402832
01616302879,commercial,6,8.3774,8.448809623718262
01616402997,commercial,6,8.2824,8.890768051147461
01708000161,commercial,9,8.6407,8.018393516540527
01902100182,commercial,0,8.3931,8.549890518188477
01908400201,commercial,0,8.5242,8.244684219360352
01909400149,commercial,0,8.2607,8.0701904296875
02007200368,commercial,0,8.9002,8.52144718170166
02009106253,commercial,0,8.5881,8.412643432617188
02009106474,commercial,0,8.6103,8.36007308959961
02100700049,commercial,0,8.207,8.36711597442627
02103406419,commercial,0,8.2923,8.260095596313477
02103406435,commercial,0,8.2923,8.259330749511719
02200615531,commercial,0,8.6082,8.426529884338379
02200617275,commercial,0,8.8185,8.440418243408203
02200618263,commercial,0,8.6277,8.436980247497559
02200618621,commercial,0,8.7721,8.444807052612305
02300200457,commercial,7,8.2871,8.655903816223145
02505702871,commercial,9,8.4527,8.54927921295166
02702900331,commercial,9,8.6102,8.472131729125977
02706203889,commercial,9,8.3015,8.325448036193848
02803715813,commercial,9,8.4415,8.197632789611816
02906702382,commercial,9,8.2771,8.303457260131836
02909500268,commercial,9,8.4668,8.405579566955566
03000700935,commercial,9,8.4423,8.289056777954102
03001800046,commercial,9,8.6638,8.345389366149902
03003901060,commercial,9,9.2363,8.699576377868652
03003902687,commercial,9,9.0693,8.721118927001953
03007301726,commercial,9,8.532,8.267192840576172
03010510780,commercial,9,8.9388,8.337885856628418
03103400918,commercial,9,8.7882,8.281586647033691
03104300488,commercial,9,8.7403,8.333756446838379
03202004212,commercial,9,8.8571,8.417318344116211
03202900463,commercial,9,8.3973,8.025643348693848
03203602717,commercial,9,8.1894,8.196745872497559
03404002962,commercial,1,8.1543,8.068486213684082
03600313983,commercial,0,8.2912,8.240435600280762
03600313991,commercial,0,8.2912,8.240435600280762
03602200991,commercial,0,8.6472,8.655831336975098
03701703876,commercial,1,8.0769,8.824790954589844
03702801642,commercial,1,8.847,8.811092376708984
03907403002,commercial,1,9.9108,9.182300567626953
03907604970,commercial,1,7.8886,8.235836029052734
03907605012,commercial,1,7.9374,8.23391056060791
04013001039,commercial,1,8.1807,8.236275672912598
04102909788,commercial,6,8.9227,8.947224617004395
04109100161,commercial,6,9.3841,8.170302391052246
04111002404,commercial,6,8.722,8.464631080627441
04112404123,commercial,6,8.3481,8.253291130065918
04118403293,commercial,6,8.363,8.170595169067383
04118403617,commercial,6,8.3894,8.172574043273926
04118404656,commercial,6,8.6875,8.17746353149414
04118902842,commercial,6,8.3052,8.254937171936035
04122903378,commercial,6,8.9013,8.31973934173584
04122903858,commercial,6,8.691,8.331976890563965
04124402678,commercial,6,8.8426,8.296533584594727
04202100166,commercial,1,8.2985,9.070161819458008
04213810631,commercial,6,9.1081,8.51587200164795
04213811387,commercial,6,9.1678,8.498626708984375
04301702458,commercial,1,8.2171,8.440889358520508
04305102978,commercial,1,8.3221,8.460692405700684
04305103567,commercial,1,8.1551,8.460822105407715
04305103613,commercial,1,8.2849,8.472267150878906
04506200810,commercial,1,9.0914,8.848241806030273
04624500180,commercial,1,7.9866,8.467452049255371
04708004230,commercial,1,8.6365,8.51807689666748
04710305811,commercial,1,8.3032,8.452641487121582
04715801167,commercial,1,7.5239,8.102189064025879
04716700887,commercial,1,7.8847,8.172783851623535
04719100661,commercial,1,8.1987,8.298641204833984
04722603170,commercial,1,7.7202,8.37260913848877
04722603189,commercial,1,7.7202,8.37260913848877
04728700828,commercial,1,7.3757,8.293013572692871
05000600452,commercial,1,7.5789,8.428560256958008
05004400962,commercial,1,8.2618,8.329326629638672
05004402231,commercial,1,8.5628,8.339583396911621
05004403171,commercial,1,8.4072,8.614240646362305
05228700341,commercial,9,7.6897,8.093259811401367
05403204601,commercial,9,9.2597,8.40178394317627
05404301112,commercial,9,8.6631,8.26362133026123
05404601248,commercial,9,8.489,8.434297561645508
05404601493,commercial,9,8.3593,8.421381950378418
05405200141,commercial,9,8.7064,8.45387077331543
05422905210,commercial,9,8.9191,8.38679027557373
05422905857,commercial,9,8.5172,8.405719757080078
05505100120,commercial,3,9.097,8.222658157348633
05604001104,commercial,3,7.7725,8.199172019958496
05615301392,commercial,9,8.1987,8.410390853881836
05703600413,commercial,3,8.6268,8.236003875732422
05706700397,commercial,3,8.3674,8.258682250976562
05803900737,commercial,3,9.5437,8.467718124389648
05815809871,commercial,3,8.4706,8.480376243591309
06017500090,commercial,3,8.5172,8.542593955993652
06219008685,commercial,9,7.3733,8.275229454040527
06219008847,commercial,9,7.4007,8.271763801574707
06415100580,commercial,9,8.7536,8.469440460205078
06636800348,commercial,4,8.5268,7.911403656005859
06722403440,commercial,4,8.3041,8.125678062438965
06854400260,commercial,4,8.6995,8.47679615020752
06916313021,commercial,4,8.2149,8.227971076965332
06918600011,commercial,4,8.7183,8.266064643859863
06920502534,commercial,4,7.5163,8.101846694946289
07016503232,commercial,4,8.3608,8.450255393981934
07016503240,commercial,4,8.3608,8.450255393981934
07300802362,commercial,4,8.4684,8.464898109436035
07305001090,commercial,4,8.4833,8.431020736694336
07315704329,commercial,4,8.2666,8.36696720123291
07315706054,commercial,4,8.1568,8.414778709411621
07315706143,commercial,4,8.1891,8.366966247558594
07330500615,commercial,0,8.323,8.493309020996094
07330501743,commercial,0,8.5927,8.500385284423828
07408901329,commercial,7,8.3349,8.468393325805664
07433900128,commercial,7,8.1665,8.418511390686035
07502600493,commercial,4,8.1007,8.170827865600586
07703500356,commercial,7,8.8132,8.52927017211914
07725500464,commercial,7,8.338,8.536511421203613
07840201423,commercial,7,8.3238,8.426542282104492
08000602377,commercial,7,8.3894,8.317632675170898
08004703275,commercial,7,8.4527,8.35759162902832
08009107689,commercial,7,7.9217,8.351102828979492
08015513537,commercial,7,8.561,8.439435005187988
08136402523,commercial,0,8.5862,8.810739517211914
08220600225,commercial,7,7.2843,8.183359146118164
08321202373,commercial,0,8.442,8.563414573669434
08322005601,commercial,6,8.1695,8.560330390930176
08322005611,commercial,6,8.1695,8.555957794189453
08322005921,commercial,6,8.6268,8.466080665588379
08509510865,commercial,6,8.5898,8.180097579956055
08510004366,commercial,6,8.503,8.32913875579834
08512700211,commercial,6,8.8597,8.420577049255371
08516600564,commercial,6,8.4764,8.527667999267578
08528000338,commercial,6,9.498,8.918427467346191
08544501451,commercial,6,8.1003,8.100443840026855
08544502008,commercial,6,8.1242,8.095088958740234
08549700691,commercial,6,8.2588,8.242135047912598
08550400912,commercial,6,7.9587,7.98612117767334
08551401998,commercial,6,8.585,8.163961410522461
08551700758,commercial,6,9.0516,7.886647701263428
08552601311,commercial,6,7.9048,8.032151222229004
08554004159,commercial,6,8.2345,8.530664443969727
08554103033,commercial,6,8.1807,8.433938026428223
08563204521,commercial,6,8.635,8.430405616760254
08564100241,commercial,6,8.0653,7.954216480255127
08564100258,commercial,6,7.8612,7.959265232086182
08600200660,commercial,6,7.8876,8.11449146270752
08600604338,commercial,6,7.8152,8.173624038696289
08600604346,commercial,6,7.8152,8.173624038696289
08600901871,commercial,6,8.2272,8.4075927734375
08600902134,commercial,6,8.3814,8.388198852539062
08600902266,commercial,6,8.3814,8.388198852539062
08600902398,commercial,6,8.3814,8.388198852539062
08600902525,commercial,6,8.3814,8.388198852539062
08600902657,commercial,6,8.3814,8.388198852539062
08604001425,commercial,6,8.1229,8.068831443786621
08620604198,commercial,6,8.4232,8.289783477783203
08625800361,commercial,6,9.1572,8.394949913024902
08637504825,commercial,6,8.6797,8.394441604614258
08639012202,commercial,6,8.2024,8.330219268798828
08639012555,commercial,6,8.4256,8.310081481933594
08707507437,commercial,2,8.2775,8.461811065673828
08707901356,commercial,2,8.1437,8.29314136505127
08707902255,commercial,2,8.1052,8.284529685974121
08708701709,commercial,2,8.6629,8.576337814331055
08708702489,commercial,2,8.4134,8.482379913330078
08717001781,commercial,6,8.1352,8.393573760986328
08717001986,commercial,6,8.1644,8.393073081970215
08717003652,commercial,6,8.2556,8.411209106445312
08718003923,commercial,6,8.4547,8.37269115447998
08731511521,commercial,2,7.516,8.27454948425293
08731512097,commercial,2,7.9486,8.282186508178711
08731512127,commercial,2,7.9076,8.27613639831543
08743011284,commercial,8,8.4535,8.205893516540527
09016200150,commercial,2,9.2937,8.217779159545898
09046303985,commercial,2,8.2152,7.976403713226318
09046303993,commercial,2,8.2152,7.976403713226318
09046304191,commercial,2,8.2065,8.017488479614258
09046304531,commercial,2,8.2149,8.010047912597656
09046304639,commercial,2,8.2295,7.9724273681640625
09101204076,commercial,1,7.8982,8.600639343261719
09102400413,commercial,1,8.1536,8.059794425964355
09106103545,commercial,1,7.9041,8.112812042236328
09106103936,commercial,1,7.915,8.191843032836914
09129500011,commercial,2,7.3702,8.165986061096191
09706800352,commercial,7,9.0055,9.1069974899292
09708502936,commercial,7,7.676,8.323848724365234
09708503002,commercial,7,7.9784,8.330811500549316
09708503010,commercial,7,8.2308,8.323848724365234
09708505765,commercial,7,8.6026,8.34874153137207
09708507271,commercial,7,8.2586,8.370077133178711
09708510947,commercial,7,8.3711,8.32748031616211
09708516864,commercial,7,8.63,8.70469856262207
09800901590,commercial,7,8.4798,8.541314125061035
09805802329,commercial,7,8.5559,8.32241153717041
09903700695,commercial,7,7.1082,8.536259651184082
10005300321,commercial,9,8.1731,8.204126358032227
10005300559,commercial,9,8.3066,8.213711738586426
10212300181,commercial,9,8.406,8.125751495361328
10212600361,commercial,9,8.2537,8.086318969726562
11035000570,commercial,3,8.4757,8.32285213470459
11407501428,commercial,5,7.9074,8.03996753692627
11611400170,commercial,3,8.4428,8.390347480773926
11613100395,commercial,3,8.0131,8.375624656677246
11718600053,commercial,3,9.4727,8.326749801635742
11733600212,commercial,3,7.6761,7.881353855133057
11830607218,commercial,9,8.7934,8.590583801269531
12500500216,commercial,7,8.4844,8.27110481262207
15509400292,commercial,3,8.1586,8.134876251220703
16025800366,commercial,8,8.2976,8.189309120178223
16807101413,commercial,8,7.7421,8.045917510986328
16908400343,commercial,8,8.2808,8.193785667419434
16922101161,commercial,8,8.3581,8.28061294555664
17122105988,commercial,8,8.0126,8.200894355773926
17122106453,commercial,8,7.9671,8.19126033782959
17130003153,commercial,8,8.3994,8.293600082397461
17130003986,commercial,8,8.1754,8.244699478149414
17130005555,commercial,8,8.5685,8.247858047485352
17130006861,commercial,8,8.2808,8.258286476135254
17425800021,commercial,2,7.893,7.720226287841797
19701607553,commercial,0,8.5652,8.438587188720703
19702203073,commercial,0,8.5914,8.411911964416504
19702203081,commercial,0,8.6133,8.385687828063965
19702203091,commercial,0,8.5834,8.411911964416504
19702204584,commercial,0,8.7803,8.39953327178955
19702404885,commercial,0,8.2149,8.393563270568848
19703909174,commercial,0,8.1807,8.407094955444336
19703909182,commercial,0,8.5172,8.497933387756348
19703909190,commercial,0,8.1807,8.407094955444336
19704803337,commercial,0,8.1637,8.471527099609375
19704803345,commercial,0,8.3942,8.524320602416992
19704803353,commercial,0,8.3942,8.524320602416992
19705503396,commercial,0,7.896,8.48291301727295
29903509276,commercial,6,8.6995,8.378971099853516
29903509292,commercial,6,8.6995,8.378971099853516
29903509306,commercial,6,8.6603,8.377910614013672
29903509314,commercial,6,8.4707,8.325310707092285
29903509322,commercial,6,8.6112,8.318312644958496
29904900556,commercial,6,8.6226,8.29152774810791
29905008509,commercial,6,8.5129,8.412801742553711
29913900131,commercial,6,9.2793,8.560347557067871
30004401260,commercial,6,8.7009,7.947281360626221
30602804202,commercial,4,8.5267,8.425313949584961
30602805497,commercial,4,8.178,8.440488815307617
30602805772,commercial,4,8.5076,8.435444831848145
00400900440,house,9,8.8457,8.360270500183105
00404400205,house,0,7.846,8.534308433532715
00407200576,house,9,8.3741,8.615870475769043
00605000352,house,0,8.7493,8.533135414123535
01003000630,house,0,9.0877,8.72510814666748
01003511716,house,0,9.3555,8.740540504455566
01101200456,house,0,9.0027,8.675210952758789
01102900168,house,0,8.9857,8.708006858825684
01200200586,house,7,8.862,8.569202423095703
01200200624,house,7,8.9352,8.58223819732666
01200600088,house,7,8.9337,8.830416679382324
01200700864,house,7,8.6656,8.688211441040039
01201300169,house,7,9.105,8.863597869873047
01203900724,house,0,8.3774,8.656253814697266
01204801932,house,0,8.5929,8.852863311767578
01205600574,house,0,8.711,8.913324356079102
01205900314,house,0,9.4335,8.583971977233887
01209100592,house,0,9.5242,8.930259704589844
01209900211,house,0,8.7505,8.459917068481445
01210601001,house,0,9.6899,8.777741432189941
01210902389,house,0,8.3986,8.871259689331055
01214900641,house,0,8.6284,8.703378677368164
01215001282,house,0,8.8581,8.752635955810547
01215100541,house,0,8.6565,8.707320213317871
01216100101,house,0,9.469,8.878218650817871
01217000321,house,0,9.0866,8.59015941619873
01500708429,house,0,8.8273,9.102715492248535
01500708542,house,0,8.8637,9.103930473327637
01506200338,house,0,9.1662,8.867257118225098
01614800928,house,6,8.9952,8.80262565612793
01703200152,house,9,8.7403,8.215849876403809
01803400511,house,0,8.2295,8.79708480834961
01806500590,house,0,8.7403,8.543892860412598
01806600072,house,0,8.862,8.740378379821777
01902400471,house,0,8.8356,8.573655128479004
01902800214,house,0,8.7096,8.27603816986084
01904500749,house,0,8.554,8.443260192871094
01905300468,house,0,8.5913,8.790034294128418
01910200654,house,0,8.3622,8.199483871459961
01910500631,house,0,8.6842,8.490545272827148
02102000311,house,0,8.8337,8.514993667602539
02104600057,house,0,8.8125,8.840505599975586
02106800053,house,0,8.9227,8.753449440002441
02107700400,house,0,8.2981,8.451972007751465
02109400269,house,0,8.4096,8.583329200744629
02109400341,house,0,8.9446,8.632493019104004
02109900441,house,0,8.5913,8.624281883239746
02200600410,house,0,9.4082,8.838829040527344
02206100568,house,7,8.797,9.059072494506836
02208100549,house,0,8.8899,8.661870002746582
02302100069,house,7,8.3021,8.809734344482422
02302100352,house,7,8.5172,8.99341106414795
02307200126,house,7,9.2496,9.24075698852539
02307800565,house,7,9.1452,8.944232940673828
02308900555,house,7,8.4802,8.956318855285645
02309800058,house,7,9.1678,8.759275436401367
02400900272,house,7,9.4918,8.605813026428223
02403500151,house,7,9.3645,9.088491439819336
02403800661,house,7,9.3281,9.080467224121094
02403800831,house,7,9.0711,8.75991439819336
02404000624,house,7,8.3602,8.590551376342773
02404101307,house,7,8.6446,8.783525466918945
02404101692,house,7,9.4823,8.872897148132324
02404500104,house,7,9.2103,8.892507553100586
02404800442,house,7,8.9271,8.874152183532715
02405100096,house,7,9.2287,9.144617080688477
02405100096,house,7,9.1616,9.144617080688477
02407001168,house,7,8.5708,8.64120864868164
02408100585,house,7,8.1526,8.907025337219238
02408100593,house,7,8.2097,8.87507438659668
02408200199,house,7,7.9978,8.567985534667969
02602800732,house,9,8.6644,8.141921997070312
02604000377,house,9,8.0418,8.1997709274292
02606600584,house,9,8.0754,8.261664390563965
02606900057,house,9,8.2221,8.28476619720459
02700700791,house,9,8.704,8.397873878479004
02703700581,house,9,8.8273,8.396439552307129
02706300663,house,9,8.6006,8.48284912109375
02706400188,house,9,8.6618,8.677427291870117
02708700901,house,9,9.0027,8.532731056213379
02800700440,house,9,8.8402,8.228507041931152
02805500091,house,9,8.635,8.376493453979492
02806402026,house,9,8.2909,7.957815170288086
02900300185,house,9,9.078,8.566011428833008
02902500599,house,9,8.5346,8.414721488952637
02907400071,house,9,8.1001,8.107247352600098
02907801661,house,9,8.3608,8.373696327209473
03000301471,house,9,8.6305,8.714123725891113
03008700993,house,9,8.3155,8.490694046020508
03010100760,house,9,8.9629,8.736234664916992
03010700695,house,9,8.4302,8.50171947479248
03011100624,house,9,8.8481,8.427366256713867
03011900213,house,9,8.7742,8.428376197814941
03014700495,house,9,8.2486,8.161748886108398
03102100589,house,9,8.6995,8.353663444519043
03102900119,house,9,8.4722,8.179980278015137
03102900283,house,9,8.5172,8.414490699768066
03104900388,house,9,8.1807,7.919795513153076
03104900582,house,9,8.5252,8.242973327636719
03105800123,house,9,8.2308,8.000040054321289
03108600311,house,9,8.5004,8.486924171447754
03109401231,house,9,8.1025,8.360793113708496
03201000191,house,9,8.9131,8.583715438842773
03203501066,house,9,8.8448,8.284306526184082
03203601788,house,9,8.1328,8.382076263427734
03204300463,house,9,8.7536,8.210817337036133
03206604192,house,9,9.028,8.753592491149902
03207300456,house,9,8.9737,8.223278999328613
03214000225,house,9,8.6125,8.151143074035645
03217500997,house,9,8.9661,8.53101634979248
03218300436,house,9,9.0706,8.31838321685791
03303700435,house,0,8.3466,8.531557083129883
03304701354,house,0,8.8567,8.821221351623535
03306800635,house,0,8.4118,8.647546768188477
03401000527,house,0,8.3147,8.668509483337402
03402500841,house,0,7.9819,8.324962615966797
03405000114,house,1,9.185,8.484509468078613
03405400368,house,1,8.4482,8.508784294128418
03406700225,house,1,8.7403,8.641010284423828
03407800045,house,1,8.6125,8.458712577819824
03408100071,house,1,8.5038,8.340654373168945
03408101205,house,1,8.6618,8.380789756774902
03408200661,house,1,8.5004,8.312426567077637
03408500789,house,0,8.408,8.609257698059082
03500900682,house,9,8.5942,8.451078414916992
03501000707,house,9,8.7048,8.129213333129883
03502406219,house,1,8.5046,8.488951683044434
03502600112,house,9,8.5878,8.457343101501465
03503700171,house,9,8.1167,8.24579906463623
03505301302,house,1,8.7959,8.104266166687012
03505501158,house,1,8.4378,8.114863395690918
03506000829,house,9,8.5587,8.42966365814209
03506400789,house,9,8.1192,8.267477989196777
03507200589,house,9,8.3349,8.442465782165527
03508100448,house,9,8.4659,8.183304786682129
03508100715,house,9,8.0991,8.173455238342285
03508500381,house,9,7.6009,8.286813735961914
03508700526,house,9,7.9194,8.241400718688965
03704200158,house,1,8.9532,8.644050598144531
03704300187,house,1,8.8139,8.904126167297363
03706705451,house,1,8.974,8.912264823913574
03707000281,house,1,9.058,8.478721618652344
03708200187,house,1,8.9124,8.890450477600098
03709100070,house,1,9.1458,8.640398025512695
03804500323,house,0,8.1564,8.652443885803223
03809300160,house,1,8.9193,8.560463905334473
03810200905,house,1,9.0401,8.97305679321289
03811200046,house,1,8.4831,8.735270500183105
03900400083,house,1,8.8553,8.599752426147461
03901900160,house,1,8.0973,8.379759788513184
03902000287,house,1,8.7179,8.276020050048828
03906700135,house,1,9.1659,8.479368209838867
03907102843,house,1,9.1224,8.819974899291992
03913900888,house,1,8.93,8.550738334655762
03914000120,house,1,8.4244,8.40777587890625
03914800607,house,1,8.6995,8.416387557983398
04005600271,house,1,8.0877,8.224817276000977
04006300204,house,1,8.4619,8.524362564086914
04007400113,house,1,8.9271,8.384466171264648
04009500115,house,1,8.6558,8.610020637512207
04012600850,house,1,8.8896,8.377504348754883
04012800183,house,1,8.1077,8.233046531677246
04013100339,house,1,8.531,8.373417854309082
04013400340,house,1,8.193,8.338528633117676
04013500469,house,1,8.9266,8.491751670837402
04015400097,house,1,8.7699,8.585111618041992
04015500131,house,1,8.1847,7.959797382354736
04017200346,house,1,8.4219,8.511540412902832
04017300456,house,1,9.1645,8.773679733276367
04102500146,house,6,9.3948,8.71037769317627
04124600054,house,6,9.2844,8.737080574035645
04203900514,house,1,9.1319,9.090617179870605
04215700991,house,1,8.4047,8.506746292114258
04216200273,house,1,9.014,9.14779281616211
04301700706,house,1,9.3661,8.487152099609375
04302900490,house,1,8.825,8.541215896606445
04302900512,house,1,8.8049,8.535750389099121
04305700522,house,1,8.1093,8.307367324829102
04307200381,house,1,8.5357,8.499504089355469
04307700090,house,1,8.4919,8.759578704833984
04307900251,house,1,8.421,8.397238731384277
04309400523,house,1,8.5994,8.414288520812988
04309800920,house,1,8.9256,8.468338012695312
04309900429,house,1,9.028,8.672640800476074
04313200541,house,1,8.6763,8.284302711486816
04314400293,house,1,8.4652,8.341202735900879
04314801425,house,1,8.0973,8.400285720825195
04315500615,house,1,8.2698,8.542656898498535
04315500631,house,1,8.1644,8.481314659118652
04318200183,house,1,8.2816,8.748477935791016
04319100034,house,1,8.3096,8.33217716217041
04319801350,house,1,8.7741,8.782925605773926
04409500635,house,9,8.2843,8.087605476379395
04410600338,house,9,7.9462,7.950758934020996
04410800647,house,9,8.4527,8.328919410705566
04411100347,house,9,8.0448,8.351975440979004
04412800199,house,9,7.8435,8.398152351379395
04412900401,house,9,7.61,8.03486156463623
04413200081,house,9,8.3064,8.113763809204102
04502000310,house,1,8.46,8.775171279907227
04503300490,house,1,8.0552,9.084157943725586
04503700812,house,1,8.7093,8.908329010009766
04503900412,house,1,9.0753,9.255783081054688
04503901011,house,1,8.7248,9.063045501708984
04513801166,house,1,8.4455,8.696023941040039
04516000253,house,1,8.3349,8.730045318603516
04519000254,house,1,8.4262,8.6766939163208
04519500206,house,1,8.4675,8.78126335144043
04523700664,house,6,8.6719,8.126044273376465
04529000494,house,1,8.6752,9.037775993347168
04530100294,house,6,9.028,8.556066513061523
04530700186,house,6,8.4919,8.452799797058105
04530800091,house,1,8.3071,8.72642707824707
04531300548,house,6,8.2923,8.286848068237305
04600900553,house,1,8.7275,8.607940673828125
04601300592,house,1,8.7469,8.680917739868164
04605800761,house,1,8.4431,8.650795936584473
04607900443,house,1,8.2682,8.538430213928223
04609600064,house,1,8.294,8.606926918029785
04610702381,house,1,8.2283,8.72033405303955
04610800209,house,1,8.1372,8.67828369140625
04611300862,house,1,8.9596,8.932638168334961
04611301060,house,1,9.0672,9.088848114013672
04615000200,house,1,8.449,8.972235679626465
04619102776,house,1,7.8028,8.615864753723145
04619900354,house,1,7.9388,8.873526573181152
04620100846,house,1,8.2766,8.786930084228516
04622100053,house,1,8.642,8.378172874450684
04622100355,house,1,8.5301,8.379073143005371
04624400771,house,1,8.5086,8.567712783813477
04700100249,house,1,8.5882,8.6449613571167
04700200421,house,1,7.9313,8.707305908203125
04702300229,house,1,8.363,8.604187965393066
04704700496,house,1,8.2295,8.855010986328125
04706303753,house,1,8.4678,8.791825294494629
04707100333,house,1,8.2315,8.584943771362305
04708801191,house,1,8.1754,9.029271125793457
04708802137,house,1,8.8418,8.984834671020508
04709400520,house,1,8.6995,8.55876636505127
04713800082,house,1,8.7087,8.646524429321289
04714500661,house,1,9.0926,8.840142250061035
04714600583,house,1,8.2695,8.416393280029297
04717000811,house,1,8.5942,8.263509750366211
04719801021,house,1,8.5994,8.340962409973145
04720400965,house,1,8.1096,8.07429027557373
04721100175,house,1,8.7487,8.9896240234375
04724800208,house,1,7.4418,8.468839645385742
04803000077,house,1,8.4267,8.696005821228027
04803700494,house,1,8.239,8.431138038635254
04803801002,house,1,8.6692,8.688017845153809
04804500316,house,1,8.622,8.694401741027832
04807000330,house,1,8.2808,8.63025951385498
04807000500,house,1,8.6851,8.583590507507324
04807400053,house,1,9.0332,8.346455574035645
04810000109,house,1,9.477,8.975759506225586
04814000324,house,1,8.3141,8.312392234802246
04815401446,house,1,8.137,8.395039558410645
04819000251,house,1,8.6226,8.85464096069336
04822400182,house,1,7.8494,8.218411445617676
04823401530,house,1,9.2243,8.873706817626953
04824500605,house,1,8.6713,8.521111488342285
04825200540,house,1,8.6995,8.51191520690918
04826900104,house,1,8.1877,8.270812034606934
04828500871,house,1,8.6226,8.739302635192871
04830700084,house,1,8.2161,8.582769393920898
04831001775,house,1,8.297,8.436457633972168
04832600486,house,1,8.479,8.681499481201172
04834500845,house,1,8.5374,8.608405113220215
04836600601,house,1,9.0886,8.844589233398438
04836700061,house,1,8.0327,8.57961368560791
04839400571,house,1,8.6975,8.475685119628906
04839600333,house,1,8.3187,8.470730781555176
04842100389,house,1,8.5685,8.5658540725708
04901200526,house,1,8.5849,8.671157836914062
04903300455,house,1,8.4652,8.717612266540527
04903600270,house,1,7.9931,8.606916427612305
04903600386,house,1,8.4946,8.75537109375
04905600618,house,1,8.1689,8.341922760009766
04906100392,house,1,8.2212,8.498165130615234
04909900802,house,1,8.2677,8.384917259216309
04911101040,house,1,8.3894,8.730634689331055
04913600850,house,1,7.8666,8.347406387329102
04914300915,house,1,8.24,8.535175323486328
04920400691,house,1,8.1363,8.072811126708984
04920500297,house,1,8.3248,8.315840721130371
04923000953,house,1,8.5188,8.549114227294922
04924000353,house,1,8.1461,8.561742782592773
04924100315,house,1,8.0227,8.558754920959473
04925900226,house,1,8.6915,8.716791152954102
04927601293,house,1,8.1452,8.142814636230469
04927601811,house,1,8.0385,8.209994316101074
04945000451,house,1,7.874,8.010473251342773
04945100527,house,1,8.6928,8.554747581481934
04945100586,house,1,7.9092,8.245560646057129
04945500576,house,1,7.5533,8.138191223144531
05000500407,house,1,8.3837,8.739096641540527
05008501119,house,1,8.3749,8.519608497619629
05008800450,house,1,8.7248,8.447127342224121
05014300022,house,1,8.5829,8.526187896728516
05014600727,house,1,7.9811,8.172294616699219
05016100179,house,1,8.8945,8.950868606567383
05016700559,house,1,7.9391,8.491739273071289
05018400153,house,1,8.4482,8.267041206359863
05018800518,house,1,8.442,8.199357032775879
05019000671,house,1,7.7628,8.366482734680176
05021100211,house,1,8.4019,8.470674514770508
05022800462,house,1,8.055,8.427430152893066
05101001041,house,9,8.6662,8.158549308776855
05101711950,house,9,8.7675,8.438993453979492
05101711993,house,9,8.7359,8.438993453979492
05102800302,house,9,8.4482,8.3162260055542
05104900428,house,9,8.2541,8.229565620422363
05106400503,house,9,7.8251,8.056994438171387
05107701949,house,9,8.6173,8.296768188476562
05110000522,house,9,8.3662,8.319398880004883
05110100527,house,9,8.552,8.369924545288086
05110600422,house,9,8.8162,8.653472900390625
05111300287,house,9,8.568,8.28857707977295
05111600469,house,9,8.8001,8.546019554138184
05111600485,house,9,8.8144,8.562378883361816
05113000345,house,9,8.6373,8.374120712280273
05113100625,house,9,8.8708,8.611340522766113
05114800388,house,9,8.9002,8.71206283569336
05114900234,house,9,8.955,8.62566089630127
05115501783,house,9,8.3296,8.443880081176758
05116200401,house,9,8.7123,8.64585018157959
05116400301,house,9,8.5081,8.27016830444336
05117600568,house,9,7.9823,8.165887832641602
05117700732,house,9,8.4423,8.07193374633789
05122500355,house,9,7.7853,8.132691383361816
05122500398,house,9,7.8187,7.990235805511475
05122500908,house,9,8.7485,8.537985801696777
05122700826,house,9,8.5256,8.477882385253906
05122700842,house,9,8.5584,8.499722480773926
05123200282,house,9,9.0478,8.312082290649414
05124500506,house,9,8.4802,8.165287017822266
05129700708,house,9,8.4787,8.398111343383789
05130000358,house,9,7.9385,7.919770240783691
05131100712,house,9,8.2912,8.12761402130127
05132000126,house,9,8.8356,8.14254093170166
05132100619,house,9,8.5642,7.94655179977417
05132400442,house,9,8.3034,8.137689590454102
05133700921,house,9,8.2345,8.268306732177734
05133701055,house,9,8.9227,8.657532691955566
05133701195,house,9,8.4957,8.356027603149414
05133901828,house,9,8.9081,8.298303604125977
05201900526,house,9,8.4607,8.393460273742676
05202401043,house,9,8.6372,8.288519859313965
05202700075,house,9,7.9699,8.251730918884277
05204400958,house,9,8.3096,8.453958511352539
05204400974,house,9,8.8049,8.461536407470703
05205300418,house,9,8.3349,8.367289543151855
05205402644,house,9,8.5682,8.326159477233887
05205402776,house,9,8.5926,8.282109260559082
05206900869,house,9,8.7267,8.465993881225586
05207800957,house,9,8.3653,8.106879234313965
05209600564,house,9,8.9782,8.241687774658203
05224603439,house,9,8.8523,8.368829727172852
05225700543,house,9,8.905,8.659062385559082
05229200057,house,9,8.3472,8.046012878417969
05232901087,house,9,8.731,8.082531929016113
05236700485,house,9,8.163,8.230623245239258
05301000535,house,9,7.6009,8.0510892868042
05303300757,house,3,8.3096,8.547786712646484
05304900227,house,9,9.2103,8.949346542358398
05308900183,house,9,8.3481,8.363404273986816
05312400505,house,3,8.5384,8.265739440917969
05331700365,house,9,7.9215,8.353018760681152
05334200304,house,9,8.6036,8.036724090576172
05406201263,house,9,8.7403,8.574617385864258
05407200538,house,9,8.6723,8.26404857635498
05409801946,house,9,8.4784,8.325807571411133
05417300561,house,9,8.948,8.582416534423828
05418000081,house,9,8.6252,8.341654777526855
05419800489,house,9,8.6454,8.514333724975586
05428100125,house,9,8.1117,7.912038803100586
05428300191,house,9,9.0982,8.435574531555176
05500600133,house,3,8.3684,8.471004486083984
05507800510,house,3,8.4895,8.3702974319458
05508300491,house,3,8.779,8.441650390625
05513000369,house,3,8.6305,8.701213836669922
05520100561,house,3,8.0604,8.475685119628906
05521401180,house,3,8.0014,8.377047538757324
05522004150,house,9,9.0205,8.580607414245605
05522202361,house,9,8.9922,8.479538917541504
05522900881,house,3,8.668,8.52885627746582
05523001090,house,3,8.6507,8.527582168579102
05523900052,house,3,8.6851,8.263102531433105
05524000977,house,3,8.8739,8.637258529663086
05525200945,house,3,8.4482,8.595186233520508
05526601293,house,3,8.3221,8.610575675964355
05527300297,house,3,9.1951,8.65886402130127
05528500801,house,3,8.2054,8.546806335449219
05529100309,house,3,8.7796,8.682183265686035
05530300391,house,9,8.7017,8.152878761291504
05530900380,house,3,8.8655,8.667128562927246
05535000671,house,3,8.4531,8.303485870361328
05535800260,house,3,8.8537,8.577759742736816
05608100131,house,3,7.8598,8.044693946838379
05608400178,house,3,8.1807,8.162579536437988
05610701600,house,3,8.5289,8.533632278442383
05612303157,house,9,8.4347,8.403078079223633
05612600615,house,9,8.1757,8.41574478149414
05612700245,house,9,8.2146,8.113749504089355
05613001219,house,3,8.2637,8.283679962158203
05619401553,house,3,9.1387,8.456836700439453
05620501991,house,9,8.2428,8.41912841796875
05620600149,house,3,8.2752,8.312507629394531
05623400973,house,3,8.5172,8.418106079101562
05623700136,house,3,8.5942,8.716248512268066
05700800489,house,3,8.2591,8.41263198852539
05701700690,house,3,8.1495,8.456018447875977
05701900118,house,3,8.2428,7.835565567016602
05703200350,house,3,8.6226,8.541451454162598
05704600107,house,3,8.0709,8.52530288696289
05704702058,house,3,8.2659,8.421207427978516
05705400667,house,3,7.9768,8.30733871459961
05706800545,house,3,8.2171,8.330201148986816
05708600901,house,3,8.2631,8.31397819519043
05708600918,house,3,8.1826,8.381731986999512
05709400734,house,3,8.6797,8.458308219909668
05711201409,house,3,8.5323,8.613725662231445
05713501213,house,3,8.4925,8.33700180053711
05716300537,house,3,8.5685,8.529153823852539
05716500331,house,3,7.8913,8.126535415649414
05718001189,house,3,8.1047,8.166815757751465
05720300368,house,3,8.689,8.82225513458252
05725400646,house,3,8.4876,8.811619758605957
05725800628,house,3,7.9782,8.093635559082031
05728000975,house,3,8.8919,8.876516342163086
05728000991,house,3,8.8049,8.872633934020996
05800201341,house,3,8.4284,8.420679092407227
05800701709,house,3,8.3332,8.382777214050293
05801000682,house,3,7.9804,8.332185745239258
05802901721,house,3,9.0106,8.645492553710938
05803201138,house,3,8.359,8.590713500976562
05803800831,house,3,8.9359,8.836028099060059
05805900890,house,3,8.6482,8.53956413269043
05806401103,house,3,8.478,8.477621078491211
05808200172,house,3,8.4032,8.429886817932129
05808500338,house,3,8.4764,8.505511283874512
05810201458,house,3,8.8595,8.754199028015137
05811200293,house,3,8.5425,8.509421348571777
05811300484,house,3,8.2863,8.810905456542969
05813401857,house,3,8.2674,8.46083927154541
05814000686,house,3,8.0845,8.341466903686523
05815201502,house,3,8.4895,8.494256019592285
05815600296,house,3,8.9002,8.521180152893066
05816501038,house,3,8.7991,8.712944030761719
05816901036,house,3,8.545,8.575517654418945
05817600900,house,3,8.4198,8.494986534118652
05817900785,house,3,8.0334,8.517696380615234
05818001016,house,3,8.9486,8.812965393066406
05818301443,house,3,8.8154,8.777546882629395
05819500725,house,3,8.7843,8.776266098022461
05824000220,house,3,8.42,8.484526634216309
05900901262,house,3,9.1036,8.478447914123535
05901000234,house,3,8.1787,8.105949401855469
05901301137,house,3,8.3012,8.147188186645508
05901605292,house,3,8.4449,8.492464065551758
05901605306,house,3,8.4449,8.521546363830566
05902800641,house,3,8.4895,8.485880851745605
05903000266,house,3,8.566,8.548510551452637
05903604242,house,3,8.6855,8.525216102600098
05904301960,house,3,8.1117,8.470434188842773
05905302057,house,3,8.9609,8.71503734588623
05906501592,house,3,8.2772,8.508670806884766
05907301351,house,3,8.6965,8.610328674316406
05907700564,house,3,8.6061,8.65011978149414
05908400386,house,3,8.7988,8.586858749389648
05908500283,house,3,7.8494,8.105883598327637
05908900761,house,3,8.7382,8.502113342285156
05909500775,house,3,8.7308,8.597613334655762
05909500783,house,3,8.7229,8.61134147644043
05909800841,house,3,8.7962,8.412506103515625
05909900838,house,3,8.168,8.438128471374512
05911101181,house,3,8.9446,8.65602970123291
05911401096,house,3,8.0064,8.35265064239502
05912900738,house,3,8.6042,8.52194881439209
05913000897,house,3,8.5791,8.29892635345459
05913101324,house,3,8.0121,8.345532417297363
05913700759,house,3,8.2097,8.149957656860352
05913701399,house,3,8.1178,8.31472110748291
05913800966,house,3,8.3894,8.34812068939209
05914100968,house,3,8.8503,8.736857414245605
05914201039,house,3,8.6713,8.464544296264648
05915101267,house,3,8.8919,8.668206214904785
05915101798,house,3,8.5172,8.66489028930664
05915200818,house,3,7.8481,8.130444526672363
05915300464,house,3,8.9792,8.607529640197754
05915600751,house,3,8.6609,8.331074714660645
05917901384,house,3,8.3914,8.300600051879883
05917902161,house,3,8.812,8.472705841064453
05918100202,house,3,7.9403,8.236058235168457
05918600124,house,3,8.3958,8.131016731262207
05921100382,house,3,8.5374,8.599428176879883
05922000667,house,3,8.4665,8.452369689941406
05922100866,house,3,8.8883,8.7882080078125
05922200453,house,3,8.3194,8.2373046875
05922600117,house,3,8.4162,7.882073879241943
05923900084,house,3,8.0317,8.282054901123047
05924401480,house,3,8.601,8.490894317626953
05925100468,house,3,9.0006,8.748860359191895
05925400178,house,3,8.6416,8.32985782623291
05926102715,house,3,8.6603,8.807693481445312
05928800606,house,3,7.8753,7.9864044189453125
05929601070,house,3,8.0778,8.556161880493164
05931100733,house,3,8.435,8.431107521057129
06000800444,house,3,7.694,8.14590072631836
06002700439,house,3,8.2993,8.115802764892578
06002900683,house,3,7.8054,8.584138870239258
06002900691,house,3,7.8054,8.584138870239258
06003405295,house,3,8.7294,8.568225860595703
06003501121,house,3,8.8772,8.629631996154785
06004101060,house,3,8.2224,8.276126861572266
06004101125,house,3,8.4449,8.640055656433105
06004900737,house,3,8.2065,8.046029090881348
06007201651,house,3,8.395,8.39514446258545
06007700259,house,3,7.6299,8.048415184020996
06008200845,house,3,8.5965,8.574655532836914
06008200896,house,3,8.7737,8.534602165222168
06008300645,house,3,8.239,8.217876434326172
06008400321,house,3,8.1887,8.368565559387207
06011001076,house,3,8.5881,8.767217636108398
06012903065,house,3,8.683,8.570170402526855
06013100901,house,3,8.372,8.174991607666016
06014800530,house,3,8.5952,8.36918830871582
06015601991,house,3,8.2844,8.130804061889648
06016600466,house,3,8.6959,8.722345352172852
06017601261,house,3,8.7921,8.636773109436035
06019800611,house,3,8.4659,7.967248916625977
06023800361,house,3,8.9804,8.652458190917969
06023900471,house,3,8.9515,8.506111145019531
06024600488,house,3,8.3786,8.552019119262695
06026200606,house,3,8.4616,8.107230186462402
06028400572,house,3,8.6936,8.261407852172852
06031500434,house,3,7.9638,8.13228988647461
06100600471,house,3,7.7867,8.163329124450684
06102800079,house,3,8.0053,7.945375919342041
06103601851,house,3,8.276,8.152587890625
06103601894,house,3,8.4345,8.36221694946289
06103803543,house,3,8.6386,8.640486717224121
06103803594,house,3,8.4131,8.445462226867676
06104701371,house,3,8.7612,8.581962585449219
06104900321,house,3,8.4219,8.427115440368652
06106101698,house,3,8.2621,8.405050277709961
06106801126,house,3,8.5172,8.607681274414062
06106900965,house,3,8.8127,8.630370140075684
06108203412,house,3,8.8717,8.799105644226074
06108600195,house,3,8.0631,8.194337844848633
06109503207,house,3,8.1117,8.450431823730469
06109900419,house,3,8.7829,8.800814628601074
06112200392,house,3,8.7704,8.75268840789795
06114101758,house,3,9.0375,8.67457103729248
06114101898,house,3,9.0905,8.65916633605957
06114500024,house,3,7.8917,7.956528663635254
06114700589,house,3,8.6206,8.531876564025879
06115402700,house,3,9.0655,8.603178977966309
06115402832,house,3,8.3052,8.438603401184082
06115402999,house,3,8.294,8.418598175048828
06115607051,house,3,9.0527,8.850038528442383
06201200304,house,9,8.5172,8.537166595458984
06203400335,house,9,9.444,8.559154510498047
06203600156,house,9,8.8302,8.398571968078613
06203700071,house,9,8.5936,8.237014770507812
06204700502,house,9,8.5477,8.357659339904785
06210600530,house,9,8.5758,8.417609214782715
06211200943,house,9,8.7403,8.558892250061035
06211300141,house,9,8.6343,8.20350170135498
06211800363,house,9,7.7786,8.1710844039917
06213200231,house,9,8.6622,8.223670959472656
06214100591,house,9,8.1951,8.610052108764648
06216300377,house,9,8.4792,8.276189804077148
06218900894,house,9,8.59,8.497714042663574
06219800818,house,9,8.3428,8.236828804016113
06306600167,house,9,8.8714,8.522928237915039
06306900284,house,9,7.8324,8.296187400817871
06325100271,house,9,7.7863,8.23060131072998
06409900260,house,4,8.8255,8.548548698425293
06414900321,house,9,8.6226,8.471943855285645
06416700980,house,4,8.235,8.374761581420898
06500802004,house,4,8.654,8.435290336608887
06504701466,house,4,8.7443,8.630815505981445
06506300604,house,4,7.9633,8.196114540100098
06508101072,house,4,8.6701,8.391347885131836
06509000431,house,4,8.4542,8.302047729492188
06510400316,house,4,9.0943,8.301068305969238
06511000370,house,4,8.3745,8.057445526123047
06512600185,house,9,8.6163,8.475043296813965
06515800754,house,4,8.5425,8.276453018188477
06602400665,house,4,8.0472,8.228400230407715
06602600796,house,4,7.9447,8.110919952392578
06603901455,house,4,8.4381,8.0951509475708
06606400643,house,4,8.8049,8.51899528503418
06608301154,house,4,8.8388,8.654476165771484
06608801742,house,4,8.7113,8.290369987487793
06611000828,house,4,8.0923,8.292081832885742
06611700153,house,4,8.1117,8.384071350097656
06618801230,house,4,8.1022,8.179919242858887
06620600824,house,4,8.4372,8.368278503417969
06622400423,house,4,7.8426,7.911493301391602
06624500271,house,4,8.1402,8.154607772827148
06626601725,house,4,8.478,8.326860427856445
06628900411,house,4,8.2324,8.052024841308594
06629300149,house,4,8.5222,7.927478790283203
06631000734,house,4,8.5731,8.390484809875488
06631400368,house,4,8.363,8.70020580291748
06633000227,house,4,8.5172,8.445980072021484
06638900102,house,4,8.0709,8.285028457641602
06645101181,house,4,8.4854,8.318787574768066
06653100030,house,4,8.3136,8.387446403503418
06654400690,house,4,8.4015,8.275351524353027
06655900451,house,4,8.5014,8.279073715209961
06656700454,house,4,8.6754,8.708213806152344
06659500200,house,4,8.132,8.269841194152832
06661200138,house,4,8.382,8.433470726013184
06661400714,house,4,8.3349,8.361674308776855
06701100538,house,4,8.4921,8.237792015075684
06701201369,house,4,8.5477,8.46086311340332
06702102399,house,4,8.363,8.570064544677734
06703701547,house,4,8.6418,8.241697311401367
06703804087,house,4,7.9408,8.283616065979004
06704500707,house,4,8.0135,8.099763870239258
06704501551,house,4,8.0273,8.05667781829834
06705401079,house,4,8.6311,8.671372413635254
06705601272,house,4,8.4278,8.377084732055664
06707800965,house,4,8.1399,8.363645553588867
06708800535,house,4,8.75,8.398979187011719
06710401308,house,4,8.371,8.362677574157715
06710500632,house,4,8.6578,8.34582233428955
06713300332,house,4,8.7403,8.54813003540039
06714200781,house,4,9.0272,8.785539627075195
06716101012,house,4,8.2577,8.749066352844238
06716101381,house,4,8.2659,8.392624855041504
06716101403,house,4,7.5625,8.00759220123291
06717001283,house,4,8.2453,8.271079063415527
06720100297,house,4,8.9081,8.742921829223633
06720201972,house,4,8.3187,8.414949417114258
06720600893,house,4,9.0502,8.510465621948242
06721601257,house,4,7.8579,8.242029190063477
06722801111,house,4,8.041,8.199962615966797
06726201338,house,4,8.919,8.644404411315918
06727300887,house,4,7.9146,8.03634262084961
06727400474,house,4,8.3789,8.031237602233887
06728601899,house,4,8.6936,8.606496810913086
06728902163,house,4,8.4302,8.355992317199707
06730500182,house,4,9.0852,8.834105491638184
06730600322,house,4,8.1342,8.143111228942871
06731600229,house,4,8.2577,8.174220085144043
06733300095,house,4,8.1257,8.01783275604248
06734800229,house,4,8.566,8.446090698242188
06734901149,house,4,8.1242,8.564925193786621
06735100077,house,4,9.0067,8.537324905395508
06736700310,house,4,8.8239,8.515257835388184
06737500544,house,4,8.4641,8.365859985351562
06738200641,house,4,8.5713,8.329845428466797
06739100187,house,4,7.3789,7.876302719116211
06741200029,house,4,8.5511,8.097065925598145
06741900381,house,4,8.2035,8.15410327911377
06744300350,house,4,8.6284,8.456422805786133
06747800095,house,4,8.6851,8.375504493713379
06748100038,house,4,8.6595,8.28326416015625
06748300878,house,4,8.1865,8.29114818572998
06749300421,house,4,7.9164,7.912594318389893
06750200109,house,4,8.0709,7.9860310554504395
06800200867,house,4,7.9225,8.31016731262207
06801503324,house,4,8.7808,8.626734733581543
06802601931,house,4,9.0768,8.552034378051758
06803902455,house,4,8.4219,8.590211868286133
06808000697,house,4,8.8939,8.776220321655273
06810100962,house,4,8.36,8.485708236694336
06810101179,house,4,8.1998,8.485472679138184
06810101942,house,4,8.5172,8.63615608215332
06812500283,house,4,8.5004,8.228536605834961
06812500364,house,4,8.7156,8.492745399475098
06814601745,house,4,8.3261,8.467485427856445
06814800985,house,4,7.9374,8.362868309020996
06815400670,house,4,8.6829,8.399333953857422
06816100751,house,4,8.1568,8.43608283996582
06816700724,house,4,8.7052,8.460271835327148
06818200508,house,4,7.937,8.025015830993652
06820200846,house,4,8.4931,8.410365104675293
06824001759,house,4,8.5862,8.647378921508789
06825800094,house,4,8.3875,8.394527435302734
06826200521,house,4,8.6978,8.350831031799316
06826200600,house,4,8.3021,8.289552688598633
06826500825,house,4,7.7576,8.177923202514648
06826600341,house,4,8.3889,8.38982105255127
06828400569,house,4,8.6226,8.566863059997559
06829200466,house,4,7.9782,8.23437213897705
06829200547,house,4,8.4684,8.408967971801758
06830700213,house,4,8.41,8.244359970092773
06832000383,house,4,7.6009,8.420148849487305
06836900524,house,4,9.0005,8.619156837463379
06837700162,house,4,8.3671,8.528319358825684
06837700308,house,4,8.087,8.423500061035156
06839500322,house,4,8.7036,8.732461929321289
06839800652,house,4,8.5489,8.4625825881958
06843100392,house,4,8.7598,8.57120418548584
06845300887,house,4,8.0488,8.396913528442383
06848000108,house,4,8.2428,8.45624828338623
06851401266,house,4,8.0626,8.330076217651367
06852000524,house,4,8.8284,8.516865730285645
06853200020,house,4,7.9939,8.331067085266113
06853200241,house,4,8.3324,8.159902572631836
06853401468,house,4,8.3253,8.297624588012695
06854101352,house,4,9.004,8.679741859436035
06854202167,house,4,8.7403,8.556756019592285
06900900631,house,4,8.3576,8.370048522949219
06902301662,house,4,8.7057,8.408907890319824
06907600218,house,4,8.8818,8.505210876464844
06908400123,house,4,9.2013,8.450969696044922
06909201566,house,4,8.9567,8.348567962646484
06911300479,house,4,8.7759,8.495477676391602
06913101058,house,4,8.1031,8.326212882995605
06915300600,house,4,8.3868,8.228920936584473
06915700201,house,4,8.637,8.36614990234375
06916100826,house,4,8.4412,8.300561904907227
06917300160,house,4,8.5817,8.413732528686523
06917701130,house,4,8.4482,8.318241119384766
06917900151,house,4,8.0552,8.234196662902832
07004601420,house,4,8.294,8.57741928100586
07004701751,house,4,8.7121,8.22716236114502
07006501709,house,4,8.2525,8.349886894226074
07006702569,house,4,8.8269,8.40677261352539
07006703212,house,4,8.1543,8.215481758117676
07007800610,house,4,7.9995,8.20080280303955
07008100612,house,4,8.6051,8.205100059509277
07008800533,house,4,8.2245,8.137052536010742
07009200572,house,4,8.2876,8.543526649475098
07010800456,house,4,8.1432,8.327219009399414
07012501219,house,4,7.4101,8.099128723144531
07012700351,house,4,8.0041,8.220295906066895
07013802761,house,4,8.5172,8.500767707824707
07015502100,house,4,7.7311,8.353619575500488
07016101010,house,4,8.6042,8.28060245513916
07016101894,house,4,8.6785,8.652416229248047
07017604342,house,4,8.0383,8.17658805847168
07017800486,house,4,8.37,8.59210205078125
07018100844,house,4,7.9774,8.040043830871582
07018401232,house,4,8.4547,8.320581436157227
07018401240,house,4,8.2396,8.32443618774414
07019301126,house,4,8.0064,8.332204818725586
07019302025,house,4,8.7739,8.462494850158691
07019302637,house,4,7.9492,8.003477096557617
07019304222,house,4,8.1605,8.07511043548584
07019304362,house,4,8.3044,8.309539794921875
07020700421,house,4,8.4828,8.17752742767334
07021100401,house,4,8.4759,8.238985061645508
07021300050,house,4,8.1938,8.209728240966797
07023007652,house,4,8.1689,8.363263130187988
07023011749,house,4,8.4641,8.558459281921387
07024701250,house,4,8.7916,8.518128395080566
07024801115,house,4,8.4032,8.298539161682129
07024902442,house,4,8.6057,8.211996078491211
07028500446,house,4,8.2742,8.33498477935791
07033300492,house,4,7.9837,8.064234733581543
07035000615,house,4,7.9481,8.316679954528809
07035800621,house,4,8.3489,8.019980430603027
07037400033,house,4,7.9111,7.930356979370117
07037700711,house,4,8.6226,8.20387077331543
07039402981,house,4,8.2385,8.376287460327148
07039403145,house,4,8.606,8.305115699768066
07041000125,house,4,8.3533,8.112534523010254
07041200221,house,4,8.4392,8.508811950683594
07105201436,house,4,8.2183,8.194007873535156
07107200356,house,4,7.7814,7.838503837585449
07109600335,house,4,8.4684,8.484991073608398
07111100964,house,4,8.2396,8.318756103515625
07112700681,house,4,8.5262,8.354771614074707
07113500692,house,4,8.3407,8.229432106018066
07125100090,house,4,8.7932,8.263642311096191
07125700489,house,4,8.0645,8.010437965393066
07127100330,house,4,8.3416,8.252791404724121
07132100483,house,4,8.2063,8.253019332885742
07136800722,house,4,8.4302,7.952958106994629
07137604838,house,4,8.8049,8.221515655517578
07137701132,house,4,8.1157,8.148205757141113
07141605770,house,4,8.363,8.243189811706543
07146402894,house,4,9.0489,8.213118553161621
07147000201,house,4,8.8257,8.18520450592041
07147301749,house,4,8.4684,7.807841777801514
07151500165,house,4,8.363,8.10544204711914
07151500361,house,4,9.14,8.374237060546875
07152200548,house,4,8.0754,8.229251861572266
07200500429,house,4,8.46,8.136958122253418
07202501953,house,4,8.2903,8.318536758422852
07202900025,house,4,8.1305,8.055038452148438
07203200991,house,4,8.1731,8.484923362731934
07204400240,house,4,8.9546,8.688647270202637
07205901103,house,4,8.5903,8.520822525024414
07206000924,house,4,8.391,8.525758743286133
07209800077,house,4,9.1413,8.338563919067383
07210100504,house,4,8.5459,8.5697021484375
07211900431,house,4,8.6226,8.597078323364258
07213601008,house,4,8.1495,8.413135528564453
07216802888,house,4,8.3796,8.3478422164917
07217600391,house,4,8.1707,8.383769035339355
07217801524,house,4,8.1117,8.302928924560547
07220101864,house,4,8.3931,8.425949096679688
07220800479,house,4,9.1598,8.639835357666016
07221000581,house,4,8.2439,8.296751022338867
07221100993,house,4,8.406,8.41360092163086
07221101205,house,4,8.948,8.550628662109375
07222100334,house,4,8.363,8.46491813659668
07305600679,house,4,8.9324,8.699613571166992
07306101714,house,4,8.3223,8.243196487426758
07326000115,house,4,8.5083,8.337845802307129
07329100188,house,4,8.6558,8.222533226013184
07504100102,house,4,7.9481,7.98981237411499
07506800421,house,7,8.3143,8.2539644241333
07507000281,house,7,8.2649,8.250000953674316
07513601011,house,4,8.406,8.548837661743164
07514200266,house,4,8.4821,8.487531661987305
07520300986,house,7,8.6805,8.854940414428711
07520500551,house,7,8.5685,8.481949806213379
07522600758,house,4,9.3355,8.663993835449219
07524002165,house,7,7.4684,8.183934211730957
07525406294,house,4,8.6941,8.575393676757812
07525406340,house,4,8.6177,8.61008071899414
07525801649,house,4,8.4131,8.284859657287598
07530400606,house,4,8.3946,8.3729829788208
07534401364,house,7,8.2548,8.272377967834473
07535300200,house,7,8.097,8.40949821472168
07536100299,house,4,7.4052,7.913429260253906
07600800454,house,7,8.902,8.802692413330078
07608500107,house,7,8.8092,8.445850372314453
07609100897,house,7,8.351,8.306947708129883
07609800414,house,7,8.3864,8.051525115966797
07609800538,house,7,9.013,8.904142379760742
07609800546,house,7,8.9719,8.90556526184082
07610000744,house,7,8.4668,8.158699035644531
07610300438,house,4,8.163,7.826104640960693
07610501840,house,4,8.3,8.27220630645752
07614400331,house,4,7.5796,8.086816787719727
07616500285,house,7,7.9676,7.8547282218933105
07617400438,house,7,8.4735,8.36011791229248
07618302529,house,7,8.6063,8.32068157196045
07619200037,house,7,8.1388,8.244589805603027
07620700171,house,7,8.532,8.770386695861816
07624800349,house,7,8.4875,8.524089813232422
07624800578,house,7,8.6905,8.618059158325195
07624800616,house,7,8.8876,8.659592628479004
07628500331,house,7,8.4699,8.464216232299805
07642500408,house,7,8.8626,8.70798397064209
07643000281,house,7,8.6101,8.50920581817627
07643200270,house,7,8.4118,8.592517852783203
07645100206,house,7,8.5041,8.493557929992676
07645100461,house,7,8.3349,8.157638549804688
07646304018,house,7,8.9714,8.527338027954102
07648900041,house,7,7.9811,8.240021705627441
07650200231,house,7,7.6009,8.129155158996582
07651301201,house,7,8.055,8.30040454864502
07651303032,house,7,8.5318,8.374064445495605
07651303083,house,7,8.7598,8.550530433654785
07677600352,house,7,8.3506,8.236543655395508
07700400768,house,7,8.6226,8.643402099609375
07700500193,house,7,8.3758,8.67119312286377
07703000655,house,7,8.036,8.703093528747559
07705800438,house,7,8.4659,8.790372848510742
07714300736,house,7,7.824,8.742114067077637
07724800545,house,7,8.4291,8.7794189453125
07730800462,house,7,8.8383,8.8685941696167
07730800489,house,7,9.0649,8.999178886413574
07737205225,house,7,8.3027,8.856609344482422
07743601587,house,7,8.4094,8.518954277038574
07743602206,house,7,8.5484,8.80954360961914
07744801644,house,7,8.0133,8.655156135559082
07744801903,house,7,8.1687,8.765591621398926
07802601142,house,7,8.8855,8.738483428955078
07803000827,house,7,8.797,8.73621654510498
07805100551,house,7,8.9872,8.666845321655273
07805400504,house,7,8.5352,8.504812240600586
07805401081,house,7,9.0315,8.861035346984863
07806101462,house,7,8.46,8.474396705627441
07807100230,house,7,8.6995,8.912988662719727
07807100516,house,7,8.7852,8.580241203308105
07807200383,house,7,8.1117,8.595131874084473
07807300213,house,7,8.6326,8.686169624328613
07808900451,house,7,8.4381,8.769522666931152
07808901679,house,7,8.4034,8.560873985290527
07818000461,house,7,8.2272,8.678586959838867
07818100458,house,7,8.7403,8.578104972839355
07818601252,house,7,8.3862,8.704742431640625
07821300187,house,7,8.2589,8.309026718139648
07821500569,house,7,8.9483,8.917288780212402
07821600717,house,7,8.4289,8.364950180053711
07822400312,house,7,8.7702,8.501157760620117
07823700638,house,7,8.7584,8.87747573852539
07824100431,house,7,8.6792,8.568882942199707
07824500012,house,7,8.7511,8.588532447814941
07825300599,house,7,8.8167,8.563383102416992
07825300701,house,7,8.728,8.78727912902832
07825801512,house,7,8.503,8.56835651397705
07826200113,house,7,9.0142,8.818291664123535
07826400694,house,7,8.3041,8.216876029968262
07832400633,house,7,8.7308,8.723401069641113
07836900177,house,7,8.2254,8.893500328063965
07838100437,house,7,8.0864,8.367705345153809
07840202659,house,7,8.9036,8.912195205688477
07840900577,house,7,8.6903,8.64747428894043
07840900712,house,7,8.4064,8.541431427001953
07841000723,house,7,8.4611,8.541869163513184
07842801851,house,7,8.1678,8.257511138916016
07843200649,house,7,8.747,8.63583755493164
07844700386,house,7,8.8385,8.943262100219727
07849100085,house,7,8.8451,8.850069046020508
07852809731,house,7,9.0576,9.083362579345703
07852810969,house,7,9.0711,9.061797142028809
07917800199,house,7,8.4945,8.380154609680176
07919900255,house,7,8.294,8.74494457244873
07966001482,house,7,8.4621,8.477635383605957
07966400468,house,7,7.9462,8.16597843170166
07966600041,house,7,8.6724,8.340888023376465
07966900851,house,8,8.5054,8.257616996765137
07973200037,house,7,8.7179,8.568120002746582
07975600164,house,7,8.4764,8.464934349060059
07977200198,house,7,8.6936,8.593830108642578
07977400073,house,7,8.585,8.532687187194824
08000501287,house,7,8.667,8.670757293701172
08002100336,house,7,8.5817,8.462020874023438
08003300169,house,7,8.0715,8.65838623046875
08004500900,house,7,8.1437,8.617457389831543
08006200580,house,7,8.2437,8.716551780700684
08008400171,house,7,8.3106,8.59194564819336
08009400890,house,7,8.5984,8.926904678344727
08010600814,house,7,8.3949,9.068005561828613
08011000608,house,7,9.3114,9.051923751831055
08011300555,house,7,8.1285,8.91679573059082
08013100871,house,7,8.7891,9.116433143615723
08013100928,house,7,8.975,9.161646842956543
08013400255,house,7,8.838,9.074602127075195
08013500055,house,7,9.105,9.204530715942383
08013700526,house,7,8.9105,9.111103057861328
08014804015,house,7,8.8763,8.950376510620117
08100501351,house,7,9.5444,9.13602066040039
08100501386,house,7,8.4557,8.899324417114258
08102402318,house,7,9.0749,9.22457504272461
08104200951,house,7,9.0632,9.2493257522583
08107000013,house,7,9.1592,9.259293556213379
08108700620,house,0,9.3943,8.856541633605957
08108800609,house,0,9.1281,8.772547721862793
08117600161,house,0,9.0776,8.62746810913086
08117700131,house,0,9.5165,9.086750030517578
08118200337,house,7,9.4523,9.267903327941895
08126100109,house,0,8.8273,8.810879707336426
08126200774,house,0,9.1203,8.992941856384277
08127100234,house,0,9.6566,8.899691581726074
08127400084,house,0,9.2724,8.896801948547363
08130100576,house,0,9.4335,8.871220588684082
08131500756,house,0,8.9429,8.89419174194336
08132002423,house,0,9.417,8.90340805053711
08133000122,house,7,8.7721,9.042880058288574
08134900445,house,0,9.4565,8.750163078308105
08218100563,house,7,8.6627,8.700923919677734
08221300039,house,7,8.3349,8.713576316833496
08235800470,house,8,8.3096,8.810879707336426
08236800172,house,8,8.9345,8.832749366760254
08244100176,house,6,9.2591,8.698946952819824
08245009768,house,7,8.3261,8.607817649841309
08245800937,house,8,8.1007,8.037663459777832
08250200268,house,6,8.8168,8.66368293762207
08256100265,house,8,8.5419,8.773618698120117
08260400375,house,8,8.4175,8.831067085266113
08260600544,house,8,8.8296,8.796196937561035
08260800233,house,8,8.5972,8.927107810974121
08261100261,house,8,8.8268,8.951388359069824
08262800230,house,8,8.3289,8.612817764282227
08263100461,house,8,8.1178,8.703121185302734
08309500149,house,0,9.4617,9.178775787353516
08320500699,house,0,9.2512,9.09039306640625
08321200699,house,0,9.1735,9.07263469696045
08321200801,house,0,8.9717,9.054723739624023
08421500333,house,6,9.2867,9.04210090637207
08500501278,house,6,8.3462,8.589213371276855
08507900267,house,6,9.1188,8.727598190307617
08512000848,house,6,9.3506,8.670263290405273
08515400413,house,6,8.7891,8.43077278137207
08518400384,house,6,9.4133,8.776724815368652
08519400345,house,6,8.8247,8.56039047241211
08519400388,house,6,8.9798,8.510165214538574
08519400507,house,6,8.5817,8.552608489990234
08532100503,house,6,8.9976,8.660906791687012
08558901376,house,6,8.7165,8.55029010772705
08564700492,house,6,8.6524,8.494316101074219
08564900191,house,6,8.5564,8.797124862670898
08603800529,house,6,8.9717,8.683653831481934
08604301186,house,6,9.4409,8.674507141113281
08608000180,house,6,8.8672,8.681851387023926
08608400138,house,6,8.9227,8.344765663146973
08608600137,house,6,8.5172,8.484719276428223
08613500730,house,6,8.3994,8.465164184570312
08615300501,house,6,8.5172,8.574503898620605
08616900128,house,6,8.2008,8.150375366210938
08617000538,house,6,8.2135,8.364562034606934
08617000554,house,6,8.2484,8.312828063964844
08627000123,house,6,8.9899,8.64480972290039
08627908877,house,6,8.2922,8.39120864868164
08628900462,house,6,8.297,8.717779159545898
08635700661,house,6,8.465,8.462854385375977
08638500017,house,6,8.6335,8.356313705444336
08641100156,house,6,8.9994,8.481653213500977
08641700498,house,6,8.422,8.44189167022705
08641800255,house,6,8.4856,8.400075912475586
08641800433,house,6,8.6287,8.535210609436035
08641900233,house,6,8.2585,8.331998825073242
08643300144,house,6,8.1229,8.303609848022461
08706100279,house,2,8.1678,8.509467124938965
08706100325,house,2,7.8145,8.44202995300293
08711500182,house,6,8.5972,8.572774887084961
08712900265,house,6,8.3656,8.5211763381958
08714000261,house,6,8.5972,8.635841369628906
08718100406,house,6,8.7734,8.590277671813965
08722700153,house,2,8.7403,8.492796897888184
08726200287,house,2,8.1057,8.53602409362793
08726200597,house,2,8.7035,8.771650314331055
08728201280,house,2,8.6319,8.5751953125
08730100968,house,2,8.7601,8.817564010620117
08730300282,house,2,8.491,8.609678268432617
08732001592,house,2,8.8339,8.699965476989746
08736400335,house,2,8.7323,8.821335792541504
08737300725,house,6,9.5332,9.01710033416748
08737600281,house,2,8.4537,8.588526725769043
08737901273,house,2,8.8768,8.225615501403809
08737902271,house,2,9.6055,8.385663986206055
08737902581,house,2,9.0027,8.790153503417969
08740200396,house,2,8.5007,8.540837287902832
08740900551,house,2,8.5023,8.65091323852539
08745500983,house,2,9.0612,8.783994674682617
08747500018,house,2,8.4813,8.471212387084961
08800400426,house,2,8.5124,8.273816108703613
08800800254,house,2,8.2594,8.635958671569824
08805800384,house,6,8.4299,8.446808815002441
08808600114,house,2,8.7102,8.530821800231934
08808800644,house,2,8.8069,8.612970352172852
08809800311,house,2,8.9647,8.729613304138184
08810100174,house,2,8.1117,8.420066833496094
08812000101,house,2,8.7997,8.550942420959473
08814400921,house,2,9.0672,8.994486808776855
08815801936,house,2,8.2736,8.590580940246582
08815802746,house,2,8.6078,8.668352127075195
08815819711,house,2,8.4817,8.743671417236328
08815820132,house,2,9.0321,8.80123233795166
08817018961,house,2,9.0793,8.732219696044922
08819300656,house,2,8.9081,8.599936485290527
08819300672,house,2,8.974,8.702348709106445
08821400281,house,6,8.5723,8.681802749633789
08821400425,house,6,9.1133,8.737842559814453
08821600386,house,6,8.7279,8.49509048461914
08825000227,house,2,8.5332,8.624612808227539
08825900422,house,2,9.4214,8.786855697631836
08828900148,house,2,8.7337,8.766742706298828
08829800341,house,2,8.4229,8.477388381958008
08829802204,house,2,8.9446,8.610888481140137
08829802379,house,2,8.6386,8.783482551574707
08900200127,house,6,8.5072,8.45688247680664
08901500302,house,6,8.7248,8.875558853149414
08902300447,house,6,8.3182,8.2962064743042
08903600460,house,2,8.4011,8.477368354797363
08903900944,house,6,8.4206,8.286279678344727
08907000417,house,2,8.7213,8.677895545959473
08907301530,house,2,8.9635,8.731542587280273
08911000485,house,2,8.341,7.900228500366211
08911300251,house,2,8.5355,8.275897026062012
08912200836,house,2,8.2894,8.347935676574707
08912400061,house,1,8.1951,8.42911148071289
08917200125,house,2,8.0943,8.409198760986328
08917500481,house,2,7.6009,8.151288032531738
08918600305,house,2,7.8345,8.207497596740723
08918700806,house,2,7.9877,8.438766479492188
08920500177,house,1,8.363,8.703814506530762
08921500553,house,2,8.2195,8.19810962677002
08923800351,house,2,8.1672,8.060099601745605
08929300693,house,1,8.4764,8.472946166992188
08930500730,house,1,8.0583,8.5726957321167
08932500665,house,1,8.3837,8.485637664794922
08933500510,house,1,8.3536,8.569947242736816
08934200618,house,1,8.558,8.782815933227539
08935400361,house,2,7.8389,8.287198066711426
08937900254,house,6,8.2039,8.701028823852539
08938100294,house,6,8.1347,8.286794662475586
08938300315,house,6,8.6912,8.310386657714844
08939000250,house,6,8.5806,8.343506813049316
08939900251,house,2,8.5284,8.418220520019531
08941600359,house,6,8.3559,8.136526107788086
08941600741,house,6,8.5419,8.225028991699219
08942200461,house,6,8.1963,8.207475662231445
08942300431,house,6,8.2972,8.03625774383545
08942400191,house,2,7.9111,8.363570213317871
08942900461,house,6,8.2359,8.174383163452148
08942900569,house,6,8.3021,8.290882110595703
08943300352,house,6,8.7829,8.41344928741455
08943700091,house,1,7.5793,8.214609146118164
08944500924,house,1,7.8948,8.27375316619873
08947300233,house,6,8.2177,8.170271873474121
08947600644,house,6,7.4538,7.874544620513916
08948800485,house,6,8.2744,8.22784423828125
08951500047,house,6,8.3328,8.558751106262207
08951500136,house,6,8.5817,8.531515121459961
08951600831,house,6,8.183,8.091972351074219
08955700040,house,2,8.5769,8.67650318145752
08956300399,house,1,8.2314,8.29845905303955
08956300569,house,1,8.2928,8.220355033874512
08956300577,house,1,8.2742,8.216153144836426
08956901287,house,1,8.3666,8.482479095458984
08957001549,house,2,8.6748,8.523934364318848
09002700369,house,2,8.9327,8.544768333435059
09005000724,house,2,8.7354,8.725135803222656
09005200685,house,2,8.0411,7.981380462646484
09006500259,house,2,8.8049,8.15345287322998
09009600874,house,2,8.242,8.324662208557129
09009800490,house,2,7.9877,8.230915069580078
09009800571,house,2,8.5361,8.564881324768066
09010100545,house,2,8.5172,8.537581443786621
09013600530,house,2,7.8841,8.711402893066406
09015600449,house,2,8.8133,8.765778541564941
09015700389,house,2,8.9674,8.812664985656738
09016300406,house,2,8.1837,8.487570762634277
09016300465,house,2,8.2163,8.454690933227539
09017700777,house,2,8.8035,8.325401306152344
09019800043,house,2,8.7355,8.30002212524414
09021700271,house,2,8.5751,8.31649112701416
09021800731,house,2,8.297,8.31099796295166
09022600424,house,2,8.8155,8.453967094421387
09023400038,house,2,9.0635,8.590773582458496
09029900660,house,2,8.3961,8.741385459899902
09029900709,house,2,8.4668,8.74498462677002
09030900210,house,2,8.7791,8.402109146118164
09031300268,house,2,8.3117,8.410961151123047
09032800825,house,2,8.6797,8.700142860412598
09033400294,house,2,8.1924,8.491353034973145
09037400337,house,2,8.4241,8.09713363647461
09037901001,house,2,8.8495,8.734926223754883
09038100345,house,2,7.9576,8.395857810974121
09041800451,house,2,8.7765,8.574854850769043
09042301090,house,2,8.2751,8.26641845703125
09042600365,house,2,8.6226,8.519962310791016
09043300251,house,2,8.7796,8.520886421203613
09043500402,house,2,7.7832,8.159977912902832
09045000059,house,2,9.2103,8.66208553314209
09047000013,house,2,8.6836,8.487818717956543
09047400224,house,2,8.8136,8.489693641662598
09106301029,house,1,7.7379,7.646002292633057
09106801323,house,2,8.3349,8.552959442138672
09108800235,house,2,8.4118,8.659820556640625
09109600728,house,2,8.4159,8.222589492797852
09110000615,house,2,7.7142,8.371480941772461
09110200401,house,2,8.2623,8.547698974609375
09110500685,house,2,8.2439,8.398021697998047
09112901091,house,2,8.0348,8.611994743347168
09112901318,house,2,8.1007,8.425725936889648
09117500257,house,2,8.503,8.236801147460938
09120400381,house,2,8.0208,7.979159355163574
09120600348,house,2,8.6133,8.367159843444824
09121400229,house,2,8.596,8.824189186096191
09122600302,house,2,8.4925,8.522745132446289
09123100699,house,2,8.0317,8.269349098205566
09127100553,house,2,8.4302,8.495347023010254
09127500071,house,2,8.1801,8.346596717834473
09128000234,house,2,7.824,8.010298728942871
09129600057,house,2,8.312,8.292438507080078
09130000742,house,2,7.7091,8.142354965209961
09130100062,house,2,7.8579,7.725779056549072
09130300347,house,2,7.8869,7.772533416748047
09134100318,house,2,7.8977,8.240131378173828
09135700130,house,2,8.3018,8.365318298339844
09137000225,house,1,8.0064,7.820712089538574
09144700237,house,2,8.1281,8.31356143951416
09157000212,house,2,8.2261,8.380561828613281
09158600140,house,2,8.1917,8.152475357055664
09301800284,house,2,8.5564,8.489436149597168
09304400511,house,2,9.0637,8.71143627166748
09308900837,house,2,8.7623,8.71060848236084
09309300132,house,2,8.3315,8.463724136352539
09312201034,house,2,8.5557,8.58503246307373
09413100810,house,2,8.657,8.449143409729004
09414402195,house,2,8.2428,8.064702987670898
09415200774,house,2,8.3248,8.42695140838623
09500500231,house,2,8.5208,8.030821800231934
09505100124,house,2,8.8655,8.449089050292969
09506300046,house,2,7.998,7.927664279937744
09507700609,house,2,8.2898,8.163358688354492
09509200141,house,2,8.1641,8.080108642578125
09509800041,house,2,7.7753,8.073637962341309
09514900413,house,2,7.9773,8.075332641601562
09516000088,house,2,7.3342,8.163198471069336
09516800017,house,2,8.3296,8.150199890136719
09521400315,house,2,8.433,8.1609525680542
09521600284,house,2,9.3759,8.894363403320312
09523600362,house,2,8.3674,8.244514465332031
09527503922,house,2,9.105,9.010201454162598
09528000770,house,2,8.3662,8.473700523376465
09528700160,house,2,8.1117,8.30313491821289
09530500378,house,2,7.897,8.475337028503418
09536000075,house,2,9.075,8.676064491271973
09539000211,house,2,8.4813,8.660799980163574
09539100437,house,2,8.3442,8.280329704284668
09541400299,house,2,9.0672,8.753116607666016
09541500171,house,2,8.6125,8.346695899963379
09544400214,house,2,8.8861,8.805952072143555
09544400486,house,2,8.7905,8.71074390411377
09544400494,house,2,8.5895,8.58548355102539
09600400369,house,7,9.3612,8.757116317749023
09600800359,house,7,9.4864,8.683206558227539
09706700404,house,7,8.7962,9.152363777160645
09707500425,house,7,8.9321,9.029946327209473
09708200451,house,7,8.4916,9.032289505004883
09804500043,house,7,8.6842,8.720778465270996
09904800375,house,7,8.2324,8.899520874023438
09904900027,house,7,8.645,9.035426139831543
10000300410,house,9,8.2829,8.035638809204102
10001100385,house,9,8.6006,8.314596176147461
10001400427,house,9,7.9434,8.049762725830078
10002300043,house,9,9.0257,8.601566314697266
10007100654,house,9,8.4844,8.084444999694824
10007600282,house,9,8.4219,8.114643096923828
10008100054,house,9,8.1483,8.007057189941406
10008100321,house,9,8.2436,8.258015632629395
10008700477,house,9,8.1274,8.020357131958008
10009300251,house,9,8.6713,8.189116477966309
10009700322,house,9,8.363,8.261470794677734
10009700500,house,9,8.3741,8.366083145141602
10010400671,house,9,8.5568,8.344697952270508
10010800475,house,9,8.2367,8.114445686340332
10010800866,house,9,8.366,8.307012557983398
10102400139,house,8,8.6507,8.71202278137207
10105200165,house,8,8.2217,8.3810396194458
10105300100,house,8,7.8933,8.146684646606445
10105400334,house,8,8.7883,8.590764999389648
10105800146,house,8,8.621,8.879961013793945
10107200278,house,8,8.5584,8.602200508117676
10107300140,house,8,8.7796,8.647466659545898
10107700270,house,8,8.3245,8.517863273620605
10109100777,house,8,9.1633,8.502795219421387
10109400533,house,8,8.3759,8.68210506439209
10111005001,house,8,8.6821,8.783910751342773
10111005141,house,8,8.9468,8.726415634155273
10112300447,house,8,8.5428,8.664956092834473
10112400514,house,8,8.3428,8.76392936706543
10112500047,house,8,8.058,8.743254661560059
10112700593,house,8,8.5934,8.706170082092285
10113800028,house,8,8.1013,8.564712524414062
10115000568,house,8,8.4966,8.705404281616211
10115100406,house,8,8.6806,8.873966217041016
10115100635,house,8,8.6125,8.649012565612793
10115700829,house,8,8.0754,8.695637702941895
10116100957,house,8,8.3383,8.690256118774414
10119300401,house,8,8.3219,8.727972984313965
10120500492,house,8,8.1015,8.778472900390625
10120500591,house,8,8.5735,8.566743850708008
10121200042,house,8,7.8519,8.695966720581055
10122100262,house,8,8.8247,8.618688583374023
10123301393,house,8,8.9149,8.868186950683594
10127000126,house,8,8.5172,8.68958568572998
10132200898,house,8,7.9768,8.65683650970459
10132500204,house,8,8.655,8.849231719970703
10133300578,house,8,8.9539,8.799115180969238
10139000150,house,8,9.0595,8.805110931396484
10146200291,house,6,8.9285,8.519192695617676
10147000377,house,6,8.8995,8.517412185668945
10149000412,house,8,8.2644,8.21717643737793
10151100641,house,8,8.1756,8.351396560668945
10154000123,house,8,8.182,8.224413871765137
10155600698,house,8,7.8564,8.255671501159668
10156400382,house,8,7.7768,8.245111465454102
10156800275,house,8,7.824,8.587240219116211
10156900301,house,8,8.3349,8.237399101257324
10157100609,house,8,8.4527,8.358135223388672
10157201332,house,6,9.2103,8.984038352966309
10157708127,house,8,8.1742,8.698375701904297
10157801046,house,8,8.0064,8.595915794372559
10158301284,house,8,8.2306,8.480624198913574
10160000504,house,8,8.6995,8.844127655029297
10160100703,house,8,8.5976,8.898265838623047
10160102481,house,8,8.5697,8.713149070739746
10160102730,house,8,8.2727,8.553471565246582
10160300729,house,8,7.9412,8.598933219909668
10160900777,house,8,8.3763,8.809648513793945
10161500713,house,8,8.1522,8.400521278381348
10162100956,house,8,8.0819,8.570680618286133
10163700485,house,8,8.752,8.61079216003418
10201700122,house,9,7.917,7.985248565673828
10203300652,house,9,8.6781,8.663368225097656
10205500373,house,9,8.3664,8.364412307739258
10206300351,house,9,8.4482,8.65717601776123
10206900847,house,9,7.9215,8.322650909423828
10207001145,house,9,8.7278,8.787394523620605
10207600065,house,9,8.6624,8.657964706420898
10208200192,house,9,7.7675,8.120643615722656
10210600720,house,9,8.3155,8.42097282409668
10210700911,house,9,8.4137,8.433679580688477
10210800525,house,9,8.356,8.306405067443848
10212600337,house,9,8.3956,8.237166404724121
10301200105,house,8,8.5627,8.612238883972168
10301800420,house,8,8.2815,8.328265190124512
10302527396,house,2,8.4764,8.397077560424805
10304200114,house,2,8.385,8.002691268920898
10304300410,house,2,8.4039,8.097177505493164
10304800200,house,2,8.0164,8.153929710388184
10304900973,house,2,8.4482,7.964476108551025
10401200794,house,7,7.3424,8.083925247192383
10401500690,house,7,8.2145,8.450778007507324
10401800813,house,7,8.5966,8.603876113891602
10401801631,house,7,8.0247,8.347628593444824
10402400657,house,7,8.375,8.626603126525879
10402401416,house,7,8.489,8.784698486328125
10402900021,house,7,8.2295,8.722211837768555
10402900341,house,7,8.775,8.65268611907959
10403900254,house,7,8.1956,8.632200241088867
10405400984,house,7,8.4595,8.743486404418945
10405500539,house,7,8.5817,8.702168464660645
10405900928,house,7,8.2659,8.436200141906738
10406501350,house,7,8.0542,8.565272331237793
10406502039,house,7,8.0563,8.580897331237793
10407802664,house,7,8.2406,8.527933120727539
10408000405,house,7,8.2233,8.374588966369629
10408700547,house,7,8.4543,8.857013702392578
10410301042,house,7,8.4253,8.912375450134277
10414200216,house,7,7.9202,8.838562965393066
10414700022,house,7,8.3303,8.707032203674316
10501400140,house,7,8.3511,8.688028335571289
10501400248,house,7,7.7863,8.082440376281738
10502200064,house,7,8.4995,8.784096717834473
10502200722,house,7,8.9227,8.727204322814941
10503400350,house,7,8.7179,8.684696197509766
10504000240,house,7,8.8374,8.764857292175293
10504500960,house,7,8.1484,8.353759765625
10504800506,house,7,8.2113,8.427803039550781
10506900435,house,7,8.7742,8.643861770629883
10507900447,house,7,8.6765,8.826057434082031
10509900428,house,7,8.1223,8.499755859375
10510100294,house,7,8.6458,8.594098091125488
10511300556,house,7,8.6627,8.846187591552734
10512300509,house,7,8.2808,8.72179126739502
10512400333,house,7,8.4118,8.602982521057129
10512800552,house,7,8.6112,8.842113494873047
10514501064,house,7,8.7075,8.677107810974121
10514700512,house,7,8.037,8.584062576293945
10601500406,house,7,8.4837,8.633166313171387
10602800306,house,7,8.9177,8.893911361694336
10604300157,house,7,7.906,8.282154083251953
10605300657,house,7,8.4219,8.481888771057129
10609000577,house,7,8.1263,8.39487361907959
10609000739,house,7,8.1605,8.733526229858398
10610500480,house,7,8.4512,8.647558212280273
10610800468,house,7,8.9092,8.642481803894043
10612600350,house,7,8.1639,8.198513984680176
10618400337,house,7,8.4557,8.669984817504883
10618800386,house,7,8.894,9.01541519165039
10625401157,house,7,7.4259,8.16427993774414
10627500101,house,7,7.7714,8.336897850036621
10700700365,house,7,8.4659,8.66060733795166
10704000260,house,7,7.9792,8.210753440856934
10707900300,house,7,7.897,8.31069564819336
10709500474,house,7,8.5598,8.673397064208984
10710300459,house,7,8.1372,8.197741508483887
10711600391,house,7,8.2396,8.759220123291016
10714000131,house,7,7.9626,8.37187385559082
10714200491,house,7,8.5575,8.705650329589844
10714300143,house,7,8.9982,8.90606689453125
10718700261,house,7,7.941,8.240899085998535
10721604608,house,7,8.1225,8.354340553283691
10722200225,house,7,8.1703,8.25471019744873
10722200373,house,7,8.0882,8.498824119567871
10722200381,house,7,8.0882,8.495759963989258
10722200391,house,7,8.2824,8.47126579284668
10722200446,house,7,8.0882,8.474642753601074
10722200454,house,7,8.0882,8.4607515335083
10722200578,house,7,8.2217,8.475557327270508
10722400674,house,7,8.2732,8.36570930480957
10724500341,house,7,8.4178,8.716561317443848
10726600481,house,7,8.3951,8.542708396911621
10731400241,house,7,8.6781,8.714156150817871
10733400115,house,7,8.1773,8.453163146972656
10734900375,house,7,8.2144,8.395657539367676
10739400036,house,7,7.9294,8.77554702758789
10739400044,house,7,7.4366,8.182694435119629
10739400117,house,7,8.2264,8.38397216796875
10739500464,house,7,8.5256,8.533575057983398
10740000331,house,7,8.0338,8.331402778625488
10741401133,house,7,7.6508,8.286718368530273
10743400169,house,7,7.935,8.139299392700195
10743800167,house,7,8.4269,8.589287757873535
10743800337,house,7,8.8107,8.518832206726074
10744700514,house,7,8.3501,8.361917495727539
10745700283,house,7,7.8932,8.261354446411133
10801600552,house,4,8.6535,8.567965507507324
10804700817,house,7,8.3415,8.19449520111084
10807800464,house,4,7.9817,7.77610445022583
10810100303,house,4,8.9029,8.325712203979492
10812500414,house,4,8.1689,8.178581237792969
10816600294,house,4,8.5852,8.545422554016113
10816700469,house,4,8.8754,8.542705535888672
10817600255,house,4,8.8075,8.323097229003906
10818500564,house,4,8.6945,7.912601947784424
10818500572,house,4,8.3181,7.7238640785217285
10819300143,house,4,8.4631,8.2882719039917
10900400462,house,4,8.2648,7.9774861335754395
10904600385,house,4,7.9686,8.03793716430664
10905703595,house,4,8.4859,7.931448459625244
10906400278,house,4,8.0105,7.921962738037109
10906400588,house,4,8.489,8.109498023986816
10906500795,house,4,7.9699,8.171453475952148
10906500930,house,4,8.1927,8.381516456604004
10906900386,house,4,8.7415,8.18048095703125
10908301560,house,4,9.0937,8.156546592712402
10911200125,house,4,8.2694,8.061017036437988
10916401099,house,4,8.409,8.14190673828125
10916401293,house,4,8.4864,8.136600494384766
10917200690,house,4,7.9311,7.900437355041504
10917202987,house,4,8.503,8.087640762329102
10917203363,house,4,8.8167,8.493885040283203
10917900412,house,4,9.1458,8.468066215515137
10919500918,house,4,8.0472,8.159585952758789
10919501401,house,4,7.8457,8.080523490905762
10919600920,house,4,8.1117,8.410929679870605
10921300378,house,4,8.8529,8.123831748962402
10921900391,house,4,8.7655,8.173537254333496
10921900553,house,4,8.9525,8.197285652160645
11004000791,house,3,7.6628,8.000768661499023
11005800218,house,3,8.3728,8.519274711608887
11011900806,house,3,8.4214,8.15457820892334
11012101222,house,3,8.3261,8.573629379272461
11012400467,house,3,8.7377,8.549849510192871
11013600524,house,3,8.677,8.654619216918945
11014200392,house,3,8.5817,8.407246589660645
11014500434,house,3,8.3109,8.376017570495605
11015800628,house,3,8.4882,8.639178276062012
11017800013,house,3,7.3593,7.967228889465332
11017800404,house,3,8.6251,8.508237838745117
11021300682,house,3,8.159,8.412089347839355
11026700476,house,3,8.7796,8.446828842163086
11027300048,house,3,7.6809,8.239734649658203
11028900197,house,3,8.797,8.440431594848633
11029200253,house,3,8.7948,8.715921401977539
11029500631,house,3,8.7318,8.731302261352539
11029900727,house,3,8.3654,8.545211791992188
11035200596,house,3,8.3105,8.43801212310791
11036200352,house,3,8.7725,8.467229843139648
11038905124,house,3,8.368,8.488869667053223
11041800222,house,3,8.3245,8.428214073181152
11042601231,house,3,8.3349,8.374892234802246
11043800165,house,3,8.1291,8.095224380493164
11044300239,house,3,8.1807,8.620925903320312
11045900329,house,3,8.3702,8.2197904586792
11046701214,house,3,7.6094,8.132330894470215
11047801301,house,3,8.5598,8.698212623596191
11048703214,house,3,8.5495,8.564303398132324
11050000128,house,3,8.2548,8.501456260681152
11050700723,house,3,7.7519,8.139575004577637
11050703269,house,3,8.5529,8.59359359741211
11053200421,house,3,8.1807,8.416206359863281
11102100871,house,3,8.7671,8.424232482910156
11102200599,house,3,8.3847,8.277876853942871
11102700257,house,3,8.5917,8.384475708007812
11112700853,house,5,8.7292,8.703493118286133
11113800525,house,5,8.0591,7.824789524078369
11116400706,house,5,8.6042,8.341416358947754
11116600251,house,5,8.0893,8.008374214172363
11120700794,house,5,8.6819,8.760400772094727
11123500052,house,5,8.4912,8.531240463256836
11124601030,house,5,8.3208,8.048245429992676
11124700713,house,5,8.8209,8.470321655273438
11126501203,house,5,8.5355,8.30101490020752
11127200304,house,3,8.6842,8.721598625183105
11131601598,house,5,8.4844,8.498790740966797
11132200597,house,5,8.2439,8.232345581054688
11132200619,house,5,8.2439,8.246415138244629
11134101340,house,5,8.4684,8.604860305786133
11134200624,house,5,8.5703,8.600462913513184
11134300661,house,5,8.3664,8.423748970031738
11134800461,house,5,7.9015,7.936544418334961
11135500621,house,5,8.392,8.619064331054688
11135901545,house,5,8.0096,7.862013816833496
11136100643,house,5,8.904,8.578579902648926
11136600034,house,5,9.2505,8.760554313659668
11136900585,house,5,8.2594,8.289119720458984
11139502386,house,5,7.9438,8.29189395904541
11140300694,house,5,9.184,8.433804512023926
11140301666,house,5,8.1568,7.980029106140137
11140801030,house,5,8.1507,8.193063735961914
11141100680,house,5,7.9712,7.725404262542725
11146700317,house,3,8.3529,8.462637901306152
11146900383,house,5,8.7508,8.364752769470215
11148805841,house,3,8.5717,8.704855918884277
11149800487,house,5,8.1749,8.152968406677246
11156300281,house,5,8.4219,8.331089973449707
11158500253,house,5,8.3121,8.097158432006836
11159900344,house,5,8.6651,8.660778999328613
11201900191,house,5,8.4302,8.278571128845215
11205300200,house,5,8.7423,8.283146858215332
11206600461,house,5,8.503,8.51904582977295
11214100537,house,5,7.9063,7.852362632751465
11215500733,house,5,8.621,8.602022171020508
11218400497,house,5,8.5172,8.303751945495605
11231200390,house,5,7.9294,8.328507423400879
11234800380,house,5,7.8982,7.924372673034668
11235000280,house,5,8.5766,8.474281311035156
11238800636,house,5,8.3407,8.550192832946777
11239801172,house,5,8.4177,8.384145736694336
11241000343,house,5,8.1605,8.207649230957031
11246500336,house,5,7.988,7.987833499908447
11246600381,house,5,8.4046,8.435588836669922
11247400513,house,5,8.2644,8.14410400390625
11248200364,house,5,8.4154,8.599319458007812
11248400665,house,5,9.0078,8.602974891662598
11253300193,house,5,8.7914,8.67682933807373
11254100872,house,5,8.0229,8.316914558410645
11254500226,house,5,7.8106,8.173151016235352
11257301666,house,5,8.635,8.552131652832031
11257301879,house,5,7.807,8.17225456237793
11257302026,house,5,8.4286,8.54296588897705
11257401156,house,5,8.5796,8.262467384338379
11257901256,house,5,8.4201,8.522582054138184
11263500322,house,5,7.8716,7.640233039855957
11264200421,house,5,8.8173,8.742857933044434
11266000630,house,5,8.0622,8.323246955871582
11267300646,house,5,7.4267,7.767036437988281
11268500770,house,5,8.0472,7.6677680015563965
11269903399,house,5,7.6009,8.184229850769043
11269903410,house,5,7.8591,8.190850257873535
11276600444,house,5,8.2428,8.326539993286133
11276800729,house,5,7.216,8.00204849243164
11276801075,house,5,8.1624,8.36094856262207
11278400523,house,5,8.4527,8.535593032836914
11285703870,house,5,8.548,8.588022232055664
11286501491,house,5,8.323,8.589024543762207
11302200533,house,3,8.775,8.56773567199707
11303400374,house,3,8.4009,8.508084297180176
11303800747,house,3,8.6995,8.513009071350098
11304700835,house,3,8.3862,8.46566104888916
11305400134,house,3,8.2772,8.336791038513184
11306700514,house,3,8.7556,8.719759941101074
11307200388,house,3,8.6156,8.586495399475098
11308200616,house,3,8.4821,8.548235893249512
11312700350,house,3,8.3257,8.393972396850586
11313500940,house,3,8.7556,8.607979774475098
11313701431,house,3,8.3216,8.724541664123535
11314200509,house,3,8.7657,8.587507247924805
11315300353,house,3,8.4527,8.380237579345703
11315900423,house,3,8.3848,8.532502174377441
11316800503,house,3,8.6864,8.869648933410645
11320900126,house,3,8.2277,8.20211124420166
11324900457,house,3,8.4684,8.27346134185791
11327100060,house,3,7.9218,8.132645606994629
11327100648,house,3,8.5883,8.617947578430176
11327200677,house,3,8.7721,8.657112121582031
11329400339,house,3,8.635,8.639235496520996
11329702041,house,3,8.8883,8.669096946716309
11329800310,house,3,8.7279,8.642878532409668
11330800264,house,3,8.4566,8.491019248962402
11333501454,house,3,8.6896,8.343720436096191
11334100781,house,3,8.442,8.531959533691406
11336300565,house,3,8.5172,8.591132164001465
11336601271,house,3,8.6316,8.651220321655273
11339300442,house,5,8.2808,8.2190580368042
11343001713,house,3,8.9562,8.70118236541748
11343401606,house,3,8.9625,8.66080093383789
11349000123,house,5,9.2651,8.737650871276855
11356400557,house,3,8.4974,8.806833267211914
11360900623,house,3,8.5298,8.641566276550293
11360901549,house,3,8.8049,8.640670776367188
11400800330,house,5,8.0292,8.226377487182617
11400901137,house,5,8.7641,8.637154579162598
11400901277,house,5,8.297,8.401129722595215
11401100189,house,5,8.7044,8.707558631896973
11401300145,house,5,8.5872,8.553162574768066
11403200571,house,5,8.6244,8.662821769714355
11404400353,house,5,8.8482,8.615960121154785
11405700458,house,5,8.4752,8.670415878295898
11406800278,house,5,8.8163,8.750768661499023
11407801294,house,5,8.6343,8.384562492370605
11409100757,house,5,8.9227,8.701651573181152
11409202002,house,5,8.4821,8.65097427368164
11409202037,house,5,8.4233,8.652539253234863
11409300713,house,5,8.5019,8.261079788208008
11411001272,house,5,8.6311,8.727097511291504
11411204645,house,5,8.3519,8.656754493713379
11411400878,house,5,8.1268,8.297636032104492
11412103923,house,5,8.4302,8.300450325012207
11413701654,house,5,8.5723,8.664216995239258
11413701824,house,5,8.131,8.32636833190918
11414002105,house,5,8.1918,8.564372062683105
11414800559,house,5,8.5462,8.670642852783203
11416201989,house,5,8.9496,8.685479164123535
11417900988,house,5,8.1858,8.414917945861816
11419700390,house,5,8.0985,8.653453826904297
11420600698,house,5,8.3271,8.304824829101562
11421700114,house,5,7.9656,8.155295372009277
11424400367,house,5,8.294,8.122968673706055
11426400100,house,5,8.1951,8.273688316345215
11426602234,house,5,7.9276,8.292587280273438
11426602579,house,5,7.8167,8.24825382232666
11427702070,house,5,8.1586,8.555974960327148
11429001061,house,5,8.0175,8.274327278137207
11429301634,house,5,8.3436,8.702844619750977
11429401124,house,5,8.9349,8.449287414550781
11429801637,house,5,8.6651,8.676812171936035
11434900745,house,5,8.611,8.64445972442627
11439400031,house,5,8.3197,8.209620475769043
11439400708,house,5,8.5322,8.606666564941406
11439400740,house,5,8.4864,8.573657989501953
11502600292,house,5,7.6843,8.037683486938477
11508002036,house,5,7.9953,8.743735313415527
11508002771,house,5,8.2548,8.743735313415527
11510600336,house,5,8.4631,8.768105506896973
11511700423,house,5,7.589,7.642273902893066
11521101352,house,5,7.2156,7.681888580322266
11525501861,house,5,8.4482,8.723188400268555
11527300063,house,5,8.1509,8.157702445983887
11532900448,house,5,8.4764,8.657251358032227
11604200031,house,3,7.9294,8.089818954467773
11606100253,house,3,8.4256,8.979264259338379
11609200887,house,3,8.6603,8.505023956298828
11609700731,house,3,8.3909,8.189371109008789
11609900617,house,3,8.8017,8.503908157348633
11615700713,house,3,8.7657,8.508133888244629
11616400306,house,3,8.3285,8.252984046936035
11617401136,house,3,8.5575,8.677133560180664
11618000658,house,3,7.8633,8.165281295776367
11621600751,house,3,8.5519,8.48193359375
11623000695,house,3,8.827,8.832842826843262
11623200678,house,3,8.5564,8.4765625
11625200411,house,3,8.235,8.394649505615234
11625600592,house,3,8.3579,8.333653450012207
11628700407,house,3,8.1543,8.304079055786133
11629000409,house,3,8.2017,8.537581443786621
11629100098,house,3,7.9504,8.401422500610352
11630500975,house,3,8.0511,8.303118705749512
11632900695,house,3,8.5547,8.26980972290039
11632901330,house,3,8.1193,8.329374313354492
11634100726,house,3,8.2431,8.086870193481445
11634200577,house,3,9.5703,9.182604789733887
11635000350,house,3,8.3547,8.356423377990723
11635600242,house,3,8.0943,8.082314491271973
11644500182,house,3,8.6161,8.652228355407715
11645500569,house,3,8.4206,8.514087677001953
11647100193,house,3,8.2659,8.479719161987305
11651300320,house,3,9.5636,8.770181655883789
11652100181,house,3,8.3147,8.32180118560791
11653200307,house,3,8.6173,8.669508934020996
11711900061,house,3,8.2327,8.623738288879395
11712500332,house,3,8.0064,8.51295280456543
11713700408,house,3,8.6086,8.750212669372559
11713800399,house,3,7.7945,8.501885414123535
11713800437,house,3,8.469,8.550607681274414
11717500594,house,3,8.4535,8.665989875793457
11719300185,house,3,8.2195,8.367338180541992
11719800900,house,3,8.6115,8.633195877075195
11719801011,house,3,8.6698,8.767557144165039
11719900621,house,3,8.4714,8.19914436340332
11720600235,house,3,7.9918,8.198812484741211
11720700108,house,3,8.8537,8.683760643005371
11722800312,house,3,8.6068,8.76449203491211
11723100152,house,3,7.901,8.198504447937012
11724000291,house,3,8.8319,8.604206085205078
11725600144,house,3,7.9754,8.293447494506836
11726900354,house,3,8.3894,8.576926231384277
11726904996,house,3,8.7498,8.6301851272583
11726905021,house,3,8.7869,8.626429557800293
11735800251,house,3,8.2226,8.024032592773438
11736700511,house,3,7.7815,8.132715225219727
11741200279,house,3,8.2113,8.379999160766602
11742300021,house,3,8.3428,8.386473655700684
11742300552,house,3,8.8377,8.636178970336914
11743500776,house,3,8.1366,8.177804946899414
11743500830,house,3,8.4659,8.587519645690918
11800400161,house,3,7.594,8.189268112182617
11801700231,house,3,8.5972,8.6219482421875
11803400209,house,3,8.0032,8.408466339111328
11805700412,house,3,8.1117,8.470559120178223
11806700270,house,3,8.2226,8.287287712097168
11808000551,house,3,7.6557,8.556780815124512
11808500465,house,3,8.1205,8.478230476379395
11809500582,house,3,8.561,8.801170349121094
11810400375,house,3,8.4449,8.516127586364746
11812200578,house,3,8.7744,8.745146751403809
11813402662,house,3,8.6152,8.68734073638916
11816400644,house,3,8.7011,8.664536476135254
11816900337,house,3,8.1992,8.333317756652832
11817000501,house,3,8.4966,8.5906400680542
11822801167,house,3,8.7033,8.63949203491211
11825000556,house,9,8.5329,8.585399627685547
11827600313,house,3,7.9766,8.307336807250977
11829300597,house,3,8.875,8.506634712219238
11831300671,house,9,8.0225,8.226000785827637
11831501286,house,9,8.1614,7.946343421936035
11832100544,house,9,8.4302,8.298973083496094
11833400290,house,9,7.9092,8.21387004852295
11833600771,house,9,8.7986,8.615467071533203
11834100101,house,9,8.7561,8.473926544189453
11835100553,house,9,8.5477,8.511298179626465
11835701794,house,9,8.2717,8.021370887756348
11836401311,house,9,8.5432,8.606925964355469
11837100178,house,9,8.9692,8.505021095275879
11839000103,house,3,8.246,8.632095336914062
11842600531,house,3,8.3147,8.518447875976562
11844600326,house,3,8.8991,8.700019836425781
11849500397,house,3,8.798,8.724822998046875
11852500688,house,9,9.4037,8.591387748718262
11852600631,house,9,8.4659,8.359519004821777
11852601131,house,9,9.0415,8.40007209777832
11852900163,house,9,8.0604,8.146615982055664
11903900262,house,1,8.076,8.195626258850098
11905700767,house,1,8.6758,8.379415512084961
11906000051,house,1,7.5072,8.888542175292969
11912000503,house,1,8.363,8.654192924499512
11913200212,house,1,8.4764,8.319640159606934
11916100138,house,1,8.0675,8.429526329040527
11920600506,house,1,8.3349,8.721916198730469
11922100365,house,1,8.5172,8.183158874511719
11924800641,house,1,8.4096,8.29709243774414
11924800811,house,1,8.0789,8.191710472106934
11924800852,house,1,8.4205,8.235538482666016
11926700162,house,1,8.3309,8.53496265411377
11927800519,house,1,8.3796,8.50816822052002
11930700449,house,1,8.6863,8.503281593322754
11931700469,house,1,8.3377,8.20826530456543
11932800092,house,1,8.2904,8.204121589660645
11933500521,house,1,8.3536,8.241512298583984
12000900517,house,2,7.8731,8.1798095703125
12002000637,house,2,8.1944,8.496424674987793
12002300290,house,2,7.8759,8.122381210327148
12004000324,house,2,8.3974,8.34716510772705
12004000375,house,2,8.5036,8.303960800170898
12007100087,house,2,8.4449,8.262800216674805
12007802316,house,2,8.3349,8.53034782409668
12007803290,house,2,8.1787,8.4559326171875
12008900192,house,2,8.1855,8.180094718933105
12009400045,house,2,8.7536,8.527364730834961
12010100211,house,2,8.2703,8.768357276916504
12010300466,house,2,8.2869,8.141624450683594
12011200953,house,2,8.1034,8.255287170410156
12011201062,house,2,8.4268,8.559624671936035
12014100488,house,2,8.1902,8.264243125915527
12014200393,house,2,8.1807,8.362887382507324
12014300363,house,2,8.0336,8.375407218933105
12016300387,house,2,8.0864,8.330096244812012
12017301433,house,2,8.3523,8.231534957885742
12017601127,house,2,8.5172,8.179008483886719
12020000317,house,2,8.526,8.414665222167969
12020101271,house,2,8.4379,8.429747581481934
12022100297,house,2,8.0604,8.127650260925293
12023200341,house,2,8.107,8.456751823425293
12028800312,house,2,7.8823,8.04278564453125
12030000042,house,2,8.4594,8.528139114379883
12030400776,house,2,8.4844,8.34971809387207
12030500126,house,2,8.323,8.417386054992676
12036401014,house,2,8.2548,8.385591506958008
12037900472,house,2,7.5949,8.223258018493652
12038301130,house,2,8.5685,8.676862716674805
12038701473,house,2,8.1117,8.236259460449219
12042300372,house,2,7.8728,8.235450744628906
12044300612,house,2,8.4338,8.303644180297852
12100300422,house,2,8.2311,8.197754859924316
12101200650,house,2,8.2525,8.454428672790527
12102300284,house,2,8.0297,8.554116249084473
12103801732,house,2,8.8049,8.789321899414062
12104000504,house,2,8.8142,8.6646089553833
12105500721,house,2,8.3542,8.526795387268066
12106802608,house,2,8.7139,8.67753791809082
12107500419,house,2,8.2528,8.351073265075684
12107600405,house,2,8.4755,8.219254493713379
12114900761,house,2,8.5172,8.380938529968262
12114900893,house,2,8.5172,8.518609046936035
12114901474,house,2,8.4527,8.339245796203613
12114901636,house,2,8.0138,8.398160934448242
12116000830,house,2,8.7584,8.686063766479492
12117001563,house,2,7.901,8.267382621765137
12119400309,house,2,8.6651,8.274596214294434
12123302782,house,2,8.2118,8.473166465759277
12123401357,house,2,9.0327,8.781179428100586
12125901772,house,2,8.8581,8.806485176086426
12126300561,house,2,8.5007,8.6806640625
12202200461,house,8,8.3884,8.607508659362793
12204300380,house,8,8.7331,8.601579666137695
12207501761,house,8,8.5644,8.29901123046875
12209400340,house,8,8.1187,7.970205307006836
12217400141,house,8,8.2234,8.330360412597656
12300800801,house,8,8.4185,8.736886024475098
12301200328,house,8,8.786,8.47255802154541
12302100807,house,8,8.5172,8.644893646240234
12302300598,house,8,8.5492,8.564942359924316
12302400649,house,8,8.8226,8.724173545837402
12302400843,house,8,8.7153,8.805059432983398
12303600137,house,8,8.3376,8.700385093688965
12304700321,house,8,8.3837,8.7835111618042
12304900444,house,8,8.4676,8.479280471801758
12306100321,house,8,8.1638,8.352234840393066
12306300673,house,8,8.5588,8.681863784790039
12306500524,house,8,7.9877,8.33999252319336
12307600360,house,8,8.4575,8.532532691955566
12307900615,house,8,8.0281,8.518294334411621
12308600321,house,8,8.6759,8.603979110717773
12309600351,house,8,8.5417,8.527244567871094
12309900639,house,8,8.4966,8.683937072753906
12310300607,house,8,8.4331,8.585558891296387
12312300337,house,8,7.6679,8.371808052062988
12312300604,house,8,8.4975,8.396470069885254
12312301228,house,8,8.4584,8.491070747375488
12312400323,house,8,7.9769,8.414593696594238
12316200078,house,8,8.362,8.30923843383789
12316300961,house,8,9.0258,8.76838493347168
12317300084,house,8,8.0687,8.246838569641113
12405501243,house,7,8.2171,8.469021797180176
12409104028,house,7,8.5764,8.73935604095459
12409105504,house,7,8.6915,8.737649917602539
12409107132,house,7,7.9657,8.551766395568848
12409108619,house,7,8.5292,8.724617958068848
12409108661,house,7,8.7319,8.873424530029297
12409109518,house,7,8.1084,8.570064544677734
12409110060,house,7,8.7988,8.761937141418457
12409110907,house,7,8.0923,8.549638748168945
12416400893,house,7,8.4942,8.61264419555664
12416600371,house,7,8.3124,8.430819511413574
12508100251,house,7,8.165,8.475549697875977
12508800251,house,7,7.8898,8.408278465270996
12509300635,house,7,8.2861,8.523666381835938
12511900393,house,7,7.7123,8.421361923217773
12513700707,house,7,7.4747,8.101152420043945
12514000636,house,7,8.1748,8.568158149719238
12516200421,house,7,8.9835,8.607791900634766
12516500687,house,7,8.3547,8.300436973571777
12600400132,house,7,7.4075,8.353638648986816
12601100787,house,7,7.8835,8.288722038269043
12728700701,house,4,8.546,8.048323631286621
12728900220,house,4,8.2515,8.46835994720459
12733300848,house,7,7.8547,7.95841646194458
12800600429,house,4,8.2528,8.201634407043457
12816200395,house,4,9.0205,8.14587688446045
12821300319,house,4,8.8426,8.519367218017578
12821300351,house,4,8.8834,8.526538848876953
13013200889,house,3,8.6386,8.612532615661621
13018600621,house,3,8.2295,8.381800651550293
13020003848,house,3,8.9089,8.483572959899902
13020003937,house,3,8.7614,8.727426528930664
13022500059,house,3,8.0702,8.136343955993652
13022900741,house,3,7.7287,8.088187217712402
13029900265,house,5,8.2884,8.485967636108398
13039000127,house,3,8.1117,8.274471282958984
13040100261,house,3,8.6226,8.40160846710205
13101400820,house,5,8.918,8.69507122039795
13101600366,house,5,7.7853,7.9786858558654785
13103700066,house,5,8.6226,8.367802619934082
13103700430,house,5,8.7849,8.282814025878906
13104900433,house,5,7.9999,7.994994163513184
13106700547,house,5,8.3069,8.261826515197754
13107201099,house,5,8.0612,8.160911560058594
13108000501,house,5,8.4544,8.532625198364258
13110700335,house,5,8.7285,8.595161437988281
13113500337,house,5,8.5022,8.500499725341797
13115100506,house,5,8.3209,8.319942474365234
13115801202,house,5,8.4181,8.504355430603027
13116600723,house,5,8.3941,8.330462455749512
13200600216,house,5,8.4013,8.36589241027832
13217600303,house,5,7.9084,8.224196434020996
13306000212,house,5,8.0354,8.324419975280762
13307900365,house,5,8.1807,8.593798637390137
13315100054,house,5,9.3355,8.999485969543457
13404500287,house,5,8.2674,8.447588920593262
13407100506,house,5,8.5817,8.619025230407715
13411600471,house,5,7.567,8.228780746459961
13414501367,house,5,8.5913,8.60920238494873
13415200301,house,5,7.8638,8.636916160583496
13416300059,house,5,8.5039,8.045520782470703
13417700085,house,5,8.2149,8.481887817382812
13419500520,house,5,7.7063,8.040240287780762
13421600421,house,5,8.4024,8.498613357543945
13422300278,house,5,8.1506,8.455167770385742
13427000051,house,5,7.9492,8.449202537536621
13429800101,house,5,7.9462,8.068439483642578
13429900361,house,5,7.5407,7.751103401184082
13432000341,house,5,8.9446,8.710227012634277
13436800413,house,5,7.8886,7.6788787841796875
13444600584,house,5,7.9235,8.162541389465332
13445400511,house,5,8.3953,8.562893867492676
13446405177,house,5,8.4449,8.435593605041504
13449101160,house,5,8.4276,8.612722396850586
13450100512,house,5,8.4276,8.578680992126465
13510200720,house,5,7.9404,8.351856231689453
13530600181,house,5,8.4302,8.251832962036133
13600100407,house,5,8.5332,8.66110897064209
13633200176,house,5,7.2769,8.008406639099121
13703100061,house,5,8.8537,8.853790283203125
13804500470,house,5,8.2019,8.673495292663574
13806300932,house,5,8.4699,8.65221118927002
13806301394,house,5,8.4566,8.706847190856934
13806301483,house,5,8.3556,8.706847190856934
13806401585,house,5,8.3147,8.61965274810791
13806501301,house,5,8.7179,8.713164329528809
13806501393,house,5,8.6548,8.613683700561523
13813800481,house,5,7.8211,8.222518920898438
13834500355,house,5,8.0336,8.22632122039795
13901200451,house,5,8.614,8.210546493530273
13902800290,house,5,8.0368,8.254817962646484
13902902646,house,5,8.2677,8.449237823486328
13902903987,house,5,8.5058,8.695133209228516
13904700269,house,5,8.2815,8.307275772094727
13905900679,house,5,7.9743,7.976752281188965
13905900849,house,5,8.3501,8.403692245483398
13910100219,house,5,8.4584,8.553682327270508
13910300341,house,5,8.6226,8.55027961730957
13915300186,house,5,7.4982,7.9488372802734375
13915500029,house,5,7.6086,7.824490547180176
13920300075,house,5,8.3147,8.275505065917969
13929500034,house,5,8.1445,8.369377136230469
13930500190,house,5,8.5172,8.672388076782227
14009200161,house,5,8.4631,8.394959449768066
14010400268,house,5,7.8953,8.094498634338379
14017000443,house,5,8.3667,8.647984504699707
14020000726,house,5,8.4527,8.6236572265625
14026002488,house,5,8.372,8.567668914794922
14040400304,house,5,7.5565,7.693615436553955
14101200271,house,5,7.9323,8.184585571289062
14101200377,house,5,7.9202,8.231260299682617
14102100910,house,5,8.1022,8.016877174377441
14102401236,house,5,8.1213,7.874728202819824
14102401376,house,5,7.8341,7.960984706878662
14102701043,house,5,8.5892,8.623068809509277
14102701841,house,5,8.0671,8.004055976867676
14104800871,house,5,8.1261,7.9415202140808105
14104901198,house,5,8.5994,8.691990852355957
14105600116,house,5,7.92,8.068097114562988
14105700511,house,5,7.9947,7.873758792877197
14105801782,house,5,8.576,8.635210037231445
14201300578,house,5,8.3069,8.370944023132324
14204000842,house,5,8.7366,8.538532257080078
14205400135,house,5,8.5079,8.327601432800293
14205800291,house,5,8.5281,8.516112327575684
14207401201,house,5,8.6837,8.576672554016113
14211700471,house,5,8.6006,8.471860885620117
14211700481,house,5,8.5791,8.443343162536621
14212800666,house,5,7.9404,8.400923728942871
14213700401,house,5,7.4876,8.1336030960083
14214000896,house,5,8.0789,8.206596374511719
14214200186,house,5,8.0338,8.371848106384277
14215400669,house,5,8.635,8.602296829223633
14305500131,house,3,8.7263,8.492355346679688
14400600458,house,5,8.2278,8.076191902160645
14401100513,house,5,8.0164,8.342260360717773
14401100742,house,5,8.0917,8.400216102600098
14401100750,house,5,8.1216,8.400216102600098
14401500775,house,5,8.4134,8.776662826538086
14404202171,house,5,8.2234,8.27139949798584
14404202597,house,5,8.6781,8.62336254119873
14404202971,house,5,8.6316,8.600435256958008
14406200494,house,5,8.7238,8.637990951538086
14406300634,house,5,8.2767,8.25462532043457
14406500730,house,5,8.7334,8.709744453430176
14408301069,house,5,8.2872,8.357872009277344
14408400598,house,5,8.3493,8.303730010986328
14409200401,house,5,8.4738,8.486239433288574
14410501630,house,5,8.1648,8.3877534866333
14411200898,house,5,8.566,8.421294212341309
14411600802,house,5,8.489,8.670336723327637
14411800501,house,5,8.5886,8.287598609924316
14412600555,house,5,8.6159,8.61154556274414
14412700681,house,5,8.3741,8.6537504196167
14413100815,house,5,8.363,8.398344039916992
14413100858,house,5,8.3205,8.398344039916992
14414100568,house,5,7.8769,8.206205368041992
14417700051,house,5,7.9866,8.226959228515625
14417801575,house,5,8.4783,8.331035614013672
14501401061,house,5,8.3532,8.293722152709961
14502500630,house,5,8.1457,8.373619079589844
14503400605,house,5,8.7359,8.429612159729004
14503800689,house,5,8.6138,8.575258255004883
14506600621,house,5,8.7349,8.197981834411621
14507400715,house,5,8.8739,8.456892967224121
14508600361,house,5,8.5708,8.146815299987793
14509000161,house,5,7.8075,7.829600811004639
14509401107,house,5,8.7139,8.671226501464844
14509401239,house,5,8.2131,7.808098793029785
14510200160,house,5,8.8178,8.644973754882812
14510400658,house,5,8.3864,8.275324821472168
14511500451,house,5,8.5523,8.233593940734863
14511801591,house,5,8.3536,8.14301586151123
14511801631,house,5,8.5272,8.155865669250488
14511900441,house,5,7.8937,7.91161584854126
14513700520,house,5,8.1605,7.900732517242432
14514100195,house,5,8.276,8.24310302734375
14518400142,house,3,8.0663,8.21916675567627
14601200600,house,3,8.1526,8.409248352050781
14603800567,house,3,7.7867,7.981231212615967
14606400659,house,3,8.6333,8.719160079956055
14606500440,house,3,8.5012,8.49137020111084
14606900228,house,3,8.4684,8.435301780700684
14608400291,house,3,7.1309,8.140254020690918
14608400354,house,3,8.5238,8.729056358337402
14610200911,house,3,8.1304,8.456986427307129
14612700626,house,3,8.4812,8.341062545776367
14705200283,house,3,8.363,8.735441207885742
14707101258,house,3,8.6061,8.785253524780273
14707400301,house,3,8.6305,8.74542236328125
14707503011,house,3,9.4335,8.632763862609863
14707503410,house,3,9.2644,8.639366149902344
14711100031,house,3,7.489,7.839170455932617
14713200092,house,3,7.9234,8.181200981140137
14713200327,house,3,8.4619,8.525678634643555
14714300244,house,3,8.2496,8.486308097839355
14714700811,house,3,8.0604,8.209451675415039
14716900702,house,3,7.8781,8.03126335144043
14724001126,house,3,8.5478,8.434198379516602
14727200650,house,3,7.5741,7.924964904785156
14727800194,house,5,8.1229,7.96337890625
14732500251,house,3,8.6381,8.604978561401367
14733000250,house,5,7.8763,7.859694957733154
14734301858,house,5,8.6507,8.436019897460938
14803400491,house,3,8.4177,8.458879470825195
14803500699,house,3,8.3547,8.357770919799805
14804000411,house,3,7.9956,8.28572940826416
14804200451,house,3,8.194,8.255258560180664
14804200771,house,3,7.7929,8.138744354248047
14805001241,house,3,9.0619,8.670429229736328
14805100582,house,3,8.7226,8.68714714050293
14813600068,house,3,7.9187,8.166404724121094
14815701589,house,3,8.1807,8.086172103881836
14815900263,house,3,8.4844,8.625102043151855
14816600247,house,3,7.7812,8.248592376708984
14817400780,house,3,8.0144,8.222426414489746
14819200649,house,3,7.9736,8.18920612335205
14820900322,house,3,7.9487,8.268407821655273
14825700331,house,3,8.5612,8.49356460571289
14825900010,house,3,7.394,7.9549713134765625
14827500036,house,3,9.0672,9.291016578674316
14827800031,house,3,8.6626,8.69761848449707
14827800250,house,3,8.0864,7.9680070877075195
14830300816,house,3,8.2232,8.328542709350586
14830301839,house,3,8.3717,8.386709213256836
14830500416,house,3,8.4699,8.484543800354004
14830500491,house,3,8.294,8.37424087524414
14900800235,house,3,7.9294,8.264127731323242
14904200097,house,3,8.5913,8.830865859985352
14905300680,house,3,8.536,8.628482818603516
14906800555,house,3,8.752,8.692619323730469
14912600384,house,3,8.2118,8.456462860107422
14916500112,house,3,8.0725,8.61043930053711
14918901270,house,3,7.9164,8.534599304199219
14919600797,house,3,8.2137,8.128913879394531
14920200403,house,3,7.7733,8.088719367980957
14924600511,house,3,8.0368,8.49709701538086
14926700130,house,3,8.7096,8.739334106445312
14929300311,house,3,8.2987,8.485112190246582
15002900797,house,3,8.6469,8.670116424560547
15007700141,house,3,7.6769,8.11486530303955
15009000521,house,3,8.3046,8.492807388305664
15011900435,house,3,8.4286,8.704743385314941
15013000458,house,3,8.4431,8.635098457336426
15015100670,house,3,8.1294,8.393394470214844
15019500861,house,3,8.4468,8.405510902404785
15020500533,house,3,8.706,8.64356517791748
15025600080,house,3,9.2955,8.989090919494629
15026500667,house,3,8.4102,8.638391494750977
15103100249,house,5,8.1188,7.911039352416992
15108300068,house,5,8.7179,8.519613265991211
15111700683,house,5,8.294,8.260323524475098
15111900267,house,5,8.7179,8.387264251708984
15117201247,house,5,7.6105,7.693384647369385
15120100146,house,5,8.7883,8.60852336883545
15206300410,house,3,7.9176,8.323968887329102
15208500352,house,3,8.2369,8.636215209960938
15210500100,house,3,8.6713,8.604801177978516
15213400611,house,3,8.3349,8.456320762634277
15214200187,house,3,8.1047,8.461594581604004
15215000513,house,3,8.7619,8.45470142364502
15217701111,house,3,8.5685,8.740927696228027
15219800514,house,5,8.3349,8.687688827514648
15221701080,house,3,7.8706,8.180535316467285
15224200856,house,5,7.8171,7.872064590454102
15224800349,house,5,8.8537,8.529294967651367
15225001172,house,5,8.0368,7.743242263793945
15225200418,house,5,8.1486,7.984772682189941
15225500926,house,5,8.3837,8.407793998718262
15226000978,house,5,8.4118,8.56737995147705
15226600282,house,5,9.105,8.928560256958008
15229001096,house,5,8.5791,8.209434509277344
15230300212,house,5,8.1017,8.429719924926758
15231200483,house,3,8.061,8.293985366821289
15231200602,house,3,8.4864,8.501558303833008
15231300801,house,3,7.8781,7.988064289093018
15233500425,house,3,8.4051,8.410957336425781
15234100811,house,3,8.4566,8.666728019714355
15235500414,house,3,7.6491,8.071870803833008
15235700571,house,5,8.5564,8.437957763671875
15300900434,house,3,8.4203,8.483400344848633
15302700068,house,3,8.1007,8.39344310760498
15303100056,house,3,8.294,8.481736183166504
15303500291,house,3,9.3033,8.888120651245117
15309400574,house,3,7.8903,8.08305549621582
15309800394,house,3,7.6654,8.06889533996582
15310304834,house,3,8.4947,8.649154663085938
15310401090,house,3,8.947,8.633102416992188
15318300269,house,3,7.4574,8.057661056518555
15400200353,house,3,8.2221,8.424781799316406
15402000319,house,3,9.0595,8.898181915283203
15405000298,house,3,8.3222,8.409150123596191
15406700773,house,3,7.6322,8.288570404052734
15406800824,house,3,7.7096,8.219374656677246
15409901109,house,3,8.0472,8.343631744384766
15418200398,house,3,8.1445,8.541618347167969
15501400706,house,3,7.8867,8.210426330566406
15508800394,house,3,7.7648,8.02561092376709
15509800241,house,3,8.9628,8.661752700805664
15511000549,house,3,8.4372,8.513038635253906
15512800387,house,3,8.7096,8.657889366149902
15512800549,house,3,8.4624,8.645487785339355
15512900551,house,3,8.5817,8.707606315612793
15517800172,house,3,8.363,8.205695152282715
15518001648,house,3,7.7611,8.148537635803223
15519001013,house,3,7.8575,8.242522239685059
15521500870,house,3,8.3962,8.714468002319336
15530500152,house,3,7.6052,7.98807954788208
15531101596,house,3,8.0035,8.297442436218262
15600501136,house,3,8.2434,8.250596046447754
15605001344,house,3,8.5352,8.663361549377441
15605001522,house,3,8.5004,8.659506797790527
15606200294,house,3,7.9478,8.247215270996094
15704300242,house,1,7.8803,8.256369590759277
15706100178,house,1,7.9811,8.269800186157227
15707100082,house,1,8.4804,8.405128479003906
15711600248,house,1,8.1045,8.121999740600586
15711800786,house,1,7.8192,7.85217809677124
15711900144,house,1,7.8119,8.065860748291016
15720702325,house,1,8.7685,8.644052505493164
15723300481,house,1,8.5172,8.227418899536133
15900200867,house,8,8.1022,8.36836051940918
15903200574,house,8,8.328,8.472772598266602
15903700348,house,8,8.3517,8.493587493896484
15906100074,house,8,8.4118,8.654263496398926
15908800235,house,8,7.6522,8.260056495666504
15912600377,house,8,7.7129,8.353090286254883
15917901057,house,8,8.3693,8.585387229919434
15919000278,house,8,8.5172,8.383565902709961
15920100337,house,8,8.0943,8.305179595947266
15921500266,house,8,8.6864,8.67431926727295
15921801071,house,8,8.6833,8.836372375488281
15922301666,house,8,8.6679,8.461420059204102
15922302050,house,8,8.196,8.492308616638184
15922700412,house,8,8.5974,8.77684497833252
15923500867,house,8,8.0919,8.648731231689453
15923800658,house,8,8.5564,8.796271324157715
15923800781,house,8,8.7916,8.661707878112793
15924200549,house,8,8.6713,8.752330780029297
15925600461,house,8,7.8656,8.125749588012695
15927400263,house,8,9.2873,9.099992752075195
15927601218,house,8,8.6656,8.724924087524414
15928100190,house,8,8.2978,8.270700454711914
15928300033,house,8,8.4815,8.348402976989746
16006400358,house,8,8.1336,8.375232696533203
16007600024,house,8,8.55,8.54275894165039
16011401359,house,8,8.1391,8.387805938720703
16011401782,house,8,7.7923,8.316136360168457
16013500370,house,8,8.5253,8.64873218536377
16015800169,house,8,8.1358,8.31843090057373
16016700524,house,8,8.5855,8.329537391662598
16016800340,house,8,8.3728,8.190692901611328
16016900760,house,8,8.1958,8.206755638122559
16016902518,house,8,8.2195,8.308158874511719
16017000046,house,8,8.323,8.301186561584473
16017400311,house,8,8.4358,8.227123260498047
16017900403,house,8,7.9663,8.064876556396484
16018301104,house,8,8.6484,8.44668197631836
16018700718,house,8,8.1509,8.487001419067383
16019500356,house,8,8.0709,8.095046043395996
16020200034,house,8,8.3953,8.412840843200684
16021101250,house,8,7.9081,8.258441925048828
16021300709,house,8,8.7796,8.743688583374023
16021900269,house,8,8.5434,8.488762855529785
16022500851,house,8,8.4102,8.43083667755127
16023500063,house,8,8.3191,8.306635856628418
16023600025,house,8,8.0613,8.14355182647705
16025000602,house,8,8.9826,8.795929908752441
16026600050,house,8,7.8484,8.576777458190918
16027000111,house,8,8.8537,8.990234375
16027300808,house,8,8.0661,8.098785400390625
16027700121,house,8,8.1187,8.29157543182373
16028100063,house,8,8.9368,8.445304870605469
16029900233,house,8,8.0325,8.158036231994629
16030500138,house,8,9.6623,8.40082836151123
16031100192,house,8,8.2906,8.221627235412598
16031800488,house,8,8.9661,8.483716011047363
16032200271,house,8,8.5796,8.260197639465332
16032900028,house,8,8.2999,8.112714767456055
16033100114,house,8,8.27,8.161116600036621
16034200104,house,8,9.0292,8.378167152404785
16035900223,house,8,9.0983,8.403789520263672
16036200731,house,8,8.6622,8.305879592895508
16036300637,house,8,8.0418,8.507762908935547
16036502396,house,8,8.0634,8.41162109375
16036802772,house,8,8.0472,8.172595977783203
16111700080,house,2,8.5898,8.439579963684082
16200132401,house,2,9.5981,8.845991134643555
16201100511,house,2,8.2266,8.435589790344238
16203503079,house,2,8.7123,8.928322792053223
16204200533,house,2,8.4844,8.604372024536133
16204600620,house,2,8.4017,8.41856861114502
16205600276,house,2,8.3693,8.642492294311523
16206201049,house,2,8.4118,8.496282577514648
16206300993,house,2,8.061,8.215136528015137
16206800546,house,2,8.4118,8.487736701965332
16206900273,house,2,8.2295,8.54806900024414
16207200828,house,2,8.9465,8.755446434020996
16207701649,house,2,8.2245,8.365829467773438
16207701681,house,2,8.6995,8.57741641998291
16207800248,house,2,8.5,8.414749145507812
16208000156,house,2,7.8728,8.28281307220459
16213700438,house,2,8.898,8.693989753723145
16220101196,house,2,8.554,8.685798645019531
16221400820,house,2,8.4527,8.518016815185547
16301000551,house,2,8.716,8.335238456726074
16304000102,house,2,8.0472,8.542383193969727
16310000208,house,2,8.6863,8.601693153381348
16310302239,house,2,9.1711,8.534180641174316
16312500151,house,2,8.3042,8.28674030303955
16318000797,house,2,7.9447,8.256917953491211
16318600328,house,2,8.4039,8.48745346069336
16321000387,house,2,8.3735,8.42213249206543
16321200890,house,2,8.6535,8.611631393432617
16322100288,house,2,8.3404,8.189935684204102
16412200273,house,2,8.101,8.033499717712402
16504700523,house,2,7.9111,7.970981597900391
16506600488,house,2,8.9569,8.684301376342773
16509400595,house,2,7.8392,8.00986099243164
16509800143,house,2,7.6592,7.966287612915039
16512400266,house,8,8.9942,8.883443832397461
16512700472,house,8,8.5292,8.462613105773926
16519300399,house,2,8.2858,8.3551025390625
16520800103,house,8,8.3349,8.301006317138672
16521300449,house,8,7.805,8.075864791870117
16527300191,house,2,8.3746,7.9842729568481445
16527400054,house,2,8.0725,8.07340145111084
16536800175,house,8,8.1047,8.191291809082031
16536800523,house,8,8.4417,8.347869873046875
16542701531,house,8,8.2054,8.436375617980957
16601400113,house,8,7.9368,8.1902437210083
16601500339,house,8,8.3194,8.24706745147705
16602300384,house,8,8.4917,8.410623550415039
16605400533,house,8,7.8982,8.291860580444336
16606501589,house,8,8.5846,8.560967445373535
16606700311,house,8,8.074,8.20788288116455
16606800942,house,8,8.0317,8.26676082611084
16612500645,house,8,7.4547,7.922508239746094
16612900082,house,8,7.9644,8.133962631225586
16614500227,house,8,8.2247,8.254168510437012
16615501601,house,8,8.0949,8.39358901977539
16616500534,house,8,8.5909,8.775540351867676
16616700241,house,8,8.6133,8.590723991394043
16617500163,house,8,9.3645,8.825875282287598
16621200764,house,8,8.6021,8.715840339660645
16622800285,house,8,9.1901,9.005013465881348
16628400602,house,8,8.9566,8.691805839538574
16701900916,house,8,8.596,8.818830490112305
16702400232,house,8,8.5172,8.676716804504395
16706500452,house,8,8.2021,8.621527671813965
16722800104,house,8,8.6507,8.744026184082031
16802000422,house,8,8.6961,8.375954627990723
16802200340,house,8,8.3588,8.296546936035156
16802601302,house,8,8.2548,8.337211608886719
16805600821,house,8,8.3508,8.31086540222168
16806400565,house,8,8.0064,8.320120811462402
16806701190,house,8,8.163,8.201404571533203
16806800229,house,8,8.0273,8.159406661987305
16807101545,house,8,7.7031,8.076501846313477
16808000981,house,8,8.1773,8.19530963897705
16808800986,house,8,8.9798,8.709837913513184
16810010296,house,8,8.895,8.372901916503906
16810801269,house,8,8.4333,8.596138954162598
16811100590,house,8,9.0991,9.189789772033691
16813500189,house,8,8.553,8.376463890075684
16814400099,house,8,8.2221,8.44653034210205
16818800822,house,8,8.0805,8.296319961547852
16818800946,house,8,8.1897,8.385674476623535
16821700061,house,8,8.6353,8.580188751220703
16822100201,house,8,8.6797,8.504687309265137
16825600167,house,8,8.9917,8.714530944824219
16825601120,house,8,8.4795,8.298331260681152
16827200964,house,8,8.6018,8.721948623657227
16827201065,house,8,8.1017,8.424713134765625
16827700932,house,8,8.294,8.521687507629395
16828000551,house,8,8.4192,8.625473022460938
16828100084,house,8,8.3462,8.1285400390625
16832004388,house,8,8.3086,8.219970703125
16832004612,house,8,8.5554,8.301206588745117
16832005147,house,8,8.7699,8.281051635742188
16832101235,house,8,8.5979,8.312841415405273
16832200179,house,8,8.4596,8.24474048614502
16832305418,house,8,8.0415,8.192872047424316
16832305541,house,8,8.0182,8.192872047424316
16901900553,house,8,8.3152,8.512250900268555
16905400164,house,8,8.7641,8.808843612670898
16907000244,house,8,8.5598,8.452408790588379
16908100269,house,8,7.8155,8.562195777893066
16913200179,house,8,8.7366,8.387989044189453
16913301080,house,8,8.6507,8.704819679260254
16925300262,house,8,8.5172,8.624898910522461
17004101151,house,8,8.403,8.727832794189453
17004101168,house,8,8.5397,8.727832794189453
17009100410,house,8,8.8377,8.778697967529297
17101100367,house,8,8.3808,8.567285537719727
17106200475,house,8,8.8674,8.38840389251709
17108500166,house,8,8.1757,8.437188148498535
17109500240,house,8,7.8982,8.538619041442871
17111000543,house,8,8.9227,8.590690612792969
17111000561,house,8,8.0661,8.324535369873047
17114700082,house,8,8.1315,8.630508422851562
17121900601,house,8,8.2643,8.851102828979492
17121900989,house,8,8.3649,8.875222206115723
17121901187,house,8,8.1599,8.867484092712402
17122200875,house,8,8.3143,8.724018096923828
17124702096,house,8,8.5952,8.828380584716797
17125000291,house,8,8.3969,8.332565307617188
17125100391,house,8,8.1616,8.393229484558105
17125500225,house,8,8.3268,8.323184967041016
17125600548,house,8,8.9143,8.623184204101562
17126000188,house,8,8.2113,8.234661102294922
17126705742,house,8,9.5468,8.85172176361084
17126707125,house,8,9.5887,8.874846458435059
17126707311,house,8,9.5508,8.917534828186035
17126707729,house,8,8.438,8.902782440185547
17126710770,house,8,9.3628,8.898003578186035
17127300770,house,8,8.6046,8.418328285217285
17127400090,house,8,8.1995,8.261987686157227
17127600537,house,8,8.5913,8.409245491027832
17127700027,house,8,8.2637,8.105037689208984
17127900451,house,8,7.7118,8.30091667175293
17206300171,house,2,8.6009,8.256950378417969
17207900774,house,2,8.1536,8.101781845092773
17213400540,house,2,8.5462,8.668375015258789
17217900572,house,2,7.676,7.9292402267456055
17219500784,house,2,7.8023,8.22929859161377
17219500814,house,2,7.8023,8.19882869720459
17220100581,house,2,7.7331,8.082921028137207
17220400097,house,2,8.2659,8.405692100524902
17224700443,house,2,8.2642,8.441526412963867
17231201260,house,2,7.7205,7.916942119598389
17231204529,house,2,7.7063,8.043814659118652
17300100091,house,2,8.305,8.450491905212402
17301500628,house,2,8.3894,8.255928039550781
17303800084,house,2,8.0338,8.242124557495117
17306502157,house,2,8.5817,8.661137580871582
17308400033,house,2,8.9056,8.705753326416016
17311300494,house,2,8.7184,8.641322135925293
17312800814,house,2,8.4482,8.4428129196167
17320801166,house,2,8.1658,8.344593048095703
17320900636,house,2,8.3664,8.350056648254395
17322400665,house,2,8.576,8.757259368896484
17327300995,house,2,8.3349,8.464583396911621
17330300781,house,2,8.5732,8.315055847167969
17330303142,house,2,7.8034,8.202520370483398
17332000295,house,2,8.2987,8.471317291259766
17332200103,house,2,8.5041,8.652000427246094
17332500085,house,2,8.6713,8.82107162475586
17335400405,house,2,8.576,8.567851066589355
17410900147,house,2,8.0064,8.322415351867676
17415600060,house,2,7.7564,8.224224090576172
17416200074,house,2,8.1718,8.327668190002441
17419400112,house,2,8.0348,8.521949768066406
17420300088,house,2,8.5399,8.834085464477539
17422700016,house,2,8.0266,8.314096450805664
17426000809,house,2,7.1351,8.094161987304688
17512900448,house,2,7.2796,8.039663314819336
17515701179,house,2,8.1521,8.288941383361816
17518100362,house,2,8.6938,8.55377197265625
17604200507,house,2,8.479,8.699020385742188
17800700045,house,2,8.4939,8.584534645080566
17801400517,house,2,8.482,8.838277816772461
17801400924,house,2,8.7865,8.850335121154785
17804900251,house,2,8.0549,8.202669143676758
17811500621,house,2,8.2173,8.773050308227539
18003900440,house,8,8.5713,8.631964683532715
18003901196,house,8,8.6305,8.80912971496582
18101800149,house,8,7.3614,8.17451286315918
18103901031,house,8,8.4551,8.38980484008789
18107503693,house,8,8.5834,8.645624160766602
18108800306,house,8,7.5314,8.153154373168945
18111600193,house,8,7.9184,8.335127830505371
18201000985,house,8,8.5172,8.644766807556152
18202701057,house,8,8.5172,8.737074851989746
18202701073,house,8,8.4808,8.772900581359863
18305500224,house,8,8.3109,8.358863830566406
18306700324,house,8,8.4793,8.73544692993164
18310100336,house,8,8.8457,8.792633056640625
18311001560,house,8,8.0934,8.2582426071167
18311001919,house,8,8.5377,8.266141891479492
18311200644,house,8,8.9616,8.353767395019531
18311200830,house,8,8.8431,8.339702606201172
18312000460,house,8,8.9488,8.64493465423584
18312000827,house,8,8.6103,8.533961296081543
18312000940,house,8,8.7152,8.63404655456543
18312001327,house,8,8.762,8.728812217712402
18312002579,house,8,9.1086,8.692856788635254
18312002633,house,8,8.8787,8.692856788635254
18312002773,house,8,8.8112,8.615924835205078
18312101321,house,8,8.8145,8.559113502502441
18312101356,house,8,8.6226,8.569939613342285
18312205658,house,8,8.2197,8.276851654052734
18314100098,house,8,8.9087,8.968267440795898
18402500391,house,8,8.4188,8.64376163482666
18405200702,house,8,8.5731,8.727800369262695
18408200932,house,8,8.4369,8.810956001281738
18411300764,house,8,8.6746,8.454883575439453
18419300186,house,8,7.5844,8.195354461669922
18420802254,house,8,8.7584,8.8300199508667
18420900825,house,8,8.6042,8.694314002990723
18421700447,house,8,7.3405,8.059596061706543
18500400535,house,8,8.1572,8.213123321533203
18501500398,house,8,8.6507,8.463372230529785
18503000627,house,8,8.5172,8.467230796813965
18509200441,house,8,8.1213,8.296733856201172
18509200474,house,8,8.1769,8.313447952270508
18511800289,house,8,8.1862,8.17562484741211
18513200777,house,8,8.0186,8.284584999084473
18701401830,house,7,8.4431,8.815910339355469
18701402020,house,7,8.2506,8.792140007019043
18702900131,house,7,8.8049,9.05193042755127
18705901994,house,7,7.4171,8.54471492767334
18705902699,house,7,7.9041,8.297898292541504
18713200134,house,7,8.0334,8.523158073425293
18720600649,house,7,8.2341,8.537353515625
18800702588,house,7,8.8457,8.90929126739502
18800704874,house,7,8.2903,8.621803283691406
18801400135,house,7,8.6472,8.753228187561035
18801800028,house,7,9.1521,9.114775657653809
18803101437,house,7,8.9838,9.040899276733398
18803600670,house,7,8.1391,8.679317474365234
18805100101,house,7,9.2103,8.942587852478027
18813100549,house,7,8.0266,8.540207862854004
18816000286,house,7,7.9999,8.48716926574707
18900102558,house,7,8.4491,8.682065963745117
18900102590,house,7,8.3186,8.662672996520996
18906201019,house,7,8.7457,8.766885757446289
18909500289,house,7,8.576,8.838788986206055
19006001952,house,7,9.0089,8.76175594329834
19006002533,house,7,7.7381,8.514336585998535
19008100591,house,7,8.3976,8.734538078308105
19109900186,house,4,8.7052,8.174874305725098
19200201295,house,5,8.3489,8.745530128479004
19204400209,house,5,7.5924,7.651682376861572
19211200058,house,5,9.105,8.884086608886719
19212500306,house,5,7.2597,7.815851211547852
19305500391,house,5,7.824,8.282614707946777
19403900163,house,5,7.9647,7.95963716506958
19405000860,house,5,8.6068,8.616943359375
19601300200,house,9,8.6226,8.516797065734863
19601701205,house,9,8.566,8.335214614868164
19700600891,house,7,8.9669,8.93514633178711
19800300227,house,4,8.7918,8.352134704589844
19800500064,house,4,7.7018,7.9951491355896
19804300078,house,4,8.6548,8.210623741149902
19804400218,house,4,8.27,8.226286888122559
19806200550,house,4,8.8581,8.226262092590332
19806300148,house,4,8.2987,8.228782653808594
19808300390,house,4,8.1763,8.159503936767578
19811700337,house,4,8.7403,8.415580749511719
19902500071,house,7,7.9664,8.43673038482666
19902601811,house,7,8.9227,8.694693565368652
19902601838,house,7,8.9227,8.817841529846191
19904300681,house,7,8.5465,8.526084899902344
19905500803,house,7,8.4482,8.442427635192871
19905900453,house,7,8.1456,8.613033294677734
19907400776,house,7,8.0171,8.43783187866211
19909000392,house,7,8.6995,8.487228393554688
20001700063,house,0,8.9815,9.03509521484375
20002500173,house,6,9.498,9.056256294250488
20101201141,house,8,7.8886,8.434737205505371
20101702858,house,8,8.6885,8.382034301757812
20102300966,house,8,8.0182,8.399734497070312
20102900289,house,8,8.4547,8.26771068572998
20103400212,house,8,8.0516,8.178772926330566
20103400522,house,8,8.4171,8.62139892578125
20104900804,house,8,8.5298,8.622282981872559
20105300886,house,8,8.1751,8.361150741577148
20105600685,house,8,8.1539,8.304895401000977
20107500580,house,8,8.096,8.099912643432617
20110500723,house,8,8.4909,8.251800537109375
20110501320,house,8,8.5301,8.246122360229492
20207300397,house,7,8.276,8.476752281188965
20300700499,house,7,7.1504,8.205894470214844
20306200382,house,7,7.688,8.400452613830566
20700200248,house,7,8.0317,8.4779691696167
21401000701,house,7,7.8291,8.535978317260742
21401301000,house,7,7.8682,8.294559478759766
21402000438,house,7,8.7265,8.815199851989746
21402001868,house,7,8.2524,8.425113677978516
21402002112,house,7,8.77,8.82466983795166
21402002295,house,7,8.7743,8.735594749450684
21402100221,house,7,8.7477,8.778657913208008
21402100297,house,7,8.6871,8.850570678710938
21402100394,house,7,8.5536,8.778657913208008
21402100904,house,7,8.8323,8.836182594299316
21402101153,house,7,7.9533,8.546507835388184
21402103016,house,7,7.8736,8.52470588684082
21402105779,house,7,8.8589,8.786942481994629
21402500600,house,7,8.8187,8.821755409240723
21402500831,house,7,8.7179,8.820281028747559
21402500902,house,7,8.7623,8.820206642150879
21402601172,house,7,8.6578,8.850522994995117
21402601490,house,7,8.7204,8.777252197265625
22208800050,house,4,8.6667,8.496749877929688
23000500144,house,5,9.3186,8.855854988098145
23001200195,house,5,9.3439,8.869885444641113
23001700147,house,5,7.8177,7.935720920562744
23002500281,house,5,9.3329,8.945083618164062
23006000119,house,5,9.0562,8.9293794631958
23006300201,house,5,8.1154,8.165842056274414
23010600151,house,5,7.7155,7.98522424697876
23201500141,house,5,8.6302,7.754790782928467
23201500486,house,5,7.8791,7.810626983642578
23201601665,house,5,7.8778,8.06047248840332
23201700558,house,5,8.2895,8.045732498168945
23203200501,house,5,8.6335,8.629104614257812
23203200579,house,5,8.1987,8.171798706054688
23203200625,house,5,8.1839,8.286050796508789
23204400301,house,5,8.7129,8.656346321105957
23204500509,house,5,8.2385,8.54706859588623
24500401243,house,5,8.4566,8.687179565429688
24506300554,house,5,9.1822,8.984004974365234
24608700152,house,5,9.2937,9.044008255004883
24611000301,house,5,9.4151,8.93097972869873
26101600074,house,2,8.8049,8.86150074005127
28300800105,house,2,8.6003,8.637491226196289
29902803375,house,6,9.206,8.772988319396973
29906000560,house,6,9.1678,8.840578079223633
29911001189,house,6,9.6671,8.841506004333496
29911201201,house,6,8.2212,8.215079307556152
30002200314,house,6,8.9989,8.561751365661621
30005300506,house,6,8.635,8.521416664123535
30006800863,house,6,8.5429,8.629023551940918
30201400461,house,1,7.9782,8.329146385192871
30300600086,house,3,8.3837,8.479098320007324
30301600179,house,3,7.9167,7.914519786834717
30302000541,house,3,7.64,8.54380989074707
30302000795,house,3,7.4666,8.086905479431152
30303600362,house,3,8.5613,8.639971733093262
30304200368,house,3,8.0652,8.315723419189453
30304500175,house,3,8.0276,8.154481887817383
30309500580,house,3,7.7063,8.158548355102539
30400401395,house,4,8.5564,8.511143684387207
30401900158,house,4,8.7068,8.524619102478027
30402000304,house,4,8.7403,8.372445106506348
30402400221,house,4,8.8931,8.504326820373535
30406800471,house,4,8.2217,8.249923706054688
30501402109,house,4,8.4512,8.591692924499512
30501402508,house,4,8.5942,8.579383850097656
30503000091,house,4,8.1605,8.285064697265625
30504604500,house,4,8.4313,8.359572410583496
30504604535,house,4,8.0413,8.230895042419434
30505500334,house,4,8.168,7.978880405426025
30510400474,house,4,8.7044,8.421895027160645
30511202463,house,4,8.5802,8.374316215515137
30514101455,house,4,8.6954,8.367981910705566
30601100953,house,4,8.7168,8.567980766296387
30602800290,house,4,8.7108,8.386249542236328
30603100233,house,4,8.5172,8.548858642578125
30606400408,house,0,8.0562,7.983391761779785
30608500337,house,0,8.7855,8.511513710021973
30608501422,house,0,8.5542,8.595850944519043
30702001306,house,7,8.3316,8.463556289672852
30704300221,house,7,8.3884,8.376423835754395
30705600553,house,7,7.843,8.305471420288086
30706600212,house,7,8.9059,8.776927947998047
30708100071,house,7,8.363,8.72015380859375
30708205361,house,7,8.5075,8.523465156555176
30708601641,house,7,8.6173,8.727136611938477
30709000674,house,7,8.7819,8.841045379638672
30710400044,house,7,8.408,8.3461275100708
30710600086,house,7,8.2183,8.35871696472168
30711001399,house,7,8.6725,8.739877700805664
30711300876,house,7,7.9609,8.489333152770996
30805800414,house,7,8.7248,8.796833038330078
30815100326,house,7,8.0283,8.424452781677246
30815201726,house,7,7.5449,8.230854034423828
30900500287,house,1,8.6937,8.8313570022583
30901000474,house,1,9.0624,9.08317756652832
30902700331,house,1,8.3183,9.040003776550293
31000900204,house,1,8.537,8.644691467285156
31004301119,house,1,8.0036,8.033326148986816
31005000724,house,1,8.1195,8.24898624420166
31005801166,house,1,8.214,8.248284339904785
31005903139,house,1,8.0511,8.236227035522461
31010100103,house,1,8.0993,8.18050765991211
31010200590,house,1,8.4917,8.114296913146973
31011200365,house,1,8.4544,8.364557266235352
31011500423,house,1,8.1766,8.155854225158691
31011600355,house,1,8.4276,8.345571517944336
